# https://github.com/mikedh/trimesh
mtllib material.mtl
usemtl material_0
v -0.29025400 -0.31368101 0.25174499
v -0.27933800 -0.29385099 0.24359401
v -0.29377800 -0.31587100 0.24968401
v -0.31302100 -0.29017901 0.25162399
v -0.31651199 -0.29511401 0.24926800
v -0.28943500 -0.27844900 0.24251799
v -0.29851800 -0.28443801 0.24392501
v -0.29992199 -0.28321099 0.24653301
v -0.27556399 -0.26964101 0.23941000
v -0.27969399 -0.29728401 0.26113600
v -0.28021199 -0.29994500 0.25998300
v -0.27072400 -0.28208700 0.24928500
v -0.29029199 -0.30766699 0.26042899
v -0.28602901 -0.30296400 0.26223800
v -0.28750801 -0.30382299 0.26205099
v -0.27256301 -0.27652901 0.23668399
v -0.28001001 -0.28801700 0.23908401
v -0.30869299 -0.31856400 0.24390100
v -0.27103099 -0.26798499 0.24389100
v -0.29266801 -0.28027099 0.26193199
v -0.29602599 -0.28035101 0.26079500
v -0.29857799 -0.29109901 0.26373401
v -0.29816800 -0.28603601 0.26340601
v -0.29443100 -0.28560799 0.26445299
v -0.29542801 -0.31170300 0.25790900
v -0.29631901 -0.31356201 0.25655201
v -0.29939601 -0.31367499 0.25644001
v -0.30797499 -0.31827101 0.24419799
v -0.29097599 -0.30255201 0.24228700
v -0.27263299 -0.27643600 0.23692501
v -0.27560601 -0.27256000 0.23727401
v -0.27493301 -0.27405199 0.23669000
v -0.30004001 -0.28930101 0.24196100
v -0.27109900 -0.28062701 0.25078401
v -0.26637000 -0.27271900 0.24398600
v -0.27979800 -0.29132199 0.26259801
v -0.26687101 -0.27134901 0.24451400
v -0.27548200 -0.27273601 0.23744300
v -0.27571899 -0.27132300 0.23827501
v -0.29342601 -0.28410101 0.24122401
v -0.29398599 -0.30462700 0.26215199
v -0.28919801 -0.28089499 0.26332399
v -0.28709099 -0.28136101 0.26337901
v -0.26953301 -0.26835701 0.24464400
v -0.31788200 -0.30917001 0.24379700
v -0.31646401 -0.31231201 0.24329901
v -0.27484301 -0.27412501 0.23692100
v -0.31525600 -0.30615401 0.25376499
v -0.31433401 -0.30645600 0.25442600
v -0.31350401 -0.30949801 0.25391799
v -0.31788599 -0.31072301 0.24340700
v -0.31867701 -0.30830199 0.24396500
v -0.31650999 -0.29707199 0.25303099
v -0.31422099 -0.29317799 0.25487500
v -0.31596199 -0.29387000 0.25235999
v -0.28000900 -0.29696500 0.26140600
v -0.27953500 -0.29396799 0.26181901
v -0.28732100 -0.30335999 0.26195100
v -0.29381400 -0.30452999 0.26190400
v -0.29050899 -0.29942900 0.26371500
v -0.31323999 -0.29064700 0.25474101
v -0.31479600 -0.29159701 0.25220099
v -0.29645801 -0.28412399 0.26386201
v -0.29333100 -0.28418499 0.26469901
v -0.29524401 -0.28135499 0.26277000
v -0.31727999 -0.31398201 0.24631099
v -0.31488800 -0.31461200 0.24917200
v -0.31593099 -0.31560901 0.24641301
v -0.31085601 -0.31678301 0.25006601
v -0.30722499 -0.31827900 0.24981000
v -0.31151101 -0.31801400 0.24773601
v -0.30644599 -0.31962699 0.24793200
v -0.30172500 -0.31947100 0.24882901
v -0.30652699 -0.31877300 0.24975701
v -0.31810600 -0.31064600 0.24867500
v -0.31866899 -0.30610001 0.24975100
v -0.31937900 -0.30855599 0.24726599
v -0.27109900 -0.27726701 0.23727800
v -0.26956701 -0.27756599 0.23822799
v -0.27755100 -0.28744599 0.23976900
v -0.28407800 -0.30731100 0.25590599
v -0.27264401 -0.28656200 0.24772200
v -0.26734301 -0.27659199 0.24067500
v -0.30108401 -0.28357601 0.26121601
v -0.29730499 -0.28351599 0.26300499
v -0.30081299 -0.28537801 0.26223901
v -0.31312001 -0.29891500 0.25654700
v -0.31487900 -0.29960200 0.25503299
v -0.31440699 -0.29657400 0.25521901
v -0.31349599 -0.29029801 0.25242001
v -0.29081699 -0.27796900 0.24464101
v -0.31088701 -0.28768301 0.25369999
v -0.27373999 -0.26786700 0.24198499
v -0.27478501 -0.26852900 0.24077000
v -0.28841001 -0.27511799 0.24836200
v -0.26958799 -0.26853001 0.24448100
v -0.31451300 -0.30318499 0.25541800
v -0.30954501 -0.29982799 0.25914100
v -0.31302601 -0.29843000 0.25692201
v -0.29868600 -0.29093599 0.26396200
v -0.29394701 -0.28565699 0.26481399
v -0.29667899 -0.28572601 0.26410699
v -0.31128600 -0.30508801 0.25690001
v -0.29985100 -0.30982301 0.25891599
v -0.30525500 -0.31151199 0.25714901
v -0.30880901 -0.31399199 0.25425801
v -0.30689499 -0.31453601 0.25460401
v -0.31002700 -0.31619999 0.25169599
v -0.30606601 -0.31628901 0.25336400
v -0.28867200 -0.31298399 0.25416699
v -0.29080799 -0.31473899 0.25171500
v -0.28736001 -0.31145900 0.25323099
v -0.29483500 -0.31387201 0.25640300
v -0.29148501 -0.31076899 0.25855899
v -0.29529601 -0.31182900 0.25817901
v -0.28199500 -0.30381700 0.25842899
v -0.28968301 -0.31360799 0.25290701
v -0.28654599 -0.31056800 0.25493500
v -0.28693601 -0.31073600 0.25382400
v -0.28533199 -0.30164999 0.26240900
v -0.28522500 -0.29764301 0.26386401
v -0.28302199 -0.29850200 0.26298001
v -0.28715500 -0.30675101 0.26004499
v -0.28801799 -0.30980599 0.25793901
v -0.28993601 -0.30857500 0.25950000
v -0.29592499 -0.28494799 0.26394701
v -0.28456700 -0.28426600 0.26428601
v -0.28636199 -0.28273901 0.26400501
v -0.26880401 -0.26908600 0.24471800
v -0.26749799 -0.27638900 0.23868600
v -0.26867700 -0.27637699 0.23742700
v -0.26615700 -0.27520701 0.23741700
v -0.27123600 -0.27714601 0.23746900
v -0.26682401 -0.27103701 0.24479300
v -0.27552599 -0.28192899 0.25661200
v -0.28010899 -0.29042700 0.26338401
v -0.29289699 -0.29308900 0.26502401
v -0.28542200 -0.29229301 0.26539600
v -0.28636301 -0.28858399 0.26574600
v -0.31614801 -0.31580800 0.24640700
v -0.31384400 -0.31657201 0.24837901
v -0.31479499 -0.31452301 0.24977900
v -0.31081799 -0.31791899 0.24349700
v -0.31266499 -0.31633401 0.24304999
v -0.30352899 -0.28242299 0.25822201
v -0.30804199 -0.28704599 0.25850400
v -0.30431801 -0.28482401 0.26021501
v -0.30634201 -0.28451499 0.25811100
v -0.27036801 -0.26596600 0.24129701
v -0.27166101 -0.26610500 0.24010099
v -0.27210599 -0.26739600 0.24291800
v -0.26453999 -0.27089000 0.24223600
v -0.26522300 -0.26944599 0.24282201
v -0.26613301 -0.27266601 0.24408500
v -0.28043100 -0.28897199 0.26315400
v -0.27882701 -0.28339699 0.25986701
v -0.29242900 -0.29357901 0.26476899
v -0.28698701 -0.28913000 0.26547799
v -0.28537899 -0.29249099 0.26509100
v -0.26579401 -0.27403799 0.24288100
v -0.26511699 -0.27461201 0.23876600
v -0.27198601 -0.26650199 0.23951000
v -0.27070400 -0.26617199 0.24085000
v -0.27348101 -0.26788899 0.24100800
v -0.27419800 -0.26864901 0.23943400
v -0.27443099 -0.26979899 0.23797500
v -0.27289799 -0.26736701 0.23805200
v -0.31773201 -0.29716501 0.24951500
v -0.31579199 -0.29351300 0.25158399
v -0.31748301 -0.29778701 0.25098699
v -0.31613201 -0.31579801 0.24500300
v -0.31740400 -0.31401300 0.24438700
v -0.29996699 -0.31485099 0.25542301
v -0.29963201 -0.31677499 0.25321701
v -0.28727600 -0.30307901 0.24448000
v -0.29721901 -0.31788799 0.24856400
v -0.28417701 -0.29866600 0.26360899
v -0.28450099 -0.30266300 0.26192701
v -0.28168601 -0.29826999 0.26265401
v -0.28189999 -0.29347399 0.26427999
v -0.28424200 -0.29135799 0.26539201
v -0.28400600 -0.29556099 0.26454401
v -0.30474800 -0.28662899 0.26048100
v -0.30789500 -0.28871799 0.25905201
v -0.30645800 -0.28582001 0.25876501
v -0.30693200 -0.28454801 0.25619799
v -0.30933699 -0.28626999 0.25497901
v -0.27371901 -0.26813400 0.24188299
v -0.31311899 -0.31041601 0.25404301
v -0.31398100 -0.30858800 0.25426301
v -0.31552401 -0.31160399 0.25138101
v -0.30836299 -0.30866399 0.25738800
v -0.27155900 -0.27318999 0.23450300
v -0.27026400 -0.27428201 0.23471300
v -0.27252600 -0.27411500 0.23565701
v -0.27352801 -0.27285501 0.23586500
v -0.27424899 -0.27149001 0.23647299
v -0.27258801 -0.27185199 0.23471200
v -0.26787800 -0.26969501 0.24498600
v -0.26871899 -0.26892501 0.24489699
v -0.28168401 -0.28003100 0.26006499
v -0.26629499 -0.26816601 0.24294800
v -0.31363499 -0.31599101 0.24888700
v -0.30854300 -0.30826801 0.25717801
v -0.30873999 -0.31384999 0.25406000
v -0.31052199 -0.31290901 0.25383800
v -0.30725199 -0.29092801 0.25993800
v -0.31069601 -0.29463100 0.25819400
v -0.30675599 -0.29682699 0.26054901
v -0.27352199 -0.26897401 0.23623800
v -0.27326599 -0.27040100 0.23530900
v -0.27460799 -0.27016801 0.23743400
v -0.27409199 -0.26805100 0.24017900
v -0.27325499 -0.26752001 0.24161200
v -0.29680601 -0.31769601 0.25157899
v -0.30182400 -0.31837299 0.25126699
v -0.29337099 -0.31635299 0.25024000
v -0.28031000 -0.29418501 0.24254499
v -0.27236801 -0.28440699 0.24164400
v -0.27097401 -0.26783001 0.24367400
v -0.26925501 -0.26638100 0.24189700
v -0.26618201 -0.27282700 0.24368900
v -0.26529601 -0.26964399 0.24260101
v -0.26582801 -0.27480599 0.23801300
v -0.26711300 -0.27513099 0.23667499
v -0.26829800 -0.27621600 0.23797201
v -0.27006599 -0.27420700 0.23494001
v -0.27143800 -0.27307600 0.23469700
v -0.27109599 -0.27511901 0.23610000
v -0.31608701 -0.31576601 0.24391800
v -0.31419501 -0.31753001 0.24430899
v -0.31630999 -0.31597000 0.24489200
v -0.31770101 -0.31365001 0.24393600
v -0.31799200 -0.31368500 0.24501801
v -0.31918800 -0.31083399 0.24546500
v -0.28212801 -0.29528800 0.26368800
v -0.28087899 -0.29230201 0.26357001
v -0.28002900 -0.29406500 0.26250201
v -0.28187400 -0.29041299 0.26430699
v -0.28182101 -0.28762501 0.26407799
v -0.27451301 -0.29021499 0.24747001
v -0.26700100 -0.27660200 0.24080800
v -0.27240601 -0.27400100 0.23584899
v -0.27346799 -0.27263799 0.23610100
v -0.27417299 -0.27118200 0.23682600
v -0.28817400 -0.28789401 0.26573500
v -0.28924799 -0.28189299 0.26409301
v -0.29197901 -0.28131801 0.26354501
v -0.29114899 -0.28457299 0.26516300
v -0.26464301 -0.27121100 0.24189200
v -0.26713499 -0.27603501 0.23943800
v -0.26633701 -0.27533799 0.24103200
v -0.26491201 -0.27394599 0.23947300
v -0.31125200 -0.31869200 0.24461700
v -0.30781701 -0.31956199 0.24570601
v -0.31052601 -0.31842199 0.24406099
v -0.31441101 -0.31701601 0.24627499
v -0.30563101 -0.28778100 0.26062599
v -0.30148900 -0.28549701 0.26224199
v -0.30396199 -0.29402301 0.26214099
v -0.30252799 -0.28756800 0.26218101
v -0.30577800 -0.28958601 0.26087201
v -0.31954899 -0.30503500 0.24640200
v -0.31913599 -0.30160201 0.24760500
v -0.31926101 -0.30672500 0.24771500
v -0.28644100 -0.28180799 0.23902801
v -0.31854600 -0.30379301 0.24531300
v -0.31806999 -0.29853001 0.25061199
v -0.31954700 -0.30330801 0.24802400
v -0.31805599 -0.30142599 0.25127199
v -0.30336201 -0.28937501 0.24373700
v -0.26772699 -0.26710701 0.24259600
v -0.26754099 -0.26702100 0.24282201
v -0.26896599 -0.26627901 0.24222200
v -0.27079901 -0.26769400 0.24395400
v -0.28731701 -0.28703499 0.26547199
v -0.28326401 -0.28439000 0.26370499
v -0.31369200 -0.31714499 0.24344900
v -0.31101999 -0.31801200 0.24869500
v -0.27550000 -0.27001399 0.23935100
v -0.27483499 -0.26890701 0.24057600
v -0.27698499 -0.28087601 0.25758001
v -0.28314599 -0.28427801 0.26389799
v -0.28300199 -0.28554201 0.26444000
v -0.28437099 -0.28404799 0.26441699
v -0.28660899 -0.28630400 0.26561001
v -0.27583900 -0.27103201 0.23820999
v -0.28560901 -0.30835801 0.25826901
v -0.28956199 -0.31249699 0.25619000
v -0.28639400 -0.31059301 0.25573900
v -0.28113601 -0.30018401 0.26118600
v -0.28293899 -0.30138701 0.26184800
v -0.28259701 -0.30123401 0.26139599
v -0.27621099 -0.29273400 0.25362200
v -0.28067401 -0.30019701 0.26016000
v -0.30094701 -0.31501499 0.25558901
v -0.29984099 -0.31004900 0.25908700
v -0.30154601 -0.31439200 0.25598100
v -0.31882700 -0.30215499 0.24920000
v -0.31574699 -0.30297500 0.25396299
v -0.31430200 -0.30290899 0.25528401
v -0.31664601 -0.30785900 0.25206900
v -0.31407699 -0.30136600 0.25595501
v -0.31586000 -0.30008301 0.25429201
v -0.31682900 -0.31354699 0.24827100
v -0.31857100 -0.31184599 0.24658599
v -0.31430700 -0.29643500 0.25566199
v -0.29799199 -0.28049901 0.26029101
v -0.29430601 -0.28006500 0.26161101
v -0.27799800 -0.27069801 0.24754401
v -0.30026099 -0.28328201 0.26183000
v -0.26998401 -0.27595699 0.23646800
v -0.29778600 -0.31831399 0.24934199
v -0.30241200 -0.31937799 0.24834000
v -0.29798600 -0.31811899 0.25054401
v -0.30619699 -0.31933901 0.24522100
v -0.31478301 -0.31450900 0.24316099
v -0.31327000 -0.31669801 0.24338201
v -0.27386799 -0.27539700 0.23673400
v -0.31581700 -0.31549799 0.24370900
v -0.31434500 -0.31723401 0.24446900
v -0.28471300 -0.30745801 0.25790101
v -0.28723201 -0.31076100 0.25610301
v -0.29568899 -0.31505200 0.25488600
v -0.29657099 -0.31680200 0.25265801
v -0.30382600 -0.29425099 0.26193500
v -0.30116200 -0.28701699 0.26241699
v -0.30514300 -0.31111801 0.25710201
v -0.27315700 -0.27010101 0.23564000
v -0.27329400 -0.26863101 0.23670401
v -0.28331301 -0.29257801 0.26472399
v -0.28502899 -0.29493701 0.26456699
v -0.28490901 -0.29008999 0.26530999
v -0.31669199 -0.29852599 0.25260699
v -0.31518501 -0.29434600 0.25356001
v -0.30972800 -0.28815800 0.25710601
v -0.26451099 -0.27268401 0.24082100
v -0.26447499 -0.27359700 0.24011900
v -0.26428300 -0.27231300 0.24131100
v -0.26596999 -0.27515101 0.24159700
v -0.29901800 -0.31893799 0.24919200
v -0.29506800 -0.31738999 0.25091901
v -0.29212901 -0.31547299 0.25308099
v -0.26629999 -0.27554500 0.24205500
v -0.26654899 -0.27597401 0.24014600
v -0.31480399 -0.31452900 0.24290900
v -0.31679100 -0.31287700 0.24309701
v -0.28746399 -0.28406399 0.26480499
v -0.28573099 -0.28543901 0.26498699
v -0.28883600 -0.28566700 0.26530799
v -0.29085699 -0.28632599 0.26520199
v -0.28417301 -0.30753899 0.25756299
v -0.28196499 -0.30365300 0.25929701
v -0.28299901 -0.30376601 0.26033199
v -0.28136799 -0.30315599 0.25850400
v -0.28321499 -0.30654499 0.25700200
v -0.27034700 -0.28282699 0.24622799
v -0.30438399 -0.28399301 0.25918499
v -0.28525501 -0.27386600 0.24873300
v -0.30011001 -0.28129399 0.25929499
v -0.30379999 -0.28279200 0.25790301
v -0.31260100 -0.28893599 0.25314400
v -0.30824900 -0.28515601 0.25544199
v -0.31076699 -0.28746700 0.25321200
v -0.30889499 -0.28577399 0.25606400
v -0.31209800 -0.28853500 0.25422901
v -0.30971700 -0.28716400 0.25675401
v -0.27268699 -0.26669499 0.23876700
v -0.27332401 -0.26769799 0.23742799
v -0.29607600 -0.31766701 0.24886701
v -0.30017701 -0.31837299 0.24651100
v -0.30614001 -0.31909099 0.24467000
v -0.29023799 -0.28413200 0.26484299
v -0.29322901 -0.28345600 0.26419601
v -0.28888801 -0.28232300 0.26408201
v -0.28771001 -0.28157201 0.26339501
v -0.29006401 -0.28071299 0.26276201
v -0.30133900 -0.30164999 0.26195899
v -0.29714501 -0.29756701 0.26366699
v -0.29864600 -0.30339101 0.26204401
v -0.29165000 -0.29641601 0.26445001
v -0.31438801 -0.31731701 0.24630500
v -0.31437999 -0.31759200 0.24499699
v -0.31121099 -0.31884801 0.24679500
v -0.29142201 -0.29642999 0.26470700
v -0.29877600 -0.30329201 0.26234499
v -0.30429301 -0.30627999 0.25998500
v -0.28130999 -0.28762400 0.26401699
v -0.28103700 -0.29048800 0.26408699
v -0.31948200 -0.30863100 0.24486300
v -0.31881300 -0.31123999 0.24429899
v -0.31944600 -0.30213100 0.24687301
v -0.31763801 -0.29657099 0.24874900
v -0.31856501 -0.30031800 0.24669100
v -0.26884699 -0.27502301 0.23530801
v -0.26743901 -0.27534300 0.23623200
v -0.26857099 -0.27492100 0.23562200
v -0.26965600 -0.27589801 0.23683301
v -0.30316001 -0.31748101 0.25205001
v -0.30692300 -0.31686300 0.25194001
v -0.30342600 -0.31567600 0.25424901
v -0.30667201 -0.31442499 0.25443101
v -0.30331799 -0.31455401 0.25524500
v -0.31740701 -0.31263199 0.24361899
v -0.27095199 -0.26779899 0.24407600
v -0.28334400 -0.28877401 0.26489401
v -0.28512201 -0.28744701 0.26529399
v -0.28317600 -0.28568000 0.26425701
v -0.28685701 -0.28299800 0.26452801
v -0.31911299 -0.30992600 0.24595900
v -0.31951201 -0.30737901 0.24570300
v -0.28273901 -0.30303499 0.26030701
v -0.28472501 -0.30505401 0.26020101
v -0.31437999 -0.31174499 0.25201800
v -0.31541499 -0.30961299 0.25223100
v -0.31335500 -0.31314799 0.25181901
v -0.29029301 -0.31373900 0.25418001
v -0.29385900 -0.31626499 0.25218999
v -0.29291001 -0.31472400 0.25444400
v -0.30286199 -0.31868801 0.25010499
v -0.26802200 -0.26978400 0.24479499
v -0.29143599 -0.28614399 0.26535600
v -0.28898001 -0.28540599 0.26551500
v -0.30942601 -0.29972500 0.25893000
v -0.26983401 -0.27743399 0.23830600
v -0.28946301 -0.30648601 0.26066300
v -0.29225001 -0.30936101 0.25926900
v -0.31161001 -0.31873301 0.24433801
v -0.30909401 -0.31948301 0.24487799
v -0.31093600 -0.31921801 0.24556100
v -0.31632301 -0.31335300 0.24864601
v -0.31687999 -0.31045899 0.25007701
v -0.31820199 -0.30676299 0.24982800
v -0.31786501 -0.30258599 0.25108701
v -0.31678101 -0.30653200 0.25194401
v -0.27235901 -0.26760799 0.24247301
v -0.31057900 -0.31748599 0.24362700
v -0.31108001 -0.30509999 0.25731599
v -0.30758399 -0.30348200 0.25953099
v -0.30139601 -0.30173799 0.26219299
v -0.30811501 -0.28591600 0.25703800
v -0.31138301 -0.28854701 0.25516900
v -0.28602600 -0.30073899 0.26316801
v -0.28518900 -0.29765499 0.26412699
v -0.29045400 -0.29997700 0.26382399
v -0.28769001 -0.30810800 0.25958100
v -0.27250901 -0.27164501 0.23494600
v -0.29858500 -0.28166601 0.26119801
v -0.29423901 -0.28125799 0.26269200
v -0.29105401 -0.28166699 0.26358601
v -0.30660000 -0.31533399 0.25373799
v -0.30996901 -0.31534299 0.25222200
v -0.26848599 -0.27725500 0.23941000
v -0.31684101 -0.29471099 0.25053599
v -0.31611100 -0.29401001 0.24959400
v -0.31876299 -0.29931200 0.24889700
v -0.28203499 -0.28804299 0.26452601
v -0.28340599 -0.28913000 0.26521799
v -0.29936001 -0.31887299 0.24755900
v -0.30252200 -0.31972599 0.24693701
v -0.30644000 -0.31983799 0.24561900
v -0.30365899 -0.31913400 0.24546300
v -0.31124699 -0.29530501 0.25812301
v -0.30927899 -0.29092699 0.25899699
v -0.31210300 -0.29304501 0.25713599
v -0.30875900 -0.29222801 0.25948799
v -0.30677700 -0.29698700 0.26082501
v -0.27131200 -0.27517501 0.23586300
v -0.30337599 -0.30771899 0.25930500
v -0.30598801 -0.30433100 0.25976199
v -0.27988601 -0.29269099 0.26302901
v -0.27949300 -0.29486001 0.26198599
v -0.27388901 -0.27541801 0.23648500
v -0.31668499 -0.30397400 0.25307000
v -0.31972000 -0.30594400 0.24560300
v -0.31979299 -0.30684301 0.24646600
v -0.30106401 -0.31890199 0.24682100
v -0.30197501 -0.31938601 0.24738000
v -0.27976000 -0.29027000 0.24059699
v -0.28136700 -0.29787999 0.26227999
v -0.29470101 -0.28308201 0.24259400
v -0.31808701 -0.29893500 0.24751900
v -0.31564501 -0.31533301 0.24326500
v -0.30280599 -0.28293601 0.25984699
v -0.29658601 -0.28051701 0.26128301
v -0.29926899 -0.28168499 0.26115400
v -0.31042099 -0.31316599 0.25404999
v -0.31340101 -0.31319100 0.25212201
v -0.31243399 -0.31489700 0.25144500
v -0.26739201 -0.27053201 0.24472500
v -0.26625299 -0.27412301 0.24311601
v -0.26601100 -0.27421799 0.24250300
v -0.29080099 -0.31259900 0.25630099
v -0.29262301 -0.31104800 0.25818399
v -0.28268400 -0.27341801 0.25089601
v -0.27243599 -0.26783001 0.24299701
v -0.31813800 -0.31104401 0.24776401
v -0.31911099 -0.30377400 0.24540401
v -0.31842101 -0.30604401 0.24431700
v -0.30302200 -0.29892701 0.26228499
v -0.29569700 -0.29223299 0.26470301
v -0.29709700 -0.29770899 0.26391199
v -0.29339600 -0.31489900 0.25487101
v -0.29738301 -0.31701601 0.25302500
v -0.29211301 -0.28529501 0.26490501
v -0.31880099 -0.31078801 0.24461401
v -0.31896299 -0.30813599 0.24451800
v -0.31134200 -0.28981599 0.25672799
v -0.27456501 -0.26898700 0.23869801
v -0.29148701 -0.28028199 0.26256600
v -0.31265101 -0.29098400 0.25536400
v -0.31300700 -0.29419500 0.25621700
v -0.31431100 -0.29174000 0.25319001
v -0.30724999 -0.31933600 0.24768700
v -0.31036800 -0.31905299 0.24594800
v -0.29325101 -0.31613600 0.25088200
v -0.31700999 -0.31517601 0.24490701
v -0.31756800 -0.31398800 0.24631301
v -0.30231601 -0.31666201 0.25366101
v -0.29689801 -0.30719399 0.26059401
v -0.28393999 -0.30717501 0.25686800
v -0.30435500 -0.28872100 0.26119801
v -0.30159399 -0.28237200 0.25981301
v -0.31200600 -0.31185901 0.25396600
v -0.28518000 -0.30934501 0.25537699
v -0.31063700 -0.29123899 0.25764000
v -0.28467500 -0.28705499 0.26535800
v -0.26816601 -0.27734300 0.23943400
v -0.31911999 -0.30345500 0.24593800
v -0.31447300 -0.30647701 0.25463700
v -0.31539899 -0.30495200 0.25431001
v -0.28576300 -0.30724099 0.25937501
v -0.28023800 -0.29645199 0.26228499
v -0.28170699 -0.29588801 0.26358101
v -0.31845701 -0.31210199 0.24555400
v -0.30276999 -0.29899999 0.26210701
v -0.31189400 -0.31175199 0.25376701
v -0.31390899 -0.29075101 0.25138500
v -0.26658300 -0.27554700 0.24191400
v -0.26600999 -0.27421901 0.24319600
v -0.30117601 -0.28148001 0.25929499
v -0.28501099 -0.29487801 0.26484400
v -0.29554600 -0.29204100 0.26446801
v -0.27237001 -0.26759601 0.24317500
v -0.27804899 -0.29394999 0.24556200
v -0.28290799 -0.30468801 0.25894400
v -0.30547401 -0.31969899 0.24640501
v -0.29679701 -0.30743501 0.26075599
v -0.31762701 -0.29735899 0.24789099
v -0.31251600 -0.31830201 0.24554101
v -0.28630701 -0.28226900 0.26397401
v -0.29846701 -0.31562501 0.25496200
v -0.30642799 -0.31992701 0.24671400
v -0.30445799 -0.31475499 0.25515699
v -0.29944199 -0.28632200 0.26326400
v -0.28033900 -0.29848799 0.26092699
v -0.30491701 -0.28306800 0.25721800
v -0.28594401 -0.30035499 0.26302701
v -0.30399999 -0.31870100 0.24541999
v -0.10681600 -0.10635700 0.04163980
v -0.11595700 -0.11488800 0.05144500
v -0.11361500 -0.11264800 0.04863800
v -0.09926070 -0.11601500 0.04756350
v -0.10388100 -0.12131900 0.05240910
v -0.09632020 -0.11406800 0.04352000
v -0.11545900 -0.11378100 0.05112760
v -0.10966600 -0.10817100 0.04337310
v -0.11189200 -0.11029900 0.04602610
v -0.09712510 -0.11487900 0.04292180
v -0.10450100 -0.12116900 0.05267600
v -0.10169500 -0.11785400 0.04970520
v -0.08583860 -0.09866720 0.01496560
v -0.08774080 -0.09451810 0.01694300
v -0.08199390 -0.10262900 0.01498120
v -0.08324750 -0.10382600 0.01678800
v -0.09395740 -0.09262140 0.01679300
v -0.08590140 -0.10316000 0.01668000
v -0.10160600 -0.10775500 0.04362830
v -0.10476600 -0.10523000 0.04352500
v -0.10324500 -0.10549400 0.04459100
v -0.08579670 -0.10627200 0.03825500
v -0.08779720 -0.10818500 0.03941800
v -0.09650660 -0.09506710 0.03825900
v -0.10189200 -0.10686800 0.04534900
v -0.10521200 -0.10595500 0.04323540
v -0.09768480 -0.11625600 0.04130760
v -0.10407900 -0.11550300 0.03422800
v -0.10999000 -0.11921600 0.03990330
v -0.10776400 -0.11708000 0.03724480
v -0.10747900 -0.11047700 0.03762710
v -0.10364100 -0.11666900 0.03604280
v -0.10189300 -0.11736400 0.03691530
v -0.08712750 -0.10754500 0.04093300
v -0.08494260 -0.10545600 0.03957900
v -0.09606000 -0.09464090 0.03989400
v -0.08647020 -0.09633500 0.01270730
v -0.08047380 -0.09023340 0.00553500
v -0.08341000 -0.09212760 0.00898201
v -0.08461990 -0.09219880 0.00793699
v -0.08167400 -0.09029530 0.00447900
v -0.08766500 -0.09635920 0.01168300
v -0.10679900 -0.11391200 0.03562350
v -0.11504200 -0.12280800 0.04585900
v -0.11268800 -0.12057200 0.04306000
v -0.11525200 -0.12207100 0.04504380
v -0.10850500 -0.11672200 0.03749380
v -0.11073000 -0.11884600 0.04014380
v -0.09124680 -0.09003760 0.03333300
v -0.09252670 -0.09126200 0.03594000
v -0.08138820 -0.10205700 0.03517900
v -0.09313450 -0.09184220 0.03417100
v -0.09197070 -0.09072870 0.03136900
v -0.08242460 -0.10304700 0.03416600
v -0.09112090 -0.08991380 0.02506100
v -0.09147820 -0.09025380 0.02185900
v -0.08041110 -0.10111900 0.02505600
v -0.07526400 -0.09546170 0.01950890
v -0.07077620 -0.08973320 0.01407100
v -0.07371240 -0.09162740 0.01751800
v -0.07564680 -0.09202630 0.01731500
v -0.07146430 -0.09043060 0.01246900
v -0.07631070 -0.09547840 0.01827390
v -0.08745400 -0.09223640 0.01966880
v -0.08503690 -0.09214420 0.02061300
v -0.08430750 -0.09649880 0.01803350
v -0.08886630 -0.09448800 0.01289290
v -0.08977220 -0.09225720 0.01378760
v -0.08667970 -0.09145810 0.01023400
v -0.08914660 -0.08972000 0.01535710
v -0.08573150 -0.09027930 0.01151100
v -0.10443700 -0.12010800 0.05313000
v -0.10364500 -0.10618500 0.04455830
v -0.10592500 -0.10846200 0.04748630
v -0.10598600 -0.10787400 0.04750600
v -0.10386900 -0.11959500 0.05324940
v -0.10152500 -0.11731100 0.05056400
v -0.10849900 -0.10652900 0.03632300
v -0.10821600 -0.10625900 0.03744300
v -0.09778930 -0.11773400 0.03631800
v -0.10273700 -0.10970400 0.04094240
v -0.10605600 -0.10716600 0.04017200
v -0.10715100 -0.10934900 0.03743000
v -0.10846100 -0.10716000 0.03979670
v -0.11205700 -0.11045600 0.04519550
v -0.10982900 -0.10832500 0.04254220
v -0.10838300 -0.10865200 0.03845580
v -0.10781600 -0.10724900 0.04005950
v -0.11638700 -0.11609000 0.04807500
v -0.07933090 -0.10008400 0.02257860
v -0.07949270 -0.10005100 0.02024370
v -0.08677870 -0.09189810 0.02461670
v -0.08214340 -0.10277100 0.01766500
v -0.08143610 -0.10209600 0.01861100
v -0.09285330 -0.09156640 0.01767000
v -0.10400200 -0.12005300 0.04034890
v -0.10829100 -0.12478900 0.04659300
v -0.10020800 -0.11755500 0.03817460
v -0.10595800 -0.12251400 0.04267200
v -0.10166700 -0.11842000 0.03757200
v -0.10766600 -0.12495900 0.04628320
v -0.08644450 -0.09881980 0.01467540
v -0.08298820 -0.10357700 0.01460900
v -0.08819160 -0.09964710 0.01453090
v -0.09300040 -0.09573330 0.01668300
v -0.08695340 -0.10271600 0.01664700
v -0.09750590 -0.11746400 0.03743900
v -0.09984620 -0.11918000 0.04278090
v -0.10628800 -0.12526700 0.04960260
v -0.09841700 -0.11767000 0.03979240
v -0.07095630 -0.08878020 0.01421900
v -0.07492240 -0.09169860 0.01647300
v -0.07197650 -0.08979520 0.01301400
v -0.07894170 -0.08907970 0.02297060
v -0.07967650 -0.08994080 0.02305790
v -0.07603140 -0.09580960 0.02012900
v -0.08237950 -0.09097560 0.02146500
v -0.08150030 -0.09041000 0.02170520
v -0.08042520 -0.09232000 0.02089790
v -0.10777600 -0.11181300 0.03511780
v -0.11561100 -0.11854500 0.04453590
v -0.11348700 -0.11529900 0.04214400
v -0.10536100 -0.11540300 0.03556430
v -0.10921800 -0.11070100 0.03720800
v -0.11150100 -0.11252500 0.04008010
v -0.11615400 -0.11604100 0.04627990
v -0.11029100 -0.11842700 0.04028200
v -0.10806100 -0.11629800 0.03762640
v -0.10899600 -0.12435200 0.04465300
v -0.11012400 -0.12436100 0.04539900
v -0.10903200 -0.12449600 0.04575500
v -0.10666200 -0.12183700 0.04234370
v -0.11176300 -0.12423400 0.04541990
v -0.10454800 -0.12019600 0.03948800
v -0.10256900 -0.11786200 0.03652000
v -0.10029000 -0.10704300 0.04582800
v -0.10809400 -0.11549300 0.05591250
v -0.10579300 -0.11413300 0.05372550
v -0.10903600 -0.11579800 0.05593420
v -0.10178300 -0.11030600 0.04828890
v -0.10400700 -0.11242400 0.05093490
v -0.08468280 -0.09622130 0.01066800
v -0.07995690 -0.09087170 0.00498500
v -0.08417120 -0.09557060 0.00762499
v -0.08588300 -0.09628320 0.00961100
v -0.08175940 -0.09339970 0.00476570
v -0.10896400 -0.10697200 0.03468300
v -0.09825390 -0.11817700 0.03467800
v -0.10730100 -0.10855400 0.03321400
v -0.10345100 -0.11380700 0.03380800
v -0.10483300 -0.11236100 0.03380900
v -0.10466700 -0.11220200 0.03071400
v -0.10492000 -0.10310900 0.03924900
v -0.10280700 -0.10109000 0.03992800
v -0.09421000 -0.11431400 0.03924400
v -0.09186200 -0.11207100 0.04167400
v -0.10269100 -0.10097900 0.04166300
v -0.09752850 -0.10960600 0.04128700
v -0.09034490 -0.08978690 0.01430030
v -0.08292930 -0.08480130 0.00558301
v -0.08627790 -0.08836330 0.00959601
v -0.07854490 -0.08595190 0.00309300
v -0.08276570 -0.09015900 0.00813501
v -0.07990050 -0.08786230 0.00474500
v -0.08558710 -0.08915370 0.01128100
v -0.08263900 -0.08389370 0.00762401
v -0.08109250 -0.08792120 0.00367900
v -0.08421810 -0.08910400 0.00729900
v -0.08015780 -0.08498990 0.00244545
v -0.11658600 -0.11563500 0.04973280
v -0.10969100 -0.10888600 0.04279500
v -0.11191300 -0.11101100 0.04543670
v -0.11643100 -0.11534000 0.05068900
v -0.11640000 -0.11466900 0.04960690
v -0.11627900 -0.11456100 0.05085850
v -0.11428000 -0.11258200 0.04784760
v -0.07940530 -0.10015900 0.02918300
v -0.07911750 -0.09988250 0.02589000
v -0.08989360 -0.08874160 0.02735700
v -0.08057910 -0.10128100 0.02828000
v -0.10621200 -0.10823300 0.04798460
v -0.10992800 -0.11303600 0.05399560
v -0.11124400 -0.11238100 0.05285180
v -0.10905400 -0.11009500 0.05003700
v -0.11039400 -0.11351400 0.05387300
v -0.10814900 -0.11058100 0.05012510
v -0.10676500 -0.10849800 0.04730000
v -0.11222700 -0.11308600 0.05268000
v -0.09171230 -0.09459340 0.01457950
v -0.09099650 -0.09036330 0.01465440
v -0.09064370 -0.09744540 0.01429670
v -0.08889480 -0.09883190 0.01429370
v -0.08987270 -0.09798510 0.01593200
v -0.10020300 -0.11598000 0.03321000
v -0.10650700 -0.10927300 0.03217600
v -0.10278900 -0.11672900 0.03492110
v -0.11186300 -0.12394400 0.04445100
v -0.09696120 -0.11123100 0.04526000
v -0.09648060 -0.11268100 0.04450100
v -0.09712380 -0.11329700 0.04419600
v -0.09947630 -0.11574000 0.04705730
v -0.09978590 -0.11525900 0.04770500
v -0.10525700 -0.11896800 0.05437670
v -0.09766080 -0.11148100 0.04522300
v -0.09214600 -0.09089080 0.01861600
v -0.09048220 -0.09045350 0.01747420
v -0.09029460 -0.09035460 0.01880940
v -0.08841160 -0.09439560 0.01585960
v -0.09627680 -0.11540800 0.04144200
v -0.10150200 -0.12076300 0.04578050
v -0.09927950 -0.11863800 0.04313900
v -0.09717820 -0.11663400 0.04054600
v -0.07588950 -0.08865350 0.01981700
v -0.07294150 -0.08339350 0.01615900
v -0.07841930 -0.08822490 0.02266590
v -0.07953630 -0.08807900 0.02150110
v -0.07639880 -0.09175800 0.01815300
v -0.07323110 -0.08430130 0.01411800
v -0.07658040 -0.08786310 0.01813200
v -0.07603400 -0.08977910 0.02004700
v -0.08210240 -0.10273200 0.01609700
v -0.07951020 -0.10024500 0.02117000
v -0.07991810 -0.09976270 0.01743060
v -0.08118930 -0.10162700 0.01609090
v -0.08414780 -0.09184270 0.02091900
v -0.07442440 -0.08064900 0.01525900
v -0.07434430 -0.08254860 0.01528000
v -0.07860730 -0.08601360 0.02032600
v -0.07311440 -0.08271250 0.01631590
v -0.07322410 -0.08058710 0.01631600
v -0.07793490 -0.08706550 0.02204700
v -0.10775800 -0.11146100 0.03477620
v -0.11054200 -0.10848100 0.03438000
v -0.10870100 -0.11033500 0.03370600
v -0.11117800 -0.11297700 0.03942180
v -0.10534900 -0.12438700 0.05117670
v -0.10372600 -0.12289100 0.04843180
v -0.09870030 -0.11716900 0.03975690
v -0.10694800 -0.12526999 0.05067400
v -0.10459500 -0.12302100 0.04788400
v -0.10591600 -0.12410400 0.05188000
v -0.09983330 -0.11847500 0.04337090
v -0.10205100 -0.12059500 0.04602110
v -0.10207100 -0.12130800 0.04543230
v -0.11601700 -0.11670600 0.04659600
v -0.11311600 -0.11456400 0.04276300
v -0.11096400 -0.11327400 0.03992200
v -0.11566800 -0.11929600 0.04538130
v -0.10787400 -0.11206500 0.03618740
v -0.10775200 -0.11661900 0.05636210
v -0.09874760 -0.10964400 0.04580120
v -0.10786200 -0.11735000 0.05626000
v -0.10552200 -0.11509700 0.05346200
v -0.10855400 -0.11662800 0.05626200
v -0.10678200 -0.11725000 0.05602190
v -0.10101200 -0.11063300 0.04866370
v -0.10323300 -0.11276100 0.05131380
v -0.08595650 -0.09275610 0.02339300
v -0.08674630 -0.09205340 0.02279820
v -0.08774790 -0.09157640 0.02164050
v -0.11343700 -0.12393900 0.04570300
v -0.10774100 -0.11705500 0.03787690
v -0.10995600 -0.11918200 0.04052320
v -0.11435400 -0.12353300 0.04585900
v -0.11363500 -0.12357700 0.04483010
v -0.11221500 -0.12134200 0.04255500
v -0.11474000 -0.12314500 0.04526480
v -0.08075780 -0.09453560 0.00369409
v -0.08285470 -0.09511220 0.00610255
v -0.08065390 -0.08928030 0.00568401
v -0.09698350 -0.11696100 0.03037800
v -0.10769300 -0.10575600 0.03038300
v -0.10141200 -0.11233600 0.03044930
v -0.09775130 -0.11769700 0.03612200
v -0.10846100 -0.10649300 0.03612600
v -0.09941220 -0.11566900 0.03346310
v -0.10734100 -0.10596200 0.04051540
v -0.10940300 -0.10790800 0.04286200
v -0.08865150 -0.08717440 0.01222300
v -0.08400590 -0.08332310 0.00671954
v -0.08745120 -0.08711250 0.01327900
v -0.08281190 -0.08321300 0.00777983
v -0.10722900 -0.12540700 0.04972600
v -0.10112400 -0.11608100 0.03715860
v -0.09779460 -0.11368100 0.03141870
v -0.09725690 -0.11424800 0.03146140
v -0.09826770 -0.11538700 0.03132280
v -0.09784380 -0.11609400 0.03282900
v -0.09783760 -0.11589100 0.03199210
v -0.09672710 -0.11494500 0.03278290
v -0.10269200 -0.10853100 0.03118100
v -0.10189600 -0.10934300 0.03098300
v -0.10339000 -0.10997300 0.03091480
v -0.10295800 -0.11052900 0.03184560
v -0.10253700 -0.10879600 0.03213600
v -0.10321800 -0.10811300 0.03241200
v -0.09702540 -0.09555280 0.01427100
v -0.09203550 -0.10005200 0.01430600
v -0.09058450 -0.10157000 0.01430500
v -0.09448080 -0.09312110 0.01553600
v -0.09267540 -0.09500990 0.01553500
v -0.09649500 -0.09504630 0.01532800
v -0.10655300 -0.11291500 0.03421310
v -0.10590100 -0.11338200 0.03369900
v -0.09209690 -0.11229500 0.03992400
v -0.09421510 -0.11432000 0.04102800
v -0.08310680 -0.09588680 0.02359500
v -0.09729350 -0.11726000 0.03616900
v -0.09922840 -0.11488100 0.03396450
v -0.10313700 -0.11069800 0.03201550
v -0.09790220 -0.11609200 0.03165490
v -0.09809090 -0.11600100 0.03344610
v -0.06930710 -0.08916580 0.00994501
v -0.07133000 -0.09170410 0.01239200
v -0.07025940 -0.09037150 0.01352100
v -0.10800300 -0.10605500 0.03617300
v -0.10562700 -0.10826700 0.03408930
v -0.10611500 -0.10863300 0.03332330
v -0.09996850 -0.11502800 0.03289200
v -0.10685500 -0.10683800 0.03332090
v -0.10643200 -0.10725000 0.03383830
v -0.10525500 -0.10613900 0.03387460
v -0.10475800 -0.10888500 0.03116750
v -0.10215100 -0.11143900 0.03069750
v -0.10485100 -0.10831600 0.03152120
v -0.10577800 -0.10748600 0.03121180
v -0.10418600 -0.10700500 0.03152670
v -0.08986930 -0.08871700 0.02421900
v -0.07944810 -0.09398910 0.02165930
v -0.07817520 -0.09786410 0.01991170
v -0.07745440 -0.09704350 0.02015700
v -0.07681640 -0.09577070 0.01865100
v -0.07756290 -0.09651580 0.01874800
v -0.08023530 -0.08917500 0.02180810
v -0.11116300 -0.11307000 0.05313300
v -0.10621100 -0.12520100 0.05076750
v -0.10647700 -0.12482100 0.05143300
v -0.10123600 -0.11233800 0.03192970
v -0.10115000 -0.11022400 0.03191300
v -0.09866400 -0.11293100 0.03290300
v -0.09898310 -0.11255700 0.03252520
v -0.09988180 -0.11400100 0.03279590
v -0.11031400 -0.10826100 0.03011300
v -0.09960400 -0.11946600 0.03010800
v -0.10584800 -0.11299200 0.03064990
v -0.10777200 -0.10985800 0.03372940
v -0.10978500 -0.10775700 0.03378100
v -0.10816600 -0.10934700 0.03315050
v -0.08573180 -0.10620000 0.01432600
v -0.08578520 -0.10625100 0.01532400
v -0.08759060 -0.10436200 0.01532400
v -0.08377090 -0.10432600 0.01553100
v -0.08627320 -0.10417100 0.01543270
v -0.08582320 -0.10373900 0.01548310
v -0.08597730 -0.10280800 0.01554400
v -0.10710000 -0.10755200 0.03292690
v -0.10816300 -0.10620600 0.03073810
v -0.09746800 -0.11742400 0.03082900
v -0.10654200 -0.10800000 0.03159220
v -0.11579500 -0.11645300 0.04528700
v -0.11575800 -0.11745900 0.04575800
v -0.10014000 -0.10811600 0.04582060
v -0.10326700 -0.11279200 0.05069320
v -0.10104100 -0.11066000 0.04803780
v -0.10248900 -0.11671200 0.03257200
v -0.10220200 -0.11710000 0.03338100
v -0.10162400 -0.11744500 0.03095780
v -0.10368200 -0.11528400 0.03090200
v -0.09817600 -0.09666400 0.04108400
v -0.09850710 -0.09697970 0.03942300
v -0.10578000 -0.10789000 0.04112700
v -0.10328400 -0.10999200 0.04153400
v -0.11134400 -0.11046700 0.04578460
v -0.10911700 -0.10833800 0.04312630
v -0.10221500 -0.12075200 0.04519140
v -0.09998580 -0.11862100 0.04253740
v -0.08172500 -0.09503840 0.00723798
v -0.07837620 -0.09474830 0.00341701
v -0.07962650 -0.09361560 0.00477100
v -0.08006210 -0.09166860 0.00273590
v -0.07967250 -0.09347360 0.00240286
v -0.07969740 -0.09220730 0.00382759
v -0.08029380 -0.09350190 0.00458144
v -0.07790110 -0.09261640 0.00275200
v -0.07922900 -0.09351510 0.00431300
v -0.09877330 -0.11627200 0.03284660
v -0.09970160 -0.11517400 0.03174670
v -0.10585700 -0.10879000 0.03217600
v -0.07585600 -0.08753540 0.01728900
v -0.07202880 -0.08421740 0.01274700
v -0.07091450 -0.08358990 0.01144400
v -0.07082920 -0.08415570 0.01380400
v -0.07203140 -0.08423920 0.01517500
v -0.07466750 -0.08747410 0.01835900
v -0.09174340 -0.09085210 0.01475500
v -0.09113360 -0.08992570 0.01819230
v -0.09083210 -0.09035250 0.01773090
v -0.09165750 -0.09072070 0.01626660
v -0.10678500 -0.12244500 0.04231580
v -0.10371800 -0.12027300 0.03983880
v -0.10623200 -0.12218200 0.04300290
v -0.09788540 -0.10957600 0.04581300
v -0.09898890 -0.10821500 0.04597900
v -0.07510400 -0.08780370 0.01645100
v -0.07390830 -0.08773810 0.01751200
v -0.07332030 -0.08854190 0.01689100
v -0.06943860 -0.08404530 0.01221800
v -0.07519390 -0.09169980 0.01920500
v -0.07578190 -0.09089600 0.01982600
v -0.08534430 -0.09252650 0.00877901
v -0.08172900 -0.08473930 0.00663901
v -0.08508730 -0.08831060 0.01066400
v -0.08436500 -0.08797430 0.00982400
v -0.08413230 -0.09246400 0.00982200
v -0.08678220 -0.08919990 0.01021800
v -0.09468960 -0.09693510 0.01532800
v -0.09429380 -0.09656920 0.01542110
v -0.09337160 -0.09674580 0.01543100
v -0.09151140 -0.09754870 0.01443400
v -0.09206650 -0.09794010 0.01441300
v -0.09227180 -0.09613650 0.01449510
v -0.10929000 -0.10849300 0.04249000
v -0.09859010 -0.11011100 0.04120390
v -0.10155600 -0.10824300 0.04163320
v -0.09801740 -0.11238700 0.04151900
v -0.10507700 -0.10325400 0.04092350
v -0.10045500 -0.10656200 0.04128420
v -0.07906120 -0.09235920 0.00163100
v -0.07925230 -0.08793270 0.00401201
v -0.07873540 -0.08857100 0.00346299
v -0.07997930 -0.09049750 0.00256500
v -0.08051730 -0.09100700 0.00320601
v -0.07930860 -0.09094210 0.00425301
v -0.07933960 -0.08742070 0.00165800
v -0.08243330 -0.09646930 0.00447782
v -0.08215030 -0.09574790 0.00513159
v -0.08006040 -0.09562600 0.00256099
v -0.08113140 -0.09529290 0.00655200
v -0.08089180 -0.09579130 0.00612800
v -0.08995000 -0.09580530 0.01395110
v -0.08873040 -0.09691700 0.01293170
v -0.08688320 -0.09669400 0.01328640
v -0.10109700 -0.11017200 0.03091600
v -0.09867040 -0.11517500 0.03111790
v -0.09941680 -0.11399800 0.03152040
v -0.10143300 -0.10848400 0.04258830
v -0.09875350 -0.11074000 0.04363250
v -0.09809720 -0.11247000 0.04245200
v -0.09636980 -0.11517000 0.04229300
v -0.09983240 -0.11968600 0.03437500
v -0.10160200 -0.11776200 0.03370300
v -0.08126090 -0.10193400 0.03136400
v -0.08017260 -0.10089400 0.03232100
v -0.07086120 -0.09169760 0.01426970
v -0.06961110 -0.09044190 0.01278800
v -0.06933160 -0.09154850 0.01011200
v -0.07093280 -0.09160800 0.01193500
v -0.07354540 -0.09465180 0.01508100
v -0.07155550 -0.09219940 0.01267700
v -0.06910060 -0.09114560 0.01223940
v -0.06881500 -0.09296370 0.01201980
v -0.06813130 -0.09148660 0.01116800
v -0.08412190 -0.08114920 0.00672399
v -0.08292160 -0.08108730 0.00777999
v -0.09663090 -0.11651300 0.03980930
v -0.09922260 -0.11910500 0.03676160
v -0.09891690 -0.11881100 0.03614210
v -0.09979640 -0.11965100 0.03370200
v -0.09907550 -0.11896200 0.03377600
v -0.10134400 -0.11007400 0.04788700
v -0.08642900 -0.09220170 0.02173130
v -0.08578520 -0.09226130 0.02115100
v -0.08235260 -0.09158700 0.02241470
v -0.08148960 -0.09091650 0.02251280
v -0.08555350 -0.08803560 0.00875399
v -0.08172700 -0.08471780 0.00421200
v -0.08061200 -0.08409010 0.00290800
v -0.08052670 -0.08465590 0.00526800
v -0.10961500 -0.10759600 0.03616460
v -0.10954500 -0.10752800 0.03467790
v -0.10956100 -0.10923500 0.03565240
v -0.09954560 -0.11442300 0.03358260
v -0.09844010 -0.11322600 0.03347000
v -0.09979990 -0.11422900 0.03318540
v -0.09940820 -0.11670000 0.03217300
v -0.09804950 -0.11798000 0.03040540
v -0.09892630 -0.11881800 0.03099000
v -0.10023600 -0.11752500 0.03208090
v -0.10875200 -0.10676900 0.03055860
v -0.09968030 -0.11636800 0.03173500
v -0.10073200 -0.11693000 0.03099100
v -0.10051000 -0.11719400 0.03162470
v -0.10101100 -0.11237000 0.04153300
v -0.09890970 -0.11515700 0.04106070
v -0.09852720 -0.11487500 0.04062020
v -0.10064000 -0.11198600 0.04102310
v -0.09825590 -0.11557600 0.03997040
v -0.10579400 -0.11124100 0.03274500
v -0.10544800 -0.11168700 0.03351300
v -0.10678000 -0.11224200 0.03275600
v -0.10855200 -0.11019100 0.03092000
v -0.08689710 -0.10262900 0.01547430
v -0.08634000 -0.10271800 0.01667900
v -0.09065920 -0.10164200 0.01570200
v -0.09217390 -0.10004300 0.01570270
v -0.08800510 -0.10036700 0.01590900
v -0.10044100 -0.11706700 0.03824400
v -0.09974510 -0.11697800 0.03889900
v -0.09998650 -0.11684200 0.03807110
v -0.10722400 -0.10989500 0.03720350
v -0.10185700 -0.11638600 0.03760300
v -0.09028600 -0.08911400 0.02112400
v -0.08986170 -0.09057490 0.01917300
v -0.06918540 -0.08458760 0.01196200
v -0.07306820 -0.08965880 0.01667000
v -0.07020300 -0.08736210 0.01328000
v -0.07038570 -0.08464950 0.01090500
v -0.06966580 -0.08681970 0.01021500
v -0.07139490 -0.08742100 0.01221400
v -0.07452060 -0.08860380 0.01583500
v -0.06846550 -0.08675780 0.01127100
v -0.06955470 -0.08743260 0.01254800
v -0.11569700 -0.11855800 0.04537800
v -0.11320300 -0.11540300 0.04259520
v -0.11090000 -0.11243600 0.04012520
v -0.11373000 -0.11466100 0.04273580
v -0.10148400 -0.11814200 0.05021430
v -0.10482100 -0.11931600 0.05389430
v -0.10202000 -0.11740900 0.05036570
v -0.09918650 -0.11517600 0.04775000
v -0.11217100 -0.12130900 0.04316910
v -0.11295600 -0.12098100 0.04280110
v -0.10426700 -0.12271400 0.04867130
v -0.10429800 -0.12343800 0.04809300
v -0.10357000 -0.11200500 0.05107390
v -0.10623000 -0.11454200 0.05357960
v -0.10546500 -0.11488900 0.05397200
v -0.11413500 -0.11313600 0.04807770
v -0.11412300 -0.11243300 0.04867980
v -0.10664000 -0.10788700 0.04732340
v -0.10899100 -0.11062900 0.04995670
v -0.10842900 -0.11035800 0.05063400
v -0.08780870 -0.09852090 0.01433340
v -0.08699390 -0.09741550 0.01391820
v -0.08955150 -0.09808470 0.01379180
v -0.08787340 -0.09670630 0.01287210
v -0.10133500 -0.10987600 0.04841500
v -0.10561400 -0.10569700 0.03325420
v -0.10444300 -0.10690200 0.03306630
v -0.10437900 -0.10690500 0.03247350
v -0.10578700 -0.10841300 0.03242030
v -0.10513800 -0.10615200 0.03285670
v -0.10494700 -0.10639300 0.03323240
v -0.10666400 -0.10752500 0.03270050
v -0.10445100 -0.11971400 0.03969570
v -0.08396560 -0.09022870 0.00707800
v -0.07941180 -0.08402820 0.00396500
v -0.08360590 -0.08823830 0.00897700
v -0.08301790 -0.08904210 0.00835600
v -0.07534960 -0.08027050 0.01871200
v -0.07623930 -0.08323240 0.01989600
v -0.07304530 -0.07840670 0.01598500
v -0.07743950 -0.08329430 0.01884000
v -0.09280710 -0.09152160 0.01610720
v -0.09387330 -0.09254060 0.01600100
v -0.09249010 -0.09511860 0.01453600
v -0.09442740 -0.09306960 0.01453800
v -0.09294760 -0.09165530 0.01469070
v -0.10263300 -0.10635500 0.04109600
v -0.11393200 -0.11284600 0.05161720
v -0.10610400 -0.10512500 0.04144800
v -0.10664200 -0.10528700 0.04058290
v -0.10617500 -0.10737100 0.03100230
v -0.10328500 -0.11364700 0.03071300
v -0.10380100 -0.11542800 0.03339500
v -0.10337900 -0.11578700 0.03261700
v -0.09701330 -0.09554210 0.01645080
v -0.08614460 -0.10659500 0.01649000
v -0.09449270 -0.09633530 0.01657200
v -0.09405250 -0.09528850 0.01665000
v -0.09399570 -0.09520410 0.01548230
v -0.07147420 -0.09281440 0.01262000
v -0.07113250 -0.09317630 0.01225300
v -0.07258820 -0.09450330 0.01398500
v -0.07070740 -0.09316710 0.01419400
v -0.06991280 -0.09399070 0.01332930
v -0.07108770 -0.09250460 0.01310420
v -0.10837300 -0.11022800 0.03718270
v -0.10677900 -0.10894100 0.03173800
v -0.10047400 -0.11565000 0.03277500
v -0.10963600 -0.10761400 0.03099500
v -0.10843500 -0.10901200 0.03269540
v -0.10757300 -0.10822200 0.03277700
v -0.10783100 -0.10950200 0.03099400
v -0.10824500 -0.10907700 0.03177990
v -0.07914130 -0.09928760 0.01956400
v -0.08076310 -0.10143300 0.01737150
v -0.08633980 -0.10420700 0.01660300
v -0.08739360 -0.10376200 0.01656900
v -0.09344060 -0.09678010 0.01660600
v -0.10749600 -0.11663400 0.03746400
v -0.08265420 -0.10325800 0.01464170
v -0.08982260 -0.09033430 0.01624360
v -0.09084330 -0.09050280 0.01533920
v -0.09134660 -0.09075670 0.01591640
v -0.07443470 -0.09196380 0.01835800
v -0.07441810 -0.09086200 0.01585100
v -0.07426810 -0.08972850 0.01561400
v -0.07193290 -0.08793050 0.01285500
v -0.08116180 -0.09093080 0.00393400
v -0.08489990 -0.09344620 0.02232070
v -0.07938020 -0.09974970 0.01975000
v -0.08519040 -0.09257420 0.02186770
v -0.08727350 -0.08416250 0.01048100
v -0.08624740 -0.08083260 0.00911999
v -0.08404500 -0.08044670 0.00659499
v -0.08504710 -0.08077070 0.01017600
v -0.08607320 -0.08410060 0.01153700
v -0.08274290 -0.07890690 0.00744901
v -0.10769100 -0.12519400 0.04807820
v -0.10671200 -0.12514900 0.04780360
v -0.09931140 -0.11810200 0.03848200
v -0.09035830 -0.08918710 0.03043600
v -0.09128900 -0.09007580 0.02828500
v -0.10030400 -0.11100800 0.03098200
v -0.09978660 -0.11167400 0.03213500
v -0.10046100 -0.11095000 0.03196900
v -0.07708460 -0.08869970 0.01875300
v -0.07538980 -0.08781050 0.01920000
v -0.10613800 -0.11836400 0.05522800
v -0.10554700 -0.11806800 0.05517750
v -0.11234500 -0.11248100 0.05242270
v -0.10586900 -0.10522900 0.04229900
v -0.11376000 -0.11357400 0.05230790
v -0.11524600 -0.11433900 0.05187920
v -0.11560700 -0.12039200 0.04483190
v -0.11557700 -0.12065500 0.04547200
v -0.09955030 -0.11821500 0.04286100
v -0.08079180 -0.09623600 0.00246600
v -0.08159920 -0.09644430 0.00193251
v -0.08064090 -0.09729060 0.00384697
v -0.07897150 -0.09586810 0.00379499
v -0.08137150 -0.09700650 0.00540732
v -0.09795480 -0.11361600 0.03237640
v -0.09770470 -0.11385200 0.03213100
v -0.09921950 -0.11529000 0.03193400
v -0.09698060 -0.11476300 0.03356010
v -0.09742240 -0.11425500 0.03313550
v -0.09724710 -0.11437700 0.03256370
v -0.09868790 -0.11584000 0.03241800
v -0.06907620 -0.08992530 0.01215000
v -0.07028170 -0.08999730 0.01110100
v -0.10402500 -0.10738300 0.03347110
v -0.10530300 -0.10826800 0.03369280
v -0.10508700 -0.10868200 0.03318450
v -0.09215530 -0.09802790 0.01580800
v -0.08076830 -0.10145900 0.02185400
v -0.08693220 -0.09033340 0.01045500
v -0.08489140 -0.09219990 0.01066900
v -0.08547940 -0.09139620 0.01129000
v -0.10733500 -0.11009800 0.03208340
v -0.10737200 -0.11013700 0.03272150
v -0.10654400 -0.10930100 0.03278900
v -0.10773300 -0.11124500 0.03274800
v -0.10134200 -0.11644100 0.03269270
v -0.10114600 -0.11650500 0.03177660
v -0.10043900 -0.11562100 0.03216300
v -0.10039100 -0.11742600 0.03299900
v -0.11012300 -0.12439300 0.04471590
v -0.07877370 -0.09042550 0.00361500
v -0.07855530 -0.08952400 0.00331400
v -0.07975580 -0.08959330 0.00225799
v -0.07993570 -0.08863290 0.00240601
v -0.07899130 -0.08987680 0.00140601
v -0.07798850 -0.08810130 0.00258700
v -0.08753720 -0.10431100 0.01432700
v -0.08628280 -0.10197600 0.01451500
v -0.08713200 -0.10208800 0.01446300
v -0.08900730 -0.10198200 0.01436900
v -0.10505700 -0.12267000 0.05230000
v -0.10433700 -0.12288000 0.05161380
v -0.10066100 -0.11859000 0.03556940
v -0.09972730 -0.11850100 0.03729490
v -0.09803690 -0.11746600 0.03922200
v -0.10783200 -0.10851800 0.03890200
v -0.10793900 -0.10940700 0.03809900
v -0.10742400 -0.10775400 0.03911030
v -0.10538900 -0.10753500 0.04060970
v -0.09165140 -0.09041900 0.02087700
v -0.08946540 -0.10978000 0.04164100
v -0.10041100 -0.09880090 0.04167900
v -0.08992690 -0.11022000 0.03998200
v -0.10063700 -0.09901560 0.03998700
v -0.10824100 -0.10679000 0.03922700
v -0.10914500 -0.10714600 0.03777090
v -0.10895800 -0.10803400 0.03848020
v -0.11043100 -0.10837500 0.03546900
v -0.10968000 -0.11452600 0.05495590
v -0.10878100 -0.11405100 0.05497200
v -0.10181100 -0.10607500 0.04532800
v -0.11630500 -0.11511200 0.04781000
v -0.10950900 -0.10930100 0.03865380
v -0.10590300 -0.10472800 0.04096910
v -0.10766100 -0.10572900 0.03833900
v -0.10690900 -0.10501000 0.03889600
v -0.09695100 -0.11693400 0.03833400
v -0.08190810 -0.09746730 0.00454039
v -0.08294950 -0.09756600 0.00332401
v -0.07403200 -0.07785780 0.01707400
v -0.07297360 -0.07736940 0.01584270
v -0.07523230 -0.07791980 0.01601700
v -0.10507600 -0.10607100 0.03149600
v -0.10470300 -0.10644900 0.03138040
v -0.10650500 -0.10689800 0.03155180
v -0.10470600 -0.10652600 0.03213350
v -0.10504300 -0.10619800 0.03236270
v -0.10631800 -0.10786300 0.03193660
v -0.08830190 -0.10152700 0.01443000
v -0.08793850 -0.10076700 0.01448800
v -0.08300160 -0.10360000 0.03763300
v -0.08401510 -0.10456800 0.03654400
v -0.07777030 -0.09036030 0.00247101
v -0.07908830 -0.09240810 0.00408799
v -0.07900630 -0.09301840 0.00403101
v -0.07957050 -0.09336240 0.00365316
v -0.07997140 -0.09325270 0.00514100
v -0.08005340 -0.09264240 0.00519901
v -0.08051870 -0.09235200 0.00467116
v -0.09415160 -0.09281600 0.03815600
v -0.09472490 -0.09336340 0.03654800
v -0.10333400 -0.11573100 0.03166700
v -0.10131700 -0.11634600 0.03126100
v -0.10170300 -0.11601800 0.03196000
v -0.10233900 -0.11676900 0.03164500
v -0.10655500 -0.11231200 0.03120700
v -0.10531800 -0.11155300 0.03101400
v -0.06903790 -0.08807080 0.01199800
v -0.07005820 -0.08909320 0.01079400
v -0.06810680 -0.08910390 0.01100100
v -0.07023820 -0.08813270 0.01094200
v -0.08380050 -0.07801910 0.00617526
v -0.08394320 -0.07896880 0.00639301
v -0.08267110 -0.07786960 0.00730666
v -0.06853690 -0.09376420 0.01176300
v -0.07061070 -0.09454810 0.01174100
v -0.06973720 -0.09382610 0.01070600
v -0.06941050 -0.09448620 0.01279700
v -0.07040230 -0.09321360 0.01246450
v -0.07004560 -0.09223200 0.01190420
v -0.07692030 -0.09648390 0.02030920
v -0.07063380 -0.09151760 0.01262900
v -0.09869000 -0.11621100 0.04039900
v -0.09288230 -0.09710130 0.01441300
v -0.09245100 -0.09663080 0.01546300
v -0.08373290 -0.09269460 0.02205310
v -0.10751200 -0.10906600 0.03759810
v -0.09270360 -0.09146670 0.01471400
v -0.09233220 -0.09121870 0.01473940
v -0.09189370 -0.09064880 0.01650700
v -0.10470500 -0.10891600 0.03255640
v -0.07321260 -0.09078440 0.01690000
v -0.10605700 -0.10419600 0.03903800
v -0.07234520 -0.09458990 0.01613800
v -0.07042110 -0.09456010 0.01395000
v -0.08185400 -0.08933490 0.00462700
v -0.08044790 -0.08799740 0.00295100
v -0.07075040 -0.08749730 0.01148700
v -0.07215640 -0.08883470 0.01316200
v -0.09144990 -0.09757270 0.01586900
v -0.08842170 -0.09950320 0.01593200
v -0.09242730 -0.09963360 0.01571100
v -0.09585750 -0.11521800 0.04095670
v -0.10772700 -0.10981700 0.03317200
v -0.10687400 -0.10900100 0.03322300
v -0.10760800 -0.10976700 0.03162830
v -0.10720600 -0.10849400 0.03172900
v -0.07698210 -0.09095790 0.01876900
v -0.09307600 -0.09538100 0.01554690
v -0.09343900 -0.09529090 0.01668300
v -0.09405410 -0.09677760 0.01657300
v -0.08817250 -0.10130400 0.01585200
v -0.09861850 -0.11617200 0.03920090
v -0.09911820 -0.11676700 0.03959400
v -0.11035700 -0.10830300 0.03092100
v -0.10694300 -0.11055300 0.03212500
v -0.10723100 -0.11016500 0.03131600
v -0.10768400 -0.11120300 0.03188800
v -0.09803890 -0.11358000 0.03285960
v -0.09783290 -0.11383700 0.03324010
v -0.09956510 -0.11495300 0.03269690
v -0.09746350 -0.11430400 0.03399010
v -0.09803400 -0.11370300 0.03395420
v -0.09858130 -0.11556300 0.03395320
v -0.09463620 -0.09688370 0.01433000
v -0.09242390 -0.09861790 0.01435900
v -0.10425800 -0.11869700 0.05395140
v -0.08107690 -0.10175300 0.01987800
v -0.10230700 -0.11485200 0.03239200
v -0.10237200 -0.11469500 0.03156800
v -0.07410290 -0.07751890 0.01471050
v -0.07424560 -0.07846860 0.01492800
v -0.07654990 -0.08033240 0.01765600
v -0.09883430 -0.11873200 0.03466920
v -0.07954440 -0.09470690 0.00231800
v -0.09862230 -0.11283000 0.03155970
v -0.10083700 -0.11278900 0.03095240
v -0.09952920 -0.11184000 0.03118000
v -0.10618900 -0.10813100 0.03317660
v -0.08328340 -0.09683660 0.00366100
v -0.08321620 -0.09738460 0.00361646
v -0.09944460 -0.11672800 0.03278500
v -0.09909120 -0.11555700 0.03317370
v -0.08210630 -0.09122680 0.02229030
v -0.08432060 -0.09203300 0.02139950
v -0.08469660 -0.09255520 0.02185870
v -0.08590700 -0.10377900 0.01664800
v -0.08738880 -0.10314500 0.01660100
v -0.08691320 -0.10417900 0.01538700
v -0.08695240 -0.10420600 0.01657000
v -0.10433000 -0.10710700 0.03387100
v -0.10475200 -0.10668400 0.03404090
v -0.10588300 -0.10770200 0.03398920
v -0.08638280 -0.10682300 0.01642450
v -0.07602690 -0.07895320 0.01698100
v -0.07482660 -0.07889130 0.01803700
v -0.09467490 -0.11473700 0.04080260
v -0.10692500 -0.10665500 0.03239000
v -0.10564200 -0.10558700 0.03249300
v -0.07983080 -0.09214570 0.00491700
v -0.09619920 -0.11621500 0.03889200
v -0.09534730 -0.11540100 0.03903400
v -0.10255500 -0.11467700 0.03318000
v -0.10419100 -0.11510400 0.03363450
v -0.07059110 -0.09196990 0.01156800
v -0.07162140 -0.09462200 0.01289400
v -0.07073520 -0.09308020 0.01179600
v -0.06971420 -0.08352800 0.01250000
v -0.10650100 -0.10753100 0.04081000
v -0.10716100 -0.10753500 0.04025300
v -0.10759200 -0.10790200 0.03959800
v -0.10681100 -0.10723600 0.03950180
v -0.08791250 -0.10297300 0.01537900
v -0.08783310 -0.10400300 0.01532990
v -0.08791300 -0.10352700 0.01434700
v -0.08736380 -0.10370300 0.01539530
v -0.08734690 -0.10306400 0.01543710
v -0.10106700 -0.11677400 0.03314720
v -0.09977540 -0.11642900 0.03322000
v -0.10174600 -0.11606500 0.03282000
v -0.10996300 -0.10792800 0.03672900
v -0.10939600 -0.10837600 0.03720800
v -0.08344440 -0.08453410 0.00615201
v -0.08383930 -0.08395560 0.00656699
v -0.08224410 -0.08447210 0.00720899
v -0.10721300 -0.10530100 0.03967300
v -0.08243570 -0.09523200 0.00805700
v -0.08631550 -0.10675800 0.01426600
v -0.07377320 -0.08400880 0.01471600
v -0.07417390 -0.08337780 0.01513500
v -0.08231730 -0.09750880 0.00260300
v -0.08134510 -0.09146480 0.00418212
v -0.10023900 -0.11365800 0.03242600
v -0.10360600 -0.10761500 0.03155130
v -0.08452410 -0.07939150 0.00950100
v -0.08372950 -0.07835800 0.00853801
v -0.08572440 -0.07945340 0.00844500
v -0.09060720 -0.09755400 0.01591500
v -0.08316960 -0.10375200 0.01599950
v -0.08371750 -0.10427500 0.01453300
v -0.09972230 -0.11958100 0.03545800
v -0.09300530 -0.09635090 0.01665100
v -0.09448780 -0.09571770 0.01660400
v -0.09444590 -0.09563660 0.01544010
v -0.07287290 -0.07931730 0.01584200
v -0.10780800 -0.10995300 0.03777100
v -0.11050600 -0.10844600 0.03370700
v -0.06885780 -0.08902390 0.01184900
v -0.10010700 -0.11592100 0.03172600
v -0.07081970 -0.09050680 0.01174200
v -0.07857200 -0.09780920 0.01840170
v -0.07806770 -0.09716320 0.01857600
v -0.07869770 -0.09857150 0.01966000
v -0.08985000 -0.10200100 0.01432300
v -0.08775610 -0.10268000 0.01440000
v -0.08911890 -0.09153620 0.01882180
v -0.08325870 -0.09154120 0.02122400
v -0.09919510 -0.11465400 0.03122790
v -0.07138790 -0.09444140 0.01504200
v -0.11043000 -0.11943600 0.04029900
v -0.11252200 -0.12075900 0.04238900
v -0.10972100 -0.11876200 0.04011700
v -0.11029700 -0.11863100 0.03973700
v -0.10820500 -0.11730800 0.03764600
v -0.11053300 -0.11885400 0.04067700
v -0.11228900 -0.12053200 0.04277000
v -0.10299200 -0.11233100 0.05091800
v -0.10157700 -0.11030000 0.04882700
v -0.10369700 -0.11300900 0.05110000
v -0.10545200 -0.11468700 0.05319200
v -0.10356900 -0.11220100 0.05054000
v -0.10380200 -0.11242800 0.05148000
v -0.10521700 -0.11445900 0.05357000
v -0.11175100 -0.11084700 0.04607800
v -0.11350700 -0.11252500 0.04817100
v -0.11162800 -0.11003600 0.04551500
v -0.11010500 -0.10858000 0.04305400
v -0.11151500 -0.11062000 0.04514300
v -0.11233000 -0.11070800 0.04570600
v -0.11385300 -0.11216400 0.04816800
v -0.10166100 -0.12092600 0.04514000
v -0.09967640 -0.11902800 0.04342000
v -0.10247900 -0.12101500 0.04569900
v -0.10423400 -0.12269400 0.04779100
v -0.10177500 -0.12034300 0.04551400
v -0.10190200 -0.12115600 0.04607200
v -0.10388600 -0.12305400 0.04779200
v -0.11154700 -0.11318600 0.03990000
v -0.11337600 -0.11445700 0.04225300
v -0.11330100 -0.11486800 0.04199000
v -0.11066500 -0.11283400 0.03960500
v -0.11121100 -0.11287300 0.04043100
v -0.09982050 -0.11593000 0.04753200
v -0.10165200 -0.11719800 0.04989000
v -0.09948620 -0.11561900 0.04806500
v -0.10124100 -0.11729400 0.05015900
v -0.09893890 -0.11557400 0.04724100
v -0.10632400 -0.11282700 0.03351890
v -0.10592200 -0.11513700 0.05375200
v -0.10602700 -0.11455600 0.05413300
v -0.11265500 -0.12156400 0.04295100
v -0.11275800 -0.12098100 0.04333000
v -0.10470400 -0.12314300 0.04835100
v -0.10412700 -0.12328400 0.04872500
v -0.11397600 -0.11297500 0.04873100
v -0.11455500 -0.11283600 0.04835900
v -0.10465400 -0.12006300 0.04016300
v -0.10600300 -0.12183700 0.04252000
v -0.10457700 -0.12047800 0.03989400
v -0.10377700 -0.11970900 0.03986800
v -0.10410400 -0.12002900 0.03933500
v -0.09943590 -0.11879800 0.04248700
v -0.10025400 -0.11888700 0.04304600
v -0.10171100 -0.11774700 0.05071800
v -0.10204600 -0.11805800 0.05018500
v -0.11289000 -0.11496200 0.04225800
v -0.11343600 -0.11500100 0.04308300
v -0.11377200 -0.11531400 0.04255300
v -0.10853900 -0.11032300 0.04962800
v -0.10637700 -0.10874000 0.04780100
v -0.10860200 -0.11086800 0.05045300
v -0.10908500 -0.11035900 0.05045900
v -0.10861800 -0.10990800 0.04989600
v -0.10687900 -0.12219100 0.04281500
v -0.10592400 -0.12225300 0.04225300
v -0.10639800 -0.12270200 0.04281200
v -0.10631400 -0.10819500 0.04697600
v -0.10686000 -0.10823100 0.04780600
v -0.10821100 -0.11000200 0.05015900
v -0.10076700 -0.11020300 0.04826500
v -0.10147200 -0.11088100 0.04844700
v -0.10807100 -0.11650300 0.03708400
v -0.10830800 -0.11672600 0.03802400
v -0.10952600 -0.10871900 0.04342500
v -0.08492980 -0.07841990 0.00748201
v -0.10429500 -0.11461200 0.03060900
v -0.08236490 -0.09531130 0.00555701
v -0.08291020 -0.09128460 0.00836500
v -0.08043550 -0.08837890 0.00538299
v -0.09682790 -0.11475400 0.03199440
v -0.07073790 -0.08787870 0.01391900
v -0.08163050 -0.08843070 0.00432000
v -0.08411560 -0.09136220 0.00731500
v -0.08480150 -0.08830390 0.00791501
v -0.10464400 -0.12295400 0.05201050
v -0.07723460 -0.08983320 0.01899000
v -0.10056500 -0.11861000 0.03866050
v -0.08671760 -0.09801320 0.01441900
v -0.09230030 -0.09578750 0.01551500
v -0.09291920 -0.09631570 0.01547860
v -0.10540200 -0.10576800 0.03185300
v -0.09644160 -0.09499480 0.01433100
v -0.09307010 -0.09722750 0.01539900
v -0.10088100 -0.11707300 0.03377700
v -0.10143400 -0.11646600 0.03351100
v -0.10921400 -0.10888000 0.03777240
v -0.07740700 -0.08595170 0.02138200
v -0.08608270 -0.09606140 0.01714720
v -0.09822380 -0.11325000 0.03158500
v -0.08581480 -0.09254440 0.02227320
v -0.08391780 -0.09223090 0.02200150
v -0.08447590 -0.09329310 0.02206070
v -0.11585500 -0.11715000 0.04530850
v -0.08552290 -0.10238600 0.01453400
v -0.08642680 -0.10201400 0.01550800
v -0.08266330 -0.09147940 0.02208090
v -0.07254660 -0.08397200 0.01574400
v -0.08980800 -0.10209800 0.01572400
v -0.08886020 -0.10196700 0.01578100
v -0.11398100 -0.11312600 0.05203160
v -0.10574600 -0.11118900 0.03179000
v -0.10714800 -0.12533399 0.04797250
v -0.10548200 -0.10807500 0.03121570
v -0.08734200 -0.10222700 0.01544800
v -0.11650800 -0.11552600 0.04802080
v -0.09942740 -0.11507000 0.04723800
v -0.10709300 -0.11049600 0.03305300
v -0.10811900 -0.11091500 0.03344000
v -0.09251870 -0.09878760 0.01574900
v -0.09241270 -0.09938260 0.01432000
v -0.07943320 -0.09204520 0.00445900
v -0.11115100 -0.11232900 0.03960000
v -0.10707900 -0.11786600 0.05590800
v -0.08094160 -0.10162400 0.02087200
v -0.09178680 -0.09054790 0.01988300
v -0.07050970 -0.09258490 0.01151100
v -0.09888230 -0.11605300 0.03187310
v -0.09745350 -0.11411900 0.03217890
v -0.10314500 -0.11412000 0.03373770
v -0.09997600 -0.11390000 0.03114900
v -0.11540000 -0.12188500 0.04570400
v -0.10753700 -0.10819400 0.03216400
v -0.10184500 -0.10950200 0.03196900
v -0.10919800 -0.11427300 0.05515170
v -0.11194800 -0.12420600 0.04487320
v -0.08093790 -0.09633180 0.00581200
v -0.10362700 -0.10772300 0.03276510
v -0.07434750 -0.07994650 0.01513100
v -0.08297090 -0.09550870 0.00868099
v -0.07909010 -0.08702670 0.02093400
v -0.08557630 -0.10243700 0.01553200
v -0.10548100 -0.10364500 0.03906500
v -0.10579400 -0.11432900 0.05319200
v -0.11194600 -0.12089000 0.04276900
v -0.10400000 -0.12247100 0.04816600
v -0.11374000 -0.11274800 0.04779600
v -0.10116400 -0.11770200 0.04989400
v -0.10632900 -0.12215700 0.04198800
v -0.10417300 -0.12057400 0.04015900
v -0.10023700 -0.11835100 0.03783600
v -0.10146700 -0.11792400 0.03621000
v -0.09964730 -0.11950800 0.03091600
v -0.08609630 -0.09225820 0.00961799
v -0.08301780 -0.09656850 0.00334401
v -0.10885500 -0.11019500 0.03621400
v -0.08257040 -0.07981740 0.00730700
v -0.08284470 -0.08038480 0.00765201
v -0.08377070 -0.07987940 0.00625000
v -0.09392330 -0.09734600 0.01534700
v -0.07407320 -0.07937920 0.01478600
v -0.07314720 -0.07988460 0.01618700
v -0.09738020 -0.11734000 0.03043840
v -0.10805500 -0.10610200 0.03034600
v -0.08363600 -0.09529390 0.00700100
v -0.09379350 -0.09730590 0.01435400
v -0.10273200 -0.11425200 0.03094600
v -0.08199630 -0.09699720 0.00220800
v -0.10681100 -0.11212400 0.03195400
v -0.10799500 -0.11080300 0.03119000
v -0.10116400 -0.11689700 0.03777400
v -0.07063880 -0.08410720 0.01116100
v -0.09477100 -0.11485000 0.03906000
v -0.10468100 -0.10667800 0.03329100
v -0.10021600 -0.11650800 0.03759970
v -0.08088940 -0.09101520 0.02281600
v -0.07578570 -0.09547010 0.01889200
v -0.09011070 -0.09047030 0.01887800
v -0.09080530 -0.10029800 0.01806410
v -0.09192170 -0.09893190 0.01818570
v -0.09134520 -0.10001400 0.01974700
v -0.08228950 -0.10291100 0.01768900
v -0.08688240 -0.10254800 0.01746920
v -0.09293610 -0.09642900 0.01745480
v -0.09299940 -0.09170600 0.01769300
v -0.09325100 -0.09528170 0.01750060
v -0.09249350 -0.10012600 0.01809130
v -0.09305510 -0.09931440 0.01969200
v -0.09370720 -0.09808140 0.01972110
v -0.08232340 -0.10294400 0.01832200
v -0.09303330 -0.09173870 0.01832700
v -0.08592860 -0.10191800 0.01818600
v -0.08532190 -0.10467300 0.01807580
v -0.08650960 -0.10694500 0.01789100
v -0.08671160 -0.10499600 0.01807230
v -0.08781210 -0.10464300 0.01799400
v -0.09076350 -0.10209100 0.01797240
v -0.08854330 -0.10210800 0.01818860
v -0.08957380 -0.10163600 0.01975900
v -0.08834070 -0.10232700 0.01978880
v -0.08759950 -0.10467300 0.01835350
v -0.08711640 -0.10493900 0.01972000
v -0.09535840 -0.09511510 0.01803260
v -0.09352890 -0.09467850 0.01824140
v -0.09232240 -0.09625390 0.01818260
v -0.09721950 -0.09573980 0.01789600
v -0.09302700 -0.09997550 0.01789930
v -0.09518950 -0.09654220 0.01812950
v -0.09439560 -0.09744700 0.01807540
v -0.09482430 -0.09719260 0.01970700
v -0.09682510 -0.09536260 0.01730000
v -0.09445780 -0.09671200 0.01735900
v -0.08618630 -0.10663500 0.01730070
v -0.08762040 -0.10367200 0.01737060
v -0.08649810 -0.10445500 0.01739470
v -0.09270030 -0.09773900 0.01979270
v -0.09205350 -0.09904140 0.01976000
v -0.09268290 -0.09733310 0.01823440
v -0.09451640 -0.09485920 0.01825090
v -0.09515620 -0.09558130 0.01817990
v -0.09495300 -0.09536290 0.01979390
v -0.09025670 -0.10226900 0.01835200
v -0.08839360 -0.10341000 0.01835120
v -0.08989180 -0.10262400 0.01969100
v -0.08873100 -0.10330300 0.01971780
v -0.08530880 -0.10382000 0.01822660
v -0.08538990 -0.10308000 0.01831900
v -0.08600620 -0.10232500 0.01832450
v -0.08579250 -0.10278200 0.01990180
v -0.08574050 -0.10440600 0.01982060
v -0.08638580 -0.10488700 0.01976180
v -0.08582600 -0.10464900 0.01821300
v -0.08678970 -0.10420100 0.01977510
v -0.08631650 -0.10390800 0.01981580
v -0.08639540 -0.10404400 0.01770770
v -0.08638290 -0.10299200 0.01775880
v -0.08650750 -0.10314200 0.01984530
v -0.08708630 -0.10311700 0.01981560
v -0.09341470 -0.09647890 0.01981900
v -0.09342540 -0.09590080 0.01984840
v -0.09320340 -0.09612030 0.01776380
v -0.09296830 -0.09526930 0.01990560
v -0.09262680 -0.09581010 0.01989600
v -0.09248280 -0.09595020 0.01849680
v -0.09442200 -0.09647070 0.01976510
v -0.09391710 -0.09677320 0.01977660
v -0.09412750 -0.09661660 0.01767340
v -0.09426090 -0.09754480 0.01971860
v -0.09527250 -0.09716450 0.01793180
v -0.09238140 -0.09777550 0.01808020
v -0.09262030 -0.09649610 0.01986060
v -0.09378270 -0.09776460 0.01835330
v -0.09370860 -0.09830750 0.01796010
v -0.09421340 -0.09490160 0.01985790
v -0.09441720 -0.09591510 0.01979480
v -0.09440810 -0.09606290 0.01770230
v -0.08652840 -0.10232800 0.01988590
v -0.08549020 -0.10357200 0.01987720
v -0.08739160 -0.10358800 0.01977440
v -0.08724540 -0.10403800 0.01975900
v -0.08702920 -0.10404300 0.01767040
v -0.08768870 -0.10462800 0.01970550
v -0.08819590 -0.10387600 0.01971690
v -0.09166490 -0.10115200 0.01967200
v -0.09241300 -0.10027300 0.01967700
v -0.09051360 -0.10088400 0.01974700
v -0.08714350 -0.10209900 0.01815510
v -0.08782690 -0.10238400 0.01845840
v -0.08576070 -0.10333600 0.01748780
v -0.08701810 -0.10299300 0.01772820
v -0.09355880 -0.09675620 0.01752260
v -0.09411680 -0.09556510 0.01773100
v -0.09348260 -0.09556430 0.01776230
v -0.09391120 -0.09562350 0.01983670
v -0.09458150 -0.09553560 0.01741730
v -0.09267470 -0.09521690 0.01826420
v -0.09355470 -0.09490060 0.01989300
v -0.08747670 -0.10239300 0.01983170
v -0.08839010 -0.10354800 0.01806780
v -0.08821140 -0.10410200 0.01795620
v -0.09510190 -0.09683750 0.01971000
v -0.09524610 -0.09620550 0.01973510
v -0.09391940 -0.09776430 0.01806960
v -0.08730910 -0.10349000 0.01769930
v -0.08610440 -0.10354700 0.01776070
v -0.08624090 -0.10348200 0.01984200
v -0.09276640 -0.09712150 0.01982100
v -0.09082070 -0.10193900 0.01967600
v -0.09711810 -0.09564260 0.01736230
v -0.08648280 -0.10691900 0.01739200
v -0.08884750 -0.10320500 0.01807440
v -0.08847800 -0.11480800 0.01856800
v -0.08778550 -0.11325000 0.01794500
v -0.10401000 -0.09688160 0.01809600
v -0.08835230 -0.11404600 0.01743700
v -0.08909990 -0.11561400 0.01817100
v -0.10554000 -0.09771910 0.01793700
v -0.10977400 -0.10471500 0.02696190
v -0.11003800 -0.10290300 0.02450800
v -0.09518080 -0.11932300 0.02578600
v -0.10910600 -0.10471600 0.02830000
v -0.10813800 -0.10621500 0.03041480
v -0.09611530 -0.11835700 0.02845000
v -0.09716420 -0.09567550 0.01726700
v -0.09987570 -0.09588310 0.01729000
v -0.08643560 -0.10684000 0.01726520
v -0.08723150 -0.11000500 0.01654300
v -0.10218600 -0.09663510 0.01682500
v -0.09710530 -0.09611520 0.01644150
v -0.09743670 -0.11740500 0.03036870
v -0.09647930 -0.11885200 0.02756800
v -0.09824610 -0.11768400 0.02998820
v -0.10803800 -0.09923430 0.02076100
v -0.10883700 -0.10017300 0.02196300
v -0.09092890 -0.11797800 0.02129000
v -0.10943800 -0.10088200 0.02180300
v -0.10878900 -0.09998580 0.02064700
v -0.09180210 -0.11869200 0.02129600
v -0.08686190 -0.10676400 0.01644090
v -0.08737320 -0.10387500 0.01736670
v -0.09344490 -0.09680870 0.01740600
v -0.09386210 -0.11904000 0.02519400
v -0.09282070 -0.11893200 0.02375300
v -0.10961800 -0.10227300 0.02482100
v -0.09284530 -0.11919900 0.02263500
v -0.09396910 -0.11942300 0.02413200
v -0.10986100 -0.10185100 0.02308800
v -0.09843960 -0.11697200 0.03561870
v -0.10664700 -0.10808200 0.03325950
v -0.10763100 -0.10708100 0.03352800
v -0.10831800 -0.10773900 0.03545560
v -0.10693900 -0.10893100 0.03320210
v -0.10048400 -0.11563100 0.03270600
v -0.09899410 -0.11750200 0.03545060
v -0.10015200 -0.11603100 0.03318330
v -0.09954320 -0.11551500 0.03325830
v -0.10594500 -0.10876300 0.03276800
v -0.09266870 -0.09277330 0.01762260
v -0.09312440 -0.09572040 0.01747930
v -0.08705290 -0.10278700 0.01744000
v -0.09270690 -0.09280960 0.01683900
v -0.08337930 -0.10256900 0.01684020
v -0.09306050 -0.09572480 0.01668070
v -0.08315920 -0.10235900 0.01755340
v -0.08485870 -0.10398300 0.01749600
v -0.08626300 -0.10281400 0.01667890
v -0.09304790 -0.09642890 0.01664500
v -0.10563700 -0.09758230 0.01881800
v -0.10399200 -0.09712180 0.01730100
v -0.10764600 -0.10694400 0.03239100
v -0.10816500 -0.10759200 0.03267100
v -0.10628300 -0.10830400 0.03178450
v -0.09988130 -0.11505500 0.03227500
v -0.10714600 -0.10855700 0.03172750
v -0.10818200 -0.10745000 0.03151900
v -0.10698000 -0.10762800 0.03227800
v -0.10004000 -0.11599000 0.03172160
v -0.10045600 -0.11560700 0.03220900
v -0.10649600 -0.10928900 0.03221800
v -0.09965880 -0.11524400 0.03187100
v -0.09953160 -0.11665000 0.03290260
v -0.09883720 -0.11735100 0.03266700
v -0.09883050 -0.11617300 0.03245220
v -0.09906890 -0.11600100 0.03316800
v -0.09386840 -0.09528460 0.01665990
v -0.09472070 -0.09473420 0.01664300
v -0.09437680 -0.09557650 0.01741970
v -0.09365940 -0.09529130 0.01747300
v -0.09447430 -0.09644390 0.01736980
v -0.09602910 -0.09540810 0.01734000
v -0.09005870 -0.11715600 0.02025000
v -0.08992950 -0.11690000 0.01906400
v -0.09083100 -0.11792400 0.02010700
v -0.10792500 -0.09915950 0.01961700
v -0.08700410 -0.10274300 0.01664300
v -0.08704310 -0.10413100 0.01656890
v -0.08614710 -0.10537100 0.01655300
v -0.08656030 -0.10271800 0.01747000
v -0.08634590 -0.10423600 0.01740300
v -0.08683840 -0.10430400 0.01737300
v -0.08673940 -0.10938700 0.01727200
v -0.10936800 -0.10118200 0.02331000
v -0.10756600 -0.10819000 0.03241060
v -0.10740400 -0.10843500 0.03311200
v -0.10700600 -0.10765500 0.03277400
v -0.10592000 -0.10873600 0.03227100
v -0.10667500 -0.10905800 0.03181500
v -0.09455410 -0.09614610 0.01657900
v -0.09414970 -0.09669980 0.01657170
v -0.09340820 -0.09677030 0.01660800
v -0.08736440 -0.10308400 0.01660600
v -0.09308750 -0.09646420 0.01744300
v -0.09918150 -0.11573400 0.03178220
v -0.09789980 -0.11703100 0.03137400
v -0.08539270 -0.10449300 0.01663900
v -0.08616540 -0.10406200 0.01661980
v -0.08585830 -0.10336700 0.01667200
v -0.10829100 -0.10771300 0.03468100
v -0.09896320 -0.11747200 0.03467600
v -0.10882900 -0.10822700 0.03467690
v -0.09926600 -0.11776200 0.03613390
v -0.10827000 -0.10769300 0.03623060
v -0.10882000 -0.10821900 0.03585850
v -0.09881130 -0.11732700 0.03622200
v -0.10782900 -0.10727100 0.03584140
v -0.09326510 -0.09334300 0.01676700
v -0.08393710 -0.10310200 0.01676300
v -0.09218220 -0.09230810 0.01720300
v -0.09816710 -0.11686100 0.03239000
v -0.09939680 -0.11671700 0.03221500
v -0.09869700 -0.11737300 0.03151400
v -0.09446350 -0.09565720 0.01660900
v -0.10697200 -0.09836930 0.01971000
v -0.10684500 -0.09840230 0.01871200
v -0.09563240 -0.09544850 0.01655700
v -0.09508140 -0.09492850 0.01741600
v -0.08283390 -0.10204800 0.01713700
v -0.08386060 -0.10302900 0.01602700
v -0.10845800 -0.10700500 0.03004090
v -0.10675800 -0.10781700 0.03187500
v -0.10208500 -0.09630000 0.01757600
v -0.08771340 -0.11217600 0.01688400
v -0.09990650 -0.11508200 0.03277100
v -0.09184640 -0.11857100 0.02245500
v -0.09496220 -0.11886000 0.02676900
v -0.10954700 -0.10345100 0.02649300
v -0.08719350 -0.11143700 0.01750600
v -0.08741030 -0.10313100 0.01740300
v -0.08745500 -0.10357300 0.01657600
v -0.10652400 -0.10931300 0.03271500
v -0.10616800 -0.10857400 0.03317100
v -0.09956430 -0.11804700 0.03558000
v -0.10890900 -0.10830400 0.03539400
v -0.09951030 -0.11799500 0.03467960
v -0.09252980 -0.09263980 0.01607840
v -0.08333550 -0.10252700 0.01602300
v -0.09318220 -0.09326340 0.01601910
v -0.08612590 -0.10577300 0.01733600
v -0.08598850 -0.10389100 0.01744000
v -0.08560460 -0.10484800 0.01741100
v -0.08602250 -0.10315400 0.01747610
v -0.08924020 -0.11610400 0.01934200
v -0.09393740 -0.09687710 0.01737600
v -0.10780500 -0.10666800 0.03137500
v -0.09830310 -0.11684100 0.03352400
v -0.09418670 -0.09422420 0.01750000
v -0.09957620 -0.11648500 0.03181200
v -0.09218460 -0.09231010 0.01654870
v -0.08290490 -0.10211500 0.01642330
v -0.07343110 -0.09241160 0.01212340
v -0.07256390 -0.09294280 0.01117310
v -0.07170240 -0.09367250 0.01023670
v -0.07214450 -0.09340280 0.01227990
v -0.07170440 -0.09375710 0.01168070
v -0.07131380 -0.09356080 0.01248170
v -0.07892160 -0.09163830 0.00654968
v -0.07925650 -0.09289440 0.00700537
v -0.07847280 -0.09234690 0.00607868
v -0.07944970 -0.09340570 0.00501729
v -0.07970960 -0.09276100 0.00527642
v -0.07853480 -0.09303120 0.00618935
v -0.07143440 -0.09172020 0.00981259
v -0.07141850 -0.09306710 0.00987906
v -0.07216860 -0.09197920 0.01066730
v -0.07268510 -0.09087830 0.01118340
v -0.07075650 -0.09305240 0.01079700
v -0.07081720 -0.09219370 0.01049700
v -0.07023890 -0.09209290 0.01117440
v -0.07136300 -0.09116840 0.01127190
v -0.07187490 -0.09119100 0.01191570
v -0.07109770 -0.09113070 0.01209450
v -0.07829260 -0.09109820 0.00456998
v -0.07871610 -0.09090940 0.00504000
v -0.07788850 -0.09111940 0.00476151
v -0.07955100 -0.09162010 0.00668015
v -0.07824190 -0.09332530 0.00587390
v -0.07735410 -0.09386530 0.00490408
v -0.07919800 -0.09400950 0.00430708
v -0.07891580 -0.09372580 0.00396985
v -0.07828920 -0.09355660 0.00426774
v -0.07829170 -0.09185430 0.00442681
v -0.07804780 -0.09247790 0.00417180
v -0.07889430 -0.09205430 0.00384743
v -0.07732580 -0.09190490 0.00475312
v -0.07785750 -0.09249240 0.00538798
v -0.07075150 -0.09122350 0.01170630
v -0.07044890 -0.09152910 0.01137980
v -0.07096750 -0.09365360 0.01209350
v -0.07957250 -0.09370610 0.00682674
v -0.07982870 -0.09382340 0.00647447
v -0.07950000 -0.09432540 0.00613015
v -0.07889570 -0.09467680 0.00546447
v -0.07845070 -0.09463370 0.00495651
v -0.07878770 -0.09467170 0.00600719
v -0.07909950 -0.09177020 0.00406399
v -0.07935470 -0.09160920 0.00434445
v -0.07974620 -0.09273180 0.00698057
v -0.08005920 -0.09260700 0.00666549
v -0.07220510 -0.09416920 0.01206830
v -0.07257950 -0.09380530 0.01247230
v -0.07282650 -0.09395260 0.01209750
v -0.07253580 -0.09089250 0.01225160
v -0.07226380 -0.09065500 0.01192900
v -0.07238160 -0.09055650 0.01140570
v -0.07155670 -0.09285300 0.01226360
v -0.07096460 -0.09286600 0.01156830
v -0.07218580 -0.09298250 0.01074550
v -0.07095680 -0.09195430 0.01152980
v -0.07199210 -0.09264730 0.01050590
v -0.07892730 -0.09313520 0.00439701
v -0.07815050 -0.09219790 0.00570356
v -0.07946340 -0.09223470 0.00496078
v -0.07903300 -0.09237490 0.00447040
v -0.07733150 -0.09198900 0.00417950
v -0.07723310 -0.09331920 0.00416460
v -0.07755260 -0.09297900 0.00383948
v -0.07772770 -0.09439840 0.00477146
v -0.07140950 -0.09080580 0.01029690
v -0.07051910 -0.09274750 0.01006940
v -0.07085680 -0.09320120 0.01054600
v -0.07232140 -0.09178400 0.01250020
v -0.07170140 -0.09159160 0.01280670
v -0.07141060 -0.09124250 0.01245560
v -0.07157240 -0.09194260 0.01220450
v -0.07274050 -0.09227470 0.01133470
v -0.07975030 -0.09236610 0.00610842
v -0.07961450 -0.09185310 0.00570280
v -0.08014400 -0.09193490 0.00526013
v -0.08032130 -0.09237450 0.00548734
v -0.08033630 -0.09304510 0.00554360
v -0.07976230 -0.09311870 0.00615754
v -0.07198530 -0.09441230 0.01118910
v -0.07112360 -0.09378600 0.01015720
v -0.07078210 -0.09241230 0.00969300
v -0.07068290 -0.09348160 0.01029860
v -0.07876140 -0.09406410 0.00487801
v -0.07934380 -0.09397240 0.00560536
v -0.08016550 -0.09360650 0.00538257
v -0.07759550 -0.09237170 0.00385223
v -0.07778300 -0.09176280 0.00402949
v -0.07801600 -0.09136400 0.00427099
v -0.07239820 -0.09279310 0.01256400
v -0.07182640 -0.09269130 0.01301360
v -0.07298060 -0.09279900 0.01286900
v -0.07299410 -0.09211160 0.01284400
v -0.07329840 -0.09298960 0.01258870
v -0.07971890 -0.09143240 0.00621004
v -0.07937850 -0.09148070 0.00577687
v -0.07254670 -0.09193950 0.01109480
v -0.07320550 -0.09134720 0.01236880
v -0.07093390 -0.09105340 0.01044140
v -0.07065350 -0.09159910 0.01015490
v -0.07237570 -0.09126400 0.01215870
v -0.07160950 -0.09094310 0.01125560
v -0.07196380 -0.09054700 0.01158190
v -0.07780650 -0.09280390 0.00534814
v -0.07791950 -0.09317610 0.00549856
v -0.07858600 -0.09271900 0.00622929
v -0.07045530 -0.09226750 0.01142880
v -0.07022330 -0.09275780 0.01119610
v -0.07238480 -0.09361870 0.01226060
v -0.07135050 -0.09424900 0.01110200
v -0.07097750 -0.09396640 0.01066140
v -0.07789290 -0.09415370 0.00429494
v -0.07857200 -0.09428550 0.00502557
v -0.07797040 -0.09346090 0.00424658
v -0.07765870 -0.09363750 0.00399812
v -0.07996020 -0.09389060 0.00516600
v -0.07970510 -0.09405170 0.00488555
v -0.08009430 -0.09306060 0.00527196
v -0.07949550 -0.09374590 0.00463498
v -0.07918270 -0.09207050 0.00418546
v -0.07993910 -0.09217410 0.00504286
v -0.07960700 -0.09156280 0.00462801
v -0.07986170 -0.09165130 0.00492289
v -0.07940360 -0.09400640 0.00595660
v -0.07161640 -0.09325520 0.01280820
v -0.07157430 -0.09285860 0.01272170
v -0.07898000 -0.09314900 0.00400954
v -0.07872350 -0.09261540 0.00368600
v -0.07268550 -0.09235550 0.01260250
v -0.08001630 -0.09321440 0.00665180
v -0.07161950 -0.09054810 0.01119100
v -0.07871310 -0.09084460 0.00570675
v -0.07273080 -0.09264300 0.01134490
v -0.07107300 -0.09145030 0.01207290
v -0.07945880 -0.09112330 0.00589599
v -0.07916110 -0.09095240 0.00554810
v -0.07873840 -0.09328630 0.00374266
v -0.07853170 -0.09423020 0.00625784
v -0.07919310 -0.09152460 0.00530780
v -0.07866270 -0.09152750 0.00481757
v -0.07071730 -0.09317630 0.01177730
v -0.07065470 -0.09354170 0.01173240
v -0.07130720 -0.09367130 0.01121380
v -0.07265820 -0.09401290 0.01133420
v -0.07097550 -0.09161940 0.01071110
v -0.07036390 -0.09319270 0.01138140
v -0.07283040 -0.09137760 0.01261510
v -0.07179280 -0.09432080 0.01160880
v -0.07995310 -0.09194860 0.00650588
v -0.07053270 -0.09206000 0.01004500
v -0.07184190 -0.09202650 0.01299180
v -0.07285980 -0.09325970 0.01275870
v -0.07130810 -0.09068980 0.01084510
v -0.07921230 -0.09456620 0.00581800
v -0.07825930 -0.09119110 0.00577032
v -0.07200180 -0.09227870 0.01049550
v -0.07945280 -0.09409800 0.00460201
v -0.07815300 -0.09446290 0.00460800
v -0.10855300 -0.10990900 0.03802400
v -0.10738500 -0.11339100 0.03621100
v -0.29624301 -0.29161799 0.26388001
v -0.09784970 -0.11397700 0.04373900
v -0.09874700 -0.11646400 0.04099200
v -0.28504699 -0.29119301 0.26450101
v -0.10710700 -0.11325200 0.03655600
v -0.10816900 -0.11003200 0.03824800
v -0.29562399 -0.29156399 0.26391599
v -0.09842870 -0.11679700 0.04099100
v -0.09746520 -0.11410000 0.04396300
v -0.28678700 -0.29471201 0.26422700
v -0.10472300 -0.10676400 0.04376000
v -0.10153500 -0.10799800 0.04544400
v -0.28740501 -0.28569600 0.26465899
v -0.10146900 -0.10766800 0.04576400
v -0.10487500 -0.10637100 0.04394800
v -0.28707701 -0.28507501 0.26470801
v -0.29607499 -0.29486701 0.26372099
v -0.28475401 -0.28847101 0.26465699
v -0.29547301 -0.29447600 0.26377401
v -0.28411901 -0.28816801 0.26470700
v -0.28444499 -0.29120499 0.26453301
v -0.10454900 -0.11634100 0.03622300
v -0.10114300 -0.11763800 0.03803900
v -0.29107201 -0.29703000 0.26387799
v -0.10129600 -0.11724500 0.03822700
v -0.10448400 -0.11601200 0.03654300
v -0.29098600 -0.29641500 0.26391399
v -0.29013801 -0.28586501 0.26450399
v -0.29337400 -0.28782001 0.26423001
v -0.29373300 -0.28744501 0.26423001
v -0.29012501 -0.28526399 0.26453501
v -0.10759000 -0.10721200 0.04099600
v -0.28714600 -0.29433599 0.26422700
v -0.10727200 -0.10754500 0.04099500
v -0.09891200 -0.11075700 0.04543100
v -0.09863390 -0.11061800 0.04577600
v -0.28564301 -0.28666499 0.26470301
v -0.28511000 -0.28615600 0.26475799
v -0.29430899 -0.29671600 0.26372099
v -0.29388899 -0.29613301 0.26377299
v -0.09998140 -0.11783400 0.03202840
v -0.10009700 -0.11785200 0.03291560
v -0.10104000 -0.11889500 0.03213430
v -0.10263900 -0.11708100 0.03199710
v -0.10263500 -0.11731900 0.03291520
v -0.10161500 -0.11625100 0.03299790
v -0.10833900 -0.11135700 0.03293890
v -0.10816600 -0.11142400 0.03189180
v -0.10720500 -0.11039400 0.03296690
v -0.10830900 -0.10929300 0.03350200
v -0.10875000 -0.10875400 0.03277000
v -0.10963900 -0.11000200 0.03310450
v -0.09798310 -0.11336900 0.03291120
v -0.09797920 -0.11335600 0.03248690
v -0.09793740 -0.11358900 0.03240280
v -0.10238400 -0.11742300 0.03136300
v -0.10237600 -0.11759400 0.03259800
v -0.10130000 -0.11870700 0.03308200
v -0.10801800 -0.10933100 0.03117010
v -0.10728500 -0.11017100 0.03149240
v -0.10847700 -0.11087500 0.03117150
v -0.10758100 -0.10997300 0.03294220
v -0.10792600 -0.10962100 0.03309040
v -0.10978700 -0.10973000 0.03201760
v -0.10872600 -0.11097800 0.03285300
v -0.10475500 -0.10624400 0.03202310
v -0.10505700 -0.10610400 0.03254890
v -0.10498900 -0.10600000 0.03228240
v -0.10464400 -0.10722800 0.03270940
v -0.10497400 -0.10702200 0.03322370
v -0.10489800 -0.10732100 0.03329400
v -0.10115800 -0.11653100 0.03128900
v -0.10116000 -0.11660100 0.03228030
v -0.10086800 -0.11687500 0.03180580
v -0.10040600 -0.11734400 0.03125980
v -0.10179400 -0.11800400 0.03109760
v -0.10447600 -0.10683100 0.03231720
v -0.10475500 -0.10646000 0.03215390
v -0.10454000 -0.10648400 0.03196800
v -0.10432200 -0.10673100 0.03310680
v -0.10487400 -0.10628100 0.03324830
v -0.10446600 -0.10686100 0.03339240
v -0.10877500 -0.11079200 0.03159800
v -0.10928200 -0.11027100 0.03169500
v -0.10896800 -0.11049800 0.03108630
v -0.10934400 -0.11012100 0.03125340
v -0.10707900 -0.11044200 0.03223240
v -0.10143400 -0.11850900 0.03194400
v -0.10183600 -0.11804600 0.03154100
v -0.10533500 -0.10604000 0.03249300
v -0.10523100 -0.10615200 0.03319950
v -0.10489600 -0.10648100 0.03347990
v -0.10496400 -0.10678000 0.03208000
v -0.10471800 -0.10703900 0.03228190
v -0.10470200 -0.10721600 0.03214140
v -0.10048300 -0.11747100 0.03344600
v -0.10098700 -0.11696400 0.03359290
v -0.10192700 -0.11812200 0.03348660
v -0.10822800 -0.10925100 0.03282470
v -0.10822000 -0.10920600 0.03213330
v -0.10787400 -0.10954400 0.03179540
v -0.10128800 -0.11740100 0.03307200
v -0.10168900 -0.11693800 0.03266900
v -0.10074800 -0.11785300 0.03201400
v -0.09718480 -0.11395300 0.03225220
v -0.09746130 -0.11364900 0.03219460
v -0.09770350 -0.11340400 0.03308970
v -0.09707170 -0.11451000 0.03286540
v -0.09709490 -0.11434400 0.03224580
v -0.09716490 -0.11422000 0.03298770
v -0.10910900 -0.11059900 0.03345090
v -0.10854700 -0.10980100 0.03302100
v -0.10923300 -0.11045700 0.03295000
v -0.10882500 -0.10944800 0.03244200
v -0.09753480 -0.11394700 0.03327880
v -0.09737570 -0.11430500 0.03338260
v -0.09793300 -0.11380100 0.03344250
v -0.09823640 -0.11349200 0.03292490
v -0.09800080 -0.11394200 0.03319000
v -0.10767300 -0.10995800 0.03352580
v -0.10854700 -0.11104600 0.03335520
v -0.10416300 -0.10697400 0.03233370
v -0.10450300 -0.10638100 0.03203080
v -0.10418600 -0.10675800 0.03246170
v -0.10443500 -0.10635300 0.03219090
v -0.10471800 -0.10604400 0.03231700
v -0.10416600 -0.10664300 0.03304510
v -0.10159400 -0.11616800 0.03200520
v -0.10197400 -0.11805700 0.03300100
v -0.10416400 -0.10705900 0.03290590
v -0.10458200 -0.10717500 0.03325360
v -0.10497300 -0.10641000 0.03195000
v -0.10445700 -0.10706000 0.03212210
v -0.10497000 -0.10656400 0.03205600
v -0.10528600 -0.10629400 0.03266040
v -0.10951100 -0.11010400 0.03237100
v -0.10066700 -0.11721100 0.03304220
v -0.09760580 -0.11398400 0.03216250
v -0.09774400 -0.11359300 0.03207920
v -0.09756270 -0.11364600 0.03205030
v -0.09715950 -0.11409300 0.03229960
v -0.10048000 -0.11728500 0.03184150
v -0.10030900 -0.11749600 0.03213990
v -0.10467200 -0.10686100 0.03319380
v -0.10516100 -0.10643000 0.03314770
v -0.10498600 -0.10685000 0.03343280
v -0.09821600 -0.11368800 0.03251620
v -0.09752470 -0.11437400 0.03201070
v -0.09806060 -0.11384500 0.03222300
v -0.09786260 -0.11388400 0.03193990
v -0.10849700 -0.11114500 0.03217700
v -0.10781000 -0.11048900 0.03224800
v -0.10548400 -0.10741500 0.03317300
v -0.10511300 -0.10767900 0.03277460
v -0.10524500 -0.10746700 0.03334470
v -0.10230600 -0.11758800 0.03186800
v -0.10114900 -0.11738900 0.03161200
v -0.10033400 -0.11752200 0.03262260
v -0.10150400 -0.11851500 0.03267400
v -0.10497700 -0.10604200 0.03312980
v -0.10471000 -0.10608600 0.03322350
v -0.09735020 -0.11434200 0.03239050
v -0.09737880 -0.11444200 0.03292330
v -0.09729250 -0.11461700 0.03239020
v -0.09716430 -0.11398200 0.03318090
v -0.09741880 -0.11394500 0.03337720
v -0.09790220 -0.11360500 0.03305060
v -0.09766320 -0.11422700 0.03322650
v -0.10498600 -0.10761900 0.03311840
v -0.10483900 -0.10772000 0.03262370
v -0.09777520 -0.11359300 0.03327780
v -0.10862300 -0.10879600 0.03176840
v -0.10437100 -0.10728600 0.03271940
v -0.10441300 -0.10701200 0.03274080
v -0.10808800 -0.11013500 0.03166900
v -0.10748600 -0.10993600 0.03196620
v -0.10739500 -0.11009600 0.03227800
v -0.10114000 -0.11662600 0.03262880
v -0.09819940 -0.11352600 0.03234610
v -0.09701240 -0.11421500 0.03262300
v -0.10803900 -0.11032100 0.03292400
v -0.10081700 -0.11785800 0.03274400
v -0.10162000 -0.11693200 0.03193900
v -0.09771160 -0.11338900 0.03245720
v -0.09736880 -0.11402200 0.03197290
v -0.10419100 -0.10663800 0.03238440
v -0.10046800 -0.11723700 0.03277300
v -0.10033200 -0.11727200 0.03194180
v -0.10570100 -0.10736200 0.03333180
v -0.10524700 -0.10781900 0.03315850
v -0.10506300 -0.10752500 0.03225260
v -0.10504100 -0.10790000 0.03252760
v -0.10859500 -0.10961500 0.03176600
v -0.10588100 -0.10710800 0.03306360
v -0.10554300 -0.10717800 0.03342380
v -0.10508700 -0.10591200 0.03268260
v -0.10131700 -0.11846000 0.03128540
v -0.10461200 -0.10752100 0.03271510
v -0.10467000 -0.10636000 0.03338760
v -0.10432900 -0.10665900 0.03322810
v -0.10412100 -0.10679900 0.03282850
v -0.10103100 -0.11680100 0.03293510
v -0.10736100 -0.11002300 0.03245170
v -0.10778800 -0.10956500 0.03294600
v -0.09748180 -0.11451300 0.03317910
v -0.10804900 -0.10919100 0.03173500
v -0.10827200 -0.10896600 0.03213160
v -0.10826400 -0.10900500 0.03266200
v -0.10824500 -0.10916900 0.03258680
v -0.10509000 -0.10706900 0.03335470
v -0.10534800 -0.10680600 0.03328400
v -0.10121900 -0.11635400 0.03227700
v -0.10109100 -0.11648300 0.03189010
v -0.10082100 -0.11671700 0.03165160
v -0.10034300 -0.11734300 0.03180440
v -0.10755700 -0.10972000 0.03172620
v -0.10526200 -0.10640700 0.03308340
v -0.10517000 -0.10657600 0.03333740
v -0.10118600 -0.11643300 0.03262200
v -0.09712370 -0.11418100 0.03308000
v -0.10592600 -0.10684500 0.03306230
v -0.10489000 -0.10762600 0.03287100
v -0.10596700 -0.10693900 0.03273460
v -0.09309740 -0.09486340 0.01550640
v -0.09248500 -0.09572500 0.01548880
v -0.09259040 -0.09528330 0.01402560
v -0.09458700 -0.09511520 0.01402460
v -0.09479980 -0.09592660 0.01386960
v -0.09484000 -0.09553850 0.01538000
v -0.09364480 -0.09516300 0.01394700
v -0.09425590 -0.09556470 0.01389300
v -0.09389530 -0.09472580 0.01398210
v -0.09374370 -0.09710630 0.01386260
v -0.09279390 -0.09678030 0.01394290
v -0.09317920 -0.09708230 0.01538940
v -0.09259580 -0.09652710 0.01544970
v -0.09419070 -0.09486310 0.01544740
v -0.09387050 -0.09540570 0.01545470
v -0.09338740 -0.09551810 0.01548050
v -0.08693900 -0.10418200 0.01967470
v -0.08740580 -0.10396500 0.01954070
v -0.08671160 -0.10440400 0.01956350
v -0.08638610 -0.10331800 0.02020320
v -0.08724790 -0.10321000 0.02019110
v -0.08718540 -0.10407100 0.02013820
v -0.09433080 -0.09569820 0.01541690
v -0.09355750 -0.09662520 0.01387600
v -0.09242260 -0.09605900 0.01399440
v -0.09294630 -0.09622360 0.01392900
v -0.09420980 -0.09649490 0.01537630
v -0.09389460 -0.09715520 0.01534080
v -0.08756120 -0.10331300 0.01975680
v -0.08744560 -0.10414300 0.01977860
v -0.08735890 -0.10341700 0.01993040
v -0.08688140 -0.10307400 0.01991430
v -0.08634250 -0.10331100 0.01987690
v -0.08691460 -0.10282100 0.01976360
v -0.09297000 -0.09487380 0.01402900
v -0.09299000 -0.09549250 0.01396500
v -0.08681010 -0.10442200 0.01984610
v -0.08723740 -0.10402300 0.01995530
v -0.08634990 -0.10393600 0.01978280
v -0.08620960 -0.10415200 0.01992480
v -0.08616360 -0.10404200 0.01959600
v -0.08618040 -0.10341200 0.01962600
v -0.08602320 -0.10350900 0.01969910
v -0.08622350 -0.10321600 0.02001470
v -0.08607810 -0.10356400 0.01998740
v -0.08651900 -0.10298700 0.02002750
v -0.08630130 -0.10302200 0.01974690
v -0.08703740 -0.10310900 0.01958100
v -0.08740110 -0.10352100 0.01961380
v -0.09299720 -0.09627260 0.01487900
v -0.09360830 -0.09667420 0.01482600
v -0.09369560 -0.09521210 0.01489700
v -0.09421230 -0.09629570 0.01385800
v -0.09430680 -0.09561370 0.01484300
v -0.09311150 -0.09623670 0.01544800
v -0.08680190 -0.10424700 0.02006570
v -0.08630550 -0.10381200 0.02015170
v -0.08734490 -0.10323700 0.02001380
v -0.08746700 -0.10375300 0.02000710
v -0.09470900 -0.09669010 0.01531370
v -0.09449320 -0.09671810 0.01386980
v -0.09426310 -0.09634470 0.01480800
v -0.09304080 -0.09554150 0.01491500
v -0.08612700 -0.10362100 0.02008230
v -0.08690860 -0.10294000 0.02002730
v -0.09307910 -0.09596320 0.01546360
v -0.09374320 -0.09671370 0.01538970
v -0.09342490 -0.09668670 0.01547720
v -0.09426160 -0.09577580 0.01555200
v -0.08722540 -0.10410900 0.02002450
v -0.08649850 -0.10412000 0.02010460
v -0.09386550 -0.09654800 0.01553170
v -0.09424110 -0.09616670 0.01550050
v -0.09303220 -0.09563630 0.01558200
v -0.09295040 -0.09604450 0.01553870
v -0.09306230 -0.09640130 0.01554180
v -0.09349910 -0.09527800 0.01559980
v -0.09400990 -0.09539600 0.01557680
v -0.08737270 -0.10339700 0.01955800
v -0.08603110 -0.10223700 0.01401220
v -0.08709100 -0.10223900 0.01396690
v -0.08659470 -0.10219700 0.01547650
v -0.08658210 -0.10451800 0.01385680
v -0.08572010 -0.10422600 0.01394000
v -0.08583460 -0.10438000 0.01540070
v -0.08579340 -0.10245100 0.01549690
v -0.08674230 -0.10460300 0.01533940
v -0.08764770 -0.10366900 0.01386430
v -0.08710980 -0.10442500 0.01393660
v -0.08756340 -0.10414500 0.01531450
v -0.08666260 -0.10260600 0.01393600
v -0.08720100 -0.10310100 0.01388200
v -0.08604550 -0.10382300 0.01394040
v -0.08580310 -0.10354100 0.01393400
v -0.08596370 -0.10282600 0.01396300
v -0.08703800 -0.10398900 0.01537290
v -0.08650490 -0.10419400 0.01543400
v -0.08679800 -0.10394500 0.01552010
v -0.08777960 -0.10310200 0.01536040
v -0.08535210 -0.10342600 0.01547810
v -0.08530990 -0.10342000 0.01398930
v -0.08634150 -0.10403600 0.01388000
v -0.08704050 -0.10381600 0.01385400
v -0.08726610 -0.10323700 0.01540770
v -0.08726250 -0.10238500 0.01543020
v -0.08683440 -0.10288100 0.01546320
v -0.08636710 -0.10290300 0.01547550
v -0.08725190 -0.10315000 0.01483200
v -0.08671350 -0.10265500 0.01488600
v -0.08639240 -0.10408500 0.01483000
v -0.08597760 -0.10356800 0.01545170
v -0.08585400 -0.10359000 0.01488400
v -0.08548860 -0.10260100 0.01411780
v -0.08652450 -0.10414100 0.01539320
v -0.08622510 -0.10401000 0.01541550
v -0.08709270 -0.10363700 0.01549200
v -0.08601450 -0.10287500 0.01491200
v -0.08611530 -0.10386300 0.01557200
v -0.08709130 -0.10386500 0.01480400
v -0.08762950 -0.10296600 0.01389820
v -0.08585640 -0.10373200 0.01551790
v -0.08598960 -0.10329300 0.01546560
v -0.08591720 -0.10305600 0.01562800
v -0.08680130 -0.10283700 0.01553450
v -0.08609720 -0.10283500 0.01560370
v -0.08589130 -0.10352700 0.01560100
v -0.08711390 -0.10321500 0.01548360
v -0.09343880 -0.09596600 0.02020500
v -0.09427190 -0.09572280 0.02020220
v -0.09434670 -0.09658460 0.02014050
v -0.09379930 -0.09679410 0.02003360
v -0.09439310 -0.09652580 0.01995910
v -0.09421400 -0.09692580 0.01981410
v -0.09368390 -0.09696400 0.01988750
v -0.09323250 -0.09630560 0.02007910
v -0.09343360 -0.09554260 0.01976770
v -0.09409160 -0.09542460 0.01977570
v -0.09372000 -0.09565630 0.01991280
v -0.09457640 -0.09622230 0.02001500
v -0.09327440 -0.09662080 0.01993940
v -0.09374520 -0.09672910 0.01973050
v -0.09335350 -0.09630510 0.01982670
v -0.09446390 -0.09608210 0.01962180
v -0.09428940 -0.09660980 0.01965610
v -0.09467820 -0.09648930 0.01977410
v -0.09326380 -0.09589030 0.02001580
v -0.09317550 -0.09625690 0.01998440
v -0.09311110 -0.09627930 0.01970220
v -0.09316010 -0.09603660 0.01966330
v -0.09379260 -0.09558430 0.01965410
v -0.09441690 -0.09590860 0.01994000
v -0.09457360 -0.09574910 0.01977870
v -0.09352110 -0.09658140 0.01816920
v -0.09398920 -0.09664050 0.01809790
v -0.09349620 -0.09683170 0.01801140
v -0.09437830 -0.09624620 0.01808010
v -0.09398860 -0.09678820 0.01819130
v -0.09444220 -0.09659200 0.01790290
v -0.09446440 -0.09632250 0.01782200
v -0.09405670 -0.09676160 0.01784920
v -0.09342890 -0.09643070 0.02015380
v -0.09351690 -0.09561870 0.02003240
v -0.09389520 -0.09550940 0.02003660
v -0.09437230 -0.09573110 0.02002490
v -0.09424770 -0.09686440 0.01952000
v -0.09357000 -0.09690920 0.01958420
v -0.09455210 -0.09640010 0.01955400
v -0.09396480 -0.09687300 0.01792910
v -0.09321700 -0.09648060 0.01800900
v -0.09427240 -0.09575770 0.01961290
v -0.09367880 -0.09673980 0.02010100
v -0.09439450 -0.09661320 0.02002750
v -0.09314060 -0.09610000 0.01818520
v -0.09445620 -0.09590670 0.01795560
v -0.09440650 -0.09651890 0.01815730
v -0.09331160 -0.09631310 0.01822550
v -0.09356400 -0.09671550 0.01822520
v -0.09399880 -0.09681690 0.02006350
v -0.06998750 -0.09332730 0.01323400
v -0.07002420 -0.09331600 0.01320100
v -0.07006090 -0.09330470 0.01316800
v -0.06942940 -0.09368360 0.01262050
v -0.07024130 -0.09319100 0.01347270
v -0.07082740 -0.09238160 0.01227500
v -0.07032920 -0.09295740 0.01279940
v -0.08048700 -0.09333950 0.00346028
v -0.08022470 -0.09353610 0.00385574
v -0.07987890 -0.09313820 0.00398610
v -0.06990920 -0.09312960 0.01216490
v -0.06977460 -0.09212260 0.01195450
v -0.06890890 -0.09246830 0.01195800
v -0.07012360 -0.09192900 0.01330660
v -0.07056380 -0.09199500 0.01258780
v -0.06990940 -0.09170750 0.01305000
v -0.06976800 -0.09383080 0.01301370
v -0.07013300 -0.09378230 0.01342570
v -0.07051820 -0.09328490 0.01286860
v -0.07086370 -0.09158860 0.01315700
v -0.07099720 -0.09259860 0.01337050
v -0.07090580 -0.09219990 0.01421100
v -0.08080820 -0.09323940 0.00478917
v -0.08052610 -0.09196830 0.00438920
v -0.08154340 -0.09215020 0.00459046
v -0.07973510 -0.09284100 0.00443400
v -0.08018360 -0.09316480 0.00432663
v -0.08124840 -0.09300770 0.00439636
v -0.06913980 -0.09334140 0.01227170
v -0.07067490 -0.09132680 0.01389730
v -0.07038520 -0.09098460 0.01354840
v -0.06934590 -0.09113100 0.01237640
v -0.06907830 -0.09155780 0.01209710
v -0.07025260 -0.09143280 0.01245860
v -0.06931090 -0.09249590 0.01232420
v -0.07029660 -0.09221470 0.01229090
v -0.06990530 -0.09296070 0.01311900
v -0.07958520 -0.09336430 0.00340118
v -0.08013160 -0.09384990 0.00404910
v -0.08026500 -0.09429710 0.00326379
v -0.08162500 -0.09316450 0.00474254
v -0.08148890 -0.09365480 0.00461642
v -0.08004800 -0.09173740 0.00286735
v -0.08037420 -0.09146520 0.00322176
v -0.07969710 -0.09216960 0.00346034
v -0.07996850 -0.09402240 0.00291064
v -0.07073640 -0.09311040 0.01407190
v -0.07084430 -0.09176430 0.01411570
v -0.08082330 -0.09243740 0.00378875
v -0.08041030 -0.09220570 0.00398806
v -0.08021400 -0.09257610 0.00433388
v -0.08045910 -0.09251520 0.00337987
v -0.07991870 -0.09254540 0.00399176
v -0.08048390 -0.09192550 0.00340975
v -0.07073530 -0.09251610 0.01280670
v -0.07059480 -0.09217690 0.01376530
v -0.07021850 -0.09245260 0.01344500
v -0.07046880 -0.09353720 0.01379250
v -0.08066350 -0.09294720 0.00459880
v -0.08034490 -0.09222980 0.00421119
v -0.08025790 -0.09273350 0.00316400
v -0.07999410 -0.09316070 0.00293218
v -0.08079040 -0.09384950 0.00387090
v -0.08126230 -0.09403960 0.00438163
v -0.08093610 -0.09431170 0.00402724
v -0.08071050 -0.09138420 0.00359910
v -0.08104540 -0.09147980 0.00398525
v -0.08134180 -0.09175450 0.00433839
v -0.06961790 -0.09147570 0.01266550
v -0.06984230 -0.09134710 0.01292220
v -0.07040680 -0.09270380 0.01244430
v -0.06935440 -0.09283870 0.01243240
v -0.08128060 -0.09262980 0.00435928
v -0.06959610 -0.09221570 0.01272390
v -0.06897040 -0.09290400 0.01205330
v -0.07968530 -0.09261260 0.00250644
v -0.07982140 -0.09212220 0.00263206
v -0.08105240 -0.09304340 0.00408501
v -0.07000630 -0.09179820 0.01248370
v -0.06965660 -0.09185150 0.01277100
v -0.06893830 -0.09205590 0.01196720
v -0.08026670 -0.09313500 0.00319799
v -0.08072510 -0.09189350 0.00367887
v -0.08059980 -0.09439270 0.00364993
v -0.08055230 -0.09388170 0.00359897
v -0.07051310 -0.09183230 0.01368980
v -0.08104350 -0.09264190 0.00405101
v -0.07060960 -0.09192280 0.01287270
v -0.07077230 -0.09227070 0.01308670
v -0.07004670 -0.09083740 0.01315480
v -0.08050210 -0.09340480 0.00444268
v -0.07997170 -0.09276460 0.00293212
v -0.07034290 -0.09180440 0.01254030
v -0.06999240 -0.09201560 0.01219990
v -0.07017960 -0.09199440 0.01230420
v -0.06969100 -0.09273930 0.01286230
v -0.06968180 -0.09088590 0.01274340
v -0.07048380 -0.09290480 0.01309100
v -0.07015810 -0.09281670 0.01339800
v -0.07087630 -0.09261260 0.01420130
v -0.07979380 -0.09320200 0.00366030
v -0.07985490 -0.09269280 0.00366541
v -0.07965480 -0.09297320 0.00358384
v -0.08164680 -0.09268150 0.00473932
v -0.07976700 -0.09362670 0.00265858
v -0.07966350 -0.09309550 0.00250969
v -0.08085110 -0.09326210 0.00386875
v -0.07075370 -0.09265300 0.01308090
v -0.07019300 -0.09306220 0.01248980
v -0.06994570 -0.09273310 0.01218960
v -0.07996440 -0.09340940 0.00383232
v -0.07996840 -0.09241290 0.00381761
v -0.08052760 -0.09266990 0.00455611
v -0.08034800 -0.09341640 0.00442853
v -0.07980090 -0.09237130 0.00373731
v -0.08026580 -0.09235010 0.00422222
v -0.07048040 -0.09311010 0.01277770
v -0.07043760 -0.09304380 0.01260570
v -0.07006240 -0.09263190 0.01219680
v -0.07089180 -0.09267670 0.01314200
v -0.07000070 -0.09244400 0.01215420
v -0.08028770 -0.09354020 0.00420677
v -0.07065010 -0.09173020 0.01277290
v -0.07094580 -0.09248750 0.01317200
v -0.07998260 -0.09362900 0.00397593
v -0.07847470 -0.09226300 0.00592741
v -0.07858490 -0.09321450 0.00597907
v -0.07794330 -0.09267690 0.00529807
v -0.07263200 -0.09238870 0.01141360
v -0.07257090 -0.09214420 0.01133240
v -0.07194200 -0.09224260 0.01056990
v -0.07179900 -0.09310960 0.01090770
v -0.07226150 -0.09307730 0.01145620
v -0.07207630 -0.09324170 0.01118780
v -0.07215130 -0.09303950 0.01098140
v -0.07794410 -0.09300710 0.00522294
v -0.07834390 -0.09354520 0.00550485
v -0.07799230 -0.09307210 0.00508017
v -0.07811870 -0.09224880 0.00523876
v -0.07831670 -0.09210550 0.00547873
v -0.07875180 -0.09338790 0.00591021
v -0.07844520 -0.09330740 0.00576848
v -0.07877880 -0.09281850 0.00604062
v -0.07265030 -0.09264070 0.01158850
v -0.07249800 -0.09195670 0.01149920
v -0.07232380 -0.09203690 0.01146610
v -0.07208190 -0.09178420 0.01096520
v -0.07230440 -0.09177930 0.01124210
v -0.07248550 -0.09294330 0.01161330
v -0.07260270 -0.09236500 0.01167360
v -0.07238180 -0.09298170 0.01121240
v -0.07889650 -0.09245760 0.00598960
v -0.07888970 -0.09306420 0.00604000
v -0.07223910 -0.09187920 0.01142870
v -0.07173730 -0.09202230 0.01080800
v -0.07206390 -0.09189910 0.01110630
v -0.07183230 -0.09277990 0.01075720
v -0.07182220 -0.09214640 0.01078050
v -0.07164520 -0.09275270 0.01070400
v -0.07797430 -0.09257200 0.00506443
v -0.07229750 -0.09273880 0.01158730
v -0.07186090 -0.09275590 0.01067830
v -0.07178250 -0.09227090 0.01060230
v -0.07809290 -0.09323990 0.00548445
v -0.07852250 -0.09219400 0.00560745
v -0.07870550 -0.09233770 0.00598646
v -0.07875180 -0.09279440 0.00610407
v -0.07813850 -0.09260940 0.00509750
v -0.07837120 -0.09217680 0.00532823
v -0.07826680 -0.09315870 0.00519266
v -0.07795900 -0.09291930 0.00529700
v -0.07832400 -0.09333540 0.00572241
v -0.07255670 -0.09276450 0.01136980
v -0.07188800 -0.09196860 0.01072920
v -0.07853540 -0.09213530 0.00575576
v -0.07862430 -0.09348900 0.00569723
v -0.07218990 -0.09286450 0.01153600
v -0.07238200 -0.09227550 0.01167600
v -0.07837310 -0.09333860 0.00534310
v -0.07816720 -0.09267020 0.00502700
vt 0.46723790 0.34821429
vt 0.46723790 0.34821429
vt 0.46723790 0.34821429
vt 0.46723790 0.34821429
vt 0.46723790 0.34821429
vt 0.46723790 0.34821429
vt 0.46723790 0.34821429
vt 0.46723790 0.34821429
vt 0.46723790 0.34821429
vt 0.46723790 0.34821429
vt 0.46723790 0.34821429
vt 0.46723790 0.34821429
vt 0.46723790 0.34821429
vt 0.46723790 0.34821429
vt 0.46723790 0.34821429
vt 0.46723790 0.34821429
vt 0.46723790 0.34821429
vt 0.46723790 0.34821429
vt 0.46723790 0.34821429
vt 0.46723790 0.34821429
vt 0.46723790 0.34821429
vt 0.46723790 0.34821429
vt 0.46723790 0.34821429
vt 0.46723790 0.34821429
vt 0.46723790 0.34821429
vt 0.46723790 0.34821429
vt 0.46723790 0.34821429
vt 0.46723790 0.34821429
vt 0.46723790 0.34821429
vt 0.46723790 0.34821429
vt 0.46723790 0.34821429
vt 0.46723790 0.34821429
vt 0.46723790 0.34821429
vt 0.46723790 0.34821429
vt 0.46723790 0.34821429
vt 0.46723790 0.34821429
vt 0.46723790 0.34821429
vt 0.46723790 0.34821429
vt 0.46723790 0.34821429
vt 0.46723790 0.34821429
vt 0.46723790 0.34821429
vt 0.46723790 0.34821429
vt 0.46723790 0.34821429
vt 0.46723790 0.34821429
vt 0.46723790 0.34821429
vt 0.46723790 0.34821429
vt 0.46723790 0.34821429
vt 0.46723790 0.34821429
vt 0.46723790 0.34821429
vt 0.46723790 0.34821429
vt 0.46723790 0.34821429
vt 0.46723790 0.34821429
vt 0.46723790 0.34821429
vt 0.46723790 0.34821429
vt 0.46723790 0.34821429
vt 0.46723790 0.34821429
vt 0.46723790 0.34821429
vt 0.46723790 0.34821429
vt 0.46723790 0.34821429
vt 0.46723790 0.34821429
vt 0.46723790 0.34821429
vt 0.46723790 0.34821429
vt 0.46723790 0.34821429
vt 0.46723790 0.34821429
vt 0.46723790 0.34821429
vt 0.46723790 0.34821429
vt 0.46723790 0.34821429
vt 0.46723790 0.34821429
vt 0.46723790 0.34821429
vt 0.46723790 0.34821429
vt 0.46723790 0.34821429
vt 0.46723790 0.34821429
vt 0.46723790 0.34821429
vt 0.46723790 0.34821429
vt 0.46723790 0.34821429
vt 0.46723790 0.34821429
vt 0.46723790 0.34821429
vt 0.46723790 0.34821429
vt 0.46723790 0.34821429
vt 0.46723790 0.34821429
vt 0.46723790 0.34821429
vt 0.46723790 0.34821429
vt 0.46723790 0.34821429
vt 0.46723790 0.34821429
vt 0.46723790 0.34821429
vt 0.46723790 0.34821429
vt 0.46723790 0.34821429
vt 0.46723790 0.34821429
vt 0.46723790 0.34821429
vt 0.46723790 0.34821429
vt 0.46723790 0.34821429
vt 0.46723790 0.34821429
vt 0.46723790 0.34821429
vt 0.46723790 0.34821429
vt 0.46723790 0.34821429
vt 0.46723790 0.34821429
vt 0.46723790 0.34821429
vt 0.46723790 0.34821429
vt 0.46723790 0.34821429
vt 0.46723790 0.34821429
vt 0.46723790 0.34821429
vt 0.46723790 0.34821429
vt 0.46723790 0.34821429
vt 0.46723790 0.34821429
vt 0.46723790 0.34821429
vt 0.46723790 0.34821429
vt 0.46723790 0.34821429
vt 0.46723790 0.34821429
vt 0.46723790 0.34821429
vt 0.46723790 0.34821429
vt 0.46723790 0.34821429
vt 0.46723790 0.34821429
vt 0.46723790 0.34821429
vt 0.46723790 0.34821429
vt 0.46723790 0.34821429
vt 0.46723790 0.34821429
vt 0.46723790 0.34821429
vt 0.46723790 0.34821429
vt 0.46723790 0.34821429
vt 0.46723790 0.34821429
vt 0.46723790 0.34821429
vt 0.46723790 0.34821429
vt 0.46723790 0.34821429
vt 0.46723790 0.34821429
vt 0.46723790 0.34821429
vt 0.46723790 0.34821429
vt 0.46723790 0.34821429
vt 0.46723790 0.34821429
vt 0.46723790 0.34821429
vt 0.46723790 0.34821429
vt 0.46723790 0.34821429
vt 0.46723790 0.34821429
vt 0.46723790 0.34821429
vt 0.46723790 0.34821429
vt 0.46723790 0.34821429
vt 0.46723790 0.34821429
vt 0.46723790 0.34821429
vt 0.46723790 0.34821429
vt 0.46723790 0.34821429
vt 0.46723790 0.34821429
vt 0.46723790 0.34821429
vt 0.46723790 0.34821429
vt 0.46723790 0.34821429
vt 0.46723790 0.34821429
vt 0.46723790 0.34821429
vt 0.46723790 0.34821429
vt 0.46723790 0.34821429
vt 0.46723790 0.34821429
vt 0.46723790 0.34821429
vt 0.46723790 0.34821429
vt 0.46723790 0.34821429
vt 0.46723790 0.34821429
vt 0.46723790 0.34821429
vt 0.46723790 0.34821429
vt 0.46723790 0.34821429
vt 0.46723790 0.34821429
vt 0.46723790 0.34821429
vt 0.46723790 0.34821429
vt 0.46723790 0.34821429
vt 0.46723790 0.34821429
vt 0.46723790 0.34821429
vt 0.46723790 0.34821429
vt 0.46723790 0.34821429
vt 0.46723790 0.34821429
vt 0.46723790 0.34821429
vt 0.46723790 0.34821429
vt 0.46723790 0.34821429
vt 0.46723790 0.34821429
vt 0.46723790 0.34821429
vt 0.46723790 0.34821429
vt 0.46723790 0.34821429
vt 0.46723790 0.34821429
vt 0.46723790 0.34821429
vt 0.46723790 0.34821429
vt 0.46723790 0.34821429
vt 0.46723790 0.34821429
vt 0.46723790 0.34821429
vt 0.46723790 0.34821429
vt 0.46723790 0.34821429
vt 0.46723790 0.34821429
vt 0.46723790 0.34821429
vt 0.46723790 0.34821429
vt 0.46723790 0.34821429
vt 0.46723790 0.34821429
vt 0.46723790 0.34821429
vt 0.46723790 0.34821429
vt 0.46723790 0.34821429
vt 0.46723790 0.34821429
vt 0.46723790 0.34821429
vt 0.46723790 0.34821429
vt 0.46723790 0.34821429
vt 0.46723790 0.34821429
vt 0.46723790 0.34821429
vt 0.46723790 0.34821429
vt 0.46723790 0.34821429
vt 0.46723790 0.34821429
vt 0.46723790 0.34821429
vt 0.46723790 0.34821429
vt 0.46723790 0.34821429
vt 0.46723790 0.34821429
vt 0.46723790 0.34821429
vt 0.46723790 0.34821429
vt 0.46723790 0.34821429
vt 0.46723790 0.34821429
vt 0.46723790 0.34821429
vt 0.46723790 0.34821429
vt 0.46723790 0.34821429
vt 0.46723790 0.34821429
vt 0.46723790 0.34821429
vt 0.46723790 0.34821429
vt 0.46723790 0.34821429
vt 0.46723790 0.34821429
vt 0.46723790 0.34821429
vt 0.46723790 0.34821429
vt 0.46723790 0.34821429
vt 0.46723790 0.34821429
vt 0.46723790 0.34821429
vt 0.46723790 0.34821429
vt 0.46723790 0.34821429
vt 0.46723790 0.34821429
vt 0.46723790 0.34821429
vt 0.46723790 0.34821429
vt 0.46723790 0.34821429
vt 0.46723790 0.34821429
vt 0.46723790 0.34821429
vt 0.46723790 0.34821429
vt 0.46723790 0.34821429
vt 0.46723790 0.34821429
vt 0.46723790 0.34821429
vt 0.46723790 0.34821429
vt 0.46723790 0.34821429
vt 0.46723790 0.34821429
vt 0.46723790 0.34821429
vt 0.46723790 0.34821429
vt 0.46723790 0.34821429
vt 0.46723790 0.34821429
vt 0.46723790 0.34821429
vt 0.46723790 0.34821429
vt 0.46723790 0.34821429
vt 0.46723790 0.34821429
vt 0.46723790 0.34821429
vt 0.46723790 0.34821429
vt 0.46723790 0.34821429
vt 0.46723790 0.34821429
vt 0.46723790 0.34821429
vt 0.46723790 0.34821429
vt 0.46723790 0.34821429
vt 0.46723790 0.34821429
vt 0.46723790 0.34821429
vt 0.46723790 0.34821429
vt 0.46723790 0.34821429
vt 0.46723790 0.34821429
vt 0.46723790 0.34821429
vt 0.46723790 0.34821429
vt 0.46723790 0.34821429
vt 0.46723790 0.34821429
vt 0.46723790 0.34821429
vt 0.46723790 0.34821429
vt 0.46723790 0.34821429
vt 0.46723790 0.34821429
vt 0.46723790 0.34821429
vt 0.46723790 0.34821429
vt 0.46723790 0.34821429
vt 0.46723790 0.34821429
vt 0.46723790 0.34821429
vt 0.46723790 0.34821429
vt 0.46723790 0.34821429
vt 0.46723790 0.34821429
vt 0.46723790 0.34821429
vt 0.46723790 0.34821429
vt 0.46723790 0.34821429
vt 0.46723790 0.34821429
vt 0.46723790 0.34821429
vt 0.46723790 0.34821429
vt 0.46723790 0.34821429
vt 0.46723790 0.34821429
vt 0.46723790 0.34821429
vt 0.46723790 0.34821429
vt 0.46723790 0.34821429
vt 0.46723790 0.34821429
vt 0.46723790 0.34821429
vt 0.46723790 0.34821429
vt 0.46723790 0.34821429
vt 0.46723790 0.34821429
vt 0.46723790 0.34821429
vt 0.46723790 0.34821429
vt 0.46723790 0.34821429
vt 0.46723790 0.34821429
vt 0.46723790 0.34821429
vt 0.46723790 0.34821429
vt 0.46723790 0.34821429
vt 0.46723790 0.34821429
vt 0.46723790 0.34821429
vt 0.46723790 0.34821429
vt 0.46723790 0.34821429
vt 0.46723790 0.34821429
vt 0.46723790 0.34821429
vt 0.46723790 0.34821429
vt 0.46723790 0.34821429
vt 0.46723790 0.34821429
vt 0.46723790 0.34821429
vt 0.46723790 0.34821429
vt 0.46723790 0.34821429
vt 0.46723790 0.34821429
vt 0.46723790 0.34821429
vt 0.46723790 0.34821429
vt 0.46723790 0.34821429
vt 0.46723790 0.34821429
vt 0.46723790 0.34821429
vt 0.46723790 0.34821429
vt 0.46723790 0.34821429
vt 0.46723790 0.34821429
vt 0.46723790 0.34821429
vt 0.46723790 0.34821429
vt 0.46723790 0.34821429
vt 0.46723790 0.34821429
vt 0.46723790 0.34821429
vt 0.46723790 0.34821429
vt 0.46723790 0.34821429
vt 0.46723790 0.34821429
vt 0.46723790 0.34821429
vt 0.46723790 0.34821429
vt 0.46723790 0.34821429
vt 0.46723790 0.34821429
vt 0.46723790 0.34821429
vt 0.46723790 0.34821429
vt 0.46723790 0.34821429
vt 0.46723790 0.34821429
vt 0.46723790 0.34821429
vt 0.46723790 0.34821429
vt 0.46723790 0.34821429
vt 0.46723790 0.34821429
vt 0.46723790 0.34821429
vt 0.46723790 0.34821429
vt 0.46723790 0.34821429
vt 0.46723790 0.34821429
vt 0.46723790 0.34821429
vt 0.46723790 0.34821429
vt 0.46723790 0.34821429
vt 0.46723790 0.34821429
vt 0.46723790 0.34821429
vt 0.46723790 0.34821429
vt 0.46723790 0.34821429
vt 0.46723790 0.34821429
vt 0.46723790 0.34821429
vt 0.46723790 0.34821429
vt 0.46723790 0.34821429
vt 0.46723790 0.34821429
vt 0.46723790 0.34821429
vt 0.46723790 0.34821429
vt 0.46723790 0.34821429
vt 0.46723790 0.34821429
vt 0.46723790 0.34821429
vt 0.46723790 0.34821429
vt 0.46723790 0.34821429
vt 0.46723790 0.34821429
vt 0.46723790 0.34821429
vt 0.46723790 0.34821429
vt 0.46723790 0.34821429
vt 0.46723790 0.34821429
vt 0.46723790 0.34821429
vt 0.46723790 0.34821429
vt 0.46723790 0.34821429
vt 0.46723790 0.34821429
vt 0.46723790 0.34821429
vt 0.46723790 0.34821429
vt 0.46723790 0.34821429
vt 0.46723790 0.34821429
vt 0.46723790 0.34821429
vt 0.46723790 0.34821429
vt 0.46723790 0.34821429
vt 0.46723790 0.34821429
vt 0.46723790 0.34821429
vt 0.46723790 0.34821429
vt 0.46723790 0.34821429
vt 0.46723790 0.34821429
vt 0.46723790 0.34821429
vt 0.46723790 0.34821429
vt 0.46723790 0.34821429
vt 0.46723790 0.34821429
vt 0.46723790 0.34821429
vt 0.46723790 0.34821429
vt 0.46723790 0.34821429
vt 0.46723790 0.34821429
vt 0.46723790 0.34821429
vt 0.46723790 0.34821429
vt 0.46723790 0.34821429
vt 0.46723790 0.34821429
vt 0.46723790 0.34821429
vt 0.46723790 0.34821429
vt 0.46723790 0.34821429
vt 0.46723790 0.34821429
vt 0.46723790 0.34821429
vt 0.46723790 0.34821429
vt 0.46723790 0.34821429
vt 0.46723790 0.34821429
vt 0.46723790 0.34821429
vt 0.46723790 0.34821429
vt 0.46723790 0.34821429
vt 0.46723790 0.34821429
vt 0.46723790 0.34821429
vt 0.46723790 0.34821429
vt 0.46723790 0.34821429
vt 0.46723790 0.34821429
vt 0.46723790 0.34821429
vt 0.46723790 0.34821429
vt 0.46723790 0.34821429
vt 0.46723790 0.34821429
vt 0.46723790 0.34821429
vt 0.46723790 0.34821429
vt 0.46723790 0.34821429
vt 0.46723790 0.34821429
vt 0.46723790 0.34821429
vt 0.46723790 0.34821429
vt 0.46723790 0.34821429
vt 0.46723790 0.34821429
vt 0.46723790 0.34821429
vt 0.46723790 0.34821429
vt 0.46723790 0.34821429
vt 0.46723790 0.34821429
vt 0.46723790 0.34821429
vt 0.46723790 0.34821429
vt 0.46723790 0.34821429
vt 0.46723790 0.34821429
vt 0.46723790 0.34821429
vt 0.46723790 0.34821429
vt 0.46723790 0.34821429
vt 0.46723790 0.34821429
vt 0.46723790 0.34821429
vt 0.46723790 0.34821429
vt 0.46723790 0.34821429
vt 0.46723790 0.34821429
vt 0.46723790 0.34821429
vt 0.46723790 0.34821429
vt 0.46723790 0.34821429
vt 0.46723790 0.34821429
vt 0.46723790 0.34821429
vt 0.46723790 0.34821429
vt 0.46723790 0.34821429
vt 0.46723790 0.34821429
vt 0.46723790 0.34821429
vt 0.46723790 0.34821429
vt 0.46723790 0.34821429
vt 0.46723790 0.34821429
vt 0.46723790 0.34821429
vt 0.46723790 0.34821429
vt 0.46723790 0.34821429
vt 0.46723790 0.34821429
vt 0.46723790 0.34821429
vt 0.46723790 0.34821429
vt 0.46723790 0.34821429
vt 0.46723790 0.34821429
vt 0.46723790 0.34821429
vt 0.46723790 0.34821429
vt 0.46723790 0.34821429
vt 0.46723790 0.34821429
vt 0.46723790 0.34821429
vt 0.46723790 0.34821429
vt 0.46723790 0.34821429
vt 0.46723790 0.34821429
vt 0.46723790 0.34821429
vt 0.46723790 0.34821429
vt 0.46723790 0.34821429
vt 0.46723790 0.34821429
vt 0.46723790 0.34821429
vt 0.46723790 0.34821429
vt 0.46723790 0.34821429
vt 0.46723790 0.34821429
vt 0.46723790 0.34821429
vt 0.46723790 0.34821429
vt 0.46723790 0.34821429
vt 0.46723790 0.34821429
vt 0.46723790 0.34821429
vt 0.46723790 0.34821429
vt 0.46723790 0.34821429
vt 0.46723790 0.34821429
vt 0.46723790 0.34821429
vt 0.46723790 0.34821429
vt 0.46723790 0.34821429
vt 0.46723790 0.34821429
vt 0.46723790 0.34821429
vt 0.46723790 0.34821429
vt 0.46723790 0.34821429
vt 0.46723790 0.34821429
vt 0.46723790 0.34821429
vt 0.46723790 0.34821429
vt 0.46723790 0.34821429
vt 0.46723790 0.34821429
vt 0.46723790 0.34821429
vt 0.46723790 0.34821429
vt 0.46723790 0.34821429
vt 0.46723790 0.34821429
vt 0.46723790 0.34821429
vt 0.46723790 0.34821429
vt 0.46723790 0.34821429
vt 0.46723790 0.34821429
vt 0.46723790 0.34821429
vt 0.46723790 0.34821429
vt 0.46723790 0.34821429
vt 0.46723790 0.34821429
vt 0.46723790 0.34821429
vt 0.46723790 0.34821429
vt 0.46723790 0.34821429
vt 0.46723790 0.34821429
vt 0.46723790 0.34821429
vt 0.46723790 0.34821429
vt 0.46723790 0.34821429
vt 0.46723790 0.34821429
vt 0.46723790 0.34821429
vt 0.46723790 0.34821429
vt 0.46723790 0.34821429
vt 0.46723790 0.34821429
vt 0.46723790 0.34821429
vt 0.46723790 0.34821429
vt 0.46723790 0.34821429
vt 0.46723790 0.34821429
vt 0.46723790 0.34821429
vt 0.46723790 0.34821429
vt 0.46723790 0.34821429
vt 0.46723790 0.34821429
vt 0.46723790 0.34821429
vt 0.46723790 0.34821429
vt 0.46723790 0.34821429
vt 0.46723790 0.34821429
vt 0.46723790 0.34821429
vt 0.46723790 0.34821429
vt 0.46723790 0.34821429
vt 0.46723790 0.34821429
vt 0.46723790 0.34821429
vt 0.46723790 0.34821429
vt 0.46723790 0.34821429
vt 0.46723790 0.34821429
vt 0.46723790 0.34821429
vt 0.46723790 0.34821429
vt 0.46723790 0.34821429
vt 0.46723790 0.34821429
vt 0.46723790 0.34821429
vt 0.46723790 0.34821429
vt 0.46723790 0.34821429
vt 0.46723790 0.34821429
vt 0.46723790 0.34821429
vt 0.46723790 0.34821429
vt 0.46723790 0.34821429
vt 0.46723790 0.34821429
vt 0.46723790 0.34821429
vt 0.46723790 0.34821429
vt 0.46723790 0.34821429
vt 0.46723790 0.34821429
vt 0.46723790 0.34821429
vt 0.46723790 0.34821429
vt 0.46723790 0.34821429
vt 0.46723790 0.34821429
vt 0.46723790 0.34821429
vt 0.46723790 0.34821429
vt 0.46723790 0.34821429
vt 0.46723790 0.34821429
vt 0.46723790 0.34821429
vt 0.46723790 0.34821429
vt 0.46723790 0.34821429
vt 0.46723790 0.34821429
vt 0.46723790 0.34821429
vt 0.46723790 0.34821429
vt 0.46723790 0.34821429
vt 0.46723790 0.34821429
vt 0.46723790 0.34821429
vt 0.46723790 0.34821429
vt 0.46723790 0.34821429
vt 0.46723790 0.34821429
vt 0.46723790 0.34821429
vt 0.46723790 0.34821429
vt 0.46723790 0.34821429
vt 0.46723790 0.34821429
vt 0.46723790 0.34821429
vt 0.46723790 0.34821429
vt 0.46723790 0.34821429
vt 0.46723790 0.34821429
vt 0.46723790 0.34821429
vt 0.46723790 0.34821429
vt 0.46723790 0.34821429
vt 0.46723790 0.34821429
vt 0.46723790 0.34821429
vt 0.46723790 0.34821429
vt 0.46723790 0.34821429
vt 0.46723790 0.34821429
vt 0.46723790 0.34821429
vt 0.46723790 0.34821429
vt 0.46723790 0.34821429
vt 0.46723790 0.34821429
vt 0.46723790 0.34821429
vt 0.46723790 0.34821429
vt 0.46723790 0.34821429
vt 0.46723790 0.34821429
vt 0.46723790 0.34821429
vt 0.46723790 0.34821429
vt 0.46723790 0.34821429
vt 0.46723790 0.34821429
vt 0.46723790 0.34821429
vt 0.46723790 0.34821429
vt 0.46723790 0.34821429
vt 0.46723790 0.34821429
vt 0.46723790 0.34821429
vt 0.46723790 0.34821429
vt 0.46723790 0.34821429
vt 0.46723790 0.34821429
vt 0.46723790 0.34821429
vt 0.46723790 0.34821429
vt 0.46723790 0.34821429
vt 0.46723790 0.34821429
vt 0.46723790 0.34821429
vt 0.46723790 0.34821429
vt 0.46723790 0.34821429
vt 0.46723790 0.34821429
vt 0.46723790 0.34821429
vt 0.46723790 0.34821429
vt 0.46723790 0.34821429
vt 0.46723790 0.34821429
vt 0.46723790 0.34821429
vt 0.46723790 0.34821429
vt 0.46723790 0.34821429
vt 0.46723790 0.34821429
vt 0.46723790 0.34821429
vt 0.46723790 0.34821429
vt 0.46723790 0.34821429
vt 0.46723790 0.34821429
vt 0.46723790 0.34821429
vt 0.46723790 0.34821429
vt 0.46723790 0.34821429
vt 0.46723790 0.34821429
vt 0.46723790 0.34821429
vt 0.46723790 0.34821429
vt 0.46723790 0.34821429
vt 0.46723790 0.34821429
vt 0.46723790 0.34821429
vt 0.46723790 0.34821429
vt 0.46723790 0.34821429
vt 0.46723790 0.34821429
vt 0.46723790 0.34821429
vt 0.46723790 0.34821429
vt 0.46723790 0.34821429
vt 0.46723790 0.34821429
vt 0.46723790 0.34821429
vt 0.46723790 0.34821429
vt 0.46723790 0.34821429
vt 0.46723790 0.34821429
vt 0.46723790 0.34821429
vt 0.46723790 0.34821429
vt 0.46723790 0.34821429
vt 0.46723790 0.34821429
vt 0.46723790 0.34821429
vt 0.46723790 0.34821429
vt 0.46723790 0.34821429
vt 0.46723790 0.34821429
vt 0.46723790 0.34821429
vt 0.46723790 0.34821429
vt 0.46723790 0.34821429
vt 0.46723790 0.34821429
vt 0.46723790 0.34821429
vt 0.46723790 0.34821429
vt 0.46723790 0.34821429
vt 0.46723790 0.34821429
vt 0.46723790 0.34821429
vt 0.46723790 0.34821429
vt 0.46723790 0.34821429
vt 0.46723790 0.34821429
vt 0.46723790 0.34821429
vt 0.46723790 0.34821429
vt 0.46723790 0.34821429
vt 0.46723790 0.34821429
vt 0.46723790 0.34821429
vt 0.46723790 0.34821429
vt 0.46723790 0.34821429
vt 0.46723790 0.34821429
vt 0.46723790 0.34821429
vt 0.46723790 0.34821429
vt 0.46723790 0.34821429
vt 0.46723790 0.34821429
vt 0.46723790 0.34821429
vt 0.46723790 0.34821429
vt 0.46723790 0.34821429
vt 0.46723790 0.34821429
vt 0.46723790 0.34821429
vt 0.46723790 0.34821429
vt 0.46723790 0.34821429
vt 0.46723790 0.34821429
vt 0.46723790 0.34821429
vt 0.46723790 0.34821429
vt 0.46723790 0.34821429
vt 0.46723790 0.34821429
vt 0.46723790 0.34821429
vt 0.46723790 0.34821429
vt 0.46723790 0.34821429
vt 0.46723790 0.34821429
vt 0.46723790 0.34821429
vt 0.46723790 0.34821429
vt 0.46723790 0.34821429
vt 0.46723790 0.34821429
vt 0.46723790 0.34821429
vt 0.46723790 0.34821429
vt 0.46723790 0.34821429
vt 0.46723790 0.34821429
vt 0.46723790 0.34821429
vt 0.46723790 0.34821429
vt 0.46723790 0.34821429
vt 0.46723790 0.34821429
vt 0.46723790 0.34821429
vt 0.46723790 0.34821429
vt 0.46723790 0.34821429
vt 0.46723790 0.34821429
vt 0.46723790 0.34821429
vt 0.46723790 0.34821429
vt 0.46723790 0.34821429
vt 0.46723790 0.34821429
vt 0.46723790 0.34821429
vt 0.46723790 0.34821429
vt 0.46723790 0.34821429
vt 0.46723790 0.34821429
vt 0.46723790 0.34821429
vt 0.46723790 0.34821429
vt 0.46723790 0.34821429
vt 0.46723790 0.34821429
vt 0.46723790 0.34821429
vt 0.46723790 0.34821429
vt 0.46723790 0.34821429
vt 0.46723790 0.34821429
vt 0.46723790 0.34821429
vt 0.46723790 0.34821429
vt 0.46723790 0.34821429
vt 0.46723790 0.34821429
vt 0.46723790 0.34821429
vt 0.46723790 0.34821429
vt 0.46723790 0.34821429
vt 0.46723790 0.34821429
vt 0.46723790 0.34821429
vt 0.46723790 0.34821429
vt 0.46723790 0.34821429
vt 0.46723790 0.34821429
vt 0.46723790 0.34821429
vt 0.46723790 0.34821429
vt 0.46723790 0.34821429
vt 0.46723790 0.34821429
vt 0.46723790 0.34821429
vt 0.46723790 0.34821429
vt 0.46723790 0.34821429
vt 0.46723790 0.34821429
vt 0.46723790 0.34821429
vt 0.46723790 0.34821429
vt 0.46723790 0.34821429
vt 0.46723790 0.34821429
vt 0.46723790 0.34821429
vt 0.46723790 0.34821429
vt 0.46723790 0.34821429
vt 0.46723790 0.34821429
vt 0.46723790 0.34821429
vt 0.46723790 0.34821429
vt 0.46723790 0.34821429
vt 0.46723790 0.34821429
vt 0.46723790 0.34821429
vt 0.46723790 0.34821429
vt 0.46723790 0.34821429
vt 0.46723790 0.34821429
vt 0.46723790 0.34821429
vt 0.46723790 0.34821429
vt 0.46723790 0.34821429
vt 0.46723790 0.34821429
vt 0.46723790 0.34821429
vt 0.46723790 0.34821429
vt 0.46723790 0.34821429
vt 0.46723790 0.34821429
vt 0.46723790 0.34821429
vt 0.46723790 0.34821429
vt 0.46723790 0.34821429
vt 0.46723790 0.34821429
vt 0.46723790 0.34821429
vt 0.46723790 0.34821429
vt 0.46723790 0.34821429
vt 0.46723790 0.34821429
vt 0.46723790 0.34821429
vt 0.46723790 0.34821429
vt 0.46723790 0.34821429
vt 0.46723790 0.34821429
vt 0.46723790 0.34821429
vt 0.46723790 0.34821429
vt 0.46723790 0.34821429
vt 0.46723790 0.34821429
vt 0.46723790 0.34821429
vt 0.46723790 0.34821429
vt 0.46723790 0.34821429
vt 0.46723790 0.34821429
vt 0.46723790 0.34821429
vt 0.46723790 0.34821429
vt 0.46723790 0.34821429
vt 0.46723790 0.34821429
vt 0.46723790 0.34821429
vt 0.46723790 0.34821429
vt 0.46723790 0.34821429
vt 0.46723790 0.34821429
vt 0.46723790 0.34821429
vt 0.46723790 0.34821429
vt 0.46723790 0.34821429
vt 0.46723790 0.34821429
vt 0.46723790 0.34821429
vt 0.46723790 0.34821429
vt 0.46723790 0.34821429
vt 0.46723790 0.34821429
vt 0.46723790 0.34821429
vt 0.46723790 0.34821429
vt 0.46723790 0.34821429
vt 0.46723790 0.34821429
vt 0.46723790 0.34821429
vt 0.46723790 0.34821429
vt 0.46723790 0.34821429
vt 0.46723790 0.34821429
vt 0.46723790 0.34821429
vt 0.46723790 0.34821429
vt 0.46723790 0.34821429
vt 0.46723790 0.34821429
vt 0.46723790 0.34821429
vt 0.46723790 0.34821429
vt 0.46723790 0.34821429
vt 0.46723790 0.34821429
vt 0.46723790 0.34821429
vt 0.46723790 0.34821429
vt 0.46723790 0.34821429
vt 0.46723790 0.34821429
vt 0.46723790 0.34821429
vt 0.46723790 0.34821429
vt 0.46723790 0.34821429
vt 0.46723790 0.34821429
vt 0.46723790 0.34821429
vt 0.46723790 0.34821429
vt 0.46723790 0.34821429
vt 0.46723790 0.34821429
vt 0.46723790 0.34821429
vt 0.46723790 0.34821429
vt 0.46723790 0.34821429
vt 0.46723790 0.34821429
vt 0.46723790 0.34821429
vt 0.46723790 0.34821429
vt 0.46723790 0.34821429
vt 0.46723790 0.34821429
vt 0.46723790 0.34821429
vt 0.46723790 0.34821429
vt 0.46723790 0.34821429
vt 0.46723790 0.34821429
vt 0.46723790 0.34821429
vt 0.46723790 0.34821429
vt 0.46723790 0.34821429
vt 0.46723790 0.34821429
vt 0.46723790 0.34821429
vt 0.46723790 0.34821429
vt 0.46723790 0.34821429
vt 0.46723790 0.34821429
vt 0.46723790 0.34821429
vt 0.46723790 0.34821429
vt 0.46723790 0.34821429
vt 0.46723790 0.34821429
vt 0.46723790 0.34821429
vt 0.46723790 0.34821429
vt 0.46723790 0.34821429
vt 0.46723790 0.34821429
vt 0.46723790 0.34821429
vt 0.46723790 0.34821429
vt 0.46723790 0.34821429
vt 0.46723790 0.34821429
vt 0.46723790 0.34821429
vt 0.46723790 0.34821429
vt 0.46723790 0.34821429
vt 0.46723790 0.34821429
vt 0.46723790 0.34821429
vt 0.46723790 0.34821429
vt 0.46723790 0.34821429
vt 0.46723790 0.34821429
vt 0.46723790 0.34821429
vt 0.46723790 0.34821429
vt 0.46723790 0.34821429
vt 0.46723790 0.34821429
vt 0.46723790 0.34821429
vt 0.46723790 0.34821429
vt 0.46723790 0.34821429
vt 0.46723790 0.34821429
vt 0.46723790 0.34821429
vt 0.46723790 0.34821429
vt 0.46723790 0.34821429
vt 0.46723790 0.34821429
vt 0.46723790 0.34821429
vt 0.46723790 0.34821429
vt 0.46723790 0.34821429
vt 0.46723790 0.34821429
vt 0.46723790 0.34821429
vt 0.46723790 0.34821429
vt 0.46723790 0.34821429
vt 0.46723790 0.34821429
vt 0.46723790 0.34821429
vt 0.46723790 0.34821429
vt 0.46723790 0.34821429
vt 0.46723790 0.34821429
vt 0.46723790 0.34821429
vt 0.46723790 0.34821429
vt 0.46723790 0.34821429
vt 0.46723790 0.34821429
vt 0.46723790 0.34821429
vt 0.46723790 0.34821429
vt 0.46723790 0.34821429
vt 0.46723790 0.34821429
vt 0.46723790 0.34821429
vt 0.46723790 0.34821429
vt 0.46723790 0.34821429
vt 0.46723790 0.34821429
vt 0.46723790 0.34821429
vt 0.46723790 0.34821429
vt 0.46723790 0.34821429
vt 0.46723790 0.34821429
vt 0.46723790 0.34821429
vt 0.46723790 0.34821429
vt 0.46723790 0.34821429
vt 0.46723790 0.34821429
vt 0.46723790 0.34821429
vt 0.46723790 0.34821429
vt 0.46723790 0.34821429
vt 0.46723790 0.34821429
vt 0.46723790 0.34821429
vt 0.46723790 0.34821429
vt 0.46723790 0.34821429
vt 0.46723790 0.34821429
vt 0.46723790 0.34821429
vt 0.46723790 0.34821429
vt 0.46723790 0.34821429
vt 0.46723790 0.34821429
vt 0.46723790 0.34821429
vt 0.46723790 0.34821429
vt 0.46723790 0.34821429
vt 0.46723790 0.34821429
vt 0.46723790 0.34821429
vt 0.46723790 0.34821429
vt 0.46723790 0.34821429
vt 0.46723790 0.34821429
vt 0.46723790 0.34821429
vt 0.46723790 0.34821429
vt 0.46723790 0.34821429
vt 0.46723790 0.34821429
vt 0.46723790 0.34821429
vt 0.46723790 0.34821429
vt 0.46723790 0.34821429
vt 0.46723790 0.34821429
vt 0.46723790 0.34821429
vt 0.46723790 0.34821429
vt 0.46723790 0.34821429
vt 0.46723790 0.34821429
vt 0.46723790 0.34821429
vt 0.46723790 0.34821429
vt 0.46723790 0.34821429
vt 0.46723790 0.34821429
vt 0.46723790 0.34821429
vt 0.46723790 0.34821429
vt 0.46723790 0.34821429
vt 0.46723790 0.34821429
vt 0.46723790 0.34821429
vt 0.46723790 0.34821429
vt 0.46723790 0.34821429
vt 0.46723790 0.34821429
vt 0.46723790 0.34821429
vt 0.46723790 0.34821429
vt 0.46723790 0.34821429
vt 0.46723790 0.34821429
vt 0.46723790 0.34821429
vt 0.46723790 0.34821429
vt 0.46723790 0.34821429
vt 0.46723790 0.34821429
vt 0.46723790 0.34821429
vt 0.46723790 0.34821429
vt 0.46723790 0.34821429
vt 0.46723790 0.34821429
vt 0.46723790 0.34821429
vt 0.46723790 0.34821429
vt 0.46723790 0.34821429
vt 0.46723790 0.34821429
vt 0.46723790 0.34821429
vt 0.46723790 0.34821429
vt 0.46723790 0.34821429
vt 0.46723790 0.34821429
vt 0.46723790 0.34821429
vt 0.46723790 0.34821429
vt 0.46723790 0.34821429
vt 0.46723790 0.34821429
vt 0.46723790 0.34821429
vt 0.46723790 0.34821429
vt 0.46723790 0.34821429
vt 0.46723790 0.34821429
vt 0.46723790 0.34821429
vt 0.46723790 0.34821429
vt 0.46723790 0.34821429
vt 0.46723790 0.34821429
vt 0.46723790 0.34821429
vt 0.46723790 0.34821429
vt 0.46723790 0.34821429
vt 0.46723790 0.34821429
vt 0.46723790 0.34821429
vt 0.46723790 0.34821429
vt 0.46723790 0.34821429
vt 0.46723790 0.34821429
vt 0.46723790 0.34821429
vt 0.46723790 0.34821429
vt 0.46723790 0.34821429
vt 0.46723790 0.34821429
vt 0.46723790 0.34821429
vt 0.46723790 0.34821429
vt 0.46723790 0.34821429
vt 0.46723790 0.34821429
vt 0.46723790 0.34821429
vt 0.46723790 0.34821429
vt 0.46723790 0.34821429
vt 0.46723790 0.34821429
vt 0.46723790 0.34821429
vt 0.46723790 0.34821429
vt 0.46723790 0.34821429
vt 0.46723790 0.34821429
vt 0.46723790 0.34821429
vt 0.46723790 0.34821429
vt 0.46723790 0.34821429
vt 0.46723790 0.34821429
vt 0.46723790 0.34821429
vt 0.46723790 0.34821429
vt 0.46723790 0.34821429
vt 0.46723790 0.34821429
vt 0.46723790 0.34821429
vt 0.46723790 0.34821429
vt 0.46723790 0.34821429
vt 0.46723790 0.34821429
vt 0.46723790 0.34821429
vt 0.46723790 0.34821429
vt 0.46723790 0.34821429
vt 0.46723790 0.34821429
vt 0.46723790 0.34821429
vt 0.46723790 0.34821429
vt 0.46723790 0.34821429
vt 0.46723790 0.34821429
vt 0.46723790 0.34821429
vt 0.46723790 0.34821429
vt 0.46723790 0.34821429
vt 0.46723790 0.34821429
vt 0.46723790 0.34821429
vt 0.46723790 0.34821429
vt 0.46723790 0.34821429
vt 0.46723790 0.34821429
vt 0.46723790 0.34821429
vt 0.46723790 0.34821429
vt 0.46723790 0.34821429
vt 0.46723790 0.34821429
vt 0.46723790 0.34821429
vt 0.46723790 0.34821429
vt 0.46723790 0.34821429
vt 0.46723790 0.34821429
vt 0.46723790 0.34821429
vt 0.46723790 0.34821429
vt 0.46723790 0.34821429
vt 0.46723790 0.34821429
vt 0.46723790 0.34821429
vt 0.46723790 0.34821429
vt 0.46723790 0.34821429
vt 0.46723790 0.34821429
vt 0.46723790 0.34821429
vt 0.46723790 0.34821429
vt 0.46723790 0.34821429
vt 0.46723790 0.34821429
vt 0.46723790 0.34821429
vt 0.46723790 0.34821429
vt 0.46723790 0.34821429
vt 0.46723790 0.34821429
vt 0.46723790 0.34821429
vt 0.46723790 0.34821429
vt 0.46723790 0.34821429
vt 0.46723790 0.34821429
vt 0.46723790 0.34821429
vt 0.46723790 0.34821429
vt 0.46723790 0.34821429
vt 0.46723790 0.34821429
vt 0.46723790 0.34821429
vt 0.46723790 0.34821429
vt 0.46723790 0.34821429
vt 0.46723790 0.34821429
vt 0.46723790 0.34821429
vt 0.46723790 0.34821429
vt 0.46723790 0.34821429
vt 0.46723790 0.34821429
vt 0.46723790 0.34821429
vt 0.46723790 0.34821429
vt 0.46723790 0.34821429
vt 0.46723790 0.34821429
vt 0.46723790 0.34821429
vt 0.46723790 0.34821429
vt 0.46723790 0.34821429
vt 0.46723790 0.34821429
vt 0.46723790 0.34821429
vt 0.46723790 0.34821429
vt 0.46723790 0.34821429
vt 0.46723790 0.34821429
vt 0.46723790 0.34821429
vt 0.46723790 0.34821429
vt 0.46723790 0.34821429
vt 0.46723790 0.34821429
vt 0.46723790 0.34821429
vt 0.46723790 0.34821429
vt 0.46723790 0.34821429
vt 0.46723790 0.34821429
vt 0.46723790 0.34821429
vt 0.46723790 0.34821429
vt 0.46723790 0.34821429
vt 0.46723790 0.34821429
vt 0.46723790 0.34821429
vt 0.46723790 0.34821429
vt 0.46723790 0.34821429
vt 0.46723790 0.34821429
vt 0.46723790 0.34821429
vt 0.46723790 0.34821429
vt 0.46723790 0.34821429
vt 0.46723790 0.34821429
vt 0.46723790 0.34821429
vt 0.46723790 0.34821429
vt 0.46723790 0.34821429
vt 0.46723790 0.34821429
vt 0.46723790 0.34821429
vt 0.46723790 0.34821429
vt 0.46723790 0.34821429
vt 0.46723790 0.34821429
vt 0.46723790 0.34821429
vt 0.46723790 0.34821429
vt 0.46723790 0.34821429
vt 0.46723790 0.34821429
vt 0.46723790 0.34821429
vt 0.46723790 0.34821429
vt 0.46723790 0.34821429
vt 0.46723790 0.34821429
vt 0.46723790 0.34821429
vt 0.46723790 0.34821429
vt 0.46723790 0.34821429
vt 0.46723790 0.34821429
vt 0.46723790 0.34821429
vt 0.46723790 0.34821429
vt 0.46723790 0.34821429
vt 0.46723790 0.34821429
vt 0.46723790 0.34821429
vt 0.46723790 0.34821429
vt 0.46723790 0.34821429
vt 0.46723790 0.34821429
vt 0.46723790 0.34821429
vt 0.46723790 0.34821429
vt 0.46723790 0.34821429
vt 0.46723790 0.34821429
vt 0.46723790 0.34821429
vt 0.46723790 0.34821429
vt 0.46723790 0.34821429
vt 0.46723790 0.34821429
vt 0.46723790 0.34821429
vt 0.46723790 0.34821429
vt 0.46723790 0.34821429
vt 0.46723790 0.34821429
vt 0.46723790 0.34821429
vt 0.46723790 0.34821429
vt 0.46723790 0.34821429
vt 0.46723790 0.34821429
vt 0.46723790 0.34821429
vt 0.46723790 0.34821429
vt 0.46723790 0.34821429
vt 0.46723790 0.34821429
vt 0.46723790 0.34821429
vt 0.46723790 0.34821429
vt 0.46723790 0.34821429
vt 0.46723790 0.34821429
vt 0.46723790 0.34821429
vt 0.46723790 0.34821429
vt 0.46723790 0.34821429
vt 0.46723790 0.34821429
vt 0.46723790 0.34821429
vt 0.46723790 0.34821429
vt 0.46723790 0.34821429
vt 0.46723790 0.34821429
vt 0.46723790 0.34821429
vt 0.46723790 0.34821429
vt 0.46723790 0.34821429
vt 0.46723790 0.34821429
vt 0.46723790 0.34821429
vt 0.46723790 0.34821429
vt 0.46723790 0.34821429
vt 0.46723790 0.34821429
vt 0.46723790 0.34821429
vt 0.46723790 0.34821429
vt 0.46723790 0.34821429
vt 0.46723790 0.34821429
vt 0.46723790 0.34821429
vt 0.46723790 0.34821429
vt 0.46723790 0.34821429
vt 0.46723790 0.34821429
vt 0.46723790 0.34821429
vt 0.46723790 0.34821429
vt 0.46723790 0.34821429
vt 0.46723790 0.34821429
vt 0.46723790 0.34821429
vt 0.46723790 0.34821429
vt 0.46723790 0.34821429
vt 0.46723790 0.34821429
vt 0.46723790 0.34821429
vt 0.46723790 0.34821429
vt 0.46723790 0.34821429
vt 0.46723790 0.34821429
vt 0.46723790 0.34821429
vt 0.46723790 0.34821429
vt 0.46723790 0.34821429
vt 0.46723790 0.34821429
vt 0.46723790 0.34821429
vt 0.46723790 0.34821429
vt 0.46723790 0.34821429
vt 0.46723790 0.34821429
vt 0.46723790 0.34821429
vt 0.46723790 0.34821429
vt 0.46723790 0.34821429
vt 0.46723790 0.34821429
vt 0.46723790 0.34821429
vt 0.46723790 0.34821429
vt 0.46723790 0.34821429
vt 0.46723790 0.34821429
vt 0.46723790 0.34821429
vt 0.46723790 0.34821429
vt 0.46723790 0.34821429
vt 0.46723790 0.34821429
vt 0.46723790 0.34821429
vt 0.46723790 0.34821429
vt 0.46723790 0.34821429
vt 0.46723790 0.34821429
vt 0.46723790 0.34821429
vt 0.46723790 0.34821429
vt 0.46723790 0.34821429
vt 0.46723790 0.34821429
vt 0.46723790 0.34821429
vt 0.46723790 0.34821429
vt 0.46723790 0.34821429
vt 0.46723790 0.34821429
vt 0.46723790 0.34821429
vt 0.46723790 0.34821429
vt 0.46723790 0.34821429
vt 0.46723790 0.34821429
vt 0.46723790 0.34821429
vt 0.46723790 0.34821429
vt 0.46723790 0.34821429
vt 0.46723790 0.34821429
vt 0.46723790 0.34821429
vt 0.46723790 0.34821429
vt 0.46723790 0.34821429
vt 0.46723790 0.34821429
vt 0.46723790 0.34821429
vt 0.46723790 0.34821429
vt 0.46723790 0.34821429
vt 0.46723790 0.34821429
vt 0.46723790 0.34821429
vt 0.46723790 0.34821429
vt 0.46723790 0.34821429
vt 0.46723790 0.34821429
vt 0.46723790 0.34821429
vt 0.46723790 0.34821429
vt 0.46723790 0.34821429
vt 0.46723790 0.34821429
vt 0.46723790 0.34821429
vt 0.46723790 0.34821429
vt 0.46723790 0.34821429
vt 0.46723790 0.34821429
vt 0.46723790 0.34821429
vt 0.46723790 0.34821429
vt 0.46723790 0.34821429
vt 0.46723790 0.34821429
vt 0.46723790 0.34821429
vt 0.46723790 0.34821429
vt 0.46723790 0.34821429
vt 0.46723790 0.34821429
vt 0.46723790 0.34821429
vt 0.46723790 0.34821429
vt 0.46723790 0.34821429
vt 0.46723790 0.34821429
vt 0.46723790 0.34821429
vt 0.46723790 0.34821429
vt 0.46723790 0.34821429
vt 0.46723790 0.34821429
vt 0.46723790 0.34821429
vt 0.46723790 0.34821429
vt 0.46723790 0.34821429
vt 0.46723790 0.34821429
vt 0.46723790 0.34821429
vt 0.46723790 0.34821429
vt 0.46723790 0.34821429
vt 0.46723790 0.34821429
vt 0.46723790 0.34821429
vt 0.46723790 0.34821429
vt 0.46723790 0.34821429
vt 0.46723790 0.34821429
vt 0.46723790 0.34821429
vt 0.46723790 0.34821429
vt 0.46723790 0.34821429
vt 0.46723790 0.34821429
vt 0.46723790 0.34821429
vt 0.46723790 0.34821429
vt 0.46723790 0.34821429
vt 0.46723790 0.34821429
vt 0.46723790 0.34821429
vt 0.46723790 0.34821429
vt 0.46723790 0.34821429
vt 0.46723790 0.34821429
vt 0.46723790 0.34821429
vt 0.46723790 0.34821429
vt 0.46723790 0.34821429
vt 0.46723790 0.34821429
vt 0.46723790 0.34821429
vt 0.46723790 0.34821429
vt 0.46723790 0.34821429
vt 0.46723790 0.34821429
vt 0.46723790 0.34821429
vt 0.46723790 0.34821429
vt 0.46723790 0.34821429
vt 0.46723790 0.34821429
vt 0.46723790 0.34821429
vt 0.46723790 0.34821429
vt 0.46723790 0.34821429
vt 0.46723790 0.34821429
vt 0.46723790 0.34821429
vt 0.46723790 0.34821429
vt 0.46723790 0.34821429
vt 0.46723790 0.34821429
vt 0.46723790 0.34821429
vt 0.46723790 0.34821429
vt 0.46723790 0.34821429
vt 0.46723790 0.34821429
vt 0.46723790 0.34821429
vt 0.46723790 0.34821429
vt 0.46723790 0.34821429
vt 0.46723790 0.34821429
vt 0.46723790 0.34821429
vt 0.46723790 0.34821429
vt 0.46723790 0.34821429
vt 0.46723790 0.34821429
vt 0.46723790 0.34821429
vt 0.46723790 0.34821429
vt 0.46723790 0.34821429
vt 0.46723790 0.34821429
vt 0.46723790 0.34821429
vt 0.46723790 0.34821429
vt 0.46723790 0.34821429
vt 0.46723790 0.34821429
vt 0.46723790 0.34821429
vt 0.46723790 0.34821429
vt 0.46723790 0.34821429
vt 0.46723790 0.34821429
vt 0.46723790 0.34821429
vt 0.46723790 0.34821429
vt 0.46723790 0.34821429
vt 0.46723790 0.34821429
vt 0.46723790 0.34821429
vt 0.46723790 0.34821429
vt 0.46723790 0.34821429
vt 0.46723790 0.34821429
vt 0.46723790 0.34821429
vt 0.46723790 0.34821429
vt 0.46723790 0.34821429
vt 0.46723790 0.34821429
vt 0.46723790 0.34821429
vt 0.46723790 0.34821429
vt 0.46723790 0.34821429
vt 0.46723790 0.34821429
vt 0.46723790 0.34821429
vt 0.46723790 0.34821429
vt 0.46723790 0.34821429
vt 0.46723790 0.34821429
vt 0.46723790 0.34821429
vt 0.46723790 0.34821429
vt 0.46723790 0.34821429
vt 0.46723790 0.34821429
vt 0.46723790 0.34821429
vt 0.46723790 0.34821429
vt 0.46723790 0.34821429
vt 0.46723790 0.34821429
vt 0.46723790 0.34821429
vt 0.46723790 0.34821429
vt 0.46723790 0.34821429
vt 0.46723790 0.34821429
vt 0.46723790 0.34821429
vt 0.46723790 0.34821429
vt 0.46723790 0.34821429
vt 0.46723790 0.34821429
vt 0.46723790 0.34821429
vt 0.46723790 0.34821429
vt 0.46723790 0.34821429
vt 0.46723790 0.34821429
vt 0.46723790 0.34821429
vt 0.46723790 0.34821429
vt 0.46723790 0.34821429
vt 0.46723790 0.34821429
vt 0.46723790 0.34821429
vt 0.46723790 0.34821429
vt 0.46723790 0.34821429
vt 0.46723790 0.34821429
vt 0.46723790 0.34821429
vt 0.46723790 0.34821429
vt 0.46723790 0.34821429
vt 0.46723790 0.34821429
vt 0.46723790 0.34821429
vt 0.46723790 0.34821429
vt 0.46723790 0.34821429
vt 0.46723790 0.34821429
vt 0.46723790 0.34821429
vt 0.46723790 0.34821429
vt 0.46723790 0.34821429
vt 0.46723790 0.34821429
vt 0.46723790 0.34821429
vt 0.46723790 0.34821429
vt 0.46723790 0.34821429
vt 0.46723790 0.34821429
vt 0.46723790 0.34821429
vt 0.46723790 0.34821429
vt 0.46723790 0.34821429
vt 0.46723790 0.34821429
vt 0.46723790 0.34821429
vt 0.46723790 0.34821429
vt 0.46723790 0.34821429
vt 0.46723790 0.34821429
vt 0.46723790 0.34821429
vt 0.46723790 0.34821429
vt 0.46723790 0.34821429
vt 0.46723790 0.34821429
vt 0.46723790 0.34821429
vt 0.46723790 0.34821429
vt 0.46723790 0.34821429
vt 0.46723790 0.34821429
vt 0.46723790 0.34821429
vt 0.46723790 0.34821429
vt 0.46723790 0.34821429
vt 0.46723790 0.34821429
vt 0.46723790 0.34821429
vt 0.46723790 0.34821429
vt 0.46723790 0.34821429
vt 0.46723790 0.34821429
vt 0.46723790 0.34821429
vt 0.46723790 0.34821429
vt 0.46723790 0.34821429
vt 0.46723790 0.34821429
vt 0.46723790 0.34821429
vt 0.46723790 0.34821429
vt 0.46723790 0.34821429
vt 0.46723790 0.34821429
vt 0.46723790 0.34821429
vt 0.46723790 0.34821429
vt 0.46723790 0.34821429
vt 0.46723790 0.34821429
vt 0.46723790 0.34821429
vt 0.46723790 0.34821429
vt 0.46723790 0.34821429
vt 0.46723790 0.34821429
vt 0.46723790 0.34821429
vt 0.46723790 0.34821429
vt 0.46723790 0.34821429
vt 0.46723790 0.34821429
vt 0.46723790 0.34821429
vt 0.46723790 0.34821429
vt 0.46723790 0.34821429
vt 0.46723790 0.34821429
vt 0.46723790 0.34821429
vt 0.46723790 0.34821429
vt 0.46723790 0.34821429
vt 0.46723790 0.34821429
vt 0.46723790 0.34821429
vt 0.46723790 0.34821429
vt 0.46723790 0.34821429
vt 0.46723790 0.34821429
vt 0.46723790 0.34821429
vt 0.46723790 0.34821429
vt 0.46723790 0.34821429
vt 0.46723790 0.34821429
vt 0.46723790 0.34821429
vt 0.46723790 0.34821429
vt 0.46723790 0.34821429
vt 0.46723790 0.34821429
vt 0.46723790 0.34821429
vt 0.46723790 0.34821429
vt 0.46723790 0.34821429
vt 0.46723790 0.34821429
vt 0.46723790 0.34821429
vt 0.46723790 0.34821429
vt 0.46723790 0.34821429
vt 0.46723790 0.34821429
vt 0.46723790 0.34821429
vt 0.46723790 0.34821429
vt 0.46723790 0.34821429
vt 0.46723790 0.34821429
vt 0.46723790 0.34821429
vt 0.46723790 0.34821429
vt 0.46723790 0.34821429
vt 0.46723790 0.34821429
vt 0.46723790 0.34821429
vt 0.46723790 0.34821429
vt 0.46723790 0.34821429
vt 0.46723790 0.34821429
vt 0.46723790 0.34821429
vt 0.46723790 0.34821429
vt 0.46723790 0.34821429
vt 0.46723790 0.34821429
vt 0.46723790 0.34821429
vt 0.46723790 0.34821429
vt 0.46723790 0.34821429
vt 0.46723790 0.34821429
vt 0.46723790 0.34821429
vt 0.46723790 0.34821429
vt 0.46723790 0.34821429
vt 0.46723790 0.34821429
vt 0.46723790 0.34821429
vt 0.46723790 0.34821429
vt 0.46723790 0.34821429
vt 0.46723790 0.34821429
vt 0.46723790 0.34821429
vt 0.46723790 0.34821429
vt 0.46723790 0.34821429
vt 0.46723790 0.34821429
vt 0.46723790 0.34821429
vt 0.46723790 0.34821429
vt 0.46723790 0.34821429
vt 0.46723790 0.34821429
vt 0.46723790 0.34821429
vt 0.46723790 0.34821429
vt 0.46723790 0.34821429
vt 0.46723790 0.34821429
vt 0.46723790 0.34821429
vt 0.46723790 0.34821429
vt 0.46723790 0.34821429
vt 0.46723790 0.34821429
vt 0.46723790 0.34821429
vt 0.46723790 0.34821429
vt 0.46723790 0.34821429
vt 0.46723790 0.34821429
vt 0.46723790 0.34821429
vt 0.46723790 0.34821429
vt 0.46723790 0.34821429
vt 0.46723790 0.34821429
vt 0.46723790 0.34821429
vt 0.46723790 0.34821429
vt 0.46723790 0.34821429
vt 0.46723790 0.34821429
vt 0.46723790 0.34821429
vt 0.46723790 0.34821429
vt 0.46723790 0.34821429
vt 0.46723790 0.34821429
vt 0.46723790 0.34821429
vt 0.46723790 0.34821429
vt 0.46723790 0.34821429
vt 0.46723790 0.34821429
vt 0.46723790 0.34821429
vt 0.46723790 0.34821429
vt 0.46723790 0.34821429
vt 0.46723790 0.34821429
vt 0.46723790 0.34821429
vt 0.46723790 0.34821429
vt 0.46723790 0.34821429
vt 0.46723790 0.34821429
vt 0.46723790 0.34821429
vt 0.46723790 0.34821429
vt 0.46723790 0.34821429
vt 0.46723790 0.34821429
vt 0.46723790 0.34821429
vt 0.46723790 0.34821429
vt 0.46723790 0.34821429
vt 0.46723790 0.34821429
vt 0.46723790 0.34821429
vt 0.46723790 0.34821429
vt 0.46723790 0.34821429
vt 0.46723790 0.34821429
vt 0.46723790 0.34821429
vt 0.46723790 0.34821429
vt 0.46723790 0.34821429
vt 0.46723790 0.34821429
vt 0.46723790 0.34821429
vt 0.46723790 0.34821429
vt 0.46723790 0.34821429
vt 0.46723790 0.34821429
vt 0.46723790 0.34821429
vt 0.46723790 0.34821429
vt 0.46723790 0.34821429
vt 0.46723790 0.34821429
vt 0.46723790 0.34821429
vt 0.46723790 0.34821429
vt 0.46723790 0.34821429
vt 0.46723790 0.34821429
vt 0.46723790 0.34821429
vt 0.46723790 0.34821429
vt 0.46723790 0.34821429
vt 0.46723790 0.34821429
vt 0.46723790 0.34821429
vt 0.46723790 0.34821429
vt 0.46723790 0.34821429
vt 0.46723790 0.34821429
vt 0.46723790 0.34821429
vt 0.46723790 0.34821429
vt 0.46723790 0.34821429
vt 0.46723790 0.34821429
vt 0.46723790 0.34821429
vt 0.46723790 0.34821429
vt 0.46723790 0.34821429
vt 0.46723790 0.34821429
vt 0.46723790 0.34821429
vt 0.46723790 0.34821429
vt 0.46723790 0.34821429
vt 0.46723790 0.34821429
vt 0.46723790 0.34821429
vt 0.46723790 0.34821429
vt 0.46723790 0.34821429
vt 0.46723790 0.34821429
vt 0.46723790 0.34821429
vt 0.46723790 0.34821429
vt 0.46723790 0.34821429
vt 0.46723790 0.34821429
vt 0.46723790 0.34821429
vt 0.46723790 0.34821429
vt 0.46723790 0.34821429
vt 0.46723790 0.34821429
vt 0.46723790 0.34821429
vt 0.46723790 0.34821429
vt 0.46723790 0.34821429
vt 0.46723790 0.34821429
vt 0.46723790 0.34821429
vt 0.46723790 0.34821429
vt 0.46723790 0.34821429
vt 0.46723790 0.34821429
vt 0.46723790 0.34821429
vt 0.46723790 0.34821429
vt 0.46723790 0.34821429
vt 0.46723790 0.34821429
vt 0.46723790 0.34821429
vt 0.46723790 0.34821429
vt 0.46723790 0.34821429
vt 0.46723790 0.34821429
vt 0.46723790 0.34821429
vt 0.46723790 0.34821429
vt 0.46723790 0.34821429
vt 0.46723790 0.34821429
vt 0.46723790 0.34821429
vt 0.46723790 0.34821429
vt 0.46723790 0.34821429
vt 0.46723790 0.34821429
vt 0.46723790 0.34821429
vt 0.46723790 0.34821429
vt 0.46723790 0.34821429
vt 0.46723790 0.34821429
vt 0.46723790 0.34821429
vt 0.46723790 0.34821429
vt 0.46723790 0.34821429
vt 0.46723790 0.34821429
vt 0.46723790 0.34821429
vt 0.46723790 0.34821429
vt 0.46723790 0.34821429
vt 0.46723790 0.34821429
vt 0.46723790 0.34821429
vt 0.46723790 0.34821429
vt 0.46723790 0.34821429
vt 0.46723790 0.34821429
vt 0.46723790 0.34821429
vt 0.46723790 0.34821429
vt 0.46723790 0.34821429
vt 0.46723790 0.34821429
vt 0.46723790 0.34821429
vt 0.46723790 0.34821429
vt 0.46723790 0.34821429
vt 0.46723790 0.34821429
vt 0.46723790 0.34821429
vt 0.46723790 0.34821429
vt 0.46723790 0.34821429
vt 0.46723790 0.34821429
vt 0.46723790 0.34821429
vt 0.46723790 0.34821429
vt 0.46723790 0.34821429
vt 0.46723790 0.34821429
vt 0.46723790 0.34821429
vt 0.46723790 0.34821429
vt 0.46723790 0.34821429
vt 0.46723790 0.34821429
vt 0.46723790 0.34821429
vt 0.46723790 0.34821429
vt 0.46723790 0.34821429
vt 0.46723790 0.34821429
vt 0.46723790 0.34821429
vt 0.46723790 0.34821429
vt 0.46723790 0.34821429
vt 0.46723790 0.34821429
vt 0.46723790 0.34821429
vt 0.46723790 0.34821429
vt 0.46723790 0.34821429
vt 0.46723790 0.34821429
vt 0.46723790 0.34821429
vt 0.46723790 0.34821429
vt 0.46723790 0.34821429
vt 0.46723790 0.34821429
vt 0.46723790 0.34821429
vt 0.46723790 0.34821429
vt 0.46723790 0.34821429
vt 0.46723790 0.34821429
vt 0.46723790 0.34821429
vt 0.46723790 0.34821429
vt 0.46723790 0.34821429
vt 0.46723790 0.34821429
vt 0.46723790 0.34821429
vt 0.46723790 0.34821429
vt 0.46723790 0.34821429
vt 0.46723790 0.34821429
vt 0.46723790 0.34821429
vt 0.46723790 0.34821429
vt 0.46723790 0.34821429
vt 0.46723790 0.34821429
vt 0.46723790 0.34821429
vt 0.46723790 0.34821429
vt 0.46723790 0.34821429
vt 0.46723790 0.34821429
vt 0.46723790 0.34821429
vt 0.46723790 0.34821429
vt 0.46723790 0.34821429
vt 0.46723790 0.34821429
vt 0.46723790 0.34821429
vt 0.46723790 0.34821429
vt 0.46723790 0.34821429
vt 0.46723790 0.34821429
vt 0.46723790 0.34821429
vt 0.46723790 0.34821429
vt 0.46723790 0.34821429
vt 0.46723790 0.34821429
vt 0.46723790 0.34821429
vt 0.46723790 0.34821429
vt 0.46723790 0.34821429
vt 0.46723790 0.34821429
vt 0.46723790 0.34821429
vt 0.46723790 0.34821429
vt 0.46723790 0.34821429
vt 0.46723790 0.34821429
vt 0.46723790 0.34821429
vt 0.46723790 0.34821429
vt 0.46723790 0.34821429
vt 0.46723790 0.34821429
vt 0.46723790 0.34821429
vt 0.46723790 0.34821429
vt 0.46723790 0.34821429
vt 0.46723790 0.34821429
vt 0.46723790 0.34821429
vt 0.46723790 0.34821429
vt 0.46723790 0.34821429
vt 0.46723790 0.34821429
vt 0.46723790 0.34821429
vt 0.46723790 0.34821429
vt 0.46723790 0.34821429
vt 0.46723790 0.34821429
vt 0.46723790 0.34821429
vt 0.46723790 0.34821429
vt 0.46723790 0.34821429
vt 0.46723790 0.34821429
vt 0.46723790 0.34821429
vt 0.46723790 0.34821429
vt 0.46723790 0.34821429
vt 0.46723790 0.34821429
vt 0.46723790 0.34821429
vt 0.46723790 0.34821429
vt 0.46723790 0.34821429
vt 0.46723790 0.34821429
vt 0.46723790 0.34821429
vt 0.46723790 0.34821429
vt 0.46723790 0.34821429
vt 0.46723790 0.34821429
vt 0.46723790 0.34821429
vt 0.46723790 0.34821429
vt 0.46723790 0.34821429
vt 0.46723790 0.34821429
vt 0.46723790 0.34821429
vt 0.46723790 0.34821429
vt 0.46723790 0.34821429
vt 0.46723790 0.34821429
vt 0.46723790 0.34821429
vt 0.46723790 0.34821429
vt 0.46723790 0.34821429
vt 0.46723790 0.34821429
vt 0.46723790 0.34821429
vt 0.46723790 0.34821429
vt 0.46723790 0.34821429
vt 0.46723790 0.34821429
vt 0.46723790 0.34821429
vt 0.46723790 0.34821429
vt 0.46723790 0.34821429
vt 0.46723790 0.34821429
vt 0.46723790 0.34821429
vt 0.46723790 0.34821429
vt 0.46723790 0.34821429
vt 0.46723790 0.34821429
vt 0.46723790 0.34821429
vt 0.46723790 0.34821429
vt 0.46723790 0.34821429
vt 0.46723790 0.34821429
vt 0.46723790 0.34821429
vt 0.46723790 0.34821429
vt 0.46723790 0.34821429
vt 0.46723790 0.34821429
vt 0.46723790 0.34821429
vt 0.46723790 0.34821429
vt 0.46723790 0.34821429
vt 0.46723790 0.34821429
vt 0.46723790 0.34821429
vt 0.46723790 0.34821429
vt 0.46723790 0.34821429
vt 0.46723790 0.34821429
vt 0.46723790 0.34821429
vt 0.46723790 0.34821429
vt 0.46723790 0.34821429
vt 0.46723790 0.34821429
vt 0.46723790 0.34821429
vt 0.46723790 0.34821429
vt 0.46723790 0.34821429
vt 0.46723790 0.34821429
vt 0.46723790 0.34821429
vt 0.46723790 0.34821429
vt 0.46723790 0.34821429
vt 0.46723790 0.34821429
vt 0.46723790 0.34821429
vt 0.46723790 0.34821429
vt 0.46723790 0.34821429
vt 0.46723790 0.34821429
vt 0.46723790 0.34821429
vt 0.46723790 0.34821429
vt 0.46723790 0.34821429
vt 0.46723790 0.34821429
vt 0.46723790 0.34821429
vt 0.46723790 0.34821429
vt 0.46723790 0.34821429
vt 0.46723790 0.34821429
vt 0.46723790 0.34821429
vt 0.46723790 0.34821429
vt 0.46723790 0.34821429
vt 0.46723790 0.34821429
vt 0.46723790 0.34821429
vt 0.46723790 0.34821429
vt 0.46723790 0.34821429
vt 0.46723790 0.34821429
vt 0.46723790 0.34821429
vt 0.46723790 0.34821429
vt 0.46723790 0.34821429
vt 0.46723790 0.34821429
vt 0.46723790 0.34821429
vt 0.46723790 0.34821429
vt 0.46723790 0.34821429
vt 0.46723790 0.34821429
vt 0.46723790 0.34821429
vt 0.46723790 0.34821429
vt 0.46723790 0.34821429
vt 0.46723790 0.34821429
vt 0.46723790 0.34821429
vt 0.46723790 0.34821429
vt 0.46723790 0.34821429
vt 0.46723790 0.34821429
vt 0.46723790 0.34821429
vt 0.46723790 0.34821429
vt 0.46723790 0.34821429
vt 0.46723790 0.34821429
vt 0.46723790 0.34821429
vt 0.46723790 0.34821429
vt 0.46723790 0.34821429
vt 0.46723790 0.34821429
vt 0.46723790 0.34821429
vt 0.46723790 0.34821429
vt 0.46723790 0.34821429
vt 0.46723790 0.34821429
vt 0.46723790 0.34821429
vt 0.46723790 0.34821429
vt 0.46723790 0.34821429
vt 0.46723790 0.34821429
vt 0.46723790 0.34821429
vt 0.46723790 0.34821429
vt 0.46723790 0.34821429
vt 0.46723790 0.34821429
vt 0.46723790 0.34821429
vt 0.46723790 0.34821429
vt 0.46723790 0.34821429
vt 0.46723790 0.34821429
vt 0.46723790 0.34821429
vt 0.46723790 0.34821429
vt 0.46723790 0.34821429
vt 0.46723790 0.34821429
vt 0.46723790 0.34821429
vt 0.46723790 0.34821429
vt 0.46723790 0.34821429
vt 0.46723790 0.34821429
vt 0.46723790 0.34821429
vt 0.46723790 0.34821429
vt 0.46723790 0.34821429
vt 0.46723790 0.34821429
vt 0.46723790 0.34821429
vt 0.46723790 0.34821429
vt 0.46723790 0.34821429
vt 0.46723790 0.34821429
vt 0.46723790 0.34821429
vt 0.46723790 0.34821429
vt 0.46723790 0.34821429
vt 0.46723790 0.34821429
vt 0.46723790 0.34821429
vt 0.46723790 0.34821429
vt 0.46723790 0.34821429
vt 0.46723790 0.34821429
vt 0.46723790 0.34821429
vt 0.46723790 0.34821429
vt 0.46723790 0.34821429
vt 0.46723790 0.34821429
vt 0.46723790 0.34821429
vt 0.46723790 0.34821429
vt 0.46723790 0.34821429
vt 0.46723790 0.34821429
vt 0.46723790 0.34821429
vt 0.46723790 0.34821429
vt 0.46723790 0.34821429
vt 0.46723790 0.34821429
vt 0.46723790 0.34821429
vt 0.46723790 0.34821429
vt 0.46723790 0.34821429
vt 0.46723790 0.34821429
vt 0.46723790 0.34821429
vt 0.46723790 0.34821429
vt 0.46723790 0.34821429
vt 0.46723790 0.34821429
vt 0.46723790 0.34821429
vt 0.46723790 0.34821429
vt 0.46723790 0.34821429
vt 0.46723790 0.34821429
vt 0.46723790 0.34821429
vt 0.46723790 0.34821429
vt 0.46723790 0.34821429
vt 0.46723790 0.34821429
vt 0.46723790 0.34821429
vt 0.46723790 0.34821429
vt 0.46723790 0.34821429
vt 0.46723790 0.34821429
vt 0.46723790 0.34821429
vt 0.46723790 0.34821429
vt 0.46723790 0.34821429
vt 0.46723790 0.34821429
vt 0.46723790 0.34821429
vt 0.46723790 0.34821429
vt 0.46723790 0.34821429
vt 0.46723790 0.34821429
vt 0.46723790 0.34821429
vt 0.46723790 0.34821429
vt 0.46723790 0.34821429
vt 0.46723790 0.34821429
vt 0.46723790 0.34821429
vt 0.46723790 0.34821429
vt 0.46723790 0.34821429
vt 0.46723790 0.34821429
vt 0.46723790 0.34821429
vt 0.46723790 0.34821429
vt 0.46723790 0.34821429
vt 0.46723790 0.34821429
vt 0.46723790 0.34821429
vt 0.46723790 0.34821429
vt 0.46723790 0.34821429
vt 0.46723790 0.34821429
vt 0.46723790 0.34821429
vt 0.46723790 0.34821429
vt 0.46723790 0.34821429
vt 0.46723790 0.34821429
vt 0.46723790 0.34821429
vt 0.46723790 0.34821429
vt 0.46723790 0.34821429
vt 0.46723790 0.34821429
vt 0.46723790 0.34821429
vt 0.46723790 0.34821429
vt 0.46723790 0.34821429
vt 0.46723790 0.34821429
vt 0.46723790 0.34821429
vt 0.46723790 0.34821429
vt 0.46723790 0.34821429
vt 0.46723790 0.34821429
vt 0.46723790 0.34821429
vt 0.46723790 0.34821429
vt 0.46723790 0.34821429
vt 0.46723790 0.34821429
vt 0.46723790 0.34821429
vt 0.46723790 0.34821429
vt 0.46723790 0.34821429
vt 0.46723790 0.34821429
vt 0.46723790 0.34821429
vt 0.46723790 0.34821429
vt 0.46723790 0.34821429
vt 0.46723790 0.34821429
vt 0.46723790 0.34821429
vt 0.46723790 0.34821429
vt 0.46723790 0.34821429
vt 0.46723790 0.34821429
vt 0.46723790 0.34821429
vt 0.46723790 0.34821429
vt 0.46723790 0.34821429
vt 0.46723790 0.34821429
vt 0.46723790 0.34821429
vt 0.46723790 0.34821429
vt 0.46723790 0.34821429
vt 0.46723790 0.34821429
vt 0.46723790 0.34821429
vt 0.46723790 0.34821429
vt 0.46723790 0.34821429
vt 0.46723790 0.34821429
vt 0.46723790 0.34821429
vt 0.46723790 0.34821429
vt 0.46723790 0.34821429
vt 0.46723790 0.34821429
vt 0.46723790 0.34821429
vt 0.46723790 0.34821429
vt 0.46723790 0.34821429
vt 0.46723790 0.34821429
vt 0.46723790 0.34821429
vt 0.46723790 0.34821429
vt 0.46723790 0.34821429
vt 0.46723790 0.34821429
vt 0.46723790 0.34821429
vt 0.46723790 0.34821429
vt 0.46723790 0.34821429
vt 0.46723790 0.34821429
vt 0.46723790 0.34821429
vt 0.46723790 0.34821429
vt 0.46723790 0.34821429
vt 0.46723790 0.34821429
vt 0.46723790 0.34821429
vt 0.46723790 0.34821429
vt 0.46723790 0.34821429
vt 0.46723790 0.34821429
vt 0.46723790 0.34821429
vt 0.46723790 0.34821429
vt 0.46723790 0.34821429
vt 0.46723790 0.34821429
vt 0.46723790 0.34821429
vt 0.46723790 0.34821429
vt 0.46723790 0.34821429
vt 0.46723790 0.34821429
vt 0.46723790 0.34821429
vt 0.46723790 0.34821429
vt 0.46723790 0.34821429
vt 0.46723790 0.34821429
vt 0.46723790 0.34821429
vt 0.46723790 0.34821429
vt 0.46723790 0.34821429
vt 0.46723790 0.34821429
vt 0.46723790 0.34821429
vt 0.46723790 0.34821429
vt 0.46723790 0.34821429
vt 0.46723790 0.34821429
vt 0.46723790 0.34821429
vt 0.46723790 0.34821429
vt 0.46723790 0.34821429
vt 0.46723790 0.34821429
vt 0.46723790 0.34821429
vt 0.46723790 0.34821429
vt 0.46723790 0.34821429
vt 0.46723790 0.34821429
vt 0.46723790 0.34821429
vt 0.46723790 0.34821429
vt 0.46723790 0.34821429
vt 0.46723790 0.34821429
vt 0.46723790 0.34821429
vt 0.27368952 0.34821429
vt 0.27368952 0.34821429
vt 0.27368952 0.34821429
vt 0.27368952 0.34821429
vt 0.27368952 0.34821429
vt 0.27368952 0.34821429
vt 0.27368952 0.34821429
vt 0.27368952 0.34821429
vt 0.27368952 0.34821429
vt 0.27368952 0.34821429
vt 0.27368952 0.34821429
vt 0.27368952 0.34821429
vt 0.27368952 0.34821429
vt 0.27368952 0.34821429
vt 0.27368952 0.34821429
vt 0.27368952 0.34821429
vt 0.27368952 0.34821429
vt 0.27368952 0.34821429
vt 0.27368952 0.34821429
vt 0.27368952 0.34821429
vt 0.27368952 0.34821429
vt 0.27368952 0.34821429
vt 0.27368952 0.34821429
vt 0.27368952 0.34821429
vt 0.27368952 0.34821429
vt 0.27368952 0.34821429
vt 0.27368952 0.34821429
vt 0.27368952 0.34821429
vt 0.27368952 0.34821429
vt 0.27368952 0.34821429
vt 0.27368952 0.34821429
vt 0.27368952 0.34821429
vt 0.27368952 0.34821429
vt 0.27368952 0.34821429
vt 0.27368952 0.34821429
vt 0.27368952 0.34821429
vt 0.27368952 0.34821429
vt 0.27368952 0.34821429
vt 0.27368952 0.34821429
vt 0.27368952 0.34821429
vt 0.27368952 0.34821429
vt 0.27368952 0.34821429
vt 0.46723790 0.34821429
vt 0.46723790 0.34821429
vt 0.46723790 0.34821429
vt 0.46723790 0.34821429
vt 0.46723790 0.34821429
vt 0.46723790 0.34821429
vt 0.46723790 0.34821429
vt 0.46723790 0.34821429
vt 0.46723790 0.34821429
vt 0.46723790 0.34821429
vt 0.46723790 0.34821429
vt 0.46723790 0.34821429
vt 0.46723790 0.34821429
vt 0.46723790 0.34821429
vt 0.46723790 0.34821429
vt 0.46723790 0.34821429
vt 0.46723790 0.34821429
vt 0.46723790 0.34821429
vt 0.46723790 0.34821429
vt 0.46723790 0.34821429
vt 0.46723790 0.34821429
vt 0.46723790 0.34821429
vt 0.46723790 0.34821429
vt 0.46723790 0.34821429
vt 0.46723790 0.34821429
vt 0.46723790 0.34821429
vt 0.46723790 0.34821429
vt 0.46723790 0.34821429
vt 0.46723790 0.34821429
vt 0.46723790 0.34821429
vt 0.46723790 0.34821429
vt 0.46723790 0.34821429
vt 0.46723790 0.34821429
vt 0.46723790 0.34821429
vt 0.46723790 0.34821429
vt 0.46723790 0.34821429
vt 0.46723790 0.34821429
vt 0.46723790 0.34821429
vt 0.46723790 0.34821429
vt 0.46723790 0.34821429
vt 0.46723790 0.34821429
vt 0.46723790 0.34821429
vt 0.46723790 0.34821429
vt 0.46723790 0.34821429
vt 0.46723790 0.34821429
vt 0.46723790 0.34821429
vt 0.46723790 0.34821429
vt 0.46723790 0.34821429
vt 0.46723790 0.34821429
vt 0.46723790 0.34821429
vt 0.46723790 0.34821429
vt 0.46723790 0.34821429
vt 0.46723790 0.34821429
vt 0.46723790 0.34821429
vt 0.46723790 0.34821429
vt 0.46723790 0.34821429
vt 0.46723790 0.34821429
vt 0.46723790 0.34821429
vt 0.46723790 0.34821429
vt 0.46723790 0.34821429
vt 0.46723790 0.34821429
vt 0.46723790 0.34821429
vt 0.46723790 0.34821429
vt 0.46723790 0.34821429
vt 0.46723790 0.34821429
vt 0.46723790 0.34821429
vt 0.46723790 0.34821429
vt 0.46723790 0.34821429
vt 0.46723790 0.34821429
vt 0.46723790 0.34821429
vt 0.46723790 0.34821429
vt 0.46723790 0.34821429
vt 0.46723790 0.34821429
vt 0.46723790 0.34821429
vt 0.46723790 0.34821429
vt 0.46723790 0.34821429
vt 0.46723790 0.34821429
vt 0.46723790 0.34821429
vt 0.46723790 0.34821429
vt 0.46723790 0.34821429
vt 0.46723790 0.34821429
vt 0.46723790 0.34821429
vt 0.46723790 0.34821429
vt 0.46723790 0.34821429
vt 0.46723790 0.34821429
vt 0.46723790 0.34821429
vt 0.46723790 0.34821429
vt 0.46723790 0.34821429
vt 0.46723790 0.34821429
vt 0.46723790 0.34821429
vt 0.46723790 0.34821429
vt 0.46723790 0.34821429
vt 0.46723790 0.34821429
vt 0.46723790 0.34821429
vt 0.46723790 0.34821429
vt 0.46723790 0.34821429
vt 0.46723790 0.34821429
vt 0.46723790 0.34821429
vt 0.46723790 0.34821429
vt 0.46723790 0.34821429
vt 0.46723790 0.34821429
vt 0.46723790 0.34821429
vt 0.46723790 0.34821429
vt 0.46723790 0.34821429
vt 0.46723790 0.34821429
vt 0.46723790 0.34821429
vt 0.46723790 0.34821429
vt 0.46723790 0.34821429
vt 0.46723790 0.34821429
vt 0.46723790 0.34821429
vt 0.46723790 0.34821429
vt 0.46723790 0.34821429
vt 0.46723790 0.34821429
vt 0.46723790 0.34821429
vt 0.46723790 0.34821429
vt 0.46723790 0.34821429
vt 0.46723790 0.34821429
vt 0.46723790 0.34821429
vt 0.46723790 0.34821429
vt 0.46723790 0.34821429
vt 0.46723790 0.34821429
vt 0.46723790 0.34821429
vt 0.46723790 0.34821429
vt 0.46723790 0.34821429
vt 0.46723790 0.34821429
vt 0.46723790 0.34821429
vt 0.46723790 0.34821429
vt 0.46723790 0.34821429
vt 0.46723790 0.34821429
vt 0.46723790 0.34821429
vt 0.46723790 0.34821429
vt 0.46723790 0.34821429
vt 0.46723790 0.34821429
vt 0.46723790 0.34821429
vt 0.46723790 0.34821429
vt 0.46723790 0.34821429
vt 0.46723790 0.34821429
vt 0.46723790 0.34821429
vt 0.46723790 0.34821429
vt 0.46723790 0.34821429
vt 0.46723790 0.34821429
vt 0.46723790 0.34821429
vt 0.46723790 0.34821429
vt 0.46723790 0.34821429
vt 0.46723790 0.34821429
vt 0.46723790 0.34821429
vt 0.46723790 0.34821429
vt 0.46723790 0.34821429
vt 0.46723790 0.34821429
vt 0.46723790 0.34821429
vt 0.46723790 0.34821429
vt 0.46723790 0.34821429
vt 0.46723790 0.34821429
vt 0.46723790 0.34821429
vt 0.46723790 0.34821429
vt 0.46723790 0.34821429
vt 0.46723790 0.34821429
vt 0.46723790 0.34821429
vt 0.46723790 0.34821429
vt 0.46723790 0.34821429
vt 0.46723790 0.34821429
vt 0.46723790 0.34821429
vt 0.46723790 0.34821429
vt 0.46723790 0.34821429
vt 0.46723790 0.34821429
vt 0.46723790 0.34821429
vt 0.46723790 0.34821429
vt 0.46723790 0.34821429
vt 0.46723790 0.34821429
vt 0.46723790 0.34821429
vt 0.46723790 0.34821429
vt 0.46723790 0.34821429
vt 0.46723790 0.34821429
vt 0.46723790 0.34821429
vt 0.46723790 0.34821429
vt 0.46723790 0.34821429
vt 0.46723790 0.34821429
vt 0.46723790 0.34821429
vt 0.46723790 0.34821429
vt 0.46723790 0.34821429
vt 0.46723790 0.34821429
vt 0.46723790 0.34821429
vt 0.46723790 0.34821429
vt 0.46723790 0.34821429
vt 0.46723790 0.34821429
vt 0.46723790 0.34821429
vt 0.46723790 0.34821429
vt 0.46723790 0.34821429
vt 0.46723790 0.34821429
vt 0.46723790 0.34821429
vt 0.46723790 0.34821429
vt 0.46723790 0.34821429
vt 0.46723790 0.34821429
vt 0.46723790 0.34821429
vt 0.46723790 0.34821429
vt 0.46723790 0.34821429
vt 0.46723790 0.34821429
vt 0.46723790 0.34821429
vt 0.46723790 0.34821429
vt 0.46723790 0.34821429
vt 0.46723790 0.34821429
vt 0.46723790 0.34821429
vt 0.46723790 0.34821429
vt 0.46723790 0.34821429
vt 0.46723790 0.34821429
vt 0.46723790 0.34821429
vt 0.46723790 0.34821429
vt 0.46723790 0.34821429
vt 0.46723790 0.34821429
vt 0.46723790 0.34821429
vt 0.46723790 0.34821429
vt 0.46723790 0.34821429
vt 0.46723790 0.34821429
vt 0.46723790 0.34821429
vt 0.46723790 0.34821429
vt 0.46723790 0.34821429
vt 0.46723790 0.34821429
vt 0.46723790 0.34821429
vt 0.46723790 0.34821429
vt 0.46723790 0.34821429
vt 0.46723790 0.34821429
vt 0.46723790 0.34821429
vt 0.46723790 0.34821429
vt 0.46723790 0.34821429
vt 0.46723790 0.34821429
vt 0.46723790 0.34821429
vt 0.46723790 0.34821429
vt 0.46723790 0.34821429
vt 0.46723790 0.34821429
vt 0.46723790 0.34821429
vt 0.46723790 0.34821429
vt 0.46723790 0.34821429
vt 0.46723790 0.34821429
vt 0.46723790 0.34821429
vt 0.46723790 0.34821429
vt 0.46723790 0.34821429
vt 0.46723790 0.34821429
vt 0.46723790 0.34821429
vt 0.46723790 0.34821429
vt 0.46723790 0.34821429
vt 0.46723790 0.34821429
vt 0.46723790 0.34821429
vt 0.46723790 0.34821429
vt 0.46723790 0.34821429
vt 0.46723790 0.34821429
vt 0.46723790 0.34821429
vt 0.46723790 0.34821429
vt 0.46723790 0.34821429
vt 0.46723790 0.34821429
vt 0.46723790 0.34821429
vt 0.46723790 0.34821429
vt 0.46723790 0.34821429
vt 0.46723790 0.34821429
vt 0.46723790 0.34821429
vt 0.46723790 0.34821429
vt 0.46723790 0.34821429
vt 0.46723790 0.34821429
vt 0.46723790 0.34821429
vt 0.46723790 0.34821429
vt 0.46723790 0.34821429
vt 0.46723790 0.34821429
vt 0.46723790 0.34821429
vt 0.46723790 0.34821429
vt 0.46723790 0.34821429
vt 0.46723790 0.34821429
vt 0.46723790 0.34821429
vt 0.46723790 0.34821429
vt 0.46723790 0.34821429
vt 0.46723790 0.34821429
vt 0.46723790 0.34821429
vt 0.46723790 0.34821429
vt 0.46723790 0.34821429
vt 0.46723790 0.34821429
vt 0.46723790 0.34821429
vt 0.46723790 0.34821429
vt 0.46723790 0.34821429
vt 0.46723790 0.34821429
vt 0.46723790 0.34821429
vt 0.46723790 0.34821429
vt 0.46723790 0.34821429
vt 0.46723790 0.34821429
vt 0.46723790 0.34821429
vt 0.46723790 0.34821429
vt 0.46723790 0.34821429
vt 0.46723790 0.34821429
vt 0.46723790 0.34821429
vt 0.46723790 0.34821429
vt 0.46723790 0.34821429
vt 0.46723790 0.34821429
vt 0.46723790 0.34821429
vt 0.46723790 0.34821429
vt 0.46723790 0.34821429
vt 0.46723790 0.34821429
vt 0.46723790 0.34821429
vt 0.46723790 0.34821429
vt 0.46723790 0.34821429
vt 0.46723790 0.34821429
vt 0.46723790 0.34821429
vt 0.46723790 0.34821429
vt 0.46723790 0.34821429
vt 0.46723790 0.34821429
vt 0.46723790 0.34821429
vt 0.46723790 0.34821429
vt 0.46723790 0.34821429
vt 0.46723790 0.34821429
vt 0.46723790 0.34821429
vt 0.46723790 0.34821429
vt 0.46723790 0.34821429
vt 0.46723790 0.34821429
vt 0.46723790 0.34821429
vt 0.46723790 0.34821429
vt 0.46723790 0.34821429
vt 0.46723790 0.34821429
vt 0.46723790 0.34821429
vt 0.46723790 0.34821429
vt 0.46723790 0.34821429
vt 0.46723790 0.34821429
vt 0.46723790 0.34821429
vt 0.46723790 0.34821429
vt 0.46723790 0.34821429
vt 0.46723790 0.34821429
vt 0.46723790 0.34821429
vt 0.46723790 0.34821429
vt 0.46723790 0.34821429
vt 0.46723790 0.34821429
vt 0.46723790 0.34821429
vt 0.46723790 0.34821429
vt 0.46723790 0.34821429
vt 0.46723790 0.34821429
vt 0.46723790 0.34821429
vt 0.46723790 0.34821429
vt 0.46723790 0.34821429
vt 0.46723790 0.34821429
vt 0.46723790 0.34821429
vt 0.46723790 0.34821429
vt 0.46723790 0.34821429
vt 0.46723790 0.34821429
vt 0.46723790 0.34821429
vt 0.46723790 0.34821429
vt 0.46723790 0.34821429
vt 0.46723790 0.34821429
vt 0.46723790 0.34821429
vt 0.46723790 0.34821429
vt 0.46723790 0.34821429
vt 0.46723790 0.34821429
vt 0.46723790 0.34821429
vt 0.46723790 0.34821429
vt 0.46723790 0.34821429
vt 0.46723790 0.34821429
vt 0.46723790 0.34821429
vt 0.46723790 0.34821429
vt 0.46723790 0.34821429
vt 0.46723790 0.34821429
vt 0.46723790 0.34821429
vt 0.46723790 0.34821429
vt 0.46723790 0.34821429
vt 0.46723790 0.34821429
vt 0.46723790 0.34821429
vt 0.46723790 0.34821429
vt 0.46723790 0.34821429
vt 0.46723790 0.34821429
vt 0.08014113 0.34821429
vt 0.08014113 0.34821429
vt 0.08014113 0.34821429
vt 0.08014113 0.34821429
vt 0.08014113 0.34821429
vt 0.08014113 0.34821429
vt 0.08014113 0.34821429
vt 0.08014113 0.34821429
vt 0.08014113 0.34821429
vt 0.08014113 0.34821429
vt 0.08014113 0.34821429
vt 0.08014113 0.34821429
vt 0.08014113 0.34821429
vt 0.08014113 0.34821429
vt 0.08014113 0.34821429
vt 0.08014113 0.34821429
vt 0.08014113 0.34821429
vt 0.08014113 0.34821429
vt 0.08014113 0.34821429
vt 0.08014113 0.34821429
vt 0.08014113 0.34821429
vt 0.08014113 0.34821429
vt 0.08014113 0.34821429
vt 0.08014113 0.34821429
vt 0.08014113 0.34821429
vt 0.08014113 0.34821429
vt 0.08014113 0.34821429
vt 0.08014113 0.34821429
vt 0.08014113 0.34821429
vt 0.08014113 0.34821429
vt 0.08014113 0.34821429
vt 0.08014113 0.34821429
vt 0.08014113 0.34821429
vt 0.08014113 0.34821429
vt 0.08014113 0.34821429
vt 0.08014113 0.34821429
vt 0.08014113 0.34821429
vt 0.08014113 0.34821429
vt 0.08014113 0.34821429
vt 0.08014113 0.34821429
vt 0.08014113 0.34821429
vt 0.08014113 0.34821429
vt 0.08014113 0.34821429
vt 0.08014113 0.34821429
vt 0.08014113 0.34821429
vt 0.08014113 0.34821429
vt 0.08014113 0.34821429
vt 0.08014113 0.34821429
vt 0.08014113 0.34821429
vt 0.08014113 0.34821429
vt 0.08014113 0.34821429
vt 0.08014113 0.34821429
vt 0.08014113 0.34821429
vt 0.08014113 0.34821429
vt 0.08014113 0.34821429
vt 0.08014113 0.34821429
vt 0.08014113 0.34821429
vt 0.08014113 0.34821429
vt 0.08014113 0.34821429
vt 0.08014113 0.34821429
vt 0.08014113 0.34821429
vt 0.08014113 0.34821429
vt 0.08014113 0.34821429
vt 0.08014113 0.34821429
vt 0.08014113 0.34821429
vt 0.08014113 0.34821429
vt 0.08014113 0.34821429
vt 0.08014113 0.34821429
vt 0.08014113 0.34821429
vt 0.08014113 0.34821429
vt 0.08014113 0.34821429
vt 0.08014113 0.34821429
vt 0.08014113 0.34821429
vt 0.08014113 0.34821429
vt 0.08014113 0.34821429
vt 0.08014113 0.34821429
vt 0.08014113 0.34821429
vt 0.08014113 0.34821429
vt 0.08014113 0.34821429
vt 0.08014113 0.34821429
vt 0.08014113 0.34821429
vt 0.08014113 0.34821429
vt 0.08014113 0.34821429
vt 0.08014113 0.34821429
vt 0.08014113 0.34821429
vt 0.08014113 0.34821429
vt 0.08014113 0.34821429
vt 0.08014113 0.34821429
vt 0.08014113 0.34821429
vt 0.08014113 0.34821429
vt 0.08014113 0.34821429
vt 0.08014113 0.34821429
vt 0.08014113 0.34821429
vt 0.08014113 0.34821429
vt 0.08014113 0.34821429
vt 0.08014113 0.34821429
vt 0.08014113 0.34821429
vt 0.08014113 0.34821429
vt 0.08014113 0.34821429
vt 0.08014113 0.34821429
vt 0.08014113 0.34821429
vt 0.08014113 0.34821429
vt 0.08014113 0.34821429
vt 0.08014113 0.34821429
vt 0.08014113 0.34821429
vt 0.08014113 0.34821429
vt 0.08014113 0.34821429
vt 0.08014113 0.34821429
vt 0.08014113 0.34821429
vt 0.08014113 0.34821429
vt 0.08014113 0.34821429
vt 0.08014113 0.34821429
vt 0.08014113 0.34821429
vt 0.08014113 0.34821429
vt 0.08014113 0.34821429
vt 0.08014113 0.34821429
vt 0.08014113 0.34821429
vt 0.08014113 0.34821429
vt 0.08014113 0.34821429
vt 0.08014113 0.34821429
vt 0.08014113 0.34821429
vt 0.08014113 0.34821429
vt 0.08014113 0.34821429
vt 0.08014113 0.34821429
vt 0.08014113 0.34821429
vt 0.08014113 0.34821429
vt 0.08014113 0.34821429
vt 0.08014113 0.34821429
vt 0.08014113 0.34821429
vt 0.08014113 0.34821429
vt 0.08014113 0.34821429
vt 0.08014113 0.34821429
vt 0.08014113 0.34821429
vt 0.08014113 0.34821429
vt 0.08014113 0.34821429
vt 0.08014113 0.34821429
vt 0.08014113 0.34821429
vt 0.08014113 0.34821429
vt 0.08014113 0.34821429
vt 0.08014113 0.34821429
vt 0.08014113 0.34821429
vt 0.08014113 0.34821429
vt 0.08014113 0.34821429
vt 0.08014113 0.34821429
vt 0.08014113 0.34821429
vt 0.08014113 0.34821429
vt 0.08014113 0.34821429
vt 0.08014113 0.34821429
vt 0.08014113 0.34821429
vt 0.08014113 0.34821429
vt 0.08014113 0.34821429
vt 0.08014113 0.34821429
vt 0.08014113 0.34821429
vt 0.08014113 0.34821429
vt 0.08014113 0.34821429
vt 0.08014113 0.34821429
vt 0.08014113 0.34821429
vt 0.08014113 0.34821429
vt 0.08014113 0.34821429
vt 0.08014113 0.34821429
vt 0.08014113 0.34821429
vt 0.08014113 0.34821429
vt 0.08014113 0.34821429
vt 0.08014113 0.34821429
vt 0.08014113 0.34821429
vt 0.08014113 0.34821429
vt 0.08014113 0.34821429
vt 0.08014113 0.34821429
vt 0.08014113 0.34821429
vt 0.08014113 0.34821429
vt 0.08014113 0.34821429
vt 0.08014113 0.34821429
vt 0.08014113 0.34821429
vt 0.08014113 0.34821429
vt 0.08014113 0.34821429
vt 0.08014113 0.34821429
vt 0.08014113 0.34821429
vt 0.08014113 0.34821429
vt 0.08014113 0.34821429
vt 0.08014113 0.34821429
f 1/1 2/2 3/3
f 4/4 5/5 6/6
f 7/7 8/8 9/9
f 10/10 11/11 12/12
f 13/13 14/14 15/15
f 16/16 17/17 18/18
f 19/19 20/20 21/21
f 22/22 23/23 24/24
f 25/25 26/26 27/27
f 28/28 29/29 30/30
f 31/31 32/32 33/33
f 12/12 34/34 10/10
f 35/35 36/36 37/37
f 38/38 39/39 40/40
f 41/41 13/13 15/15
f 42/42 43/43 44/44
f 45/45 46/46 47/47
f 48/48 49/49 50/50
f 32/32 51/51 52/52
f 53/53 54/54 55/55
f 35/35 56/56 57/57
f 58/58 59/59 60/60
f 61/61 62/62 55/55
f 63/63 64/64 65/65
f 66/66 67/67 68/68
f 69/69 70/70 71/71
f 72/72 73/73 74/74
f 75/75 76/76 77/77
f 78/78 79/79 80/80
f 81/81 82/82 83/83
f 84/84 85/85 86/86
f 87/87 88/88 89/89
f 90/90 5/5 4/4
f 91/91 92/92 4/4
f 93/93 94/94 95/95
f 19/19 96/96 20/20
f 97/97 98/98 99/99
f 100/100 101/101 102/102
f 103/103 50/50 49/49
f 25/25 27/27 104/104
f 105/105 106/106 107/107
f 108/108 109/109 106/106
f 110/110 111/111 112/112
f 113/113 114/114 115/115
f 81/81 116/116 82/82
f 117/117 118/118 119/119
f 120/120 121/121 122/122
f 123/123 124/124 125/125
f 24/24 23/23 126/126
f 127/127 128/128 129/129
f 130/130 131/131 132/132
f 133/133 30/30 29/29
f 134/134 135/135 136/136
f 137/137 138/138 139/139
f 140/140 141/141 142/142
f 143/143 144/144 16/16
f 93/93 95/95 145/145
f 146/146 147/147 148/148
f 149/149 150/150 151/151
f 152/152 153/153 154/154
f 155/155 156/156 37/37
f 157/157 158/158 159/159
f 154/154 160/160 152/152
f 130/130 132/132 161/161
f 162/162 163/163 164/164
f 165/165 166/166 167/167
f 168/168 169/169 170/170
f 66/66 171/171 172/172
f 173/173 26/26 174/174
f 3/3 175/175 176/176
f 177/177 178/178 179/179
f 180/180 181/181 182/182
f 183/183 184/184 185/185
f 186/186 187/187 188/188
f 189/189 190/190 191/191
f 192/192 190/190 189/189
f 193/193 194/194 195/195
f 196/196 197/197 198/198
f 199/199 200/200 201/201
f 202/202 200/200 199/199
f 71/71 203/203 69/69
f 204/204 205/205 206/206
f 207/207 208/208 184/184
f 208/208 207/207 209/209
f 210/210 211/211 212/212
f 213/213 214/214 150/150
f 73/73 215/215 216/216
f 217/217 218/218 219/219
f 96/96 220/220 221/221
f 222/222 37/37 223/223
f 224/224 225/225 226/226
f 227/227 228/228 229/229
f 230/230 231/231 232/232
f 233/233 234/234 235/235
f 236/236 237/237 238/238
f 239/239 240/240 155/155
f 112/112 111/111 219/219
f 241/241 112/112 242/242
f 30/30 243/243 244/244
f 39/39 38/38 245/245
f 246/246 137/137 139/139
f 247/247 248/248 249/249
f 223/223 250/250 222/222
f 251/251 252/252 253/253
f 254/254 255/255 256/256
f 257/257 68/68 203/203
f 258/258 259/259 147/147
f 260/260 261/261 262/262
f 263/263 264/264 265/265
f 266/266 40/40 267/267
f 268/268 269/269 270/270
f 33/33 271/271 31/31
f 221/221 272/272 96/96
f 273/273 274/274 275/275
f 158/158 157/157 276/276
f 129/129 277/277 127/127
f 231/231 230/230 278/278
f 74/74 279/279 72/72
f 166/166 165/165 280/280
f 281/281 188/188 187/187
f 282/282 283/283 284/284
f 285/285 286/286 284/284
f 9/9 287/287 7/7
f 214/214 213/213 94/94
f 288/288 289/289 290/290
f 291/291 179/179 292/292
f 120/120 122/122 293/293
f 294/294 116/116 295/295
f 115/115 296/296 113/113
f 297/297 298/298 115/115
f 299/299 265/265 264/264
f 48/48 300/300 301/301
f 302/302 191/191 190/190
f 303/303 99/99 304/304
f 305/305 140/140 142/142
f 306/306 235/235 234/234
f 30/30 133/133 229/229
f 252/252 251/251 83/83
f 147/147 146/146 258/258
f 307/307 304/304 99/99
f 308/308 309/309 310/310
f 65/65 311/311 63/63
f 79/79 78/78 312/312
f 32/32 31/31 196/196
f 298/298 297/297 105/105
f 261/261 260/260 100/100
f 313/313 314/314 315/315
f 316/316 256/256 255/255
f 317/317 318/318 319/319
f 318/318 320/320 321/321
f 322/322 323/323 124/124
f 174/174 324/324 325/325
f 326/326 327/327 22/22
f 328/328 205/205 204/204
f 329/329 330/330 245/245
f 228/228 244/244 243/243
f 331/331 236/236 332/332
f 333/333 159/159 158/158
f 89/89 334/334 335/335
f 336/336 185/185 184/184
f 337/337 253/253 252/252
f 338/338 339/339 340/340
f 341/341 342/342 215/215
f 343/343 110/110 289/289
f 242/242 344/344 241/241
f 340/340 345/345 338/338
f 233/233 230/230 234/234
f 32/32 346/346 347/347
f 109/109 107/107 106/106
f 115/115 298/298 296/296
f 348/348 349/349 350/350
f 157/157 351/351 276/276
f 352/352 353/353 354/354
f 355/355 356/356 357/357
f 358/358 84/84 183/183
f 359/359 360/360 361/361
f 362/362 363/363 364/364
f 365/365 366/366 367/367
f 368/368 369/369 213/213
f 330/330 167/167 166/166
f 218/218 370/370 371/371
f 372/372 18/18 17/17
f 373/373 374/374 375/375
f 96/96 376/376 377/377
f 378/378 379/379 380/380
f 380/380 381/381 60/60
f 287/287 9/9 212/212
f 197/197 196/196 31/31
f 382/382 140/140 383/383
f 384/384 72/72 279/279
f 385/385 138/138 137/137
f 386/386 387/387 297/297
f 284/284 388/388 282/282
f 181/181 180/180 389/389
f 390/390 391/391 235/235
f 392/392 393/393 394/394
f 395/395 396/396 312/312
f 225/225 397/397 398/398
f 399/399 400/400 401/401
f 402/402 328/328 403/403
f 320/320 318/318 317/317
f 404/404 320/320 46/46
f 405/405 310/310 309/309
f 151/151 275/275 274/274
f 406/406 407/407 240/240
f 408/408 407/407 127/127
f 285/285 409/409 286/286
f 43/43 201/201 200/200
f 265/265 410/410 411/411
f 404/404 46/46 45/45
f 412/412 295/295 116/116
f 124/124 413/413 322/322
f 50/50 414/414 415/415
f 206/206 205/205 416/416
f 417/417 418/418 419/419
f 1/1 3/3 117/117
f 420/420 315/315 314/314
f 400/400 399/399 70/70
f 153/153 202/202 199/199
f 202/202 223/223 421/421
f 8/8 364/364 9/9
f 364/364 363/363 94/94
f 137/137 246/246 422/422
f 423/423 286/286 409/409
f 79/79 131/131 130/130
f 219/219 242/242 112/112
f 87/87 301/301 88/88
f 424/424 301/301 87/87
f 226/226 398/398 425/425
f 398/398 226/226 225/225
f 123/123 125/125 426/426
f 426/426 427/427 59/59
f 428/428 429/429 430/430
f 18/18 372/372 429/429
f 431/431 432/432 414/414
f 433/433 434/434 435/435
f 436/436 164/164 163/163
f 188/188 281/281 164/164
f 256/256 316/316 28/28
f 437/437 28/28 30/30
f 438/438 190/190 192/192
f 439/439 387/387 440/440
f 5/5 90/90 169/169
f 441/441 442/442 187/187
f 14/14 177/177 443/443
f 444/444 445/445 443/443
f 446/446 14/14 13/13
f 354/354 288/288 352/352
f 198/198 193/193 196/196
f 228/228 447/447 244/244
f 448/448 449/449 85/85
f 450/450 375/375 374/374
f 282/282 135/135 134/134
f 199/199 134/134 153/153
f 402/402 403/403 451/451
f 452/452 416/416 205/205
f 2/2 175/175 3/3
f 425/425 453/453 226/226
f 47/47 46/46 319/319
f 244/244 47/47 319/319
f 454/454 62/62 455/455
f 393/393 392/392 456/456
f 457/457 284/284 458/458
f 181/181 139/139 138/138
f 459/459 370/370 341/341
f 460/460 461/461 462/462
f 463/463 464/464 465/465
f 466/466 463/463 467/467
f 312/312 468/468 395/395
f 468/468 312/312 78/78
f 469/469 470/470 378/378
f 301/301 424/424 103/103
f 471/471 472/472 34/34
f 180/180 471/471 389/389
f 468/468 16/16 473/473
f 473/473 16/16 144/144
f 76/76 270/270 269/269
f 304/304 474/474 303/303
f 421/421 129/129 272/272
f 277/277 129/129 421/421
f 334/334 89/89 88/88
f 300/300 435/435 434/434
f 269/269 77/77 76/76
f 475/475 476/476 269/269
f 477/477 316/316 478/478
f 479/479 29/29 477/477
f 293/293 480/480 295/295
f 238/238 56/56 236/236
f 5/5 481/481 6/6
f 40/40 482/482 267/267
f 483/483 347/347 346/346
f 144/144 278/278 483/483
f 148/148 484/484 145/145
f 485/485 486/486 65/65
f 487/487 488/488 489/489
f 191/191 488/488 189/189
f 127/127 277/277 408/408
f 156/156 277/277 490/490
f 491/491 294/294 295/295
f 492/492 222/222 250/250
f 284/284 283/283 285/285
f 201/201 283/283 199/199
f 419/419 493/493 417/417
f 26/26 494/494 493/493
f 41/41 445/445 386/386
f 445/445 41/41 15/15
f 164/164 436/436 188/188
f 495/495 496/496 19/19
f 497/497 433/433 432/432
f 410/410 265/265 497/497
f 259/259 258/258 261/261
f 64/64 63/63 102/102
f 86/86 126/126 23/23
f 184/184 183/183 207/207
f 475/475 392/392 498/498
f 499/499 33/33 32/32
f 100/100 260/260 500/500
f 501/501 500/500 502/502
f 114/114 113/113 289/289
f 503/503 504/504 343/343
f 350/350 276/276 351/351
f 126/126 505/505 24/24
f 267/267 45/45 266/266
f 411/411 506/506 507/507
f 61/61 367/367 366/366
f 465/465 464/464 508/508
f 509/509 212/212 9/9
f 212/212 509/509 210/210
f 248/248 65/65 64/64
f 405/405 309/309 510/510
f 335/335 511/511 512/512
f 169/169 90/90 513/513
f 314/314 514/514 420/420
f 255/255 515/515 514/514
f 516/516 313/313 418/418
f 418/418 417/417 516/516
f 230/230 232/232 517/517
f 518/518 517/517 232/232
f 110/110 343/343 111/111
f 342/342 341/341 370/370
f 109/109 108/108 74/74
f 216/216 504/504 519/519
f 104/104 520/520 25/25
f 380/380 469/469 378/378
f 116/116 81/81 521/521
f 323/323 322/322 118/118
f 150/150 368/368 213/213
f 167/167 162/162 165/165
f 423/423 422/422 246/246
f 102/102 101/101 64/64
f 327/327 522/522 86/86
f 327/327 326/326 522/522
f 523/523 361/361 360/360
f 449/449 448/448 21/21
f 253/253 224/224 251/251
f 161/161 338/338 345/345
f 71/71 514/514 515/515
f 321/321 171/171 257/257
f 488/488 487/487 524/524
f 192/192 524/524 106/106
f 245/245 244/244 447/447
f 244/244 245/245 38/38
f 290/290 352/352 288/288
f 112/112 525/525 110/110
f 512/512 526/526 208/208
f 526/526 512/512 511/511
f 187/187 186/186 441/441
f 361/361 523/523 358/358
f 98/98 97/97 438/438
f 439/439 500/500 98/98
f 286/286 527/527 284/284
f 527/527 458/458 284/284
f 345/345 340/340 242/242
f 242/242 528/528 345/345
f 529/529 482/482 264/264
f 169/169 168/168 5/5
f 428/428 430/430 383/383
f 382/382 383/383 430/430
f 202/202 273/273 200/200
f 272/272 202/202 421/421
f 530/530 438/438 97/97
f 530/530 97/97 531/531
f 532/532 178/178 446/446
f 446/446 289/289 288/288
f 250/250 337/337 492/492
f 339/339 152/152 160/160
f 279/279 74/74 108/108
f 489/489 142/142 141/141
f 194/194 395/395 468/468
f 397/397 227/227 398/398
f 262/262 261/261 258/258
f 463/463 466/466 464/464
f 274/274 149/149 151/151
f 163/163 221/221 436/436
f 281/281 280/280 165/165
f 92/92 91/91 281/281
f 179/179 291/291 533/533
f 533/533 471/471 534/534
f 172/172 535/535 66/66
f 404/404 507/507 506/506
f 17/17 371/371 462/462
f 462/462 459/459 460/460
f 77/77 306/306 75/75
f 305/305 142/142 191/191
f 211/211 198/198 197/197
f 447/447 329/329 245/245
f 326/326 22/22 536/536
f 536/536 470/470 424/424
f 414/414 50/50 537/537
f 204/204 537/537 50/50
f 538/538 455/455 62/62
f 364/364 538/538 362/362
f 473/473 32/32 468/468
f 346/346 32/32 473/473
f 240/240 239/239 406/406
f 237/237 236/236 331/331
f 332/332 60/60 381/381
f 121/121 332/332 236/236
f 276/276 349/349 407/407
f 276/276 350/350 349/349
f 539/539 491/491 492/492
f 83/83 539/539 252/252
f 344/344 242/242 340/340
f 160/160 154/154 540/540
f 320/320 172/172 171/171
f 321/321 320/320 171/171
f 310/310 541/541 308/308
f 308/308 541/541 486/486
f 181/181 138/138 542/542
f 385/385 542/542 138/138
f 156/156 408/408 277/277
f 408/408 240/240 407/407
f 536/536 543/543 379/379
f 543/543 351/351 157/157
f 490/490 277/277 421/421
f 490/490 421/421 223/223
f 275/275 151/151 544/544
f 94/94 93/93 214/214
f 9/9 94/94 509/509
f 94/94 9/9 364/364
f 391/391 390/390 51/51
f 347/347 483/483 233/233
f 148/148 365/365 367/367
f 95/95 94/94 363/363
f 401/401 451/451 403/403
f 26/26 173/173 27/27
f 429/429 428/428 18/18
f 278/278 144/144 143/143
f 36/36 238/238 237/237
f 57/57 36/36 35/35
f 425/425 2/2 453/453
f 545/545 119/119 83/83
f 55/55 268/268 53/53
f 456/456 454/454 393/393
f 413/413 412/412 546/546
f 293/293 413/413 120/120
f 388/388 284/284 457/457
f 136/136 388/388 389/389
f 518/518 232/232 140/140
f 140/140 232/232 383/383
f 134/134 154/154 153/153
f 136/136 34/34 134/134
f 229/229 398/398 227/227
f 398/398 229/229 133/133
f 514/514 314/314 547/547
f 547/547 478/478 316/316
f 13/13 115/115 114/114
f 115/115 13/13 548/548
f 416/416 452/452 203/203
f 414/414 67/67 431/431
f 449/449 450/450 374/374
f 377/377 20/20 96/96
f 353/353 291/291 354/354
f 11/11 355/355 12/12
f 270/270 76/76 474/474
f 190/190 531/531 302/302
f 6/6 481/481 39/39
f 91/91 280/280 281/281
f 507/507 529/529 411/411
f 264/264 263/263 529/529
f 496/496 495/495 360/360
f 360/360 21/21 448/448
f 118/118 81/81 119/119
f 83/83 119/119 81/81
f 271/271 394/394 549/549
f 8/8 7/7 455/455
f 111/111 217/217 219/219
f 217/217 111/111 342/342
f 44/44 405/405 42/42
f 275/275 44/44 273/273
f 321/321 254/254 318/318
f 257/257 550/550 321/321
f 167/167 330/330 369/369
f 509/509 369/369 210/210
f 92/92 90/90 4/4
f 90/90 187/187 442/442
f 125/125 427/427 426/426
f 25/25 494/494 26/26
f 551/551 42/42 247/247
f 551/551 409/409 285/285
f 292/292 179/179 178/178
f 178/178 532/532 354/354
f 218/218 80/80 79/79
f 80/80 218/218 371/371
f 504/504 503/503 552/552
f 552/552 519/519 504/504
f 508/508 54/54 465/465
f 54/54 53/53 307/307
f 426/426 58/58 123/123
f 59/59 58/58 426/426
f 352/352 290/290 525/525
f 356/356 241/241 357/357
f 511/511 336/336 526/526
f 442/442 513/513 90/90
f 117/117 516/516 417/417
f 118/118 117/117 323/323
f 52/52 51/51 390/390
f 498/498 52/52 475/475
f 175/175 2/2 425/425
f 479/479 133/133 29/29
f 360/360 359/359 496/496
f 188/188 359/359 186/186
f 461/461 460/460 553/553
f 461/461 553/553 430/430
f 500/500 439/439 440/440
f 440/440 502/502 500/500
f 109/109 296/296 554/554
f 519/519 109/109 216/216
f 477/477 176/176 175/175
f 478/478 313/313 477/477
f 468/468 195/195 194/194
f 32/32 195/195 468/468
f 434/434 334/334 300/300
f 170/170 299/299 168/168
f 486/486 541/541 484/484
f 311/311 147/147 259/259
f 540/540 344/344 160/160
f 355/355 357/357 540/540
f 493/493 324/324 26/26
f 324/324 174/174 26/26
f 63/63 259/259 555/555
f 259/259 63/63 311/311
f 407/407 158/158 276/276
f 407/407 333/333 158/158
f 102/102 261/261 100/100
f 261/261 555/555 259/259
f 131/131 396/396 132/132
f 225/225 224/224 132/132
f 436/436 220/220 496/496
f 220/220 436/436 221/221
f 73/73 553/553 460/460
f 341/341 460/460 459/459
f 374/374 85/85 449/449
f 505/505 126/126 374/374
f 205/205 451/451 452/452
f 70/70 69/69 400/400
f 415/415 48/48 50/50
f 435/435 432/432 433/433
f 385/385 386/386 445/445
f 445/445 542/542 385/385
f 319/319 30/30 244/244
f 30/30 319/319 437/437
f 121/121 58/58 60/60
f 60/60 332/332 121/121
f 235/235 476/476 390/390
f 306/306 77/77 235/235
f 168/168 264/264 482/482
f 264/264 168/168 299/299
f 87/87 208/208 424/424
f 208/208 87/87 512/512
f 182/182 181/181 542/542
f 444/444 443/443 177/177
f 105/105 297/297 387/387
f 438/438 192/192 387/387
f 403/403 27/27 401/401
f 403/403 104/104 27/27
f 328/328 204/204 470/470
f 103/103 424/424 470/470
f 279/279 141/141 384/384
f 141/141 279/279 489/489
f 65/65 248/248 309/309
f 309/309 485/485 65/65
f 543/543 24/24 351/351
f 505/505 351/351 24/24
f 93/93 544/544 151/151
f 544/544 93/93 541/541
f 222/222 492/492 491/491
f 35/35 491/491 56/56
f 116/116 546/546 412/412
f 116/116 521/521 546/546
f 159/159 333/333 331/331
f 331/331 406/406 239/239
f 295/295 56/56 491/491
f 556/556 295/295 480/480
f 124/124 493/493 494/494
f 493/493 124/124 323/323
f 270/270 53/53 268/268
f 474/474 304/304 270/270
f 375/375 348/348 373/373
f 129/129 128/128 376/376
f 510/510 42/42 405/405
f 248/248 247/247 42/42
f 401/401 174/174 399/399
f 315/315 420/420 174/174
f 286/286 246/246 139/139
f 286/286 423/423 246/246
f 317/317 46/46 320/320
f 319/319 46/46 317/317
f 432/432 431/431 497/497
f 497/497 66/66 535/535
f 520/520 104/104 380/380
f 60/60 59/59 380/380
f 172/172 320/320 404/404
f 506/506 172/172 404/404
f 148/148 145/145 557/557
f 557/557 365/365 148/148
f 33/33 499/499 498/498
f 394/394 498/498 392/392
f 392/392 269/269 456/456
f 392/392 475/475 269/269
f 318/318 437/437 319/319
f 256/256 318/318 254/254
f 315/315 418/418 313/313
f 325/325 419/419 418/418
f 297/297 548/548 386/386
f 548/548 297/297 115/115
f 298/298 554/554 296/296
f 105/105 107/107 298/298
f 528/528 79/79 130/130
f 528/528 218/218 79/79
f 62/62 362/362 538/538
f 366/366 62/62 61/61
f 500/500 501/501 100/100
f 101/101 100/100 501/501
f 191/191 302/302 75/75
f 75/75 305/305 191/191
f 424/424 209/209 536/536
f 209/209 424/424 208/208
f 216/216 74/74 73/73
f 74/74 216/216 109/109
f 482/482 5/5 168/168
f 481/481 5/5 482/482
f 98/98 467/467 463/463
f 467/467 98/98 500/500
f 480/480 236/236 56/56
f 236/236 122/122 121/121
f 183/183 86/86 522/522
f 86/86 183/183 84/84
f 104/104 403/403 328/328
f 469/469 380/380 104/104
f 249/249 423/423 247/247
f 423/423 249/249 422/422
f 343/343 215/215 342/342
f 343/343 342/342 111/111
f 103/103 49/49 301/301
f 301/301 49/49 48/48
f 85/85 84/84 448/448
f 448/448 523/523 360/360
f 185/185 358/358 183/183
f 358/358 441/441 361/361
f 289/289 446/446 114/114
f 13/13 114/114 446/446
f 121/121 120/120 558/558
f 120/120 123/123 58/58
f 534/534 180/180 182/182
f 180/180 534/534 471/471
f 503/503 289/289 113/113
f 343/343 289/289 503/503
f 29/29 559/559 477/477
f 29/29 28/28 559/559
f 169/169 513/513 335/335
f 335/335 170/170 169/169
f 278/278 428/428 231/231
f 428/428 278/278 143/143
f 118/118 521/521 81/81
f 521/521 118/118 322/322
f 254/254 321/321 550/550
f 515/515 255/255 254/254
f 203/203 71/71 257/257
f 550/550 257/257 71/71
f 535/535 172/172 506/506
f 506/506 411/411 410/410
f 83/83 82/82 539/539
f 491/491 539/539 294/294
f 233/233 391/391 347/347
f 391/391 233/233 235/235
f 258/258 464/464 262/262
f 464/464 258/258 146/146
f 416/416 414/414 537/537
f 67/67 414/414 416/416
f 455/455 393/393 454/454
f 7/7 549/549 455/455
f 371/371 370/370 459/459
f 459/459 462/462 371/371
f 551/551 285/285 201/201
f 201/201 285/285 283/283
f 389/389 471/471 136/136
f 34/34 136/136 471/471
f 37/37 36/36 155/155
f 237/237 155/155 36/36
f 361/361 186/186 359/359
f 186/186 361/361 441/441
f 224/224 253/253 161/161
f 161/161 132/132 224/224
f 76/76 75/75 302/302
f 302/302 474/474 76/76
f 300/300 88/88 301/301
f 88/88 300/300 334/334
f 20/20 377/377 449/449
f 21/21 20/20 449/449
f 496/496 188/188 436/436
f 188/188 496/496 359/359
f 495/495 21/21 360/360
f 21/21 495/495 19/19
f 540/540 154/154 12/12
f 540/540 12/12 355/355
f 369/369 368/368 167/167
f 162/162 167/167 368/368
f 67/67 203/203 68/68
f 203/203 67/67 416/416
f 545/545 83/83 453/453
f 453/453 83/83 251/251
f 146/146 508/508 464/464
f 367/367 61/61 508/508
f 287/287 31/31 271/271
f 31/31 287/287 197/197
f 389/389 458/458 181/181
f 458/458 139/139 181/181
f 106/106 105/105 192/192
f 105/105 387/387 192/192
f 154/154 134/134 34/34
f 34/34 12/12 154/154
f 50/50 103/103 204/204
f 103/103 470/470 204/204
f 117/117 119/119 1/1
f 1/1 119/119 545/545
f 323/323 417/417 493/493
f 417/417 323/323 117/117
f 350/350 373/373 348/348
f 505/505 350/350 351/351
f 91/91 6/6 280/280
f 6/6 91/91 4/4
f 144/144 346/346 473/473
f 346/346 144/144 483/483
f 498/498 394/394 33/33
f 271/271 33/33 394/394
f 381/381 380/380 379/379
f 543/543 157/157 379/379
f 45/45 267/267 507/507
f 507/507 404/404 45/45
f 62/62 454/454 55/55
f 268/268 55/55 454/454
f 129/129 96/96 272/272
f 376/376 96/96 129/129
f 176/176 477/477 313/313
f 313/313 516/516 176/176
f 330/330 329/329 210/210
f 210/210 369/369 330/330
f 123/123 120/120 413/413
f 413/413 124/124 123/123
f 518/518 140/140 305/305
f 305/305 75/75 518/518
f 163/163 162/162 150/150
f 368/368 150/150 162/162
f 524/524 189/189 488/488
f 524/524 192/192 189/189
f 253/253 337/337 338/338
f 338/338 161/161 253/253
f 386/386 385/385 502/502
f 385/385 137/137 502/502
f 248/248 42/42 510/510
f 510/510 309/309 248/248
f 233/233 483/483 230/230
f 278/278 230/230 483/483
f 238/238 36/36 57/57
f 238/238 57/57 56/56
f 526/526 184/184 208/208
f 184/184 526/526 336/336
f 164/164 165/165 162/162
f 165/165 164/164 281/281
f 537/537 206/206 416/416
f 537/537 204/204 206/206
f 492/492 252/252 539/539
f 252/252 492/492 337/337
f 99/99 463/463 307/307
f 463/463 99/99 98/98
f 409/409 247/247 423/423
f 247/247 409/409 551/551
f 384/384 382/382 430/430
f 384/384 430/430 553/553
f 365/365 557/557 363/363
f 363/363 366/366 365/365
f 397/397 225/225 396/396
f 132/132 396/396 225/225
f 219/219 218/218 528/528
f 219/219 528/528 242/242
f 241/241 356/356 525/525
f 525/525 112/112 241/241
f 251/251 226/226 453/453
f 226/226 251/251 224/224
f 223/223 202/202 153/153
f 153/153 152/152 223/223
f 94/94 213/213 509/509
f 509/509 213/213 369/369
f 545/545 2/2 1/1
f 2/2 545/545 453/453
f 17/17 16/16 78/78
f 78/78 16/16 468/468
f 355/355 11/11 353/353
f 353/353 356/356 355/355
f 245/245 166/166 39/39
f 166/166 245/245 330/330
f 139/139 527/527 286/286
f 139/139 458/458 527/527
f 366/366 363/363 362/362
f 362/362 62/62 366/366
f 304/304 307/307 53/53
f 53/53 270/270 304/304
f 433/433 497/497 265/265
f 265/265 299/299 433/433
f 370/370 217/217 342/342
f 218/218 217/217 370/370
f 3/3 176/176 516/516
f 516/516 117/117 3/3
f 174/174 325/325 315/315
f 418/418 315/315 325/325
f 514/514 71/71 70/70
f 70/70 420/420 514/514
f 283/283 282/282 199/199
f 282/282 134/134 199/199
f 19/19 496/496 220/220
f 220/220 96/96 19/19
f 149/149 274/274 221/221
f 272/272 221/221 274/274
f 215/215 73/73 341/341
f 341/341 73/73 460/460
f 51/51 347/347 391/391
f 347/347 51/51 32/32
f 396/396 395/395 397/397
f 227/227 397/397 395/395
f 502/502 440/440 386/386
f 386/386 440/440 387/387
f 455/455 538/538 8/8
f 8/8 538/538 364/364
f 289/289 110/110 290/290
f 290/290 110/110 525/525
f 427/427 25/25 520/520
f 25/25 427/427 494/494
f 533/533 291/291 10/10
f 472/472 471/471 533/533
f 379/379 378/378 536/536
f 536/536 378/378 470/470
f 39/39 280/280 6/6
f 280/280 39/39 166/166
f 337/337 250/250 339/339
f 339/339 338/338 337/337
f 11/11 10/10 291/291
f 291/291 353/353 11/11
f 541/541 145/145 484/484
f 145/145 541/541 93/93
f 513/513 442/442 511/511
f 511/511 335/335 513/513
f 85/85 374/374 126/126
f 126/126 86/86 85/85
f 40/40 481/481 482/482
f 481/481 40/40 39/39
f 382/382 384/384 141/141
f 141/141 140/140 382/382
f 390/390 475/475 52/52
f 475/475 390/390 476/476
f 524/524 487/487 106/106
f 106/106 487/487 108/108
f 66/66 497/497 431/431
f 431/431 67/67 66/66
f 486/486 484/484 311/311
f 311/311 65/65 486/486
f 202/202 272/272 273/273
f 274/274 273/273 272/272
f 345/345 130/130 161/161
f 130/130 345/345 528/528
f 187/187 92/92 281/281
f 187/187 90/90 92/92
f 461/461 429/429 372/372
f 429/429 461/461 430/430
f 40/40 266/266 38/38
f 47/47 266/266 45/45
f 480/480 293/293 122/122
f 122/122 236/236 480/480
f 478/478 547/547 314/314
f 314/314 313/313 478/478
f 344/344 540/540 357/357
f 357/357 241/241 344/344
f 381/381 159/159 332/332
f 331/331 332/332 159/159
f 22/22 24/24 543/543
f 543/543 536/536 22/22
f 77/77 269/269 476/476
f 77/77 476/476 235/235
f 174/174 401/401 173/173
f 173/173 401/401 27/27
f 489/489 108/108 487/487
f 108/108 489/489 279/279
f 98/98 438/438 439/439
f 439/439 438/438 387/387
f 541/541 310/310 544/544
f 310/310 405/405 544/544
f 469/469 328/328 470/470
f 104/104 328/328 469/469
f 207/207 522/522 326/326
f 522/522 207/207 183/183
f 529/529 507/507 267/267
f 529/529 267/267 482/482
f 425/425 133/133 479/479
f 133/133 425/425 398/398
f 171/171 66/66 68/68
f 68/68 257/257 171/171
f 523/523 448/448 84/84
f 84/84 358/358 523/523
f 327/327 23/23 22/22
f 23/23 327/327 86/86
f 150/150 149/149 163/163
f 221/221 163/163 149/149
f 336/336 511/511 442/442
f 442/442 441/441 336/336
f 250/250 223/223 152/152
f 152/152 339/339 250/250
f 243/243 229/229 228/228
f 229/229 243/243 30/30
f 155/155 237/237 239/239
f 331/331 239/239 237/237
f 97/97 303/303 531/531
f 519/519 552/552 296/296
f 296/296 109/109 519/519
f 299/299 170/170 434/434
f 434/434 433/433 299/299
f 340/340 160/160 344/344
f 160/160 340/340 339/339
f 198/198 211/211 447/447
f 447/447 228/228 198/198
f 113/113 552/552 503/503
f 552/552 113/113 296/296
f 275/275 405/405 44/44
f 544/544 405/405 275/275
f 395/395 194/194 227/227
f 228/228 227/227 194/194
f 288/288 532/532 446/446
f 288/288 354/354 532/532
f 354/354 291/291 292/292
f 354/354 292/292 178/178
f 116/116 294/294 82/82
f 82/82 294/294 539/539
f 307/307 465/465 54/54
f 465/465 307/307 463/463
f 151/151 214/214 93/93
f 214/214 151/151 150/150
f 222/222 35/35 37/37
f 491/491 35/35 222/222
f 143/143 18/18 428/428
f 16/16 18/18 143/143
f 501/501 422/422 101/101
f 101/101 422/422 249/249
f 15/15 443/443 445/445
f 443/443 15/15 14/14
f 262/262 466/466 260/260
f 466/466 262/262 464/464
f 375/375 450/450 376/376
f 376/376 128/128 375/375
f 454/454 456/456 268/268
f 269/269 268/268 456/456
f 438/438 530/530 190/190
f 531/531 190/190 530/530
f 458/458 389/389 457/457
f 457/457 389/389 388/388
f 58/58 558/558 120/120
f 121/121 558/558 58/58
f 178/178 177/177 14/14
f 14/14 446/446 178/178
f 542/542 444/444 182/182
f 445/445 444/444 542/542
f 328/328 402/402 205/205
f 205/205 402/402 451/451
f 485/485 309/309 308/308
f 486/486 485/485 308/308
f 127/127 407/407 349/349
f 349/349 348/348 127/127
f 102/102 555/555 261/261
f 63/63 555/555 102/102
f 231/231 428/428 383/383
f 231/231 383/383 232/232
f 372/372 462/462 461/461
f 462/462 372/372 17/17
f 467/467 260/260 466/466
f 500/500 260/260 467/467
f 312/312 131/131 79/79
f 131/131 312/312 396/396
f 520/520 59/59 427/427
f 380/380 59/59 520/520
f 525/525 356/356 352/352
f 356/356 353/353 352/352
f 185/185 336/336 441/441
f 441/441 358/358 185/185
f 211/211 210/210 329/329
f 329/329 447/447 211/211
f 80/80 17/17 78/78
f 371/371 17/17 80/80
f 334/334 434/434 170/170
f 170/170 335/335 334/334
f 508/508 146/146 367/367
f 148/148 367/367 146/146
f 549/549 394/394 393/393
f 393/393 455/455 549/549
f 377/377 376/376 450/450
f 450/450 449/449 377/377
f 41/41 548/548 13/13
f 386/386 548/548 41/41
f 156/156 155/155 240/240
f 240/240 408/408 156/156
f 212/212 197/197 287/287
f 197/197 212/212 211/211
f 61/61 55/55 54/54
f 54/54 508/508 61/61
f 415/415 414/414 432/432
f 432/432 435/435 415/415
f 518/518 306/306 234/234
f 306/306 518/518 75/75
f 316/316 477/477 559/559
f 559/559 28/28 316/316
f 536/536 209/209 326/326
f 326/326 209/209 207/207
f 322/322 546/546 521/521
f 546/546 322/322 413/413
f 89/89 512/512 87/87
f 512/512 89/89 335/335
f 142/142 489/489 488/488
f 488/488 191/191 142/142
f 37/37 490/490 223/223
f 490/490 37/37 156/156
f 484/484 148/148 147/147
f 147/147 311/311 484/484
f 425/425 479/479 175/175
f 477/477 175/175 479/479
f 56/56 295/295 556/556
f 56/56 556/556 480/480
f 534/534 179/179 533/533
f 179/179 534/534 177/177
f 128/128 127/127 348/348
f 348/348 375/375 128/128
f 194/194 193/193 228/228
f 193/193 198/198 228/228
f 196/196 195/195 32/32
f 195/195 196/196 193/193
f 399/399 174/174 420/420
f 420/420 70/70 399/399
f 515/515 550/550 71/71
f 550/550 515/515 254/254
f 273/273 44/44 200/200
f 200/200 44/44 43/43
f 318/318 256/256 437/437
f 28/28 437/437 256/256
f 518/518 234/234 517/517
f 230/230 517/517 234/234
f 410/410 535/535 506/506
f 535/535 410/410 497/497
f 52/52 498/498 499/499
f 52/52 499/499 32/32
f 69/69 203/203 452/452
f 452/452 400/400 69/69
f 419/419 325/325 324/324
f 324/324 493/493 419/419
f 531/531 303/303 474/474
f 474/474 302/302 531/531
f 373/373 350/350 505/505
f 374/374 373/373 505/505
f 182/182 177/177 534/534
f 177/177 182/182 444/444
f 435/435 300/300 48/48
f 48/48 415/415 435/435
f 107/107 554/554 298/298
f 109/109 554/554 107/107
f 333/333 407/407 406/406
f 406/406 331/331 333/333
f 10/10 472/472 533/533
f 472/472 10/10 34/34
f 47/47 38/38 266/266
f 38/38 47/47 244/244
f 255/255 547/547 316/316
f 547/547 255/255 514/514
f 451/451 401/401 400/400
f 400/400 452/452 451/451
f 411/411 263/263 265/265
f 263/263 411/411 529/529
f 504/504 216/216 215/215
f 215/215 343/343 504/504
f 125/125 494/494 427/427
f 494/494 125/125 124/124
f 7/7 271/271 549/549
f 271/271 7/7 287/287
f 135/135 282/282 388/388
f 388/388 136/136 135/135
f 422/422 501/501 137/137
f 501/501 502/502 137/137
f 159/159 381/381 157/157
f 381/381 379/379 157/157
f 201/201 43/43 551/551
f 42/42 551/551 43/43
f 557/557 145/145 95/95
f 363/363 557/557 95/95
f 249/249 64/64 101/101
f 64/64 249/249 248/248
f 413/413 293/293 412/412
f 295/295 412/412 293/293
f 72/72 384/384 553/553
f 72/72 553/553 73/73
f 560/560 561/561 562/562
f 563/563 564/564 565/565
f 566/566 567/567 568/568
f 569/569 570/570 571/571
f 572/572 573/573 574/574
f 575/575 576/576 577/577
f 578/578 579/579 580/580
f 581/581 582/582 583/583
f 584/584 585/585 586/586
f 587/587 588/588 589/589
f 590/590 591/591 592/592
f 593/593 594/594 595/595
f 596/596 597/597 598/598
f 599/599 600/600 601/601
f 602/602 603/603 604/604
f 605/605 606/606 607/607
f 608/608 609/609 610/610
f 611/611 612/612 613/613
f 614/614 615/615 616/616
f 617/617 618/618 619/619
f 620/620 621/621 622/622
f 623/623 624/624 625/625
f 626/626 627/627 628/628
f 629/629 596/596 630/630
f 570/570 631/631 571/571
f 632/632 584/584 633/633
f 580/580 579/579 634/634
f 635/635 564/564 636/636
f 637/637 638/638 639/639
f 640/640 641/641 642/642
f 643/643 644/644 645/645
f 646/646 647/647 648/648
f 649/649 650/650 651/651
f 652/652 653/653 654/654
f 655/655 656/656 657/657
f 658/658 659/659 660/660
f 661/661 662/662 663/663
f 576/576 664/664 665/665
f 666/666 639/639 638/638
f 667/667 668/668 669/669
f 618/618 670/670 619/619
f 671/671 672/672 621/621
f 673/673 674/674 675/675
f 676/676 677/677 678/678
f 679/679 680/680 681/681
f 590/590 682/682 591/591
f 683/683 684/684 685/685
f 602/602 686/686 687/687
f 660/660 688/688 658/658
f 689/689 690/690 691/691
f 591/591 682/682 692/692
f 693/693 688/688 694/694
f 695/695 696/696 697/697
f 698/698 699/699 700/700
f 596/596 701/701 702/702
f 703/703 704/704 705/705
f 706/706 707/707 708/708
f 709/709 710/710 711/711
f 712/712 713/713 714/714
f 715/715 716/716 717/717
f 718/718 719/719 720/720
f 721/721 722/722 723/723
f 724/724 725/725 629/629
f 726/726 727/727 728/728
f 729/729 730/730 731/731
f 561/561 732/732 562/562
f 733/733 734/734 735/735
f 643/643 733/733 735/735
f 736/736 737/737 738/738
f 616/616 739/739 614/614
f 580/580 740/740 741/741
f 579/579 742/742 743/743
f 584/584 744/744 745/745
f 746/746 747/747 585/585
f 748/748 749/749 750/750
f 751/751 663/663 752/752
f 707/707 753/753 754/754
f 587/587 755/755 756/756
f 757/757 635/635 636/636
f 565/565 758/758 563/563
f 759/759 569/569 760/760
f 761/761 762/762 763/763
f 764/764 654/654 653/653
f 765/765 766/766 767/767
f 768/768 769/769 770/770
f 669/669 771/771 667/667
f 772/772 773/773 774/774
f 622/622 775/775 776/776
f 775/775 777/777 778/778
f 774/774 617/617 779/779
f 780/780 781/781 653/653
f 782/782 783/783 784/784
f 785/785 786/786 787/787
f 788/788 789/789 790/790
f 791/791 792/792 793/793
f 683/683 679/679 794/794
f 768/768 795/795 796/796
f 797/797 798/798 799/799
f 800/800 801/801 802/802
f 668/668 667/667 803/803
f 646/646 804/804 805/805
f 806/806 807/807 808/808
f 696/696 809/809 697/697
f 810/810 811/811 812/812
f 811/811 813/813 812/812
f 814/814 815/815 816/816
f 817/817 651/651 650/650
f 651/651 818/818 819/819
f 820/820 821/821 822/822
f 603/603 823/823 604/604
f 587/587 824/824 825/825
f 824/824 826/826 825/825
f 705/705 827/827 828/828
f 597/597 829/829 598/598
f 830/830 831/831 832/832
f 833/833 834/834 835/835
f 836/836 567/567 566/566
f 836/836 643/643 837/837
f 718/718 838/838 839/839
f 840/840 629/629 841/841
f 797/797 657/657 842/842
f 642/642 843/843 640/640
f 844/844 845/845 846/846
f 847/847 848/848 849/849
f 850/850 851/851 852/852
f 853/853 854/854 855/855
f 856/856 857/857 858/858
f 859/859 860/860 861/861
f 606/606 605/605 862/862
f 863/863 587/587 589/589
f 864/864 714/714 713/713
f 865/865 715/715 717/717
f 649/649 866/866 651/651
f 867/867 868/868 869/869
f 867/867 870/870 871/871
f 622/622 872/872 873/873
f 874/874 621/621 672/672
f 875/875 867/867 876/876
f 834/834 877/877 878/878
f 879/879 880/880 881/881
f 876/876 879/879 875/875
f 831/831 882/882 883/883
f 884/884 885/885 886/886
f 738/738 737/737 651/651
f 651/651 819/819 887/887
f 888/888 889/889 890/890
f 891/891 892/892 893/893
f 742/742 741/741 743/743
f 744/744 894/894 745/745
f 795/795 895/895 796/796
f 798/798 896/896 799/799
f 853/853 897/897 898/898
f 899/899 900/900 901/901
f 902/902 903/903 904/904
f 905/905 906/906 907/907
f 856/856 858/858 908/908
f 909/909 910/910 911/911
f 910/910 912/912 911/911
f 911/911 913/913 914/914
f 915/915 834/834 916/916
f 916/916 917/917 918/918
f 680/680 919/919 681/681
f 804/804 920/920 805/805
f 569/569 759/759 921/921
f 810/810 922/922 923/923
f 755/755 924/924 925/925
f 903/903 926/926 927/927
f 595/595 928/928 593/593
f 929/929 583/583 582/582
f 930/930 931/931 585/585
f 560/560 932/932 933/933
f 797/797 934/934 935/935
f 800/800 586/586 801/801
f 936/936 937/937 938/938
f 939/939 940/940 941/941
f 942/942 827/827 705/705
f 937/937 943/943 944/944
f 945/945 917/917 833/833
f 917/917 946/946 947/947
f 948/948 949/949 950/950
f 951/951 952/952 953/953
f 749/749 748/748 954/954
f 955/955 956/956 957/957
f 688/688 693/693 958/958
f 659/659 658/658 959/959
f 591/591 689/689 691/691
f 656/656 655/655 960/960
f 815/815 814/814 961/961
f 578/578 695/695 962/962
f 963/963 948/948 950/950
f 776/776 620/620 622/622
f 964/964 965/965 966/966
f 617/617 967/967 968/968
f 626/626 969/969 599/599
f 970/970 971/971 972/972
f 596/596 598/598 973/973
f 718/718 720/720 974/974
f 975/975 976/976 977/977
f 978/978 979/979 980/980
f 647/647 560/560 981/981
f 729/729 647/647 730/730
f 982/982 983/983 984/984
f 716/716 985/985 986/986
f 940/940 939/939 987/987
f 721/721 988/988 989/989
f 990/990 991/991 992/992
f 728/728 993/993 726/726
f 994/994 995/995 996/996
f 937/937 997/997 998/998
f 999/999 627/627 1000/1000
f 767/767 1001/1001 765/765
f 883/883 852/852 1002/1002
f 1003/1003 1004/1004 844/844
f 1005/1005 1006/1006 1007/1007
f 1008/1008 565/565 564/564
f 694/694 659/659 693/693
f 1009/1009 755/755 1010/1010
f 1011/1011 613/613 612/612
f 610/610 1012/1012 608/608
f 1013/1013 1014/1014 617/617
f 872/872 1015/1015 1016/1016
f 1017/1017 622/622 1018/1018
f 1019/1019 1020/1020 1021/1021
f 1022/1022 839/839 838/838
f 841/841 1023/1023 840/840
f 1024/1024 1025/1025 1026/1026
f 1027/1027 1010/1010 1028/1028
f 921/921 810/810 1029/1029
f 698/698 921/921 699/699
f 1030/1030 1031/1031 623/623
f 1032/1032 673/673 1033/1033
f 1034/1034 1035/1035 1036/1036
f 1037/1037 970/970 972/972
f 1038/1038 1026/1026 1039/1039
f 791/791 1040/1040 792/792
f 1041/1041 868/868 1042/1042
f 868/868 1043/1043 869/869
f 1044/1044 707/707 1045/1045
f 1046/1046 1028/1028 1047/1047
f 1045/1045 1048/1048 1049/1049
f 1050/1050 1046/1046 1051/1051
f 1052/1052 1053/1053 585/585
f 1054/1054 1055/1055 1056/1056
f 1057/1057 1058/1058 1059/1059
f 904/904 1060/1060 902/902
f 1061/1061 914/914 1062/1062
f 1063/1063 1064/1064 1065/1065
f 1066/1066 1067/1067 1068/1068
f 843/843 1069/1069 1070/1070
f 1071/1071 887/887 819/819
f 573/573 767/767 1072/1072
f 1073/1073 1074/1074 1075/1075
f 1076/1076 1077/1077 1078/1078
f 1078/1078 1079/1079 1076/1076
f 1080/1080 1073/1073 1081/1081
f 679/679 681/681 794/794
f 1082/1082 806/806 1083/1083
f 646/646 805/805 1084/1084
f 919/919 684/684 1085/1085
f 564/564 563/563 1086/1086
f 1087/1087 761/761 1088/1088
f 569/569 571/571 760/760
f 757/757 636/636 1089/1089
f 602/602 604/604 686/686
f 820/820 822/822 1090/1090
f 605/605 607/607 1091/1091
f 587/587 825/825 588/588
f 797/797 799/799 934/934
f 800/800 802/802 1092/1092
f 668/668 803/803 1093/1093
f 768/768 796/796 769/769
f 695/695 697/697 1094/1094
f 810/810 812/812 922/922
f 698/698 700/700 1095/1095
f 814/814 816/816 1096/1096
f 560/560 562/562 932/932
f 729/729 731/731 1097/1097
f 643/643 735/735 644/644
f 566/566 568/568 1098/1098
f 579/579 743/743 1099/1099
f 747/747 746/746 1100/1100
f 584/584 745/745 633/633
f 741/741 740/740 1101/1101
f 1102/1102 661/661 663/663
f 1103/1103 1104/1104 1105/1105
f 962/962 695/695 1106/1106
f 695/695 1094/1094 1106/1106
f 881/881 1107/1107 879/879
f 855/855 854/854 850/850
f 1108/1108 1109/1109 1110/1110
f 1111/1111 1112/1112 1113/1113
f 591/591 691/691 1114/1114
f 592/592 591/591 1114/1114
f 726/726 1115/1115 727/727
f 1116/1116 1117/1117 1118/1118
f 1119/1119 1120/1120 1121/1121
f 787/787 1122/1122 785/785
f 780/780 1123/1123 1124/1124
f 1125/1125 1126/1126 1127/1127
f 1128/1128 983/983 982/982
f 1129/1129 1130/1130 1131/1131
f 831/831 1132/1132 882/882
f 879/879 831/831 875/875
f 711/711 1133/1133 709/709
f 1134/1134 1135/1135 755/755
f 1136/1136 1137/1137 1138/1138
f 576/576 1136/1136 1139/1139
f 860/860 1140/1140 861/861
f 975/975 861/861 976/976
f 1141/1141 1142/1142 1143/1143
f 1144/1144 1145/1145 1146/1146
f 602/602 682/682 1147/1147
f 808/808 1147/1147 806/806
f 1048/1048 1148/1148 1149/1149
f 906/906 1150/1150 1151/1151
f 1152/1152 1048/1048 706/706
f 1150/1150 1153/1153 1154/1154
f 890/890 889/889 892/892
f 1155/1155 1156/1156 782/782
f 1137/1137 575/575 1157/1157
f 1137/1137 1158/1158 1159/1159
f 682/682 602/602 1160/1160
f 820/820 682/682 821/821
f 781/781 780/780 1161/1161
f 661/661 1161/1161 662/662
f 629/629 1162/1162 596/596
f 1163/1163 1164/1164 1162/1162
f 617/617 619/619 1165/1165
f 1166/1166 1167/1167 1168/1168
f 600/600 1169/1169 601/601
f 702/702 1169/1169 600/600
f 1170/1170 817/817 1171/1171
f 1031/1031 1030/1030 1172/1172
f 1173/1173 1174/1174 1175/1175
f 1176/1176 1177/1177 1178/1178
f 657/657 1179/1179 842/842
f 1180/1180 660/660 1181/1181
f 738/738 1182/1182 736/736
f 1183/1183 614/614 739/739
f 1002/1002 1184/1184 883/883
f 1185/1185 1186/1186 897/897
f 775/775 778/778 1187/1187
f 952/952 1188/1188 953/953
f 1033/1033 673/673 677/677
f 1122/1122 787/787 1120/1120
f 715/715 865/865 714/714
f 666/666 1024/1024 1026/1026
f 762/762 1189/1189 763/763
f 814/814 1190/1190 961/961
f 1129/1129 1191/1191 1192/1192
f 585/585 1193/1193 1194/1194
f 605/605 1195/1195 862/862
f 807/807 1196/1196 808/808
f 585/585 1053/1053 586/586
f 586/586 797/797 1197/1197
f 870/870 867/867 830/830
f 832/832 1003/1003 830/830
f 862/862 679/679 1059/1059
f 679/679 862/862 1195/1195
f 994/994 1198/1198 1199/1199
f 1200/1200 1201/1201 1202/1202
f 844/844 1203/1203 1204/1204
f 1204/1204 1203/1203 1205/1205
f 849/849 1206/1206 847/847
f 1207/1207 1208/1208 1209/1209
f 1015/1015 872/872 1021/1021
f 1014/1014 1210/1210 1211/1211
f 1212/1212 1213/1213 1214/1214
f 867/867 1214/1214 876/876
f 1215/1215 979/979 978/978
f 1064/1064 1063/1063 857/857
f 1216/1216 616/616 615/615
f 781/781 649/649 653/653
f 627/627 1217/1217 628/628
f 596/596 1218/1218 1219/1219
f 1220/1220 1221/1221 1222/1222
f 1059/1059 791/791 1223/1223
f 1224/1224 1225/1225 1226/1226
f 1227/1227 1047/1047 1028/1028
f 1228/1228 756/756 755/755
f 682/682 820/820 692/692
f 1229/1229 1230/1230 1231/1231
f 989/989 988/988 1232/1232
f 1233/1233 987/987 939/939
f 721/721 1234/1234 993/993
f 910/910 909/909 1235/1235
f 1236/1236 1237/1237 1238/1238
f 1239/1239 570/570 569/569
f 564/564 1240/1240 1008/1008
f 1241/1241 1025/1025 1242/1242
f 1243/1243 1181/1181 1025/1025
f 1244/1244 1245/1245 1246/1246
f 1247/1247 640/640 930/930
f 764/764 1071/1071 1123/1123
f 887/887 1071/1071 1248/1248
f 715/715 1249/1249 1250/1250
f 1251/1251 864/864 1252/1252
f 1253/1253 1254/1254 1255/1255
f 1256/1256 792/792 1040/1040
f 921/921 698/698 1257/1257
f 741/741 1258/1258 1259/1259
f 685/685 1260/1260 1261/1261
f 647/647 729/729 648/648
f 1131/1131 1130/1130 1262/1262
f 1263/1263 1264/1264 1265/1265
f 1250/1250 716/716 715/715
f 713/713 1252/1252 864/864
f 1266/1266 1267/1267 1200/1200
f 995/995 994/994 998/998
f 1268/1268 1269/1269 1270/1270
f 789/789 788/788 785/785
f 1271/1271 1272/1272 1273/1273
f 1274/1274 1275/1275 1276/1276
f 1236/1236 1277/1277 1278/1278
f 662/662 1236/1236 1278/1278
f 1279/1279 610/610 609/609
f 613/613 1280/1280 611/611
f 1281/1281 1282/1282 1283/1283
f 1284/1284 941/941 940/940
f 1285/1285 1286/1286 936/936
f 1287/1287 942/942 705/705
f 609/609 1288/1288 1279/1279
f 1289/1289 611/611 1280/1280
f 998/998 997/997 995/995
f 704/704 703/703 701/701
f 1001/1001 1103/1103 1105/1105
f 701/701 596/596 704/704
f 926/926 1290/1290 927/927
f 1291/1291 1292/1292 1293/1293
f 1133/1133 711/711 904/904
f 1294/1294 904/904 1295/1295
f 1081/1081 1296/1296 1080/1080
f 1297/1297 1211/1211 1210/1210
f 872/872 1077/1077 1298/1298
f 1296/1296 1081/1081 1299/1299
f 1300/1300 1301/1301 1174/1174
f 1178/1178 1302/1302 1176/1176
f 1021/1021 1303/1303 1015/1015
f 1304/1304 1305/1305 1306/1306
f 1307/1307 1146/1146 1145/1145
f 1308/1308 1020/1020 1019/1019
f 617/617 622/622 1017/1017
f 892/892 891/891 1309/1309
f 970/970 1037/1037 719/719
f 839/839 1022/1022 841/841
f 1014/1014 1013/1013 1310/1310
f 1310/1310 1308/1308 1019/1019
f 786/786 785/785 788/788
f 952/952 951/951 777/777
f 1311/1311 1053/1053 1056/1056
f 586/586 1053/1053 1311/1311
f 1126/1126 1125/1125 860/860
f 980/980 1312/1312 1313/1313
f 674/674 673/673 1032/1032
f 888/888 1314/1314 889/889
f 590/590 1070/1070 1069/1069
f 1315/1315 1246/1246 1245/1245
f 748/748 1316/1316 1317/1317
f 1318/1318 1317/1317 1316/1316
f 867/867 869/869 1214/1214
f 1319/1319 853/853 855/855
f 1167/1167 1166/1166 1320/1320
f 965/965 964/964 1079/1079
f 780/780 662/662 1161/1161
f 909/909 911/911 575/575
f 985/985 716/716 1321/1321
f 1264/1264 1263/1263 985/985
f 1322/1322 617/617 1017/1017
f 1306/1306 1323/1323 1304/1304
f 1324/1324 829/829 597/597
f 726/726 1325/1325 988/988
f 1078/1078 1326/1326 1081/1081
f 1327/1327 670/670 618/618
f 1328/1328 1215/1215 978/978
f 752/752 1329/1329 1330/1330
f 771/771 768/768 770/770
f 982/982 984/984 1331/1331
f 579/579 1192/1192 1191/1191
f 1192/1192 579/579 578/578
f 1332/1332 907/907 1333/1333
f 1154/1154 1334/1334 1335/1335
f 1187/1187 778/778 1188/1188
f 968/968 967/967 1336/1336
f 1140/1140 1337/1337 1338/1338
f 977/977 976/976 1339/1339
f 790/790 774/774 788/788
f 774/774 790/790 775/775
f 1278/1278 1277/1277 1340/1340
f 858/858 857/857 1063/1063
f 843/843 1056/1056 640/640
f 1341/1341 1068/1068 1342/1342
f 1234/1234 1281/1281 1233/1233
f 1281/1281 1234/1234 1229/1229
f 718/718 629/629 840/840
f 629/629 1163/1163 1162/1162
f 1343/1343 1060/1060 1153/1153
f 1344/1344 1345/1345 1346/1346
f 1347/1347 1348/1348 1349/1349
f 1350/1350 1351/1351 1352/1352
f 980/980 979/979 1312/1312
f 856/856 1353/1353 1354/1354
f 973/973 598/598 599/599
f 727/727 1115/1115 1118/1118
f 961/961 757/757 1006/1006
f 757/757 961/961 1355/1355
f 649/649 737/737 1356/1356
f 737/737 649/649 651/651
f 1171/1171 1155/1155 1170/1170
f 1156/1156 1155/1155 1171/1171
f 1357/1357 1358/1358 1290/1290
f 927/927 1290/1290 1358/1358
f 1359/1359 1360/1360 1361/1361
f 1360/1360 1359/1359 1121/1121
f 1362/1362 1039/1039 1026/1026
f 1362/1362 1026/1026 1027/1027
f 943/943 937/937 1363/1363
f 1201/1201 1200/1200 1198/1198
f 900/900 899/899 1364/1364
f 1365/1365 1366/1366 1364/1364
f 834/834 915/915 877/877
f 1276/1276 1110/1110 1109/1109
f 1367/1367 1113/1113 1112/1112
f 917/917 947/947 918/918
f 1368/1368 994/994 1199/1199
f 1369/1369 1202/1202 994/994
f 1047/1047 1227/1227 1370/1370
f 1048/1048 1149/1149 1226/1226
f 1226/1226 1149/1149 1224/1224
f 1049/1049 1044/1044 1045/1045
f 1349/1349 1205/1205 1203/1203
f 946/946 878/878 947/947
f 1209/1209 1371/1371 1207/1207
f 835/835 945/945 833/833
f 1372/1372 677/677 676/676
f 1373/1373 1031/1031 1374/1374
f 1036/1036 1035/1035 1116/1116
f 993/993 728/728 721/721
f 577/577 1375/1375 575/575
f 1061/1061 665/665 1376/1376
f 1376/1376 665/665 1159/1159
f 912/912 1377/1377 1378/1378
f 955/955 766/766 956/956
f 1071/1071 955/955 1123/1123
f 1379/1379 1380/1380 1381/1381
f 1379/1379 1109/1109 1108/1108
f 1382/1382 1136/1136 856/856
f 1136/1136 576/576 861/861
f 1383/1383 1361/1361 1384/1384
f 1120/1120 1119/1119 1122/1122
f 1182/1182 738/738 1183/1183
f 612/612 611/611 608/608
f 1127/1127 1126/1126 1123/1123
f 1123/1123 955/955 1127/1127
f 1385/1385 1024/1024 1265/1265
f 1331/1331 768/768 771/771
f 831/831 1386/1386 1132/1132
f 1273/1273 1386/1386 1387/1387
f 1229/1229 701/701 1388/1388
f 1229/1229 1388/1388 1281/1281
f 1012/1012 736/736 1182/1182
f 739/739 1011/1011 1183/1183
f 1389/1389 1390/1390 865/865
f 1390/1390 1389/1389 1321/1321
f 1045/1045 707/707 1046/1046
f 903/903 902/902 1045/1045
f 594/594 1279/1279 1288/1288
f 1280/1280 581/581 1289/1289
f 1135/1135 1134/1134 1391/1391
f 1392/1392 863/863 709/709
f 1249/1249 593/593 928/928
f 582/582 1251/1251 929/929
f 1015/1015 1393/1393 1016/1016
f 1305/1305 1394/1394 1395/1395
f 950/950 949/949 1396/1396
f 1073/1073 1080/1080 1076/1076
f 1288/1288 595/595 594/594
f 583/583 1289/1289 581/581
f 972/972 971/971 720/720
f 1118/1118 1117/1117 727/727
f 560/560 647/647 1397/1397
f 1398/1398 1399/1399 1400/1400
f 928/928 1250/1250 1249/1249
f 1252/1252 929/929 1251/1251
f 1048/1048 1045/1045 902/902
f 706/706 1048/1048 1150/1150
f 1401/1401 1402/1402 1403/1403
f 1404/1404 1405/1405 1158/1158
f 1023/1023 841/841 1022/1022
f 1301/1301 1300/1300 1178/1178
f 1227/1227 1406/1406 1407/1407
f 925/925 924/924 1408/1408
f 1409/1409 1040/1040 1410/1410
f 1260/1260 1255/1255 1261/1261
f 1318/1318 955/955 957/957
f 955/955 1318/1318 1127/1127
f 1411/1411 1412/1412 1413/1413
f 718/718 1412/1412 1411/1411
f 1038/1038 1414/1414 1263/1263
f 1414/1414 985/985 1263/1263
f 622/622 893/893 775/775
f 673/673 775/775 893/893
f 628/628 1217/1217 1219/1219
f 974/974 720/720 971/971
f 1286/1286 1415/1415 936/936
f 936/936 1415/1415 828/828
f 856/856 1416/1416 1382/1382
f 575/575 1137/1137 909/909
f 1417/1417 1418/1418 773/773
f 775/775 1418/1418 1417/1417
f 1177/1177 1176/1176 1173/1173
f 838/838 718/718 840/840
f 1077/1077 1326/1326 1078/1078
f 1077/1077 872/872 1299/1299
f 620/620 776/776 967/967
f 1165/1165 619/619 671/671
f 675/675 1309/1309 891/891
f 1309/1309 675/675 674/674
f 1419/1419 1200/1200 1267/1267
f 1200/1200 1199/1199 1198/1198
f 705/705 1420/1420 1287/1287
f 1420/1420 705/705 704/704
f 901/901 1043/1043 899/899
f 1043/1043 1421/1421 869/869
f 1422/1422 886/886 1212/1212
f 886/886 1422/1422 884/884
f 1174/1174 1173/1173 1176/1176
f 1423/1423 1424/1424 1425/1425
f 1070/1070 590/590 592/592
f 1067/1067 1066/1066 657/657
f 1055/1055 1054/1054 1052/1052
f 640/640 931/931 930/930
f 999/999 750/750 749/749
f 750/750 1104/1104 1426/1426
f 1233/1233 993/993 1234/1234
f 1232/1232 1231/1231 989/989
f 780/780 1427/1427 1428/1428
f 1124/1124 1427/1427 780/780
f 1009/1009 1429/1429 755/755
f 1429/1429 1009/1009 1026/1026
f 1151/1151 1152/1152 708/708
f 707/707 754/754 1222/1222
f 1222/1222 754/754 1220/1220
f 708/708 1152/1152 706/706
f 1430/1430 1159/1159 665/665
f 977/977 1159/1159 1430/1430
f 1138/1138 1431/1431 1136/1136
f 1431/1431 1138/1138 1432/1432
f 1120/1120 1433/1433 1121/1121
f 1121/1121 1433/1433 1360/1360
f 682/682 1434/1434 1147/1147
f 1245/1245 1244/1244 646/646
f 887/887 738/738 651/651
f 614/614 1183/1183 738/738
f 793/793 1435/1435 905/905
f 1346/1346 1223/1223 1344/1344
f 906/906 905/905 1435/1435
f 1038/1038 1039/1039 792/792
f 1259/1259 695/695 578/578
f 695/695 1259/1259 1258/1258
f 1298/1298 1080/1080 1436/1436
f 1210/1210 1014/1014 1298/1298
f 1375/1375 577/577 913/913
f 914/914 913/913 577/577
f 1225/1225 1051/1051 1437/1437
f 1047/1047 1044/1044 1049/1049
f 622/622 1438/1438 872/872
f 872/872 1211/1211 1297/1297
f 678/678 893/893 892/892
f 1439/1439 1440/1440 1441/1441
f 953/953 1188/1188 778/778
f 948/948 963/963 964/964
f 858/858 1235/1235 908/908
f 1442/1442 1443/1443 1403/1403
f 1444/1444 1072/1072 1071/1071
f 955/955 1071/1071 766/766
f 1372/1372 1445/1445 784/784
f 782/782 784/784 1445/1445
f 663/663 1329/1329 752/752
f 1340/1340 1065/1065 1278/1278
f 832/832 1446/1446 1003/1003
f 1004/1004 1365/1365 1364/1364
f 599/599 969/969 973/973
f 1219/1219 1218/1218 628/628
f 1116/1116 721/721 1036/1036
f 721/721 1116/1116 1118/1118
f 578/578 1005/1005 1192/1192
f 1262/1262 1130/1130 983/983
f 617/617 1322/1322 1013/1013
f 1145/1145 1144/1144 1447/1447
f 607/607 1448/1448 1449/1449
f 1450/1450 822/822 821/821
f 588/588 1451/1451 1452/1452
f 1453/1453 686/686 1454/1454
f 1094/1094 1455/1455 1456/1456
f 1457/1457 922/922 1458/1458
f 1459/1459 700/700 699/699
f 816/816 1460/1460 1461/1461
f 1462/1462 932/932 1463/1463
f 644/644 1464/1464 1465/1465
f 1466/1466 731/731 730/730
f 568/568 1467/1467 1468/1468
f 769/769 1469/1469 1470/1470
f 1471/1471 934/934 1472/1472
f 1473/1473 802/802 801/801
f 803/803 1474/1474 1475/1475
f 684/684 1476/1476 1477/1477
f 1476/1476 794/794 1478/1478
f 1147/1147 1479/1479 806/806
f 1480/1480 1084/1084 805/805
f 761/761 1481/1481 1482/1482
f 1483/1483 1089/1089 1484/1484
f 758/758 1485/1485 563/563
f 1481/1481 760/760 571/571
f 1058/1058 1486/1486 1059/1059
f 710/710 709/709 863/863
f 987/987 1233/1233 1281/1281
f 1363/1363 987/987 943/943
f 792/792 1256/1256 1038/1038
f 1254/1254 1414/1414 1038/1038
f 813/813 1095/1095 1487/1487
f 812/812 1458/1458 922/922
f 697/697 1461/1461 1460/1460
f 1096/1096 1488/1488 809/809
f 1091/1091 1489/1489 826/826
f 823/823 1090/1090 1490/1490
f 825/825 1449/1449 1448/1448
f 604/604 1454/1454 686/686
f 896/896 1092/1092 1491/1491
f 796/796 1475/1475 1474/1474
f 799/799 1472/1472 934/934
f 1093/1093 1492/1492 895/895
f 735/735 1468/1468 1467/1467
f 732/732 1097/1097 1493/1493
f 562/562 1463/1463 932/932
f 1098/1098 1494/1494 734/734
f 655/655 1495/1495 1496/1496
f 693/693 1497/1497 958/958
f 592/592 1114/1114 1498/1498
f 659/659 959/959 1499/1499
f 771/771 1500/1500 667/667
f 797/797 935/935 1197/1197
f 801/801 1501/1501 1473/1473
f 1470/1470 770/770 769/769
f 564/564 1086/1086 1502/1502
f 636/636 1484/1484 1089/1089
f 571/571 1482/1482 1481/1481
f 1088/1088 1503/1503 631/631
f 805/805 1504/1504 1480/1480
f 1083/1083 1505/1505 920/920
f 919/919 1085/1085 1506/1506
f 681/681 1478/1478 794/794
f 745/745 1507/1507 1508/1508
f 1100/1100 1509/1509 894/894
f 741/741 1101/1101 1510/1510
f 743/743 1511/1511 1099/1099
f 960/960 1512/1512 690/690
f 658/658 1513/1513 959/959
f 691/691 1496/1496 1495/1495
f 688/688 958/958 1514/1514
f 632/632 1515/1515 746/746
f 740/740 1516/1516 1517/1517
f 1508/1508 633/633 745/745
f 579/579 1099/1099 634/634
f 810/810 923/923 1029/1029
f 962/962 1518/1518 815/815
f 699/699 1519/1519 1459/1459
f 1456/1456 1106/1106 1094/1094
f 1452/1452 589/589 588/588
f 602/602 687/687 1160/1160
f 863/863 1520/1520 606/606
f 821/821 1521/1521 1450/1450
f 1522/1522 933/933 932/932
f 981/981 730/730 647/647
f 567/567 1465/1465 1464/1464
f 643/643 645/645 837/837
f 1223/1223 1346/1346 1059/1059
f 904/904 1294/1294 1346/1346
f 1300/1300 1523/1523 1302/1302
f 1302/1302 1178/1178 1300/1300
f 903/903 1524/1524 904/904
f 904/904 1524/1524 1133/1133
f 936/936 828/828 1525/1525
f 827/827 1525/1525 828/828
f 601/601 704/704 596/596
f 704/704 601/601 1420/1420
f 867/867 871/871 1352/1352
f 1352/1352 871/871 1350/1350
f 722/722 1526/1526 1527/1527
f 1526/1526 722/722 1115/1115
f 1528/1528 845/845 1206/1206
f 845/845 1528/1528 846/846
f 1320/1320 1074/1074 1167/1167
f 1074/1074 1320/1320 1529/1529
f 851/851 850/850 854/854
f 1184/1184 1002/1002 1186/1186
f 1324/1324 1530/1530 1527/1527
f 1530/1530 1324/1324 1531/1531
f 565/565 1006/1006 758/758
f 565/565 1008/1008 1006/1006
f 860/860 859/859 1126/1126
f 1124/1124 1123/1123 1126/1126
f 702/702 992/992 991/991
f 701/701 992/992 702/702
f 1034/1034 1532/1532 1117/1117
f 1532/1532 1034/1034 1036/1036
f 896/896 800/800 1092/1092
f 795/795 1533/1533 800/800
f 775/775 1534/1534 1336/1336
f 1336/1336 1534/1534 968/968
f 1168/1168 1327/1327 1166/1166
f 1327/1327 1168/1168 1529/1529
f 1181/1181 1242/1242 1025/1025
f 660/660 1535/1535 1181/1181
f 572/572 1536/1536 573/573
f 1102/1102 1536/1536 661/661
f 1359/1359 1270/1270 1269/1269
f 1361/1361 1383/1383 1359/1359
f 1537/1537 860/860 1125/1125
f 1337/1337 1538/1538 664/664
f 1107/1107 881/881 1539/1539
f 1387/1387 1539/1539 1273/1273
f 772/772 779/779 1534/1534
f 779/779 772/772 774/774
f 630/630 724/724 629/629
f 724/724 630/630 1217/1217
f 625/625 784/784 783/783
f 1156/1156 781/781 1161/1161
f 1353/1353 1540/1540 975/975
f 1541/1541 1313/1313 1312/1312
f 1542/1542 1028/1028 1010/1010
f 925/925 1543/1543 1542/1542
f 1544/1544 1261/1261 1255/1255
f 1255/1255 1254/1254 1410/1410
f 1394/1394 1143/1143 1395/1395
f 1143/1143 1394/1394 1447/1447
f 1545/1545 1120/1120 787/787
f 1120/1120 1545/1545 789/789
f 1186/1186 1185/1185 1184/1184
f 1364/1364 1366/1366 900/900
f 625/625 1546/1546 623/623
f 623/623 1444/1444 1030/1030
f 1547/1547 1351/1351 1347/1347
f 1351/1351 1348/1348 1347/1347
f 817/817 1170/1170 1548/1548
f 817/817 818/818 651/651
f 1549/1549 1374/1374 1314/1314
f 1155/1155 1314/1314 1550/1550
f 1529/1529 1075/1075 1074/1074
f 1075/1075 1529/1529 1168/1168
f 1293/1293 926/926 1291/1291
f 1046/1046 1050/1050 926/926
f 1196/1196 807/807 1195/1195
f 919/919 680/680 1551/1551
f 1527/1527 723/723 722/722
f 723/723 1527/1527 1530/1530
f 996/996 1363/1363 937/937
f 1363/1363 996/996 1525/1525
f 757/757 1355/1355 635/635
f 631/631 1087/1087 1088/1088
f 662/662 1552/1552 1236/1236
f 1237/1237 1236/1236 1553/1553
f 894/894 747/747 1100/1100
f 1191/1191 742/742 579/579
f 1032/1032 1554/1554 1549/1549
f 1373/1373 1554/1554 624/624
f 971/971 1413/1413 725/725
f 725/725 1413/1413 1412/1412
f 797/797 586/586 1311/1311
f 657/657 797/797 1067/1067
f 773/773 1555/1555 1417/1417
f 1188/1188 1555/1555 773/773
f 1065/1065 1340/1340 1063/1063
f 1556/1556 1557/1557 1238/1238
f 874/874 617/617 1014/1014
f 874/874 1014/1014 1438/1438
f 734/734 732/732 561/561
f 1194/1194 1558/1558 566/566
f 1295/1295 1559/1559 1294/1294
f 1559/1559 1295/1295 710/710
f 895/895 896/896 798/798
f 842/842 1560/1560 668/668
f 1028/1028 1046/1046 707/707
f 1039/1039 1362/1362 707/707
f 1132/1132 1561/1561 882/882
f 852/852 884/884 850/850
f 690/690 656/656 960/960
f 690/690 1228/1228 660/660
f 1403/1403 1443/1443 1401/1401
f 1553/1553 1562/1562 1237/1237
f 713/713 712/712 716/716
f 716/716 1250/1250 713/713
f 729/729 734/734 733/733
f 733/733 1563/1563 729/729
f 759/759 1564/1564 761/761
f 758/758 1089/1089 1485/1485
f 942/942 1284/1284 827/827
f 937/937 944/944 938/938
f 1249/1249 715/715 864/864
f 714/714 864/864 715/715
f 1221/1221 1220/1220 1565/1565
f 905/905 1565/1565 1566/1566
f 1330/1330 1567/1567 752/752
f 1567/1567 1330/1330 1568/1568
f 1351/1351 1350/1350 1348/1348
f 1208/1208 1207/1207 1350/1350
f 941/941 1287/1287 1420/1420
f 1388/1388 1569/1569 1281/1281
f 576/576 1338/1338 664/664
f 664/664 1338/1338 1337/1337
f 1380/1380 1379/1379 1108/1108
f 1112/1112 1111/1111 881/881
f 1146/1146 1310/1310 1013/1013
f 622/622 873/873 1018/1018
f 1147/1147 1084/1084 1479/1479
f 683/683 1570/1570 684/684
f 1137/1137 1378/1378 1158/1158
f 1158/1158 1378/1378 1404/1404
f 809/809 814/814 1096/1096
f 1571/1571 811/811 810/810
f 1275/1275 1274/1274 1272/1272
f 886/886 1109/1109 1379/1379
f 1356/1356 1572/1572 1573/1573
f 737/737 1572/1572 1356/1356
f 1308/1308 1307/1307 1020/1020
f 1395/1395 1574/1574 1015/1015
f 917/917 1575/1575 946/946
f 1205/1205 1209/1209 1576/1576
f 1577/1577 1391/1391 1392/1392
f 1391/1391 1577/1577 1133/1133
f 1183/1183 612/612 1182/1182
f 612/612 1183/1183 1011/1011
f 832/832 1578/1578 1446/1446
f 1365/1365 883/883 1184/1184
f 738/738 887/887 614/614
f 887/887 615/615 614/614
f 1248/1248 1573/1573 1572/1572
f 1071/1071 1573/1573 1248/1248
f 608/608 1182/1182 612/612
f 1182/1182 608/608 1012/1012
f 1428/1428 1552/1552 662/662
f 1428/1428 662/662 780/780
f 611/611 1289/1289 609/609
f 609/609 608/608 611/611
f 1579/1579 603/603 602/602
f 826/826 605/605 1091/1091
f 616/616 1216/1216 737/737
f 737/737 736/736 616/616
f 1407/1407 1370/1370 1227/1227
f 707/707 1370/1370 1407/1407
f 1048/1048 1580/1580 1335/1335
f 1335/1335 1580/1580 1154/1154
f 898/898 1581/1581 853/853
f 851/851 1581/1581 898/898
f 1080/1080 1298/1298 1077/1077
f 1077/1077 1076/1076 1080/1080
f 1079/1079 1167/1167 965/965
f 1078/1078 1167/1167 1079/1079
f 966/966 1396/1396 964/964
f 1396/1396 966/966 950/950
f 1288/1288 609/609 1289/1289
f 1289/1289 583/583 1288/1288
f 739/739 616/616 736/736
f 736/736 1012/1012 739/739
f 1280/1280 613/613 1279/1279
f 1279/1279 594/594 1280/1280
f 581/581 1280/1280 594/594
f 594/594 593/593 581/581
f 1011/1011 739/739 1012/1012
f 1012/1012 610/610 1011/1011
f 613/613 1011/1011 610/610
f 610/610 1279/1279 613/613
f 924/924 755/755 1290/1290
f 926/926 1293/1293 1290/1290
f 583/583 929/929 595/595
f 595/595 1288/1288 583/583
f 593/593 582/582 581/581
f 1251/1251 582/582 593/593
f 929/929 1252/1252 928/928
f 928/928 595/595 929/929
f 864/864 1251/1251 1249/1249
f 593/593 1249/1249 1251/1251
f 1540/1540 1353/1353 856/856
f 856/856 1136/1136 861/861
f 696/696 1582/1582 698/698
f 698/698 809/809 696/696
f 918/918 915/915 916/916
f 1113/1113 1276/1276 1275/1275
f 1174/1174 1425/1425 1300/1300
f 1425/1425 1174/1174 1423/1423
f 1250/1250 928/928 1252/1252
f 1252/1252 713/713 1250/1250
f 823/823 826/826 824/824
f 824/824 1583/1583 820/820
f 1201/1201 1584/1584 1202/1202
f 1202/1202 1584/1584 994/994
f 1556/1556 1442/1442 858/858
f 858/858 1442/1442 1403/1403
f 1015/1015 1305/1305 1395/1395
f 1305/1305 1015/1015 1303/1303
f 1319/1319 1585/1585 1212/1212
f 1212/1212 1585/1585 1422/1422
f 1122/1122 1361/1361 1586/1586
f 1361/1361 1122/1122 1119/1119
f 1115/1115 1531/1531 1526/1526
f 1531/1531 1115/1115 1530/1530
f 701/701 1587/1587 1388/1388
f 1587/1587 701/701 703/703
f 1445/1445 678/678 782/782
f 782/782 1439/1439 1155/1155
f 1588/1588 775/775 790/790
f 775/775 1588/1588 786/786
f 993/993 1325/1325 726/726
f 993/993 1233/1233 1232/1232
f 1162/1162 1164/1164 765/765
f 1162/1162 765/765 1001/1001
f 650/650 649/649 781/781
f 650/650 781/781 1156/1156
f 1026/1026 1038/1038 639/639
f 1026/1026 639/639 666/666
f 911/911 1589/1589 1552/1552
f 1553/1553 1236/1236 1552/1552
f 1318/1318 957/957 1317/1317
f 1164/1164 1163/1163 954/954
f 777/777 949/949 778/778
f 949/949 777/777 951/951
f 1321/1321 1590/1590 1390/1390
f 716/716 1590/1590 1321/1321
f 1447/1447 1323/1323 1145/1145
f 1323/1323 1447/1447 1394/1394
f 1461/1461 697/697 1591/1591
f 1487/1487 1095/1095 1488/1488
f 1490/1490 1090/1090 1489/1489
f 1449/1449 825/825 1592/1592
f 1491/1491 1092/1092 1492/1492
f 1475/1475 796/796 1593/1593
f 1257/1257 744/744 584/584
f 1258/1258 741/741 1582/1582
f 1468/1468 735/735 1594/1594
f 1493/1493 1097/1097 1494/1494
f 648/648 804/804 646/646
f 648/648 729/729 1563/1563
f 1021/1021 1298/1298 1019/1019
f 1298/1298 1021/1021 872/872
f 756/756 1228/1228 1583/1583
f 692/692 689/689 591/591
f 631/631 1503/1503 571/571
f 1595/1595 1086/1086 563/563
f 1272/1272 1271/1271 1275/1275
f 1539/1539 881/881 1111/1111
f 894/894 1509/1509 745/745
f 1517/1517 1101/1101 740/740
f 1477/1477 1085/1085 684/684
f 920/920 1505/1505 805/805
f 1496/1496 691/691 1596/1596
f 1596/1596 958/958 1497/1497
f 1597/1597 959/959 1513/1513
f 1495/1495 655/655 1597/1597
f 1399/1399 1398/1398 647/647
f 647/647 646/646 1399/1399
f 1598/1598 1181/1181 1535/1535
f 1599/1599 1242/1242 659/659
f 1546/1546 625/625 574/574
f 625/625 783/783 574/574
f 859/859 861/861 576/576
f 576/576 575/575 1124/1124
f 838/838 1173/1173 1022/1022
f 1173/1173 838/838 1177/1177
f 1441/1441 889/889 1314/1314
f 1441/1441 892/892 889/889
f 856/856 1354/1354 1568/1568
f 1568/1568 1354/1354 1567/1567
f 1177/1177 840/840 1023/1023
f 840/840 1177/1177 838/838
f 1150/1150 906/906 706/706
f 707/707 706/706 1039/1039
f 926/926 1600/1600 1046/1046
f 903/903 1045/1045 1046/1046
f 700/700 1457/1457 1591/1591
f 1460/1460 1094/1094 697/697
f 1451/1451 607/607 606/606
f 686/686 1450/1450 1521/1521
f 1448/1448 588/588 825/825
f 822/822 1453/1453 1592/1592
f 731/731 1462/1462 1594/1594
f 1467/1467 644/644 735/735
f 934/934 1473/1473 1501/1501
f 1469/1469 803/803 667/667
f 1464/1464 568/568 567/567
f 932/932 1466/1466 1522/1522
f 802/802 1471/1471 1593/1593
f 1474/1474 769/769 796/796
f 922/922 1459/1459 1519/1519
f 1455/1455 816/816 815/815
f 601/601 596/596 1105/1105
f 1000/1000 627/627 626/626
f 999/999 749/749 718/718
f 718/718 749/749 629/629
f 1103/1103 751/751 1104/1104
f 752/752 1104/1104 751/751
f 845/845 844/844 1576/1576
f 1206/1206 845/845 1208/1208
f 667/667 1470/1470 1469/1469
f 1501/1501 935/935 934/934
f 606/606 1452/1452 1451/1451
f 1521/1521 687/687 686/686
f 815/815 1456/1456 1455/1455
f 1519/1519 923/923 922/922
f 1516/1516 1099/1099 1511/1511
f 746/746 1508/1508 1507/1507
f 560/560 933/933 981/981
f 837/837 567/567 836/836
f 1400/1400 641/641 1398/1398
f 641/641 1400/1400 642/642
f 1218/1218 1601/1601 628/628
f 628/628 1601/1601 626/626
f 1465/1465 645/645 644/644
f 730/730 1522/1522 1466/1466
f 719/719 1035/1035 720/720
f 1035/1035 719/719 1037/1037
f 1110/1110 1367/1367 1108/1108
f 877/877 947/947 878/878
f 991/991 990/990 1233/1233
f 1233/1233 1231/1231 1232/1232
f 1368/1368 1369/1369 994/994
f 1419/1419 1267/1267 1602/1602
f 1269/1269 1268/1268 1384/1384
f 1384/1384 1268/1268 1383/1383
f 771/771 770/770 1500/1500
f 1197/1197 801/801 586/586
f 1106/1106 1518/1518 962/962
f 1029/1029 699/699 921/921
f 634/634 740/740 580/580
f 632/632 633/633 1515/1515
f 1160/1160 821/821 682/682
f 589/589 1520/1520 863/863
f 810/810 921/921 759/759
f 810/810 763/763 1571/1571
f 1323/1323 1306/1306 1145/1145
f 1021/1021 1020/1020 1306/1306
f 1082/1082 1551/1551 680/680
f 920/920 1082/1082 1083/1083
f 1154/1154 1151/1151 1150/1150
f 1151/1151 1154/1154 1580/1580
f 1153/1153 1150/1150 1343/1343
f 902/902 1150/1150 1048/1048
f 1603/1603 683/683 1544/1544
f 679/679 683/683 1603/1603
f 1604/1604 1605/1605 1606/1606
f 1177/1177 1605/1605 1604/1604
f 861/861 1432/1432 976/976
f 976/976 1432/1432 1138/1138
f 757/757 758/758 1006/1006
f 758/758 757/757 1089/1089
f 1292/1292 1291/1291 1224/1224
f 1542/1542 1543/1543 1406/1406
f 1558/1558 1194/1194 1193/1193
f 747/747 894/894 1191/1191
f 656/656 690/690 660/660
f 1560/1560 842/842 1179/1179
f 585/585 560/560 930/930
f 560/560 585/585 1194/1194
f 671/671 620/620 1165/1165
f 620/620 671/671 621/621
f 834/834 878/878 835/835
f 1371/1371 1349/1349 1348/1348
f 1550/1550 1314/1314 1374/1374
f 1548/1548 1170/1170 1172/1172
f 977/977 1313/1313 1607/1607
f 1538/1538 1337/1337 1537/1537
f 800/800 896/896 795/795
f 896/896 895/895 795/795
f 652/652 654/654 1123/1123
f 1123/1123 654/654 764/764
f 1189/1189 762/762 1190/1190
f 1087/1087 635/635 1355/1355
f 1234/1234 1230/1230 1229/1229
f 1234/1234 721/721 989/989
f 1214/1214 869/869 1319/1319
f 1214/1214 1319/1319 1212/1212
f 659/659 694/694 1599/1599
f 1429/1429 1241/1241 755/755
f 1361/1361 1608/1608 1586/1586
f 1586/1586 1608/1608 1609/1609
f 1363/1363 1525/1525 827/827
f 987/987 1363/1363 940/940
f 1299/1299 1297/1297 1296/1296
f 872/872 1297/1297 1299/1299
f 1175/1175 1606/1606 1605/1605
f 1174/1174 1606/1606 1175/1175
f 1389/1389 1265/1265 1264/1264
f 1265/1265 1389/1389 1385/1385
f 1610/1610 1611/1611 830/830
f 830/830 867/867 1610/1610
f 1281/1281 943/943 987/987
f 943/943 1281/1281 944/944
f 844/844 1547/1547 1203/1203
f 1004/1004 1547/1547 844/844
f 982/982 865/865 717/717
f 982/982 717/717 1128/1128
f 1162/1162 1001/1001 596/596
f 1001/1001 1105/1105 596/596
f 1345/1345 1565/1565 1220/1220
f 1334/1334 1154/1154 1153/1153
f 1052/1052 931/931 1055/1055
f 585/585 931/931 1052/1052
f 1123/1123 780/780 652/652
f 652/652 780/780 653/653
f 893/893 677/677 673/673
f 678/678 677/677 893/893
f 848/848 846/846 1528/1528
f 1003/1003 870/870 830/830
f 819/819 1444/1444 1071/1071
f 819/819 1030/1030 1444/1444
f 578/578 962/962 961/961
f 961/961 962/962 815/815
f 891/891 617/617 675/675
f 675/675 617/617 673/673
f 1028/1028 1542/1542 1227/1227
f 1406/1406 1227/1227 1542/1542
f 793/793 1566/1566 791/791
f 1566/1566 793/793 905/905
f 1297/1297 1436/1436 1296/1296
f 1080/1080 1296/1296 1436/1436
f 1401/1401 1405/1405 1404/1404
f 1061/1061 1401/1401 1553/1553
f 831/831 916/916 834/834
f 831/831 830/830 1611/1611
f 1612/1612 828/828 1415/1415
f 705/705 828/828 1612/1612
f 1449/1449 1454/1454 604/604
f 1489/1489 1091/1091 1490/1490
f 1461/1461 1458/1458 812/812
f 1488/1488 1096/1096 1487/1487
f 1475/1475 1472/1472 799/799
f 1492/1492 1093/1093 1491/1491
f 1494/1494 1098/1098 1493/1493
f 1468/1468 1463/1463 562/562
f 1503/1503 1088/1088 1502/1502
f 1482/1482 1484/1484 636/636
f 1509/1509 1100/1100 1510/1510
f 1507/1507 1511/1511 743/743
f 1505/1505 1083/1083 1506/1506
f 1504/1504 1478/1478 681/681
f 1512/1512 960/960 1514/1514
f 1496/1496 1513/1513 658/658
f 1589/1589 911/911 914/914
f 1589/1589 914/914 1061/1061
f 1291/1291 1225/1225 1224/1224
f 1051/1051 1225/1225 1050/1050
f 1498/1498 1114/1114 1499/1499
f 1495/1495 1497/1497 693/693
f 637/637 639/639 1038/1038
f 637/637 1038/1038 638/638
f 1042/1042 1351/1351 1547/1547
f 1351/1351 1042/1042 868/868
f 860/860 1537/1537 1337/1337
f 860/860 1337/1337 1140/1140
f 880/880 879/879 876/876
f 1381/1381 1213/1213 1379/1379
f 763/763 1189/1189 1571/1571
f 1189/1189 1190/1190 814/814
f 1403/1403 1402/1402 910/910
f 910/910 1377/1377 912/912
f 1565/1565 905/905 1221/1221
f 907/907 1332/1332 905/905
f 580/580 1259/1259 578/578
f 1259/1259 580/580 741/741
f 908/908 1235/1235 909/909
f 1416/1416 909/909 1137/1137
f 1402/1402 1401/1401 1404/1404
f 1377/1377 910/910 1402/1402
f 820/820 823/823 824/824
f 823/823 820/820 1090/1090
f 1613/1613 1312/1312 979/979
f 1312/1312 1613/1613 1541/1541
f 927/927 1614/1614 1133/1133
f 1133/1133 1614/1614 1391/1391
f 1429/1429 1025/1025 1241/1241
f 1026/1026 1025/1025 1429/1429
f 1302/1302 1424/1424 1423/1423
f 1424/1424 1302/1302 1523/1523
f 1615/1615 1199/1199 1200/1200
f 1602/1602 1199/1199 1419/1419
f 1196/1196 1195/1195 605/605
f 808/808 1196/1196 1579/1579
f 586/586 800/800 1239/1239
f 1533/1533 1239/1239 800/800
f 732/732 734/734 729/729
f 732/732 729/729 1097/1097
f 813/813 698/698 1095/1095
f 813/813 809/809 698/698
f 809/809 813/813 811/811
f 811/811 1571/1571 809/809
f 707/707 1362/1362 1028/1028
f 1027/1027 1028/1028 1362/1362
f 1331/1331 1385/1385 982/982
f 1385/1385 1331/1331 1024/1024
f 603/603 1579/1579 826/826
f 826/826 823/823 603/603
f 959/959 1597/1597 655/655
f 592/592 1498/1498 655/655
f 1420/1420 939/939 941/941
f 991/991 1169/1169 702/702
f 1616/1616 1059/1059 1346/1346
f 1059/1059 1616/1616 1057/1057
f 621/621 1438/1438 622/622
f 1438/1438 621/621 874/874
f 690/690 1512/1512 691/691
f 958/958 1596/1596 691/691
f 1054/1054 1056/1056 1053/1053
f 1053/1053 1052/1052 1054/1054
f 895/895 668/668 1093/1093
f 895/895 842/842 668/668
f 734/734 566/566 1098/1098
f 566/566 734/734 1194/1194
f 1256/1256 1254/1254 1038/1038
f 1409/1409 1256/1256 1040/1040
f 1161/1161 574/574 1156/1156
f 574/574 1161/1161 661/661
f 904/904 1346/1346 1617/1617
f 1617/1617 1346/1346 1345/1345
f 1292/1292 1408/1408 924/924
f 1543/1543 1292/1292 1224/1224
f 794/794 1476/1476 806/806
f 806/806 1480/1480 1504/1504
f 752/752 1426/1426 1104/1104
f 1426/1426 752/752 1567/1567
f 1607/1607 975/975 977/977
f 975/975 1607/1607 1353/1353
f 1482/1482 571/571 1595/1595
f 1086/1086 1595/1595 571/571
f 1507/1507 745/745 1517/1517
f 1101/1101 1517/1517 745/745
f 1085/1085 1477/1477 805/805
f 1504/1504 805/805 1477/1477
f 760/760 1481/1481 563/563
f 563/563 1483/1483 1595/1595
f 663/663 1278/1278 1065/1065
f 662/662 1278/1278 663/663
f 875/875 831/831 834/834
f 834/834 833/833 875/875
f 1427/1427 575/575 911/911
f 1427/1427 1124/1124 575/575
f 1095/1095 1591/1591 697/697
f 1591/1591 1095/1095 700/700
f 1592/1592 1090/1090 822/822
f 1090/1090 1592/1592 825/825
f 1593/1593 1092/1092 802/802
f 1092/1092 1593/1593 796/796
f 1594/1594 1097/1097 731/731
f 1097/1097 1594/1594 735/735
f 1434/1434 590/590 1069/1069
f 682/682 590/590 1434/1434
f 1128/1128 986/986 985/985
f 1131/1131 1262/1262 985/985
f 1039/1039 706/706 906/906
f 906/906 1435/1435 1039/1039
f 1277/1277 1238/1238 1557/1557
f 1236/1236 1238/1238 1277/1277
f 1422/1422 850/850 884/884
f 850/850 1422/1422 855/855
f 1089/1089 1483/1483 761/761
f 761/761 1564/1564 1089/1089
f 686/686 1453/1453 607/607
f 607/607 1451/1451 686/686
f 822/822 1450/1450 588/588
f 588/588 1448/1448 822/822
f 1094/1094 1460/1460 700/700
f 700/700 1459/1459 1094/1094
f 644/644 1467/1467 731/731
f 731/731 1466/1466 644/644
f 568/568 1464/1464 932/932
f 932/932 1462/1462 568/568
f 803/803 1469/1469 934/934
f 934/934 1471/1471 803/803
f 769/769 1474/1474 802/802
f 802/802 1473/1473 769/769
f 1007/1007 1006/1006 1008/1008
f 768/768 1331/1331 984/984
f 922/922 1457/1457 816/816
f 816/816 1455/1455 922/922
f 1397/1397 930/930 560/560
f 930/930 1397/1397 1247/1247
f 1311/1311 1342/1342 797/797
f 1342/1342 1311/1311 1341/1341
f 1030/1030 819/819 818/818
f 1030/1030 1548/1548 1172/1172
f 1117/1117 1116/1116 1037/1037
f 1037/1037 1116/1116 1035/1035
f 804/804 648/648 685/685
f 685/685 1551/1551 804/804
f 1068/1068 1618/1618 1066/1066
f 657/657 1066/1066 1618/1618
f 656/656 1179/1179 657/657
f 1179/1179 656/656 1560/1560
f 1193/1193 747/747 1558/1558
f 747/747 1193/1193 585/585
f 951/951 1396/1396 949/949
f 964/964 1396/1396 951/951
f 950/950 1619/1619 963/963
f 1619/1619 950/950 966/966
f 563/563 1485/1485 760/760
f 759/759 760/760 1564/1564
f 767/767 573/573 1536/1536
f 1102/1102 1103/1103 1536/1536
f 1084/1084 1480/1480 684/684
f 684/684 1570/1570 1084/1084
f 937/937 1201/1201 996/996
f 1201/1201 937/937 998/998
f 699/699 1029/1029 1106/1106
f 1106/1106 1456/1456 699/699
f 624/624 1372/1372 784/784
f 784/784 625/625 624/624
f 707/707 1222/1222 1333/1333
f 1333/1333 1222/1222 1332/1332
f 821/821 1160/1160 589/589
f 589/589 1452/1452 821/821
f 1437/1437 1226/1226 1225/1225
f 1048/1048 1226/1226 1437/1437
f 687/687 1521/1521 606/606
f 606/606 1520/1520 687/687
f 806/806 1479/1479 794/794
f 794/794 1570/1570 683/683
f 935/935 1501/1501 667/667
f 667/667 1500/1500 935/935
f 923/923 1519/1519 815/815
f 815/815 1518/1518 923/923
f 1099/1099 1516/1516 746/746
f 746/746 1515/1515 1099/1099
f 801/801 1197/1197 770/770
f 770/770 1470/1470 801/801
f 1303/1303 1021/1021 1306/1306
f 1303/1303 1306/1306 1305/1305
f 740/740 634/634 633/633
f 633/633 1508/1508 740/740
f 1125/1125 980/980 1537/1537
f 980/980 748/748 978/978
f 645/645 1465/1465 730/730
f 730/730 981/981 645/645
f 567/567 837/837 933/933
f 933/933 1522/1522 567/567
f 1350/1350 1206/1206 1208/1208
f 1206/1206 1350/1350 871/871
f 842/842 798/798 797/797
f 798/798 842/842 895/895
f 561/561 1194/1194 734/734
f 1194/1194 561/561 560/560
f 1552/1552 1428/1428 911/911
f 911/911 1428/1428 1427/1427
f 1272/1272 886/886 885/885
f 886/886 1272/1272 1109/1109
f 1338/1338 1139/1139 1140/1140
f 576/576 1139/1139 1338/1338
f 1380/1380 881/881 880/880
f 881/881 1380/1380 1112/1112
f 721/721 728/728 1036/1036
f 1036/1036 728/728 1532/1532
f 942/942 1287/1287 1285/1285
f 1284/1284 942/942 938/938
f 1208/1208 1576/1576 1209/1209
f 845/845 1576/1576 1208/1208
f 1146/1146 1307/1307 1141/1141
f 1310/1310 1146/1146 1018/1018
f 1378/1378 1157/1157 912/912
f 1137/1137 1157/1157 1378/1378
f 631/631 570/570 635/635
f 631/631 635/635 1087/1087
f 827/827 940/940 1363/1363
f 940/940 827/827 1284/1284
f 1145/1145 1020/1020 1307/1307
f 1020/1020 1145/1145 1306/1306
f 865/865 1620/1620 714/714
f 714/714 1620/1620 712/712
f 1308/1308 1310/1310 1393/1393
f 1307/1307 1308/1308 1574/1574
f 941/941 1284/1284 1282/1282
f 1287/1287 941/941 1569/1569
f 1121/1121 1269/1269 1119/1119
f 1269/1269 1121/1121 1359/1359
f 1609/1609 789/789 1586/1586
f 789/789 1609/1609 1120/1120
f 900/900 1185/1185 1421/1421
f 1185/1185 900/900 1366/1366
f 894/894 744/744 742/742
f 894/894 742/742 1191/1191
f 862/862 863/863 606/606
f 1059/1059 1486/1486 862/862
f 1274/1274 1109/1109 1272/1272
f 1109/1109 1274/1274 1276/1276
f 570/570 1239/1239 564/564
f 564/564 635/635 570/570
f 861/861 975/975 1540/1540
f 861/861 1540/1540 856/856
f 1112/1112 1621/1621 1367/1367
f 1621/1621 1112/1112 1380/1380
f 775/775 673/673 774/774
f 774/774 673/673 617/617
f 867/867 875/875 833/833
f 833/833 917/917 867/867
f 1062/1062 665/665 1061/1061
f 576/576 665/665 1062/1062
f 1134/1134 755/755 587/587
f 587/587 863/863 1392/1392
f 1440/1440 1439/1439 678/678
f 782/782 678/678 1439/1439
f 1339/1339 1159/1159 977/977
f 1137/1137 1159/1159 1339/1339
f 938/938 944/944 1284/1284
f 1283/1283 1282/1282 1284/1284
f 1142/1142 1141/1141 1307/1307
f 1574/1574 1395/1395 1307/1307
f 1132/1132 1386/1386 1273/1273
f 885/885 1273/1273 1272/1272
f 783/783 782/782 1156/1156
f 1156/1156 574/574 783/783
f 1181/1181 669/669 1180/1180
f 1181/1181 1243/1243 669/669
f 1286/1286 1285/1285 1287/1287
f 1569/1569 1388/1388 1287/1287
f 1016/1016 1393/1393 1310/1310
f 1018/1018 873/873 1310/1310
f 1348/1348 1207/1207 1371/1371
f 1350/1350 1207/1207 1348/1348
f 1255/1255 643/643 1253/1253
f 643/643 1255/1255 1260/1260
f 690/690 689/689 1228/1228
f 689/689 692/692 1228/1228
f 997/997 936/936 1525/1525
f 936/936 997/997 937/937
f 964/964 953/953 948/948
f 953/953 964/964 951/951
f 573/573 1444/1444 574/574
f 573/573 1072/1072 1444/1444
f 1115/1115 722/722 1118/1118
f 1118/1118 722/722 721/721
f 1167/1167 1074/1074 965/965
f 965/965 1074/1074 1073/1073
f 576/576 1124/1124 859/859
f 1126/1126 859/859 1124/1124
f 744/744 1257/1257 741/741
f 741/741 742/742 744/744
f 869/869 1421/1421 897/897
f 897/897 1421/1421 1185/1185
f 972/972 1117/1117 1037/1037
f 1117/1117 972/972 1034/1034
f 727/727 1532/1532 728/728
f 1117/1117 1532/1532 727/727
f 1079/1079 963/963 1076/1076
f 964/964 963/963 1079/1079
f 974/974 1217/1217 627/627
f 1217/1217 974/974 724/724
f 617/617 1165/1165 967/967
f 967/967 1165/1165 620/620
f 775/775 1187/1187 1534/1534
f 1534/1534 1187/1187 772/772
f 753/753 1407/1407 1406/1406
f 707/707 1407/1407 753/753
f 1064/1064 1329/1329 1065/1065
f 1065/1065 1329/1329 663/663
f 1048/1048 1335/1335 1148/1148
f 1148/1148 1335/1335 1334/1334
f 1324/1324 600/600 599/599
f 600/600 1324/1324 597/597
f 596/596 973/973 1218/1218
f 1218/1218 973/973 969/969
f 597/597 702/702 600/600
f 702/702 597/597 596/596
f 627/627 999/999 718/718
f 627/627 718/718 974/974
f 1322/1322 1447/1447 1144/1144
f 1447/1447 1322/1322 1143/1143
f 1004/1004 1446/1446 1578/1578
f 1003/1003 1446/1446 1004/1004
f 1005/1005 983/983 1130/1130
f 984/984 983/983 1005/1005
f 1206/1206 849/849 1528/1528
f 1528/1528 849/849 848/848
f 1343/1343 1150/1150 902/902
f 1060/1060 1343/1343 902/902
f 1270/1270 1383/1383 1268/1268
f 1270/1270 1359/1359 1383/1383
f 1523/1523 1300/1300 1425/1425
f 1523/1523 1425/1425 1424/1424
f 618/618 874/874 672/672
f 617/617 874/874 618/618
f 1561/1561 884/884 882/882
f 1561/1561 885/885 884/884
f 1147/1147 808/808 602/602
f 602/602 808/808 1579/1579
f 1119/1119 1384/1384 1361/1361
f 1384/1384 1119/1119 1269/1269
f 1305/1305 1304/1304 1394/1394
f 1394/1394 1304/1304 1323/1323
f 1622/1622 1341/1341 843/843
f 1622/1622 843/843 1618/1618
f 1253/1253 643/643 836/836
f 985/985 1414/1414 1131/1131
f 1423/1423 1176/1176 1302/1302
f 1176/1176 1423/1423 1174/1174
f 1356/1356 653/653 649/649
f 653/653 1356/1356 764/764
f 1032/1032 1549/1549 1314/1314
f 1314/1314 1623/1623 1032/1032
f 1327/1327 672/672 671/671
f 672/672 1327/1327 618/618
f 1071/1071 764/764 1573/1573
f 1573/1573 764/764 1356/1356
f 1369/1369 1266/1266 1202/1202
f 1202/1202 1266/1266 1200/1200
f 956/956 765/765 1164/1164
f 765/765 956/956 766/766
f 868/868 1352/1352 1351/1351
f 867/867 1352/1352 868/868
f 1209/1209 1205/1205 1575/1575
f 1371/1371 1209/1209 945/945
f 879/879 1386/1386 831/831
f 1386/1386 879/879 1387/1387
f 851/851 1002/1002 852/852
f 1002/1002 851/851 898/898
f 1019/1019 1014/1014 1310/1310
f 1019/1019 1298/1298 1014/1014
f 1184/1184 1366/1366 1365/1365
f 1366/1366 1184/1184 1185/1185
f 1093/1093 1475/1475 799/799
f 1475/1475 1093/1093 803/803
f 1096/1096 1461/1461 812/812
f 1461/1461 1096/1096 816/816
f 1073/1073 1075/1075 1081/1081
f 1081/1081 1075/1075 1078/1078
f 862/862 1486/1486 863/863
f 863/863 1486/1486 710/710
f 1449/1449 1091/1091 607/607
f 1091/1091 1449/1449 604/604
f 1153/1153 1345/1345 1334/1334
f 1345/1345 1153/1153 1617/1617
f 1098/1098 1468/1468 562/562
f 1468/1468 1098/1098 568/568
f 735/735 1494/1494 1097/1097
f 734/734 1494/1494 735/735
f 796/796 1492/1492 1092/1092
f 895/895 1492/1492 796/796
f 697/697 1488/1488 1095/1095
f 809/809 1488/1488 697/697
f 826/826 1489/1489 825/825
f 825/825 1489/1489 1090/1090
f 1088/1088 1482/1482 636/636
f 1482/1482 1088/1088 761/761
f 1507/1507 1100/1100 746/746
f 1100/1100 1507/1507 743/743
f 1504/1504 1083/1083 806/806
f 1083/1083 1504/1504 681/681
f 960/960 1496/1496 658/658
f 1496/1496 960/960 655/655
f 1317/1317 1164/1164 954/954
f 1317/1317 954/954 748/748
f 1114/1114 1495/1495 693/693
f 1495/1495 1114/1114 691/691
f 893/893 622/622 891/891
f 891/891 622/622 1624/1624
f 674/674 888/888 1309/1309
f 888/888 1623/1623 1314/1314
f 988/988 723/723 726/726
f 721/721 723/723 988/988
f 1264/1264 1321/1321 1389/1389
f 1321/1321 1264/1264 985/985
f 1341/1341 1056/1056 843/843
f 1056/1056 1341/1341 1311/1311
f 1539/1539 1387/1387 1107/1107
f 1107/1107 1387/1387 879/879
f 759/759 763/763 810/810
f 763/763 759/759 761/761
f 680/680 1195/1195 1082/1082
f 1195/1195 680/680 679/679
f 1231/1231 990/990 1229/1229
f 1233/1233 990/990 1231/1231
f 767/767 766/766 1072/1072
f 1071/1071 1072/1072 766/766
f 1024/1024 771/771 669/669
f 1024/1024 1331/1331 771/771
f 1017/1017 1143/1143 1322/1322
f 1143/1143 1017/1017 1141/1141
f 1501/1501 801/801 1470/1470
f 1470/1470 667/667 1501/1501
f 1450/1450 686/686 1451/1451
f 1451/1451 588/588 1450/1450
f 1456/1456 815/815 1519/1519
f 1519/1519 699/699 1456/1456
f 1467/1467 568/568 1462/1462
f 1462/1462 731/731 1467/1467
f 1460/1460 816/816 1457/1457
f 1457/1457 700/700 1460/1460
f 1476/1476 684/684 1480/1480
f 1480/1480 806/806 1476/1476
f 1473/1473 934/934 1469/1469
f 1469/1469 769/769 1473/1473
f 1481/1481 761/761 1483/1483
f 1483/1483 563/563 1481/1481
f 1465/1465 567/567 1522/1522
f 1522/1522 730/730 1465/1465
f 1455/1455 1094/1094 1459/1459
f 1459/1459 922/922 1455/1455
f 1464/1464 644/644 1466/1466
f 1466/1466 932/932 1464/1464
f 1471/1471 802/802 1474/1474
f 1474/1474 803/803 1471/1471
f 1516/1516 740/740 1508/1508
f 1508/1508 746/746 1516/1516
f 1453/1453 822/822 1448/1448
f 1448/1448 607/607 1453/1453
f 1058/1058 710/710 1486/1486
f 710/710 1058/1058 1559/1559
f 1521/1521 821/821 1452/1452
f 1452/1452 606/606 1521/1521
f 1195/1195 807/807 1082/1082
f 806/806 1082/1082 807/807
f 1190/1190 762/762 1087/1087
f 761/761 1087/1087 762/762
f 837/837 645/645 981/981
f 981/981 933/933 837/837
f 1178/1178 1604/1604 1301/1301
f 1177/1177 1604/1604 1178/1178
f 809/809 1571/1571 814/814
f 1571/1571 1189/1189 814/814
f 1355/1355 1190/1190 1087/1087
f 961/961 1190/1190 1355/1355
f 908/908 909/909 1416/1416
f 1416/1416 856/856 908/908
f 1537/1537 1313/1313 1538/1538
f 1313/1313 1537/1537 980/980
f 1008/1008 768/768 1007/1007
f 768/768 1008/1008 1240/1240
f 773/773 788/788 774/774
f 788/788 773/773 1418/1418
f 1606/1606 1301/1301 1604/1604
f 1174/1174 1301/1301 1606/1606
f 1361/1361 1360/1360 1608/1608
f 1608/1608 1360/1360 1433/1433
f 571/571 1503/1503 1086/1086
f 1502/1502 1086/1086 1503/1503
f 569/569 586/586 1239/1239
f 586/586 569/569 584/584
f 1514/1514 958/958 1512/1512
f 691/691 1512/1512 958/958
f 745/745 1509/1509 1101/1101
f 1510/1510 1101/1101 1509/1509
f 1506/1506 1085/1085 1505/1505
f 805/805 1505/1505 1085/1085
f 1499/1499 959/959 1498/1498
f 655/655 1498/1498 959/959
f 725/725 841/841 629/629
f 841/841 725/725 839/839
f 1536/1536 1103/1103 767/767
f 1001/1001 767/767 1103/1103
f 772/772 1188/1188 773/773
f 1188/1188 772/772 1187/1187
f 671/671 1166/1166 1327/1327
f 1166/1166 671/671 619/619
f 710/710 1295/1295 711/711
f 711/711 1295/1295 904/904
f 789/789 1545/1545 790/790
f 790/790 1545/1545 1588/1588
f 1531/1531 599/599 598/598
f 599/599 1531/1531 1324/1324
f 596/596 1219/1219 630/630
f 1217/1217 630/630 1219/1219
f 584/584 921/921 1257/1257
f 921/921 584/584 569/569
f 971/971 724/724 974/974
f 724/724 971/971 725/725
f 619/619 1320/1320 1166/1166
f 1320/1320 619/619 670/670
f 598/598 1526/1526 1531/1531
f 1526/1526 598/598 829/829
f 755/755 1135/1135 1290/1290
f 1290/1290 1135/1135 1357/1357
f 1197/1197 935/935 1500/1500
f 1500/1500 770/770 1197/1197
f 1518/1518 1106/1106 1029/1029
f 1029/1029 923/923 1518/1518
f 1520/1520 589/589 1160/1160
f 1160/1160 687/687 1520/1520
f 733/733 1260/1260 1563/1563
f 1260/1260 733/733 643/643
f 778/778 948/948 953/953
f 949/949 948/948 778/778
f 605/605 826/826 1579/1579
f 1579/1579 1196/1196 605/605
f 626/626 601/601 1000/1000
f 601/601 626/626 599/599
f 1261/1261 683/683 685/685
f 683/683 1261/1261 1544/1544
f 1038/1038 1263/1263 638/638
f 638/638 1263/1263 666/666
f 1515/1515 633/633 634/634
f 634/634 1099/1099 1515/1515
f 1265/1265 666/666 1263/1263
f 666/666 1265/1265 1024/1024
f 720/720 1034/1034 972/972
f 1035/1035 1034/1034 720/720
f 1069/1069 1315/1315 1434/1434
f 642/642 1069/1069 843/843
f 1113/1113 1367/1367 915/915
f 915/915 918/918 1113/1113
f 1589/1589 1553/1553 1552/1552
f 1553/1553 1589/1589 1061/1061
f 585/585 584/584 632/632
f 585/585 632/632 746/746
f 657/657 592/592 655/655
f 592/592 657/657 1618/1618
f 924/924 1293/1293 1292/1292
f 1293/1293 924/924 1290/1290
f 903/903 1600/1600 926/926
f 1046/1046 1600/1600 903/903
f 1147/1147 646/646 1084/1084
f 646/646 1147/1147 1245/1245
f 1441/1441 1155/1155 1439/1439
f 1155/1155 1441/1441 1314/1314
f 884/884 852/852 882/882
f 883/883 882/882 852/852
f 1564/1564 760/760 1485/1485
f 1485/1485 1089/1089 1564/1564
f 1556/1556 1063/1063 1340/1340
f 1063/1063 1556/1556 858/858
f 1618/1618 1070/1070 592/592
f 1070/1070 1618/1618 843/843
f 1479/1479 1084/1084 1570/1570
f 1570/1570 794/794 1479/1479
f 1171/1171 650/650 1156/1156
f 650/650 1171/1171 817/817
f 1562/1562 1401/1401 1443/1443
f 1401/1401 1562/1562 1553/1553
f 898/898 1186/1186 1002/1002
f 1186/1186 898/898 897/897
f 1534/1534 779/779 968/968
f 617/617 968/968 779/779
f 999/999 1104/1104 750/750
f 1000/1000 1104/1104 999/999
f 1364/1364 1547/1547 1004/1004
f 1547/1547 1364/1364 1042/1042
f 626/626 1601/1601 969/969
f 969/969 1601/1601 1218/1218
f 1357/1357 1391/1391 1614/1614
f 1391/1391 1357/1357 1135/1135
f 775/775 1336/1336 776/776
f 967/967 776/776 1336/1336
f 1192/1192 1130/1130 1129/1129
f 1130/1130 1192/1192 1005/1005
f 1198/1198 996/996 1201/1201
f 996/996 1198/1198 994/994
f 1418/1418 786/786 788/788
f 786/786 1418/1418 775/775
f 839/839 1412/1412 718/718
f 1412/1412 839/839 725/725
f 1229/1229 992/992 701/701
f 992/992 1229/1229 990/990
f 1081/1081 1326/1326 1299/1299
f 1299/1299 1326/1326 1077/1077
f 1525/1525 995/995 997/997
f 996/996 995/995 1525/1525
f 726/726 1530/1530 1115/1115
f 1530/1530 726/726 723/723
f 1565/1565 1344/1344 1223/1223
f 1344/1344 1565/1565 1345/1345
f 1168/1168 1078/1078 1075/1075
f 1078/1078 1168/1168 1167/1167
f 1232/1232 1325/1325 993/993
f 988/988 1325/1325 1232/1232
f 1581/1581 854/854 853/853
f 854/854 1581/1581 851/851
f 1374/1374 1549/1549 1373/1373
f 1373/1373 1549/1549 1554/1554
f 1050/1050 1291/1291 926/926
f 1291/1291 1050/1050 1225/1225
f 750/750 978/978 748/748
f 978/978 750/750 1328/1328
f 989/989 1230/1230 1234/1234
f 1231/1231 1230/1230 989/989
f 1215/1215 1567/1567 1354/1354
f 1567/1567 1215/1215 1426/1426
f 1010/1010 925/925 1542/1542
f 755/755 925/925 1010/1010
f 1557/1557 1340/1340 1277/1277
f 1340/1340 1557/1557 1556/1556
f 1438/1438 1211/1211 872/872
f 1211/1211 1438/1438 1014/1014
f 1057/1057 1559/1559 1058/1058
f 1559/1559 1057/1057 1616/1616
f 1039/1039 1435/1435 792/792
f 792/792 1435/1435 793/793
f 692/692 1583/1583 1228/1228
f 1583/1583 692/692 820/820
f 1527/1527 829/829 1324/1324
f 829/829 1527/1527 1526/1526
f 1210/1210 1436/1436 1297/1297
f 1436/1436 1210/1210 1298/1298
f 1529/1529 670/670 1327/1327
f 670/670 1529/1529 1320/1320
f 1257/1257 1582/1582 741/741
f 1582/1582 1257/1257 698/698
f 817/817 1548/1548 818/818
f 1548/1548 1030/1030 818/818
f 1613/1613 979/979 1354/1354
f 1354/1354 979/979 1215/1215
f 1033/1033 1372/1372 1032/1032
f 677/677 1372/1372 1033/1033
f 1443/1443 1237/1237 1562/1562
f 1442/1442 1237/1237 1443/1443
f 1223/1223 1566/1566 1565/1565
f 791/791 1566/1566 1223/1223
f 1239/1239 1533/1533 564/564
f 1240/1240 564/564 1533/1533
f 1102/1102 751/751 1103/1103
f 1102/1102 663/663 751/751
f 1379/1379 1212/1212 886/886
f 1212/1212 1379/1379 1213/1213
f 615/615 1248/1248 1216/1216
f 1248/1248 615/615 887/887
f 1180/1180 1560/1560 660/660
f 660/660 1560/1560 656/656
f 1246/1246 1400/1400 1399/1399
f 1400/1400 1246/1246 1315/1315
f 919/919 1551/1551 685/685
f 684/684 919/919 685/685
f 777/777 1417/1417 952/952
f 775/775 1417/1417 777/777
f 855/855 1585/1585 1319/1319
f 1422/1422 1585/1585 855/855
f 786/786 1588/1588 787/787
f 787/787 1588/1588 1545/1545
f 1111/1111 1275/1275 1271/1271
f 1275/1275 1111/1111 1113/1113
f 1129/1129 1558/1558 1191/1191
f 1191/1191 1558/1558 747/747
f 1547/1547 1347/1347 1203/1203
f 1203/1203 1347/1347 1349/1349
f 918/918 947/947 1110/1110
f 947/947 877/877 1110/1110
f 601/601 1169/1169 1420/1420
f 1169/1169 991/991 1420/1420
f 1603/1603 1040/1040 791/791
f 1603/1603 1544/1544 1040/1040
f 835/835 878/878 1349/1349
f 878/878 946/946 1349/1349
f 931/931 640/640 1055/1055
f 640/640 1056/1056 1055/1055
f 1205/1205 1349/1349 946/946
f 946/946 1575/1575 1205/1205
f 877/877 915/915 1367/1367
f 1367/1367 1110/1110 877/877
f 853/853 1319/1319 869/869
f 897/897 853/853 869/869
f 678/678 1445/1445 676/676
f 676/676 1445/1445 1372/1372
f 939/939 1420/1420 991/991
f 991/991 1233/1233 939/939
f 971/971 970/970 1413/1413
f 1413/1413 970/970 1411/1411
f 1006/1006 1005/1005 578/578
f 1006/1006 578/578 961/961
f 920/920 804/804 1551/1551
f 920/920 1551/1551 1082/1082
f 1285/1285 938/938 942/942
f 938/938 1285/1285 936/936
f 1141/1141 1018/1018 1146/1146
f 1018/1018 1141/1141 1017/1017
f 871/871 847/847 1206/1206
f 871/871 870/870 847/847
f 1607/1607 1541/1541 1613/1613
f 1313/1313 1541/1541 1607/1607
f 1294/1294 1616/1616 1346/1346
f 1616/1616 1294/1294 1559/1559
f 1613/1613 1353/1353 1607/1607
f 1353/1353 1613/1613 1354/1354
f 1271/1271 1539/1539 1111/1111
f 1273/1273 1539/1539 1271/1271
f 755/755 694/694 1228/1228
f 1599/1599 694/694 755/755
f 749/749 954/954 1163/1163
f 1163/1163 629/629 749/749
f 1365/1365 1578/1578 832/832
f 1578/1578 1365/1365 1004/1004
f 737/737 1216/1216 1572/1572
f 1572/1572 1216/1216 1248/1248
f 1408/1408 1543/1543 925/925
f 1408/1408 1292/1292 1543/1543
f 1328/1328 1426/1426 1215/1215
f 1426/1426 1328/1328 750/750
f 1558/1558 1129/1129 566/566
f 566/566 1129/1129 1131/1131
f 957/957 1164/1164 1317/1317
f 957/957 956/956 1164/1164
f 1042/1042 899/899 1043/1043
f 899/899 1042/1042 1364/1364
f 661/661 1536/1536 572/572
f 661/661 572/572 574/574
f 648/648 1563/1563 685/685
f 1260/1260 685/685 1563/1563
f 870/870 1003/1003 846/846
f 846/846 1003/1003 844/844
f 668/668 1180/1180 669/669
f 1560/1560 1180/1180 668/668
f 718/718 1411/1411 719/719
f 719/719 1411/1411 970/970
f 1110/1110 1276/1276 918/918
f 1276/1276 1113/1113 918/918
f 1015/1015 1574/1574 1393/1393
f 1393/1393 1574/1574 1308/1308
f 824/824 756/756 1583/1583
f 756/756 824/824 587/587
f 1282/1282 1569/1569 941/941
f 1281/1281 1569/1569 1282/1282
f 858/858 1403/1403 1235/1235
f 1235/1235 1403/1403 910/910
f 624/624 1554/1554 1372/1372
f 1554/1554 1032/1032 1372/1372
f 1374/1374 1031/1031 1172/1172
f 1550/1550 1374/1374 1172/1172
f 917/917 945/945 1575/1575
f 1209/1209 1575/1575 945/945
f 966/966 1073/1073 1619/1619
f 1073/1073 966/966 965/965
f 1524/1524 927/927 1133/1133
f 903/903 927/927 1524/1524
f 641/641 1397/1397 1398/1398
f 647/647 1398/1398 1397/1397
f 1240/1240 795/795 768/768
f 1533/1533 795/795 1240/1240
f 1128/1128 717/717 986/986
f 986/986 717/717 716/716
f 1144/1144 1013/1013 1322/1322
f 1146/1146 1013/1013 1144/1144
f 984/984 1007/1007 768/768
f 1007/1007 984/984 1005/1005
f 1417/1417 1555/1555 952/952
f 1188/1188 952/952 1555/1555
f 1031/1031 624/624 623/623
f 624/624 1031/1031 1373/1373
f 1620/1620 1390/1390 1590/1590
f 865/865 1390/1390 1620/1620
f 892/892 1441/1441 1440/1440
f 892/892 1440/1440 678/678
f 880/880 876/876 1381/1381
f 880/880 1381/1381 1380/1380
f 892/892 1309/1309 890/890
f 890/890 1309/1309 888/888
f 576/576 1062/1062 577/577
f 577/577 1062/1062 914/914
f 1147/1147 1434/1434 1245/1245
f 1245/1245 1434/1434 1315/1315
f 688/688 660/660 1228/1228
f 688/688 1228/1228 694/694
f 659/659 1242/1242 1598/1598
f 1598/1598 1242/1242 1181/1181
f 1137/1137 1339/1339 1138/1138
f 1138/1138 1339/1339 976/976
f 1442/1442 1238/1238 1237/1237
f 1238/1238 1442/1442 1556/1556
f 1266/1266 1369/1369 1267/1267
f 1267/1267 1369/1369 1368/1368
f 748/748 980/980 1125/1125
f 748/748 1125/1125 1316/1316
f 1170/1170 1550/1550 1172/1172
f 1550/1550 1170/1170 1155/1155
f 1120/1120 1609/1609 1433/1433
f 1433/1433 1609/1609 1608/1608
f 1610/1610 917/917 916/916
f 867/867 917/917 1610/1610
f 1392/1392 1134/1134 587/587
f 1391/1391 1134/1134 1392/1392
f 1040/1040 1544/1544 1410/1410
f 1410/1410 1544/1544 1255/1255
f 1026/1026 1009/1009 1027/1027
f 1010/1010 1027/1027 1009/1009
f 1614/1614 1358/1358 1357/1357
f 1358/1358 1614/1614 927/927
f 791/791 1059/1059 679/679
f 1603/1603 791/791 679/679
f 797/797 1342/1342 1067/1067
f 1067/1067 1342/1342 1068/1068
f 785/785 1586/1586 789/789
f 1586/1586 785/785 1122/1122
f 916/916 1611/1611 1610/1610
f 1611/1611 916/916 831/831
f 1599/1599 755/755 1241/1241
f 1599/1599 1241/1241 1242/1242
f 1349/1349 1371/1371 835/835
f 945/945 835/835 1371/1371
f 1175/1175 1022/1022 1173/1173
f 1022/1022 1175/1175 1023/1023
f 876/876 1214/1214 1213/1213
f 1213/1213 1381/1381 876/876
f 1258/1258 696/696 695/695
f 696/696 1258/1258 1582/1582
f 1316/1316 1127/1127 1318/1318
f 1125/1125 1127/1127 1316/1316
f 669/669 1243/1243 1024/1024
f 1024/1024 1243/1243 1025/1025
f 1023/1023 1605/1605 1177/1177
f 1605/1605 1023/1023 1175/1175
f 766/766 1072/1072 1625/1625
f 904/904 1617/1617 1060/1060
f 1060/1060 1617/1617 1153/1153
f 1158/1158 1376/1376 1159/1159
f 1376/1376 1158/1158 1405/1405
f 646/646 1244/1244 1399/1399
f 1399/1399 1244/1244 1246/1246
f 664/664 1430/1430 665/665
f 1430/1430 664/664 1538/1538
f 1580/1580 1152/1152 1151/1151
f 1048/1048 1152/1152 1580/1580
f 707/707 1044/1044 1370/1370
f 1370/1370 1044/1044 1047/1047
f 1199/1199 1615/1615 1419/1419
f 1419/1419 1615/1615 1200/1200
f 857/857 1568/1568 1064/1064
f 856/856 1568/1568 857/857
f 1592/1592 1454/1454 1449/1449
f 1454/1454 1592/1592 1453/1453
f 1076/1076 1619/1619 1073/1073
f 963/963 1619/1619 1076/1076
f 1472/1472 1593/1593 1471/1471
f 1593/1593 1472/1472 1475/1475
f 1591/1591 1458/1458 1461/1461
f 1458/1458 1591/1591 1457/1457
f 1594/1594 1463/1463 1468/1468
f 1463/1463 1594/1594 1462/1462
f 1286/1286 1587/1587 1415/1415
f 1415/1415 1587/1587 1612/1612
f 1478/1478 1477/1477 1476/1476
f 1477/1477 1478/1478 1504/1504
f 1511/1511 1517/1517 1516/1516
f 1517/1517 1511/1511 1507/1507
f 1596/1596 1513/1513 1496/1496
f 1513/1513 1596/1596 1597/1597
f 1484/1484 1595/1595 1483/1483
f 1595/1595 1484/1484 1482/1482
f 1597/1597 1497/1497 1495/1495
f 1497/1497 1597/1597 1596/1596
f 1590/1590 712/712 1620/1620
f 716/716 712/712 1590/1590
f 1368/1368 1199/1199 1602/1602
f 1368/1368 1602/1602 1267/1267
f 693/693 1499/1499 1114/1114
f 659/659 1499/1499 693/693
f 658/658 1514/1514 960/960
f 688/688 1514/1514 658/658
f 743/743 1510/1510 1100/1100
f 741/741 1510/1510 743/743
f 681/681 1506/1506 1083/1083
f 919/919 1506/1506 681/681
f 636/636 1502/1502 1088/1088
f 564/564 1502/1502 636/636
f 732/732 1493/1493 562/562
f 562/562 1493/1493 1098/1098
f 813/813 1487/1487 812/812
f 812/812 1487/1487 1096/1096
f 823/823 1490/1490 604/604
f 604/604 1490/1490 1091/1091
f 896/896 1491/1491 799/799
f 799/799 1491/1491 1093/1093
f 888/888 674/674 1623/1623
f 1032/1032 1623/1623 674/674
f 708/708 1333/1333 907/907
f 707/707 1333/1333 708/708
f 885/885 1561/1561 1132/1132
f 1273/1273 885/885 1132/1132
f 1421/1421 1043/1043 901/901
f 900/900 1421/1421 901/901
f 1048/1048 1437/1437 1049/1049
f 1049/1049 1437/1437 1051/1051
f 848/848 847/847 870/870
f 846/846 848/848 870/870
f 994/994 1584/1584 998/998
f 998/998 1584/1584 1201/1201
f 1256/1256 1409/1409 1254/1254
f 1409/1409 1410/1410 1254/1254
f 1220/1220 754/754 1148/1148
f 1148/1148 754/754 1149/1149
f 1043/1043 1041/1041 1042/1042
f 1043/1043 868/868 1041/1041
f 617/617 1624/1624 622/622
f 617/617 891/891 1624/1624
f 1397/1397 641/641 1247/1247
f 641/641 640/640 1247/1247
f 831/831 883/883 832/832
f 883/883 1365/1365 832/832
f 753/753 1149/1149 754/754
f 1224/1224 1149/1149 753/753
f 983/983 1128/1128 1262/1262
f 985/985 1262/1262 1128/1128
f 1133/1133 1577/1577 709/709
f 709/709 1577/1577 1392/1392
f 1431/1431 1139/1139 1136/1136
f 1140/1140 1139/1139 1431/1431
f 1535/1535 659/659 1598/1598
f 659/659 1535/1535 660/660
f 1375/1375 1157/1157 575/575
f 912/912 1157/1157 1375/1375
f 1105/1105 1000/1000 601/601
f 1105/1105 1104/1104 1000/1000
f 1416/1416 1137/1137 1382/1382
f 1382/1382 1137/1137 1136/1136
f 1543/1543 1224/1224 1406/1406
f 1406/1406 1224/1224 753/753
f 1051/1051 1047/1047 1049/1049
f 1046/1046 1047/1047 1051/1051
f 1538/1538 977/977 1430/1430
f 1313/1313 977/977 1538/1538
f 1401/1401 1061/1061 1405/1405
f 1405/1405 1061/1061 1376/1376
f 907/907 1151/1151 708/708
f 906/906 1151/1151 907/907
f 703/703 1612/1612 1587/1587
f 705/705 1612/1612 703/703
f 1334/1334 1220/1220 1148/1148
f 1345/1345 1220/1220 1334/1334
f 911/911 912/912 913/913
f 913/913 912/912 1375/1375
f 861/861 1140/1140 1432/1432
f 1432/1432 1140/1140 1431/1431
f 1284/1284 944/944 1283/1283
f 1281/1281 1283/1283 944/944
f 1143/1143 1142/1142 1395/1395
f 1307/1307 1395/1395 1142/1142
f 865/865 1385/1385 1389/1389
f 982/982 1385/1385 865/865
f 836/836 1131/1131 1414/1414
f 1131/1131 836/836 566/566
f 836/836 1414/1414 1253/1253
f 1253/1253 1414/1414 1254/1254
f 1576/1576 1204/1204 1205/1205
f 1204/1204 1576/1576 844/844
f 1329/1329 1064/1064 1330/1330
f 1568/1568 1330/1330 1064/1064
f 1587/1587 1286/1286 1388/1388
f 1287/1287 1388/1388 1286/1286
f 1310/1310 873/873 1016/1016
f 1016/1016 873/873 872/872
f 1444/1444 623/623 1546/1546
f 1622/1622 1068/1068 1341/1341
f 1618/1618 1068/1068 1622/1622
f 1621/1621 1108/1108 1367/1367
f 1108/1108 1621/1621 1380/1380
f 1315/1315 1069/1069 642/642
f 1315/1315 642/642 1400/1400
f 1332/1332 1221/1221 905/905
f 1222/1222 1221/1221 1332/1332
f 1378/1378 1377/1377 1404/1404
f 1404/1404 1377/1377 1402/1402
f 1626/1626 1627/1627 1628/1628
f 1629/1629 1630/1630 1631/1631
f 1632/1632 1629/1629 1633/1633
f 1634/1634 1635/1635 1636/1636
f 1637/1637 1638/1638 1639/1639
f 1640/1640 1641/1641 1637/1637
f 1641/1641 1642/1642 1643/1643
f 1641/1641 1643/1643 1644/1644
f 1645/1645 1646/1646 1647/1647
f 1648/1648 1642/1642 1649/1649
f 1638/1638 1650/1650 1651/1651
f 1638/1638 1652/1652 1626/1626
f 1653/1653 1641/1641 1654/1654
f 1655/1655 1656/1656 1657/1657
f 1633/1633 1658/1658 1632/1632
f 1658/1658 1659/1659 1630/1630
f 1660/1660 1658/1658 1661/1661
f 1662/1662 1629/1629 1660/1660
f 1663/1663 1664/1664 1665/1665
f 1666/1666 1667/1667 1668/1668
f 1669/1669 1670/1670 1671/1671
f 1672/1672 1671/1671 1670/1670
f 1639/1639 1673/1673 1637/1637
f 1674/1674 1675/1675 1676/1676
f 1677/1677 1678/1678 1679/1679
f 1671/1671 1672/1672 1647/1647
f 1680/1680 1681/1681 1682/1682
f 1683/1683 1684/1684 1685/1685
f 1686/1686 1687/1687 1688/1688
f 1689/1689 1690/1690 1691/1691
f 1692/1692 1693/1693 1694/1694
f 1695/1695 1657/1657 1656/1656
f 1650/1650 1638/1638 1653/1653
f 1654/1654 1696/1696 1653/1653
f 1652/1652 1697/1697 1626/1626
f 1665/1665 1691/1691 1698/1698
f 1699/1699 1634/1634 1636/1636
f 1654/1654 1700/1700 1696/1696
f 1668/1668 1701/1701 1666/1666
f 1702/1702 1692/1692 1703/1703
f 1704/1704 1685/1685 1684/1684
f 1676/1676 1705/1705 1674/1674
f 1706/1706 1707/1707 1708/1708
f 1709/1709 1710/1710 1648/1648
f 1711/1711 1712/1712 1634/1634
f 1628/1628 1713/1713 1626/1626
f 1638/1638 1626/1626 1714/1714
f 1704/1704 1714/1714 1715/1715
f 1636/1636 1635/1635 1663/1663
f 1690/1690 1689/1689 1686/1686
f 1661/1661 1662/1662 1660/1660
f 1629/1629 1716/1716 1630/1630
f 1717/1717 1683/1683 1685/1685
f 1682/1682 1708/1708 1680/1680
f 1718/1718 1694/1694 1693/1693
f 1659/1659 1718/1718 1630/1630
f 1719/1719 1720/1720 1721/1721
f 1633/1633 1722/1722 1658/1658
f 1638/1638 1651/1651 1723/1723
f 1723/1723 1651/1651 1724/1724
f 1710/1710 1704/1704 1725/1725
f 1725/1725 1704/1704 1715/1715
f 1687/1687 1721/1721 1720/1720
f 1724/1724 1689/1689 1723/1723
f 1726/1726 1644/1644 1727/1727
f 1670/1670 1648/1648 1710/1710
f 1679/1679 1673/1673 1677/1677
f 1673/1673 1640/1640 1637/1637
f 1728/1728 1729/1729 1655/1655
f 1729/1729 1728/1728 1702/1702
f 1647/1647 1646/1646 1671/1671
f 1713/1713 1628/1628 1711/1711
f 1710/1710 1709/1709 1706/1706
f 1685/1685 1704/1704 1710/1710
f 1657/1657 1695/1695 1693/1693
f 1695/1695 1690/1690 1686/1686
f 1649/1649 1705/1705 1681/1681
f 1705/1705 1676/1676 1681/1681
f 1649/1649 1709/1709 1648/1648
f 1649/1649 1681/1681 1680/1680
f 1712/1712 1711/1711 1628/1628
f 1664/1664 1663/1663 1635/1635
f 1730/1730 1696/1696 1700/1700
f 1634/1634 1699/1699 1700/1700
f 1708/1708 1731/1731 1706/1706
f 1658/1658 1630/1630 1661/1661
f 1629/1629 1662/1662 1716/1716
f 1683/1683 1732/1732 1733/1733
f 1629/1629 1631/1631 1633/1633
f 1720/1720 1688/1688 1687/1687
f 1702/1702 1724/1724 1729/1729
f 1689/1689 1724/1724 1721/1721
f 1714/1714 1626/1626 1645/1645
f 1645/1645 1626/1626 1713/1713
f 1663/1663 1734/1734 1636/1636
f 1734/1734 1663/1663 1665/1665
f 1694/1694 1703/1703 1692/1692
f 1658/1658 1722/1722 1659/1659
f 1735/1735 1671/1671 1646/1646
f 1671/1671 1735/1735 1669/1669
f 1653/1653 1638/1638 1736/1736
f 1736/1736 1737/1737 1653/1653
f 1727/1727 1648/1648 1726/1726
f 1643/1643 1727/1727 1644/1644
f 1707/1707 1706/1706 1709/1709
f 1709/1709 1649/1649 1680/1680
f 1641/1641 1660/1660 1629/1629
f 1641/1641 1653/1653 1737/1737
f 1693/1693 1692/1692 1657/1657
f 1692/1692 1702/1702 1728/1728
f 1689/1689 1687/1687 1686/1686
f 1721/1721 1687/1687 1689/1689
f 1704/1704 1676/1676 1675/1675
f 1676/1676 1704/1704 1684/1684
f 1641/1641 1644/1644 1654/1654
f 1634/1634 1669/1669 1711/1711
f 1676/1676 1733/1733 1681/1681
f 1681/1681 1733/1733 1732/1732
f 1637/1637 1641/1641 1629/1629
f 1629/1629 1632/1632 1637/1637
f 1710/1710 1672/1672 1670/1670
f 1672/1672 1710/1710 1725/1725
f 1636/1636 1695/1695 1699/1699
f 1695/1695 1636/1636 1698/1698
f 1656/1656 1655/1655 1696/1696
f 1696/1696 1650/1650 1653/1653
f 1729/1729 1668/1668 1667/1667
f 1668/1668 1729/1729 1701/1701
f 1705/1705 1677/1677 1673/1673
f 1677/1677 1705/1705 1678/1678
f 1638/1638 1637/1637 1632/1632
f 1632/1632 1658/1658 1638/1638
f 1731/1731 1661/1661 1630/1630
f 1683/1683 1717/1717 1630/1630
f 1698/1698 1690/1690 1695/1695
f 1690/1690 1698/1698 1691/1691
f 1647/1647 1725/1725 1715/1715
f 1725/1725 1647/1647 1672/1672
f 1732/1732 1716/1716 1662/1662
f 1708/1708 1682/1682 1662/1662
f 1656/1656 1696/1696 1730/1730
f 1656/1656 1699/1699 1695/1695
f 1675/1675 1714/1714 1704/1704
f 1638/1638 1714/1714 1639/1639
f 1691/1691 1723/1723 1689/1689
f 1638/1638 1723/1723 1652/1652
f 1650/1650 1696/1696 1655/1655
f 1667/1667 1655/1655 1729/1729
f 1628/1628 1664/1664 1712/1712
f 1664/1664 1628/1628 1627/1627
f 1712/1712 1635/1635 1634/1634
f 1635/1635 1712/1712 1664/1664
f 1718/1718 1631/1631 1630/1630
f 1686/1686 1688/1688 1718/1718
f 1713/1713 1646/1646 1645/1645
f 1646/1646 1713/1713 1735/1735
f 1666/1666 1651/1651 1650/1650
f 1651/1651 1666/1666 1701/1701
f 1641/1641 1640/1640 1642/1642
f 1642/1642 1679/1679 1678/1678
f 1685/1685 1706/1706 1717/1717
f 1706/1706 1685/1685 1710/1710
f 1711/1711 1735/1735 1713/1713
f 1735/1735 1711/1711 1669/1669
f 1627/1627 1665/1665 1664/1664
f 1697/1697 1652/1652 1665/1665
f 1724/1724 1702/1702 1721/1721
f 1721/1721 1702/1702 1719/1719
f 1686/1686 1693/1693 1695/1695
f 1693/1693 1686/1686 1718/1718
f 1701/1701 1724/1724 1651/1651
f 1724/1724 1701/1701 1729/1729
f 1649/1649 1678/1678 1705/1705
f 1642/1642 1678/1678 1649/1649
f 1659/1659 1722/1722 1703/1703
f 1722/1722 1633/1633 1719/1719
f 1673/1673 1674/1674 1705/1705
f 1673/1673 1639/1639 1674/1674
f 1662/1662 1661/1661 1708/1708
f 1731/1731 1708/1708 1661/1661
f 1630/1630 1716/1716 1683/1683
f 1732/1732 1683/1683 1716/1716
f 1726/1726 1648/1648 1670/1670
f 1670/1670 1669/1669 1738/1738
f 1715/1715 1645/1645 1647/1647
f 1714/1714 1645/1645 1715/1715
f 1634/1634 1700/1700 1654/1654
f 1644/1644 1634/1634 1654/1654
f 1707/1707 1680/1680 1708/1708
f 1709/1709 1680/1680 1707/1707
f 1734/1734 1698/1698 1636/1636
f 1698/1698 1734/1734 1665/1665
f 1730/1730 1699/1699 1656/1656
f 1700/1700 1699/1699 1730/1730
f 1720/1720 1719/1719 1633/1633
f 1688/1688 1720/1720 1633/1633
f 1643/1643 1648/1648 1727/1727
f 1643/1643 1642/1642 1648/1648
f 1638/1638 1658/1658 1736/1736
f 1736/1736 1658/1658 1660/1660
f 1660/1660 1737/1737 1736/1736
f 1737/1737 1660/1660 1641/1641
f 1644/1644 1738/1738 1669/1669
f 1669/1669 1634/1634 1644/1644
f 1733/1733 1684/1684 1683/1683
f 1684/1684 1733/1733 1676/1676
f 1627/1627 1626/1626 1697/1697
f 1665/1665 1627/1627 1697/1697
f 1633/1633 1631/1631 1688/1688
f 1718/1718 1688/1688 1631/1631
f 1703/1703 1694/1694 1659/1659
f 1718/1718 1659/1659 1694/1694
f 1667/1667 1666/1666 1650/1650
f 1655/1655 1667/1667 1650/1650
f 1657/1657 1728/1728 1655/1655
f 1728/1728 1657/1657 1692/1692
f 1681/1681 1732/1732 1682/1682
f 1682/1682 1732/1732 1662/1662
f 1719/1719 1703/1703 1722/1722
f 1702/1702 1703/1703 1719/1719
f 1679/1679 1642/1642 1640/1640
f 1673/1673 1679/1679 1640/1640
f 1717/1717 1731/1731 1630/1630
f 1706/1706 1731/1731 1717/1717
f 1675/1675 1674/1674 1639/1639
f 1714/1714 1675/1675 1639/1639
f 1652/1652 1691/1691 1665/1665
f 1652/1652 1723/1723 1691/1691
f 1738/1738 1644/1644 1726/1726
f 1726/1726 1670/1670 1738/1738
f 1739/1739 1740/1740 1741/1741
f 1742/1742 1743/1743 1744/1744
f 1745/1745 1746/1746 1747/1747
f 1748/1748 1749/1749 1750/1750
f 1751/1751 1752/1752 1753/1753
f 1754/1754 1755/1755 1756/1756
f 1757/1757 1750/1750 1749/1749
f 1758/1758 1759/1759 1745/1745
f 1760/1760 1761/1761 1762/1762
f 1763/1763 1764/1764 1765/1765
f 1766/1766 1754/1754 1756/1756
f 1753/1753 1767/1767 1768/1768
f 1769/1769 1770/1770 1771/1771
f 1772/1772 1773/1773 1774/1774
f 1775/1775 1776/1776 1777/1777
f 1778/1778 1779/1779 1780/1780
f 1781/1781 1778/1778 1782/1782
f 1775/1775 1783/1783 1784/1784
f 1785/1785 1786/1786 1787/1787
f 1788/1788 1789/1789 1790/1790
f 1791/1791 1785/1785 1792/1792
f 1789/1789 1793/1793 1794/1794
f 1741/1741 1795/1795 1739/1739
f 1744/1744 1796/1796 1742/1742
f 1777/1777 1797/1797 1798/1798
f 1749/1749 1799/1799 1800/1800
f 1759/1759 1801/1801 1802/1802
f 1797/1797 1777/1777 1803/1803
f 1804/1804 1805/1805 1806/1806
f 1749/1749 1800/1800 1807/1807
f 1808/1808 1809/1809 1781/1781
f 1775/1775 1810/1810 1811/1811
f 1812/1812 1813/1813 1788/1788
f 1756/1756 1755/1755 1751/1751
f 1785/1785 1814/1814 1815/1815
f 1753/1753 1816/1816 1817/1817
f 1762/1762 1818/1818 1760/1760
f 1819/1819 1820/1820 1821/1821
f 1793/1793 1822/1822 1794/1794
f 1756/1756 1823/1823 1824/1824
f 1785/1785 1787/1787 1825/1825
f 1753/1753 1826/1826 1827/1827
f 1752/1752 1828/1828 1753/1753
f 1753/1753 1828/1828 1766/1766
f 1746/1746 1774/1774 1773/1773
f 1829/1829 1771/1771 1770/1770
f 1778/1778 1830/1830 1831/1831
f 1776/1776 1832/1832 1777/1777
f 1799/1799 1833/1833 1800/1800
f 1759/1759 1806/1806 1834/1834
f 1814/1814 1816/1816 1835/1835
f 1836/1836 1837/1837 1838/1838
f 1786/1786 1839/1839 1787/1787
f 1789/1789 1794/1794 1790/1790
f 1749/1749 1840/1840 1841/1841
f 1759/1759 1804/1804 1806/1806
f 1842/1842 1789/1789 1792/1792
f 1789/1789 1843/1843 1844/1844
f 1845/1845 1846/1846 1847/1847
f 1848/1848 1849/1849 1850/1850
f 1851/1851 1775/1775 1852/1852
f 1846/1846 1845/1845 1781/1781
f 1853/1853 1854/1854 1788/1788
f 1855/1855 1785/1785 1791/1791
f 1840/1840 1856/1856 1841/1841
f 1857/1857 1808/1808 1810/1810
f 1808/1808 1857/1857 1809/1809
f 1759/1759 1858/1858 1857/1857
f 1812/1812 1859/1859 1813/1813
f 1859/1859 1812/1812 1814/1814
f 1860/1860 1760/1760 1818/1818
f 1821/1821 1861/1861 1819/1819
f 1862/1862 1756/1756 1817/1817
f 1816/1816 1863/1863 1817/1817
f 1791/1791 1864/1864 1855/1855
f 1854/1854 1853/1853 1865/1865
f 1866/1866 1759/1759 1802/1802
f 1749/1749 1748/1748 1866/1866
f 1749/1749 1803/1803 1867/1867
f 1801/1801 1798/1798 1802/1802
f 1868/1868 1741/1741 1740/1740
f 1796/1796 1755/1755 1869/1869
f 1783/1783 1870/1870 1784/1784
f 1778/1778 1780/1780 1782/1782
f 1770/1770 1871/1871 1829/1829
f 1765/1765 1772/1772 1763/1763
f 1798/1798 1778/1778 1777/1777
f 1852/1852 1775/1775 1777/1777
f 1758/1758 1750/1750 1757/1757
f 1872/1872 1769/1769 1873/1873
f 1754/1754 1766/1766 1828/1828
f 1740/1740 1874/1874 1868/1868
f 1771/1771 1873/1873 1769/1769
f 1746/1746 1745/1745 1873/1873
f 1767/1767 1875/1875 1768/1768
f 1756/1756 1838/1838 1876/1876
f 1779/1779 1877/1877 1780/1780
f 1775/1775 1784/1784 1878/1878
f 1879/1879 1880/1880 1881/1881
f 1851/1851 1881/1881 1781/1781
f 1882/1882 1883/1883 1884/1884
f 1855/1855 1884/1884 1788/1788
f 1885/1885 1753/1753 1766/1766
f 1844/1844 1843/1843 1886/1886
f 1792/1792 1887/1887 1842/1842
f 1827/1827 1826/1826 1843/1843
f 1858/1858 1759/1759 1841/1841
f 1759/1759 1758/1758 1757/1757
f 1785/1785 1888/1888 1792/1792
f 1888/1888 1886/1886 1792/1792
f 1889/1889 1739/1739 1795/1795
f 1743/1743 1819/1819 1861/1861
f 1789/1789 1865/1865 1864/1864
f 1865/1865 1884/1884 1883/1883
f 1837/1837 1836/1836 1890/1890
f 1753/1753 1768/1768 1890/1890
f 1749/1749 1891/1891 1803/1803
f 1891/1891 1749/1749 1866/1866
f 1892/1892 1775/1775 1809/1809
f 1841/1841 1856/1856 1858/1858
f 1893/1893 1785/1785 1813/1813
f 1817/1817 1863/1863 1862/1862
f 1810/1810 1840/1840 1894/1894
f 1805/1805 1804/1804 1807/1807
f 1778/1778 1852/1852 1777/1777
f 1778/1778 1847/1847 1849/1849
f 1772/1772 1765/1765 1871/1871
f 1818/1818 1762/1762 1820/1820
f 1752/1752 1751/1751 1755/1755
f 1752/1752 1868/1868 1874/1874
f 1756/1756 1862/1862 1859/1859
f 1756/1756 1836/1836 1838/1838
f 1795/1795 1860/1860 1889/1889
f 1861/1861 1744/1744 1743/1743
f 1761/1761 1829/1829 1871/1871
f 1774/1774 1763/1763 1772/1772
f 1870/1870 1783/1783 1782/1782
f 1811/1811 1810/1810 1808/1808
f 1815/1815 1814/1814 1812/1812
f 1839/1839 1786/1786 1790/1790
f 1773/1773 1747/1747 1746/1746
f 1769/1769 1872/1872 1747/1747
f 1874/1874 1740/1740 1869/1869
f 1869/1869 1742/1742 1796/1796
f 1824/1824 1842/1842 1887/1887
f 1823/1823 1842/1842 1824/1824
f 1831/1831 1830/1830 1832/1832
f 1867/1867 1803/1803 1830/1830
f 1830/1830 1801/1801 1867/1867
f 1833/1833 1799/1799 1834/1834
f 1875/1875 1767/1767 1876/1876
f 1843/1843 1823/1823 1827/1827
f 1832/1832 1776/1776 1831/1831
f 1877/1877 1779/1779 1878/1878
f 1822/1822 1793/1793 1825/1825
f 1886/1886 1888/1888 1844/1844
f 1864/1864 1791/1791 1789/1789
f 1789/1789 1791/1791 1792/1792
f 1847/1847 1881/1881 1880/1880
f 1847/1847 1880/1880 1849/1849
f 1887/1887 1792/1792 1826/1826
f 1753/1753 1885/1885 1826/1826
f 1781/1781 1809/1809 1775/1775
f 1775/1775 1851/1851 1781/1781
f 1788/1788 1813/1813 1785/1785
f 1785/1785 1855/1855 1788/1788
f 1761/1761 1760/1760 1764/1764
f 1760/1760 1860/1860 1821/1821
f 1819/1819 1743/1743 1889/1889
f 1820/1820 1819/1819 1818/1818
f 1878/1878 1784/1784 1877/1877
f 1834/1834 1806/1806 1833/1833
f 1890/1890 1768/1768 1837/1837
f 1790/1790 1794/1794 1839/1839
f 1825/1825 1787/1787 1822/1822
f 1876/1876 1838/1838 1875/1875
f 1807/1807 1800/1800 1805/1805
f 1782/1782 1780/1780 1870/1870
f 1879/1879 1848/1848 1850/1850
f 1879/1879 1881/1881 1851/1851
f 1748/1748 1873/1873 1745/1745
f 1873/1873 1748/1748 1872/1872
f 1840/1840 1810/1810 1856/1856
f 1810/1810 1775/1775 1892/1892
f 1816/1816 1814/1814 1863/1863
f 1814/1814 1785/1785 1893/1893
f 1882/1882 1884/1884 1855/1855
f 1882/1882 1895/1895 1896/1896
f 1864/1864 1896/1896 1895/1895
f 1865/1865 1883/1883 1864/1864
f 1756/1756 1835/1835 1836/1836
f 1836/1836 1835/1835 1816/1816
f 1759/1759 1894/1894 1804/1804
f 1804/1804 1894/1894 1840/1840
f 1815/1815 1812/1812 1790/1790
f 1790/1790 1812/1812 1788/1788
f 1811/1811 1808/1808 1782/1782
f 1782/1782 1808/1808 1781/1781
f 1802/1802 1798/1798 1797/1797
f 1866/1866 1802/1802 1891/1891
f 1872/1872 1750/1750 1758/1758
f 1750/1750 1872/1872 1748/1748
f 1820/1820 1765/1765 1764/1764
f 1765/1765 1820/1820 1762/1762
f 1868/1868 1752/1752 1755/1755
f 1755/1755 1796/1796 1868/1868
f 1828/1828 1874/1874 1754/1754
f 1874/1874 1828/1828 1752/1752
f 1871/1871 1770/1770 1772/1772
f 1773/1773 1772/1772 1770/1770
f 1801/1801 1830/1830 1798/1798
f 1830/1830 1778/1778 1798/1798
f 1823/1823 1843/1843 1842/1842
f 1843/1843 1789/1789 1842/1842
f 1747/1747 1773/1773 1769/1769
f 1770/1770 1769/1769 1773/1773
f 1849/1849 1852/1852 1778/1778
f 1852/1852 1849/1849 1851/1851
f 1740/1740 1739/1739 1742/1742
f 1742/1742 1869/1869 1740/1740
f 1739/1739 1889/1889 1743/1743
f 1743/1743 1742/1742 1739/1739
f 1889/1889 1818/1818 1819/1819
f 1818/1818 1889/1889 1860/1860
f 1821/1821 1764/1764 1760/1760
f 1764/1764 1821/1821 1820/1820
f 1762/1762 1871/1871 1765/1765
f 1871/1871 1762/1762 1761/1761
f 1860/1860 1795/1795 1861/1861
f 1861/1861 1821/1821 1860/1860
f 1751/1751 1817/1817 1756/1756
f 1751/1751 1753/1753 1817/1817
f 1757/1757 1841/1841 1759/1759
f 1757/1757 1749/1749 1841/1841
f 1764/1764 1763/1763 1761/1761
f 1829/1829 1761/1761 1763/1763
f 1795/1795 1741/1741 1744/1744
f 1744/1744 1861/1861 1795/1795
f 1766/1766 1756/1756 1824/1824
f 1766/1766 1824/1824 1885/1885
f 1763/1763 1774/1774 1829/1829
f 1771/1771 1829/1829 1774/1774
f 1748/1748 1745/1745 1866/1866
f 1866/1866 1745/1745 1759/1759
f 1741/1741 1868/1868 1796/1796
f 1796/1796 1744/1744 1741/1741
f 1774/1774 1746/1746 1771/1771
f 1873/1873 1771/1771 1746/1746
f 1881/1881 1847/1847 1846/1846
f 1846/1846 1781/1781 1881/1881
f 1853/1853 1788/1788 1884/1884
f 1884/1884 1865/1865 1853/1853
f 1778/1778 1845/1845 1847/1847
f 1778/1778 1781/1781 1845/1845
f 1848/1848 1851/1851 1849/1849
f 1851/1851 1848/1848 1879/1879
f 1789/1789 1854/1854 1865/1865
f 1789/1789 1788/1788 1854/1854
f 1895/1895 1855/1855 1864/1864
f 1855/1855 1895/1895 1882/1882
f 1779/1779 1831/1831 1776/1776
f 1778/1778 1831/1831 1779/1779
f 1786/1786 1815/1815 1790/1790
f 1785/1785 1815/1815 1786/1786
f 1789/1789 1844/1844 1793/1793
f 1793/1793 1844/1844 1888/1888
f 1783/1783 1811/1811 1782/1782
f 1775/1775 1811/1811 1783/1783
f 1896/1896 1883/1883 1882/1882
f 1896/1896 1864/1864 1883/1883
f 1756/1756 1876/1876 1823/1823
f 1823/1823 1876/1876 1767/1767
f 1801/1801 1834/1834 1799/1799
f 1759/1759 1834/1834 1801/1801
f 1858/1858 1809/1809 1857/1857
f 1809/1809 1858/1858 1892/1892
f 1862/1862 1813/1813 1859/1859
f 1813/1813 1862/1862 1893/1893
f 1749/1749 1867/1867 1799/1799
f 1799/1799 1867/1867 1801/1801
f 1753/1753 1827/1827 1767/1767
f 1767/1767 1827/1827 1823/1823
f 1749/1749 1807/1807 1840/1840
f 1840/1840 1807/1807 1804/1804
f 1753/1753 1890/1890 1816/1816
f 1816/1816 1890/1890 1836/1836
f 1785/1785 1825/1825 1888/1888
f 1888/1888 1825/1825 1793/1793
f 1776/1776 1878/1878 1779/1779
f 1775/1775 1878/1878 1776/1776
f 1797/1797 1891/1891 1802/1802
f 1891/1891 1797/1797 1803/1803
f 1885/1885 1887/1887 1826/1826
f 1887/1887 1885/1885 1824/1824
f 1858/1858 1856/1856 1892/1892
f 1810/1810 1892/1892 1856/1856
f 1862/1862 1863/1863 1893/1893
f 1814/1814 1893/1893 1863/1863
f 1758/1758 1747/1747 1872/1872
f 1747/1747 1758/1758 1745/1745
f 1850/1850 1880/1880 1879/1879
f 1880/1880 1850/1850 1849/1849
f 1806/1806 1877/1877 1784/1784
f 1877/1877 1806/1806 1780/1780
f 1894/1894 1857/1857 1810/1810
f 1759/1759 1857/1857 1894/1894
f 1780/1780 1805/1805 1800/1800
f 1805/1805 1780/1780 1806/1806
f 1768/1768 1839/1839 1794/1794
f 1839/1839 1768/1768 1787/1787
f 1756/1756 1859/1859 1835/1835
f 1835/1835 1859/1859 1814/1814
f 1833/1833 1784/1784 1800/1800
f 1784/1784 1833/1833 1806/1806
f 1870/1870 1800/1800 1784/1784
f 1800/1800 1870/1870 1780/1780
f 1838/1838 1822/1822 1787/1787
f 1822/1822 1838/1838 1794/1794
f 1794/1794 1837/1837 1768/1768
f 1837/1837 1794/1794 1838/1838
f 1875/1875 1787/1787 1768/1768
f 1787/1787 1875/1875 1838/1838
f 1869/1869 1754/1754 1874/1874
f 1754/1754 1869/1869 1755/1755
f 1886/1886 1826/1826 1792/1792
f 1826/1826 1886/1886 1843/1843
f 1832/1832 1803/1803 1777/1777
f 1803/1803 1832/1832 1830/1830
f 1897/1897 1898/1898 1899/1899
f 1900/1900 1901/1901 1902/1902
f 1903/1903 1904/1904 1905/1905
f 1906/1906 1907/1907 1908/1908
f 1909/1909 1910/1910 1911/1911
f 1909/1909 1911/1911 1912/1912
f 1913/1913 1914/1914 1915/1915
f 1916/1916 1917/1917 1918/1918
f 1919/1919 1920/1920 1921/1921
f 1904/1904 1903/1903 1922/1922
f 1923/1923 1904/1904 1924/1924
f 1925/1925 1926/1926 1927/1927
f 1928/1928 1929/1929 1930/1930
f 1924/1924 1931/1931 1932/1932
f 1933/1933 1934/1934 1916/1916
f 1935/1935 1902/1902 1901/1901
f 1936/1936 1937/1937 1938/1938
f 1939/1939 1940/1940 1941/1941
f 1942/1942 1943/1943 1928/1928
f 1944/1944 1922/1922 1945/1945
f 1946/1946 1947/1947 1948/1948
f 1949/1949 1950/1950 1951/1951
f 1952/1952 1953/1953 1954/1954
f 1953/1953 1955/1955 1956/1956
f 1957/1957 1906/1906 1923/1923
f 1958/1958 1959/1959 1960/1960
f 1961/1961 1962/1962 1963/1963
f 1964/1964 1941/1941 1940/1940
f 1909/1909 1912/1912 1965/1965
f 1966/1966 1914/1914 1967/1967
f 1968/1968 1969/1969 1970/1970
f 1971/1971 1952/1952 1972/1972
f 1973/1973 1974/1974 1975/1975
f 1976/1976 1977/1977 1978/1978
f 1948/1948 1979/1979 1946/1946
f 1980/1980 1981/1981 1982/1982
f 1927/1927 1983/1983 1925/1925
f 1984/1984 1978/1978 1985/1985
f 1986/1986 1987/1987 1961/1961
f 1988/1988 1986/1986 1928/1928
f 1968/1968 1989/1989 1990/1990
f 1991/1991 1992/1992 1993/1993
f 1994/1994 1995/1995 1973/1973
f 1920/1920 1919/1919 1995/1995
f 1897/1897 1912/1912 1996/1996
f 1997/1997 1993/1993 1992/1992
f 1998/1998 1914/1914 1999/1999
f 2000/2000 2001/2001 2002/2002
f 1924/1924 2003/2003 2004/2004
f 2004/2004 2003/2003 1957/1957
f 1905/1905 2005/2005 1907/1907
f 1904/1904 2005/2005 1905/1905
f 1912/1912 1911/1911 1996/1996
f 1956/1956 1954/1954 1953/1953
f 1954/1954 1956/1956 1910/1910
f 1996/1996 1911/1911 1955/1955
f 1955/1955 1953/1953 2006/2006
f 1915/1915 2007/2007 1913/1913
f 2008/2008 2009/2009 1901/1901
f 2010/2010 2009/2009 1979/1979
f 2011/2011 2012/2012 2013/2013
f 2011/2011 2014/2014 1964/1964
f 1966/1966 1982/1982 1981/1981
f 1981/1981 1965/1965 1999/1999
f 2015/2015 2016/2016 1984/1984
f 2017/2017 2018/2018 2015/2015
f 2010/2010 1967/1967 2009/2009
f 1966/1966 1967/1967 2010/2010
f 2019/2019 2020/2020 2021/2021
f 2020/2020 1977/1977 2022/2022
f 1940/1940 1939/1939 2012/2012
f 1938/1938 1937/1937 2023/2023
f 2024/2024 1990/1990 1989/1989
f 1990/1990 2025/2025 1970/1970
f 1943/1943 1942/1942 2019/2019
f 2026/2026 2027/2027 1925/1925
f 1992/1992 1991/1991 2028/2028
f 1947/1947 1946/1946 2008/2008
f 1929/1929 1928/1928 1986/1986
f 1986/1986 2011/2011 2013/2013
f 1978/1978 2023/2023 2029/2029
f 2029/2029 1994/1994 1973/1973
f 1951/1951 2002/2002 2030/2030
f 2002/2002 2001/2001 2030/2030
f 1920/1920 2031/2031 1921/1921
f 1958/1958 1931/1931 1903/1903
f 1898/1898 2032/2032 1952/1952
f 1897/1897 2032/2032 1898/1898
f 2028/2028 2000/2000 1992/1992
f 1949/1949 2000/2000 2002/2002
f 2006/2006 2033/2033 1955/1955
f 1970/1970 2025/2025 1971/1971
f 2034/2034 2035/2035 1995/1995
f 2035/2035 2034/2034 2031/2031
f 2036/2036 2027/2027 1929/1929
f 1926/1926 1925/1925 2027/2027
f 1941/1941 1936/1936 1938/1938
f 1904/1904 2037/2037 1924/1924
f 2038/2038 2039/2039 1943/1943
f 2039/2039 1995/1995 1988/1988
f 1902/1902 1935/1935 2040/2040
f 1915/1915 2040/2040 2041/2041
f 2022/2022 1975/1975 1974/1974
f 1975/1975 2022/2022 1977/1977
f 1990/1990 2024/2024 2025/2025
f 2040/2040 2025/2025 1902/1902
f 2018/2018 2026/2026 1925/1925
f 2016/2016 2015/2015 2018/2018
f 1908/1908 1923/1923 1906/1906
f 1904/1904 1923/1923 1908/1908
f 1931/1931 1958/1958 1932/1932
f 1932/1932 1958/1958 1960/1960
f 2042/2042 1913/1913 2041/2041
f 1967/1967 2042/2042 2009/2009
f 1899/1899 2043/2043 1897/1897
f 1979/1979 1980/1980 2010/2010
f 2029/2029 1945/1945 1994/1994
f 1945/1945 2029/2029 1944/1944
f 1965/1965 1951/1951 2030/2030
f 1998/1998 1999/1999 1965/1965
f 1934/1934 2044/2044 1916/1916
f 2001/2001 2044/2044 1998/1998
f 1913/1913 2045/2045 2041/2041
f 2041/2041 2045/2045 1915/1915
f 2026/2026 2019/2019 1930/1930
f 1932/1932 1960/1960 1957/1957
f 1951/1951 1997/1997 1949/1949
f 1912/1912 1897/1897 1997/1997
f 1938/1938 2023/2023 2012/2012
f 1983/1983 1984/1984 2016/2016
f 1992/1992 2046/2046 1997/1997
f 1992/1992 2000/2000 1949/1949
f 1955/1955 1971/1971 1996/1996
f 1971/1971 1955/1955 2033/2033
f 2009/2009 2008/2008 1946/1946
f 2009/2009 2047/2047 1979/1979
f 1971/1971 2033/2033 1970/1970
f 1918/1918 1933/1933 1916/1916
f 1929/1929 1927/1927 2036/2036
f 2013/2013 1929/1929 1986/1986
f 1994/1994 2048/2048 1922/1922
f 1922/1922 2031/2031 2034/2034
f 1977/1977 2020/2020 2017/2017
f 1907/1907 1959/1959 1905/1905
f 1941/1941 1964/1964 1924/1924
f 1931/1931 1924/1924 1962/1962
f 1989/1989 1900/1900 2024/2024
f 2008/2008 2028/2028 1991/1991
f 2049/2049 1966/1966 1981/1981
f 2049/2049 1914/1914 1966/1966
f 1970/1970 1969/1969 1990/1990
f 1990/1990 2050/2050 1968/1968
f 1986/1986 1963/1963 2011/2011
f 1963/1963 1986/1986 1961/1961
f 1897/1897 2043/2043 1993/1993
f 1993/1993 1997/1997 1897/1897
f 2027/2027 1930/1930 1929/1929
f 1930/1930 2027/2027 2026/2026
f 1985/1985 1977/1977 2017/2017
f 1977/1977 1985/1985 1978/1978
f 2008/2008 1991/1991 1947/1947
f 1947/1947 2051/2051 1993/1993
f 1972/1972 1996/1996 1971/1971
f 1996/1996 1972/1972 1897/1897
f 2052/2052 2001/2001 1998/1998
f 2052/2052 1998/1998 1965/1965
f 1938/1938 2053/2053 1941/1941
f 2053/2053 1938/1938 2012/2012
f 1915/1915 2006/2006 2040/2040
f 1934/1934 1915/1915 1914/1914
f 1962/1962 1961/1961 1931/1931
f 2054/2054 1931/1931 1921/1921
f 1988/1988 1919/1919 1921/1921
f 1919/1919 1988/1988 1995/1995
f 1910/1910 2055/2055 1911/1911
f 1911/1911 2055/2055 1955/1955
f 1965/1965 1981/1981 1909/1909
f 1910/1910 1909/1909 1981/1981
f 1968/1968 2000/2000 2028/2028
f 1917/1917 1968/1968 1970/1970
f 2037/2037 1904/1904 1936/1936
f 1922/1922 1944/1944 1904/1904
f 2056/2056 2016/2016 2018/2018
f 2016/2016 2056/2056 1983/1983
f 1943/1943 2021/2021 2038/2038
f 2021/2021 1943/1943 2019/2019
f 2043/2043 1899/1899 1979/1979
f 2043/2043 1979/1979 1948/1948
f 1940/1940 2057/2057 1964/1964
f 2057/2057 1940/1940 2012/2012
f 1954/1954 1898/1898 1952/1952
f 1899/1899 1898/1898 1954/1954
f 1934/1934 1933/1933 2033/2033
f 1933/1933 1918/1918 2033/2033
f 2004/2004 1923/1923 1924/1924
f 1923/1923 2004/2004 1957/1957
f 1905/1905 1958/1958 1903/1903
f 1958/1958 1905/1905 1959/1959
f 2031/2031 1922/1922 1903/1903
f 1921/1921 2031/2031 2054/2054
f 1924/1924 2037/2037 1941/1941
f 1936/1936 1941/1941 2037/2037
f 1962/1962 1964/1964 2014/2014
f 1964/1964 1962/1962 1924/1924
f 1920/1920 2035/2035 2031/2031
f 2035/2035 1920/1920 1995/1995
f 1952/1952 1971/1971 2025/2025
f 2025/2025 2040/2040 1952/1952
f 2029/2029 1937/1937 1936/1936
f 2029/2029 2023/2023 1937/1937
f 1973/1973 1978/1978 2029/2029
f 1978/1978 1973/1973 1976/1976
f 1995/1995 2039/2039 2038/2038
f 1974/1974 1973/1973 1995/1995
f 1946/1946 2047/2047 2009/2009
f 2047/2047 1946/1946 1979/1979
f 2024/2024 1902/1902 2025/2025
f 1902/1902 2024/2024 1900/1900
f 1997/1997 1951/1951 1912/1912
f 1951/1951 1965/1965 1912/1912
f 1980/1980 1979/1979 1899/1899
f 1910/1910 1899/1899 1954/1954
f 2018/2018 2017/2017 1906/1906
f 1906/1906 1957/1957 2018/2018
f 1960/1960 1959/1959 2019/2019
f 1957/1957 1960/1960 2019/2019
f 2033/2033 2006/2006 1934/1934
f 1915/1915 1934/1934 2006/2006
f 1949/1949 2046/2046 1992/1992
f 2046/2046 1949/1949 1997/1997
f 1982/1982 2010/2010 1980/1980
f 2010/2010 1982/1982 1966/1966
f 1953/1953 1952/1952 2040/2040
f 2040/2040 2006/2006 1953/1953
f 1918/1918 1970/1970 2033/2033
f 1970/1970 1918/1918 1917/1917
f 1945/1945 2048/2048 1994/1994
f 2048/2048 1945/1945 1922/1922
f 1963/1963 2014/2014 2011/2011
f 2014/2014 1963/1963 1962/1962
f 2044/2044 1914/1914 1998/1998
f 1914/1914 2044/2044 1934/1934
f 1935/1935 2041/2041 2040/2040
f 2041/2041 1935/1935 2042/2042
f 1983/1983 1927/1927 2012/2012
f 1984/1984 1983/1983 2012/2012
f 1961/1961 1921/1921 1931/1931
f 1921/1921 1961/1961 1988/1988
f 1978/1978 1984/1984 2023/2023
f 1984/1984 2012/2012 2023/2023
f 1948/1948 1993/1993 2043/2043
f 1993/1993 1948/1948 1947/1947
f 1899/1899 1910/1910 1980/1980
f 1981/1981 1980/1980 1910/1910
f 2028/2028 2008/2008 1989/1989
f 1989/1989 1968/1968 2028/2028
f 1907/1907 1906/1906 2017/2017
f 1907/1907 2017/2017 2020/2020
f 2020/2020 2019/2019 1959/1959
f 1959/1959 1907/1907 2020/2020
f 2019/2019 2026/2026 1957/1957
f 2026/2026 2018/2018 1957/1957
f 2042/2042 1901/1901 2009/2009
f 1901/1901 2042/2042 1935/1935
f 2039/2039 1928/1928 1943/1943
f 1928/1928 2039/2039 1988/1988
f 2044/2044 2001/2001 1916/1916
f 1917/1917 1916/1916 2001/2001
f 1967/1967 1914/1914 1913/1913
f 2042/2042 1967/1967 1913/1913
f 1975/1975 1976/1976 1973/1973
f 1977/1977 1976/1976 1975/1975
f 2027/2027 2036/2036 1926/1926
f 1926/1926 2036/2036 1927/1927
f 2051/2051 1991/1991 1993/1993
f 2051/2051 1947/1947 1991/1991
f 1927/1927 1929/1929 2013/2013
f 1927/1927 2013/2013 2012/2012
f 1968/1968 1917/1917 2000/2000
f 2001/2001 2000/2000 1917/1917
f 1999/1999 2049/2049 1981/1981
f 2049/2049 1999/1999 1914/1914
f 2052/2052 2030/2030 2001/2001
f 2030/2030 2052/2052 1965/1965
f 1986/1986 1988/1988 1987/1987
f 1961/1961 1987/1987 1988/1988
f 2053/2053 1939/1939 1941/1941
f 1939/1939 2053/2053 2012/2012
f 2015/2015 1985/1985 2017/2017
f 1985/1985 2015/2015 1984/1984
f 1942/1942 1930/1930 2019/2019
f 1930/1930 1942/1942 1928/1928
f 1950/1950 2002/2002 1951/1951
f 1950/1950 1949/1949 2002/2002
f 2050/2050 1969/1969 1968/1968
f 2050/2050 1990/1990 1969/1969
f 2007/2007 1915/1915 2045/2045
f 2007/2007 2045/2045 1913/1913
f 1900/1900 1989/1989 2008/2008
f 2008/2008 1901/1901 1900/1900
f 1955/1955 2055/2055 1956/1956
f 1956/1956 2055/2055 1910/1910
f 1972/1972 2032/2032 1897/1897
f 1952/1952 2032/2032 1972/1972
f 2034/2034 1995/1995 1994/1994
f 2034/2034 1994/1994 1922/1922
f 2057/2057 2011/2011 1964/1964
f 2057/2057 2012/2012 2011/2011
f 1925/1925 2056/2056 2018/2018
f 2056/2056 1925/1925 1983/1983
f 2021/2021 2022/2022 2038/2038
f 2022/2022 2021/2021 2020/2020
f 1904/1904 1908/1908 2005/2005
f 2005/2005 1908/1908 1907/1907
f 1924/1924 1932/1932 2003/2003
f 2003/2003 1932/1932 1957/1957
f 1974/1974 2038/2038 2022/2022
f 2038/2038 1974/1974 1995/1995
f 1936/1936 1944/1944 2029/2029
f 1944/1944 1936/1936 1904/1904
f 1903/1903 2054/2054 2031/2031
f 2054/2054 1903/1903 1931/1931
f 2058/2058 2059/2059 2060/2060
f 2061/2061 2062/2062 2063/2063
f 2064/2064 2065/2065 2066/2066
f 2067/2067 2068/2068 2069/2069
f 2070/2070 2071/2071 2072/2072
f 2073/2073 2074/2074 2075/2075
f 2076/2076 2060/2060 2059/2059
f 2063/2063 2077/2077 2061/2061
f 2066/2066 2078/2078 2064/2064
f 2079/2079 2080/2080 2068/2068
f 2081/2081 2082/2082 2083/2083
f 2084/2084 2085/2085 2086/2086
f 2070/2070 2087/2087 2088/2088
f 2089/2089 2090/2090 2091/2091
f 2069/2069 2083/2083 2067/2067
f 2086/2086 2092/2092 2084/2084
f 2074/2074 2091/2091 2090/2090
f 2093/2093 2070/2070 2088/2088
f 2094/2094 2061/2061 2077/2077
f 2068/2068 2095/2095 2079/2079
f 2096/2096 2072/2072 2071/2071
f 2075/2075 2097/2097 2073/2073
f 2083/2083 2098/2098 2081/2081
f 2099/2099 2086/2086 2085/2085
f 2059/2059 2081/2081 2076/2076
f 2085/2085 2064/2064 2099/2099
f 2083/2083 2082/2082 2067/2067
f 2062/2062 2084/2084 2092/2092
f 2091/2091 2058/2058 2089/2089
f 2066/2066 2065/2065 2093/2093
f 2095/2095 2073/2073 2097/2097
f 2071/2071 2094/2094 2096/2096
f 2060/2060 2089/2089 2058/2058
f 2088/2088 2066/2066 2093/2093
f 2092/2092 2063/2063 2062/2062
f 2068/2068 2080/2080 2069/2069
f 2072/2072 2087/2087 2070/2070
f 2090/2090 2075/2075 2074/2074
f 2080/2080 2079/2079 2077/2077
f 2079/2079 2075/2075 2096/2096
f 2060/2060 2076/2076 2078/2078
f 2081/2081 2098/2098 2076/2076
f 2079/2079 2096/2096 2077/2077
f 2077/2077 2096/2096 2094/2094
f 2098/2098 2083/2083 2099/2099
f 2099/2099 2076/2076 2098/2098
f 2075/2075 2090/2090 2072/2072
f 2072/2072 2096/2096 2075/2075
f 2059/2059 2058/2058 2064/2064
f 2064/2064 2081/2081 2059/2059
f 2071/2071 2070/2070 2074/2074
f 2074/2074 2070/2070 2093/2093
f 2094/2094 2073/2073 2095/2095
f 2095/2095 2068/2068 2094/2094
f 2064/2064 2085/2085 2081/2081
f 2082/2082 2081/2081 2085/2085
f 2068/2068 2067/2067 2061/2061
f 2061/2061 2094/2094 2068/2068
f 2094/2094 2071/2071 2073/2073
f 2074/2074 2073/2073 2071/2071
f 2062/2062 2061/2061 2067/2067
f 2067/2067 2082/2082 2062/2062
f 2093/2093 2065/2065 2091/2091
f 2091/2091 2074/2074 2093/2093
f 2078/2078 2066/2066 2060/2060
f 2060/2060 2066/2066 2088/2088
f 2086/2086 2099/2099 2083/2083
f 2083/2083 2069/2069 2086/2086
f 2082/2082 2084/2084 2062/2062
f 2085/2085 2084/2084 2082/2082
f 2064/2064 2078/2078 2099/2099
f 2099/2099 2078/2078 2076/2076
f 2092/2092 2086/2086 2069/2069
f 2069/2069 2080/2080 2092/2092
f 2088/2088 2087/2087 2089/2089
f 2089/2089 2060/2060 2088/2088
f 2058/2058 2091/2091 2065/2065
f 2065/2065 2064/2064 2058/2058
f 2080/2080 2063/2063 2092/2092
f 2077/2077 2063/2063 2080/2080
f 2087/2087 2072/2072 2090/2090
f 2090/2090 2089/2089 2087/2087
f 2097/2097 2079/2079 2095/2095
f 2097/2097 2075/2075 2079/2079
f 2100/2100 2101/2101 2102/2102
f 2103/2103 2104/2104 2105/2105
f 2106/2106 2107/2107 2108/2108
f 2109/2109 2110/2110 2111/2111
f 2112/2112 2113/2113 2114/2114
f 2104/2104 2115/2115 2116/2116
f 2117/2117 2102/2102 2101/2101
f 2118/2118 2119/2119 2120/2120
f 2109/2109 2121/2121 2122/2122
f 2123/2123 2111/2111 2110/2110
f 2107/2107 2106/2106 2124/2124
f 2125/2125 2126/2126 2127/2127
f 2128/2128 2129/2129 2130/2130
f 2131/2131 2132/2132 2133/2133
f 2131/2131 2134/2134 2135/2135
f 2136/2136 2137/2137 2138/2138
f 2139/2139 2140/2140 2141/2141
f 2142/2142 2143/2143 2144/2144
f 2144/2144 2145/2145 2118/2118
f 2119/2119 2146/2146 2107/2107
f 2102/2102 2147/2147 2148/2148
f 2115/2115 2135/2135 2148/2148
f 2140/2140 2149/2149 2150/2150
f 2151/2151 2141/2141 2140/2140
f 2152/2152 2153/2153 2154/2154
f 2155/2155 2156/2156 2157/2157
f 2110/2110 2109/2109 2158/2158
f 2118/2118 2159/2159 2160/2160
f 2157/2157 2117/2117 2155/2155
f 2161/2161 2162/2162 2163/2163
f 2164/2164 2165/2165 2166/2166
f 2167/2167 2168/2168 2169/2169
f 2170/2170 2111/2111 2124/2124
f 2171/2171 2172/2172 2173/2173
f 2169/2169 2174/2174 2175/2175
f 2176/2176 2177/2177 2178/2178
f 2108/2108 2179/2179 2180/2180
f 2111/2111 2170/2170 2109/2109
f 2181/2181 2182/2182 2183/2183
f 2184/2184 2185/2185 2186/2186
f 2105/2105 2187/2187 2103/2103
f 2135/2135 2115/2115 2131/2131
f 2104/2104 2116/2116 2188/2188
f 2104/2104 2157/2157 2105/2105
f 2183/2183 2189/2189 2181/2181
f 2129/2129 2128/2128 2190/2190
f 2191/2191 2192/2192 2193/2193
f 2193/2193 2194/2194 2149/2149
f 2145/2145 2144/2144 2143/2143
f 2111/2111 2123/2123 2195/2195
f 2156/2156 2155/2155 2196/2196
f 2105/2105 2132/2132 2131/2131
f 2197/2197 2114/2114 2198/2198
f 2168/2168 2199/2199 2200/2200
f 2134/2134 2131/2131 2133/2133
f 2201/2201 2202/2202 2100/2100
f 2203/2203 2204/2204 2205/2205
f 2178/2178 2177/2177 2206/2206
f 2207/2207 2208/2208 2209/2209
f 2210/2210 2142/2142 2107/2107
f 2171/2171 2173/2173 2211/2211
f 2212/2212 2213/2213 2214/2214
f 2148/2148 2215/2215 2115/2115
f 2216/2216 2163/2163 2162/2162
f 2155/2155 2217/2217 2196/2196
f 2217/2217 2155/2155 2100/2100
f 2188/2188 2157/2157 2104/2104
f 2188/2188 2218/2218 2157/2157
f 2126/2126 2140/2140 2219/2219
f 2220/2220 2186/2186 2185/2185
f 2221/2221 2222/2222 2223/2223
f 2207/2207 2209/2209 2197/2197
f 2224/2224 2166/2166 2225/2225
f 2114/2114 2226/2226 2112/2112
f 2175/2175 2176/2176 2227/2227
f 2221/2221 2167/2167 2222/2222
f 2228/2228 2213/2213 2229/2229
f 2102/2102 2117/2117 2147/2147
f 2117/2117 2157/2157 2218/2218
f 2174/2174 2169/2169 2225/2225
f 2225/2225 2230/2230 2174/2174
f 2122/2122 2158/2158 2109/2109
f 2110/2110 2159/2159 2118/2118
f 2231/2231 2118/2118 2145/2145
f 2232/2232 2192/2192 2233/2233
f 2192/2192 2137/2137 2136/2136
f 2150/2150 2149/2149 2204/2204
f 2204/2204 2203/2203 2151/2151
f 2234/2234 2143/2143 2142/2142
f 2195/2195 2173/2173 2172/2172
f 2235/2235 2236/2236 2146/2146
f 2121/2121 2109/2109 2108/2108
f 2119/2119 2118/2118 2160/2160
f 2146/2146 2119/2119 2235/2235
f 2105/2105 2237/2237 2132/2132
f 2208/2208 2238/2238 2209/2209
f 2226/2226 2114/2114 2177/2177
f 2195/2195 2172/2172 2111/2111
f 2172/2172 2124/2124 2111/2111
f 2190/2190 2233/2233 2203/2203
f 2205/2205 2190/2190 2203/2203
f 2134/2134 2133/2133 2201/2201
f 2169/2169 2168/2168 2200/2200
f 2239/2239 2164/2164 2166/2166
f 2126/2126 2125/2125 2137/2137
f 2193/2193 2149/2149 2191/2191
f 2171/2171 2124/2124 2172/2172
f 2211/2211 2210/2210 2240/2240
f 2161/2161 2218/2218 2188/2188
f 2163/2163 2147/2147 2241/2241
f 2162/2162 2116/2116 2242/2242
f 2216/2216 2215/2215 2148/2148
f 2243/2243 2166/2166 2165/2165
f 2244/2244 2198/2198 2199/2199
f 2139/2139 2189/2189 2183/2183
f 2186/2186 2245/2245 2184/2184
f 2246/2246 2196/2196 2217/2217
f 2247/2247 2246/2246 2217/2217
f 2213/2213 2248/2248 2249/2249
f 2250/2250 2229/2229 2213/2213
f 2250/2250 2213/2213 2251/2251
f 2158/2158 2159/2159 2110/2110
f 2234/2234 2211/2211 2173/2173
f 2173/2173 2195/2195 2252/2252
f 2253/2253 2212/2212 2254/2254
f 2166/2166 2224/2224 2239/2239
f 2239/2239 2169/2169 2200/2200
f 2255/2255 2127/2127 2126/2126
f 2220/2220 2185/2185 2255/2255
f 2210/2210 2211/2211 2142/2142
f 2234/2234 2142/2142 2211/2211
f 2216/2216 2148/2148 2163/2163
f 2147/2147 2163/2163 2148/2148
f 2116/2116 2162/2162 2188/2188
f 2161/2161 2188/2188 2162/2162
f 2102/2102 2256/2256 2100/2100
f 2148/2148 2135/2135 2102/2102
f 2227/2227 2176/2176 2178/2178
f 2168/2168 2167/2167 2221/2221
f 2198/2198 2244/2244 2197/2197
f 2107/2107 2120/2120 2119/2119
f 2144/2144 2107/2107 2142/2142
f 2160/2160 2235/2235 2119/2119
f 2153/2153 2257/2257 2154/2154
f 2232/2232 2153/2153 2192/2192
f 2152/2152 2192/2192 2153/2153
f 2190/2190 2205/2205 2129/2129
f 2204/2204 2149/2149 2194/2194
f 2203/2203 2233/2233 2189/2189
f 2141/2141 2151/2151 2203/2203
f 2149/2149 2140/2140 2126/2126
f 2191/2191 2149/2149 2126/2126
f 2113/2113 2112/2112 2166/2166
f 2230/2230 2112/2112 2226/2226
f 2176/2176 2175/2175 2174/2174
f 2177/2177 2176/2176 2226/2226
f 2258/2258 2219/2219 2140/2140
f 2139/2139 2258/2258 2140/2140
f 2186/2186 2220/2220 2259/2259
f 2260/2260 2139/2139 2183/2183
f 2181/2181 2138/2138 2182/2182
f 2125/2125 2127/2127 2182/2182
f 2181/2181 2189/2189 2233/2233
f 2138/2138 2181/2181 2136/2136
f 2156/2156 2105/2105 2157/2157
f 2105/2105 2156/2156 2261/2261
f 2146/2146 2262/2262 2121/2121
f 2262/2262 2263/2263 2121/2121
f 2197/2197 2209/2209 2114/2114
f 2114/2114 2209/2209 2238/2238
f 2264/2264 2223/2223 2222/2222
f 2178/2178 2264/2264 2227/2227
f 2214/2214 2254/2254 2212/2212
f 2198/2198 2113/2113 2199/2199
f 2198/2198 2114/2114 2113/2113
f 2241/2241 2147/2147 2218/2218
f 2218/2218 2147/2147 2117/2117
f 2215/2215 2116/2116 2115/2115
f 2242/2242 2116/2116 2215/2215
f 2124/2124 2210/2210 2107/2107
f 2240/2240 2210/2210 2124/2124
f 2143/2143 2195/2195 2123/2123
f 2252/2252 2195/2195 2143/2143
f 2255/2255 2219/2219 2220/2220
f 2126/2126 2219/2219 2255/2255
f 2265/2265 2159/2159 2266/2266
f 2267/2267 2159/2159 2268/2268
f 2269/2269 2130/2130 2129/2129
f 2270/2270 2129/2129 2205/2205
f 2248/2248 2213/2213 2212/2212
f 2248/2248 2212/2212 2253/2253
f 2126/2126 2137/2137 2191/2191
f 2192/2192 2191/2191 2137/2137
f 2208/2208 2206/2206 2238/2238
f 2100/2100 2134/2134 2201/2201
f 2134/2134 2100/2100 2256/2256
f 2133/2133 2271/2271 2272/2272
f 2273/2273 2274/2274 2133/2133
f 2106/2106 2170/2170 2124/2124
f 2180/2180 2106/2106 2108/2108
f 2275/2275 2160/2160 2265/2265
f 2265/2265 2160/2160 2159/2159
f 2110/2110 2231/2231 2123/2123
f 2118/2118 2231/2231 2110/2110
f 2202/2202 2201/2201 2274/2274
f 2201/2201 2133/2133 2274/2274
f 2273/2273 2247/2247 2274/2274
f 2247/2247 2217/2217 2274/2274
f 2163/2163 2241/2241 2161/2161
f 2241/2241 2218/2218 2161/2161
f 2276/2276 2204/2204 2194/2194
f 2277/2277 2205/2205 2204/2204
f 2240/2240 2124/2124 2171/2171
f 2211/2211 2240/2240 2171/2171
f 2242/2242 2215/2215 2216/2216
f 2162/2162 2242/2242 2216/2216
f 2173/2173 2252/2252 2234/2234
f 2252/2252 2143/2143 2234/2234
f 2132/2132 2237/2237 2278/2278
f 2271/2271 2133/2133 2132/2132
f 2145/2145 2123/2123 2231/2231
f 2123/2123 2145/2145 2143/2143
f 2235/2235 2160/2160 2275/2275
f 2223/2223 2207/2207 2221/2221
f 2184/2184 2183/2183 2182/2182
f 2185/2185 2184/2184 2182/2182
f 2243/2243 2165/2165 2199/2199
f 2165/2165 2200/2200 2199/2199
f 2112/2112 2230/2230 2166/2166
f 2230/2230 2225/2225 2166/2166
f 2225/2225 2169/2169 2279/2279
f 2169/2169 2239/2239 2279/2279
f 2219/2219 2258/2258 2220/2220
f 2258/2258 2259/2259 2220/2220
f 2109/2109 2179/2179 2108/2108
f 2179/2179 2109/2109 2170/2170
f 2185/2185 2182/2182 2127/2127
f 2127/2127 2255/2255 2185/2185
f 2274/2274 2217/2217 2202/2202
f 2100/2100 2202/2202 2217/2217
f 2187/2187 2105/2105 2131/2131
f 2187/2187 2131/2131 2103/2103
f 2167/2167 2175/2175 2222/2222
f 2169/2169 2175/2175 2167/2167
f 2196/2196 2261/2261 2156/2156
f 2246/2246 2261/2261 2196/2196
f 2254/2254 2280/2280 2253/2253
f 2152/2152 2193/2193 2192/2192
f 2236/2236 2262/2262 2146/2146
f 2235/2235 2262/2262 2236/2236
f 2226/2226 2174/2174 2230/2230
f 2174/2174 2226/2226 2176/2176
f 2130/2130 2257/2257 2128/2128
f 2228/2228 2229/2229 2281/2281
f 2139/2139 2141/2141 2189/2189
f 2189/2189 2141/2141 2203/2203
f 2272/2272 2273/2273 2133/2133
f 2115/2115 2104/2104 2103/2103
f 2115/2115 2103/2103 2131/2131
f 2207/2207 2197/2197 2221/2221
f 2221/2221 2197/2197 2244/2244
f 2129/2129 2270/2270 2269/2269
f 2238/2238 2177/2177 2114/2114
f 2177/2177 2238/2238 2206/2206
f 2282/2282 2253/2253 2280/2280
f 2122/2122 2121/2121 2263/2263
f 2263/2263 2158/2158 2122/2122
f 2190/2190 2128/2128 2232/2232
f 2190/2190 2232/2232 2233/2233
f 2249/2249 2251/2251 2213/2213
f 2165/2165 2164/2164 2200/2200
f 2200/2200 2164/2164 2239/2239
f 2184/2184 2245/2245 2183/2183
f 2183/2183 2245/2245 2260/2260
f 2228/2228 2214/2214 2213/2213
f 2254/2254 2214/2214 2228/2228
f 2136/2136 2233/2233 2192/2192
f 2136/2136 2181/2181 2233/2233
f 2267/2267 2266/2266 2159/2159
f 2166/2166 2243/2243 2113/2113
f 2243/2243 2199/2199 2113/2113
f 2244/2244 2168/2168 2221/2221
f 2199/2199 2168/2168 2244/2244
f 2139/2139 2260/2260 2259/2259
f 2258/2258 2139/2139 2259/2259
f 2150/2150 2204/2204 2151/2151
f 2140/2140 2150/2150 2151/2151
f 2153/2153 2232/2232 2128/2128
f 2153/2153 2128/2128 2257/2257
f 2159/2159 2158/2158 2268/2268
f 2268/2268 2158/2158 2267/2267
f 2239/2239 2224/2224 2279/2279
f 2225/2225 2279/2279 2224/2224
f 2222/2222 2227/2227 2264/2264
f 2227/2227 2222/2222 2175/2175
f 2146/2146 2108/2108 2107/2107
f 2108/2108 2146/2146 2121/2121
f 2276/2276 2277/2277 2204/2204
f 2101/2101 2100/2100 2155/2155
f 2101/2101 2155/2155 2117/2117
f 2256/2256 2135/2135 2134/2134
f 2256/2256 2102/2102 2135/2135
f 2261/2261 2237/2237 2105/2105
f 2278/2278 2237/2237 2261/2261
f 2278/2278 2271/2271 2132/2132
f 2245/2245 2186/2186 2260/2260
f 2259/2259 2260/2260 2186/2186
f 2138/2138 2125/2125 2182/2182
f 2125/2125 2138/2138 2137/2137
f 2170/2170 2106/2106 2180/2180
f 2170/2170 2180/2180 2179/2179
f 2120/2120 2144/2144 2118/2118
f 2107/2107 2144/2144 2120/2120
f 2283/2283 2284/2284 2285/2285
f 2286/2286 2287/2287 2288/2288
f 2289/2289 2290/2290 2291/2291
f 2292/2292 2293/2293 2294/2294
f 2295/2295 2294/2294 2293/2293
f 2296/2296 2297/2297 2298/2298
f 2299/2299 2300/2300 2301/2301
f 2302/2302 2303/2303 2304/2304
f 2296/2296 2288/2288 2305/2305
f 2293/2293 2292/2292 2306/2306
f 2287/2287 2291/2291 2290/2290
f 2307/2307 2285/2285 2284/2284
f 2306/2306 2308/2308 2293/2293
f 2288/2288 2309/2309 2305/2305
f 2294/2294 2310/2310 2292/2292
f 2311/2311 2312/2312 2313/2313
f 2314/2314 2315/2315 2316/2316
f 2317/2317 2307/2307 2318/2318
f 2291/2291 2317/2317 2289/2289
f 2312/2312 2319/2319 2320/2320
f 2299/2299 2321/2321 2322/2322
f 2317/2317 2291/2291 2283/2283
f 2288/2288 2296/2296 2286/2286
f 2299/2299 2301/2301 2321/2321
f 2323/2323 2324/2324 2325/2325
f 2326/2326 2327/2327 2315/2315
f 2327/2327 2322/2322 2321/2321
f 2303/2303 2302/2302 2328/2328
f 2316/2316 2313/2313 2314/2314
f 2316/2316 2329/2329 2330/2330
f 2312/2312 2311/2311 2331/2331
f 2330/2330 2331/2331 2316/2316
f 2308/2308 2318/2318 2307/2307
f 2332/2332 2333/2333 2334/2334
f 2290/2290 2335/2335 2287/2287
f 2336/2336 2334/2334 2333/2333
f 2283/2283 2298/2298 2295/2295
f 2294/2294 2295/2295 2337/2337
f 2310/2310 2294/2294 2309/2309
f 2338/2338 2320/2320 2319/2319
f 2319/2319 2339/2339 2338/2338
f 2314/2314 2313/2313 2340/2340
f 2304/2304 2303/2303 2341/2341
f 2288/2288 2310/2310 2309/2309
f 2342/2342 2288/2288 2287/2287
f 2305/2305 2297/2297 2296/2296
f 2343/2343 2292/2292 2342/2342
f 2292/2292 2287/2287 2335/2335
f 2333/2333 2306/2306 2344/2344
f 2336/2336 2335/2335 2290/2290
f 2332/2332 2318/2318 2308/2308
f 2334/2334 2289/2289 2345/2345
f 2322/2322 2346/2346 2339/2339
f 2339/2339 2302/2302 2304/2304
f 2329/2329 2316/2316 2315/2315
f 2323/2323 2325/2325 2321/2321
f 2315/2315 2314/2314 2328/2328
f 2328/2328 2347/2347 2303/2303
f 2298/2298 2348/2348 2295/2295
f 2294/2294 2349/2349 2309/2309
f 2337/2337 2350/2350 2294/2294
f 2336/2336 2290/2290 2334/2334
f 2289/2289 2334/2334 2290/2290
f 2332/2332 2308/2308 2333/2333
f 2306/2306 2333/2333 2308/2308
f 2305/2305 2351/2351 2297/2297
f 2331/2331 2299/2299 2312/2312
f 2299/2299 2319/2319 2312/2312
f 2311/2311 2316/2316 2331/2331
f 2316/2316 2311/2311 2313/2313
f 2299/2299 2331/2331 2300/2300
f 2320/2320 2338/2338 2352/2352
f 2353/2353 2304/2304 2338/2338
f 2320/2320 2313/2313 2312/2312
f 2341/2341 2340/2340 2313/2313
f 2283/2283 2296/2296 2298/2298
f 2296/2296 2283/2283 2291/2291
f 2315/2315 2321/2321 2325/2325
f 2321/2321 2315/2315 2327/2327
f 2324/2324 2330/2330 2329/2329
f 2354/2354 2355/2355 2309/2309
f 2309/2309 2350/2350 2354/2354
f 2292/2292 2335/2335 2306/2306
f 2344/2344 2306/2306 2335/2335
f 2345/2345 2289/2289 2318/2318
f 2317/2317 2318/2318 2289/2289
f 2356/2356 2357/2357 2348/2348
f 2350/2350 2337/2337 2358/2358
f 2340/2340 2341/2341 2303/2303
f 2347/2347 2340/2340 2303/2303
f 2339/2339 2346/2346 2302/2302
f 2302/2302 2346/2346 2326/2326
f 2340/2340 2347/2347 2314/2314
f 2347/2347 2328/2328 2314/2314
f 2334/2334 2345/2345 2332/2332
f 2345/2345 2318/2318 2332/2332
f 2344/2344 2335/2335 2336/2336
f 2333/2333 2344/2344 2336/2336
f 2339/2339 2319/2319 2322/2322
f 2322/2322 2319/2319 2299/2299
f 2304/2304 2353/2353 2339/2339
f 2353/2353 2338/2338 2339/2339
f 2348/2348 2298/2298 2356/2356
f 2359/2359 2356/2356 2298/2298
f 2342/2342 2310/2310 2288/2288
f 2310/2310 2342/2342 2292/2292
f 2291/2291 2286/2286 2296/2296
f 2291/2291 2287/2287 2286/2286
f 2287/2287 2343/2343 2342/2342
f 2343/2343 2287/2287 2292/2292
f 2293/2293 2307/2307 2295/2295
f 2307/2307 2293/2293 2308/2308
f 2297/2297 2360/2360 2359/2359
f 2297/2297 2359/2359 2298/2298
f 2350/2350 2349/2349 2294/2294
f 2350/2350 2309/2309 2349/2349
f 2355/2355 2351/2351 2305/2305
f 2305/2305 2309/2309 2355/2355
f 2321/2321 2301/2301 2323/2323
f 2313/2313 2320/2320 2341/2341
f 2352/2352 2341/2341 2320/2320
f 2360/2360 2297/2297 2351/2351
f 2331/2331 2361/2361 2300/2300
f 2331/2331 2330/2330 2361/2361
f 2284/2284 2295/2295 2307/2307
f 2295/2295 2284/2284 2283/2283
f 2322/2322 2327/2327 2346/2346
f 2327/2327 2326/2326 2346/2346
f 2325/2325 2329/2329 2315/2315
f 2324/2324 2329/2329 2325/2325
f 2337/2337 2348/2348 2357/2357
f 2348/2348 2337/2337 2295/2295
f 2357/2357 2358/2358 2337/2337
f 2285/2285 2317/2317 2283/2283
f 2317/2317 2285/2285 2307/2307
f 2341/2341 2352/2352 2304/2304
f 2352/2352 2338/2338 2304/2304
f 2328/2328 2326/2326 2315/2315
f 2326/2326 2328/2328 2302/2302
f 2362/2362 2363/2363 2364/2364
f 2365/2365 2366/2366 2367/2367
f 2364/2364 2368/2368 2362/2362
f 2367/2367 2369/2369 2365/2365
f 2370/2370 2371/2371 2372/2372
f 2373/2373 2374/2374 2363/2363
f 2375/2375 2376/2376 2366/2366
f 2363/2363 2362/2362 2377/2377
f 2378/2378 2379/2379 2380/2380
f 2372/2372 2381/2381 2370/2370
f 2382/2382 2367/2367 2383/2383
f 2366/2366 2365/2365 2384/2384
f 2365/2365 2370/2370 2385/2385
f 2381/2381 2378/2378 2386/2386
f 2387/2387 2388/2388 2389/2389
f 2365/2365 2385/2385 2384/2384
f 2390/2390 2391/2391 2392/2392
f 2364/2364 2389/2389 2382/2382
f 2367/2367 2382/2382 2393/2393
f 2377/2377 2373/2373 2363/2363
f 2394/2394 2392/2392 2391/2391
f 2369/2369 2367/2367 2378/2378
f 2381/2381 2369/2369 2378/2378
f 2362/2362 2383/2383 2377/2377
f 2383/2383 2395/2395 2382/2382
f 2367/2367 2396/2396 2378/2378
f 2393/2393 2397/2397 2367/2367
f 2398/2398 2386/2386 2378/2378
f 2373/2373 2377/2377 2399/2399
f 2394/2394 2376/2376 2392/2392
f 2379/2379 2400/2400 2380/2380
f 2397/2397 2396/2396 2367/2367
f 2390/2390 2374/2374 2391/2391
f 2401/2401 2384/2384 2385/2385
f 2402/2402 2363/2363 2374/2374
f 2363/2363 2402/2402 2381/2381
f 2403/2403 2404/2404 2405/2405
f 2389/2389 2404/2404 2382/2382
f 2392/2392 2384/2384 2401/2401
f 2376/2376 2375/2375 2392/2392
f 2374/2374 2373/2373 2391/2391
f 2391/2391 2373/2373 2399/2399
f 2386/2386 2388/2388 2387/2387
f 2381/2381 2387/2387 2363/2363
f 2387/2387 2381/2381 2386/2386
f 2383/2383 2376/2376 2377/2377
f 2377/2377 2376/2376 2394/2394
f 2389/2389 2406/2406 2407/2407
f 2404/2404 2389/2389 2407/2407
f 2403/2403 2379/2379 2397/2397
f 2397/2397 2393/2393 2403/2403
f 2368/2368 2364/2364 2382/2382
f 2368/2368 2382/2382 2395/2395
f 2374/2374 2385/2385 2402/2402
f 2390/2390 2385/2385 2374/2374
f 2379/2379 2403/2403 2400/2400
f 2405/2405 2408/2408 2403/2403
f 2401/2401 2385/2385 2390/2390
f 2392/2392 2401/2401 2390/2390
f 2391/2391 2399/2399 2394/2394
f 2399/2399 2377/2377 2394/2394
f 2366/2366 2383/2383 2367/2367
f 2383/2383 2366/2366 2376/2376
f 2369/2369 2372/2372 2371/2371
f 2381/2381 2372/2372 2369/2369
f 2404/2404 2407/2407 2405/2405
f 2398/2398 2409/2409 2386/2386
f 2409/2409 2388/2388 2386/2386
f 2370/2370 2365/2365 2371/2371
f 2371/2371 2365/2365 2369/2369
f 2380/2380 2398/2398 2378/2378
f 2383/2383 2362/2362 2395/2395
f 2395/2395 2362/2362 2368/2368
f 2408/2408 2400/2400 2403/2403
f 2404/2404 2393/2393 2382/2382
f 2393/2393 2404/2404 2403/2403
f 2389/2389 2388/2388 2406/2406
f 2384/2384 2375/2375 2366/2366
f 2384/2384 2392/2392 2375/2375
f 2396/2396 2397/2397 2379/2379
f 2378/2378 2396/2396 2379/2379
f 2370/2370 2402/2402 2385/2385
f 2402/2402 2370/2370 2381/2381
f 2364/2364 2387/2387 2389/2389
f 2387/2387 2364/2364 2363/2363
f 2410/2410 2411/2411 2412/2412
f 2413/2413 2414/2414 2415/2415
f 2416/2416 2417/2417 2413/2413
f 2418/2418 2419/2419 2420/2420
f 2412/2412 2411/2411 2421/2421
f 2422/2422 2423/2423 2424/2424
f 2425/2425 2426/2426 2427/2427
f 2424/2424 2420/2420 2428/2428
f 2429/2429 2422/2422 2424/2424
f 2423/2423 2430/2430 2424/2424
f 2431/2431 2432/2432 2418/2418
f 2419/2419 2433/2433 2420/2420
f 2434/2434 2427/2427 2433/2433
f 2426/2426 2416/2416 2415/2415
f 2415/2415 2416/2416 2413/2413
f 2432/2432 2419/2419 2418/2418
f 2427/2427 2434/2434 2425/2425
f 2435/2435 2436/2436 2437/2437
f 2438/2438 2436/2436 2439/2439
f 2440/2440 2441/2441 2442/2442
f 2443/2443 2410/2410 2412/2412
f 2428/2428 2429/2429 2424/2424
f 2444/2444 2445/2445 2411/2411
f 2420/2420 2433/2433 2446/2446
f 2447/2447 2448/2448 2423/2423
f 2449/2449 2447/2447 2426/2426
f 2450/2450 2440/2440 2442/2442
f 2442/2442 2451/2451 2437/2437
f 2418/2418 2420/2420 2424/2424
f 2430/2430 2418/2418 2424/2424
f 2452/2452 2425/2425 2434/2434
f 2412/2412 2453/2453 2443/2443
f 2414/2414 2413/2413 2454/2454
f 2455/2455 2435/2435 2451/2451
f 2437/2437 2451/2451 2435/2435
f 2448/2448 2430/2430 2423/2423
f 2414/2414 2433/2433 2427/2427
f 2421/2421 2446/2446 2433/2433
f 2445/2445 2444/2444 2420/2420
f 2446/2446 2445/2445 2420/2420
f 2456/2456 2440/2440 2438/2438
f 2439/2439 2457/2457 2438/2438
f 2458/2458 2459/2459 2435/2435
f 2436/2436 2435/2435 2459/2459
f 2443/2443 2413/2413 2417/2417
f 2443/2443 2417/2417 2410/2410
f 2446/2446 2421/2421 2411/2411
f 2445/2445 2446/2446 2411/2411
f 2431/2431 2430/2430 2448/2448
f 2431/2431 2418/2418 2430/2430
f 2410/2410 2417/2417 2428/2428
f 2411/2411 2410/2410 2444/2444
f 2416/2416 2426/2426 2423/2423
f 2447/2447 2423/2423 2426/2426
f 2453/2453 2412/2412 2460/2460
f 2460/2460 2454/2454 2413/2413
f 2427/2427 2415/2415 2414/2414
f 2415/2415 2427/2427 2426/2426
f 2426/2426 2425/2425 2449/2449
f 2452/2452 2449/2449 2425/2425
f 2440/2440 2450/2450 2436/2436
f 2436/2436 2438/2438 2440/2440
f 2440/2440 2456/2456 2441/2441
f 2433/2433 2414/2414 2421/2421
f 2454/2454 2421/2421 2414/2414
f 2419/2419 2434/2434 2433/2433
f 2434/2434 2419/2419 2452/2452
f 2443/2443 2453/2453 2413/2413
f 2413/2413 2453/2453 2460/2460
f 2435/2435 2455/2455 2458/2458
f 2429/2429 2428/2428 2417/2417
f 2422/2422 2429/2429 2417/2417
f 2459/2459 2439/2439 2436/2436
f 2432/2432 2452/2452 2419/2419
f 2422/2422 2416/2416 2423/2423
f 2417/2417 2416/2416 2422/2422
f 2421/2421 2454/2454 2412/2412
f 2454/2454 2460/2460 2412/2412
f 2450/2450 2437/2437 2436/2436
f 2437/2437 2450/2450 2442/2442
f 2428/2428 2444/2444 2410/2410
f 2444/2444 2428/2428 2420/2420
f 2461/2461 2462/2462 2463/2463
f 2464/2464 2461/2461 2465/2465
f 2466/2466 2465/2465 2463/2463
f 2461/2461 2463/2463 2465/2465
f 2467/2467 2462/2462 2461/2461
f 2467/2467 2463/2463 2462/2462
f 2468/2468 2469/2469 2470/2470
f 2471/2471 2472/2472 2473/2473
f 2474/2474 2475/2475 2476/2476
f 2477/2477 2478/2478 2479/2479
f 2480/2480 2481/2481 2482/2482
f 2483/2483 2484/2484 2485/2485
f 2486/2486 2487/2487 2488/2488
f 2489/2489 2464/2464 2471/2471
f 2461/2461 2464/2464 2489/2489
f 2490/2490 2491/2491 2480/2480
f 2492/2492 2493/2493 2494/2494
f 2466/2466 2495/2495 2496/2496
f 2497/2497 2461/2461 2489/2489
f 2498/2498 2499/2499 2500/2500
f 2501/2501 2502/2502 2483/2483
f 2503/2503 2504/2504 2505/2505
f 2500/2500 2506/2506 2498/2498
f 2464/2464 2465/2465 2507/2507
f 2482/2482 2508/2508 2480/2480
f 2509/2509 2510/2510 2511/2511
f 2512/2512 2513/2513 2514/2514
f 2515/2515 2516/2516 2517/2517
f 2482/2482 2517/2517 2516/2516
f 2481/2481 2479/2479 2518/2518
f 2484/2484 2519/2519 2520/2520
f 2505/2505 2484/2484 2520/2520
f 2472/2472 2494/2494 2493/2493
f 2504/2504 2503/2503 2521/2521
f 2522/2522 2506/2506 2500/2500
f 2486/2486 2523/2523 2487/2487
f 2524/2524 2525/2525 2483/2483
f 2484/2484 2505/2505 2526/2526
f 2527/2527 2528/2528 2484/2484
f 2491/2491 2529/2529 2493/2493
f 2530/2530 2491/2491 2490/2490
f 2466/2466 2531/2531 2532/2532
f 2466/2466 2463/2463 2467/2467
f 2528/2528 2533/2533 2502/2502
f 2533/2533 2528/2528 2527/2527
f 2473/2473 2534/2534 2495/2495
f 2473/2473 2535/2535 2471/2471
f 2536/2536 2537/2537 2505/2505
f 2506/2506 2522/2522 2537/2537
f 2499/2499 2483/2483 2525/2525
f 2505/2505 2498/2498 2536/2536
f 2525/2525 2524/2524 2538/2538
f 2488/2488 2538/2538 2524/2524
f 2466/2466 2539/2539 2529/2529
f 2529/2529 2540/2540 2541/2541
f 2542/2542 2522/2522 2500/2500
f 2470/2470 2522/2522 2542/2542
f 2479/2479 2471/2471 2477/2477
f 2507/2507 2518/2518 2477/2477
f 2518/2518 2507/2507 2481/2481
f 2505/2505 2504/2504 2526/2526
f 2509/2509 2526/2526 2543/2543
f 2468/2468 2544/2544 2545/2545
f 2499/2499 2525/2525 2544/2544
f 2508/2508 2490/2490 2480/2480
f 2546/2546 2516/2516 2466/2466
f 2511/2511 2533/2533 2547/2547
f 2547/2547 2533/2533 2527/2527
f 2480/2480 2548/2548 2549/2549
f 2494/2494 2480/2480 2550/2550
f 2484/2484 2483/2483 2519/2519
f 2551/2551 2519/2519 2483/2483
f 2512/2512 2552/2552 2513/2513
f 2552/2552 2521/2521 2503/2503
f 2553/2553 2554/2554 2555/2555
f 2535/2535 2473/2473 2495/2495
f 2535/2535 2532/2532 2556/2556
f 2493/2493 2492/2492 2550/2550
f 2550/2550 2557/2557 2494/2494
f 2517/2517 2558/2558 2515/2515
f 2465/2465 2559/2559 2560/2560
f 2561/2561 2562/2562 2563/2563
f 2502/2502 2501/2501 2485/2485
f 2485/2485 2564/2564 2483/2483
f 2537/2537 2536/2536 2565/2565
f 2565/2565 2566/2566 2498/2498
f 2474/2474 2476/2476 2490/2490
f 2490/2490 2508/2508 2474/2474
f 2486/2486 2543/2543 2514/2514
f 2526/2526 2504/2504 2543/2543
f 2567/2567 2487/2487 2523/2523
f 2567/2567 2488/2488 2487/2487
f 2544/2544 2525/2525 2545/2545
f 2486/2486 2545/2545 2523/2523
f 2479/2479 2481/2481 2568/2568
f 2480/2480 2549/2549 2481/2481
f 2494/2494 2554/2554 2553/2553
f 2480/2480 2494/2494 2548/2548
f 2497/2497 2467/2467 2461/2461
f 2556/2556 2532/2532 2531/2531
f 2486/2486 2514/2514 2513/2513
f 2486/2486 2513/2513 2552/2552
f 2471/2471 2479/2479 2569/2569
f 2472/2472 2471/2471 2570/2570
f 2496/2496 2495/2495 2534/2534
f 2540/2540 2529/2529 2539/2539
f 2562/2562 2561/2561 2498/2498
f 2499/2499 2498/2498 2571/2571
f 2562/2562 2498/2498 2505/2505
f 2520/2520 2572/2572 2505/2505
f 2520/2520 2519/2519 2573/2573
f 2574/2574 2573/2573 2519/2519
f 2466/2466 2530/2530 2475/2475
f 2466/2466 2475/2475 2546/2546
f 2569/2569 2570/2570 2471/2471
f 2483/2483 2499/2499 2551/2551
f 2541/2541 2493/2493 2529/2529
f 2493/2493 2541/2541 2472/2472
f 2560/2560 2507/2507 2465/2465
f 2507/2507 2560/2560 2481/2481
f 2491/2491 2530/2530 2529/2529
f 2466/2466 2529/2529 2530/2530
f 2470/2470 2469/2469 2486/2486
f 2486/2486 2522/2522 2470/2470
f 2502/2502 2533/2533 2488/2488
f 2488/2488 2533/2533 2486/2486
f 2537/2537 2522/2522 2552/2552
f 2552/2552 2522/2522 2486/2486
f 2495/2495 2532/2532 2535/2535
f 2532/2532 2495/2495 2466/2466
f 2516/2516 2546/2546 2508/2508
f 2508/2508 2482/2482 2516/2516
f 2508/2508 2546/2546 2474/2474
f 2474/2474 2546/2546 2475/2475
f 2572/2572 2520/2520 2575/2575
f 2575/2575 2563/2563 2562/2562
f 2494/2494 2472/2472 2554/2554
f 2570/2570 2554/2554 2472/2472
f 2525/2525 2523/2523 2545/2545
f 2525/2525 2567/2567 2523/2523
f 2504/2504 2514/2514 2543/2543
f 2504/2504 2512/2512 2514/2514
f 2481/2481 2549/2549 2568/2568
f 2573/2573 2576/2576 2520/2520
f 2515/2515 2558/2558 2466/2466
f 2466/2466 2516/2516 2515/2515
f 2511/2511 2510/2510 2486/2486
f 2486/2486 2533/2533 2511/2511
f 2569/2569 2577/2577 2578/2578
f 2578/2578 2579/2579 2569/2569
f 2580/2580 2577/2577 2568/2568
f 2570/2570 2569/2569 2579/2579
f 2570/2570 2579/2579 2581/2581
f 2489/2489 2535/2535 2556/2556
f 2535/2535 2489/2489 2471/2471
f 2571/2571 2582/2582 2499/2499
f 2582/2582 2551/2551 2499/2499
f 2526/2526 2527/2527 2484/2484
f 2527/2527 2526/2526 2509/2509
f 2544/2544 2500/2500 2499/2499
f 2500/2500 2544/2544 2468/2468
f 2494/2494 2553/2553 2548/2548
f 2583/2583 2584/2584 2548/2548
f 2548/2548 2553/2553 2583/2583
f 2519/2519 2551/2551 2574/2574
f 2585/2585 2574/2574 2551/2551
f 2534/2534 2539/2539 2496/2496
f 2496/2496 2539/2539 2466/2466
f 2549/2549 2548/2548 2584/2584
f 2568/2568 2549/2549 2584/2584
f 2503/2503 2537/2537 2552/2552
f 2505/2505 2537/2537 2503/2503
f 2524/2524 2502/2502 2488/2488
f 2483/2483 2502/2502 2524/2524
f 2491/2491 2550/2550 2480/2480
f 2550/2550 2491/2491 2493/2493
f 2464/2464 2477/2477 2471/2471
f 2477/2477 2464/2464 2507/2507
f 2505/2505 2572/2572 2562/2562
f 2562/2562 2572/2572 2575/2575
f 2568/2568 2577/2577 2479/2479
f 2577/2577 2569/2569 2479/2479
f 2468/2468 2545/2545 2469/2469
f 2486/2486 2469/2469 2545/2545
f 2486/2486 2510/2510 2543/2543
f 2509/2509 2543/2543 2510/2510
f 2557/2557 2492/2492 2494/2494
f 2557/2557 2550/2550 2492/2492
f 2478/2478 2518/2518 2479/2479
f 2478/2478 2477/2477 2518/2518
f 2485/2485 2528/2528 2502/2502
f 2528/2528 2485/2485 2484/2484
f 2565/2565 2506/2506 2537/2537
f 2506/2506 2565/2565 2498/2498
f 2466/2466 2558/2558 2465/2465
f 2559/2559 2465/2465 2558/2558
f 2559/2559 2558/2558 2517/2517
f 2559/2559 2517/2517 2482/2482
f 2540/2540 2539/2539 2534/2534
f 2540/2540 2534/2534 2473/2473
f 2538/2538 2488/2488 2567/2567
f 2538/2538 2567/2567 2525/2525
f 2521/2521 2552/2552 2512/2512
f 2521/2521 2512/2512 2504/2504
f 2509/2509 2511/2511 2547/2547
f 2509/2509 2547/2547 2527/2527
f 2468/2468 2470/2470 2542/2542
f 2468/2468 2542/2542 2500/2500
f 2498/2498 2561/2561 2571/2571
f 2561/2561 2585/2585 2571/2571
f 2556/2556 2531/2531 2497/2497
f 2556/2556 2497/2497 2489/2489
f 2482/2482 2560/2560 2559/2559
f 2560/2560 2482/2482 2481/2481
f 2541/2541 2473/2473 2472/2472
f 2473/2473 2541/2541 2540/2540
f 2476/2476 2475/2475 2530/2530
f 2476/2476 2530/2530 2490/2490
f 2581/2581 2555/2555 2554/2554
f 2581/2581 2554/2554 2570/2570
f 2564/2564 2501/2501 2483/2483
f 2564/2564 2485/2485 2501/2501
f 2566/2566 2536/2536 2498/2498
f 2566/2566 2565/2565 2536/2536
f 2585/2585 2551/2551 2582/2582
f 2582/2582 2571/2571 2585/2585
f 2531/2531 2467/2467 2497/2497
f 2467/2467 2531/2531 2466/2466
f 2586/2586 2587/2587 2588/2588
f 2589/2589 2590/2590 2591/2591
f 2592/2592 2593/2593 2594/2594
f 2591/2591 2595/2595 2589/2589
f 2596/2596 2597/2597 2598/2598
f 2599/2599 2600/2600 2588/2588
f 2601/2601 2602/2602 2603/2603
f 2590/2590 2604/2604 2605/2605
f 2606/2606 2607/2607 2608/2608
f 2609/2609 2610/2610 2604/2604
f 2594/2594 2604/2604 2611/2611
f 2586/2586 2588/2588 2600/2600
f 2612/2612 2613/2613 2603/2603
f 2614/2614 2615/2615 2616/2616
f 2617/2617 2618/2618 2619/2619
f 2598/2598 2620/2620 2596/2596
f 2610/2610 2609/2609 2621/2621
f 2618/2618 2622/2622 2623/2623
f 2591/2591 2590/2590 2607/2607
f 2601/2601 2597/2597 2602/2602
f 2624/2624 2602/2602 2597/2597
f 2625/2625 2603/2603 2626/2626
f 2587/2587 2586/2586 2627/2627
f 2603/2603 2625/2625 2612/2612
f 2625/2625 2628/2628 2629/2629
f 2595/2595 2591/2591 2622/2622
f 2611/2611 2617/2617 2594/2594
f 2617/2617 2619/2619 2592/2592
f 2592/2592 2594/2594 2617/2617
f 2608/2608 2605/2605 2606/2606
f 2621/2621 2606/2606 2610/2610
f 2630/2630 2628/2628 2598/2598
f 2598/2598 2597/2597 2630/2630
f 2620/2620 2598/2598 2628/2628
f 2628/2628 2625/2625 2599/2599
f 2588/2588 2596/2596 2620/2620
f 2631/2631 2588/2588 2587/2587
f 2603/2603 2602/2602 2587/2587
f 2587/2587 2632/2632 2631/2631
f 2590/2590 2589/2589 2604/2604
f 2633/2633 2611/2611 2604/2604
f 2608/2608 2607/2607 2590/2590
f 2605/2605 2608/2608 2590/2590
f 2629/2629 2612/2612 2625/2625
f 2616/2616 2606/2606 2614/2614
f 2634/2634 2618/2618 2623/2623
f 2606/2606 2616/2616 2607/2607
f 2599/2599 2625/2625 2600/2600
f 2626/2626 2635/2635 2625/2625
f 2613/2613 2601/2601 2603/2603
f 2597/2597 2596/2596 2624/2624
f 2631/2631 2632/2632 2624/2624
f 2617/2617 2611/2611 2595/2595
f 2633/2633 2595/2595 2611/2611
f 2622/2622 2618/2618 2617/2617
f 2595/2595 2622/2622 2617/2617
f 2618/2618 2615/2615 2619/2619
f 2599/2599 2620/2620 2628/2628
f 2620/2620 2599/2599 2588/2588
f 2594/2594 2609/2609 2604/2604
f 2609/2609 2594/2594 2593/2593
f 2601/2601 2636/2636 2597/2597
f 2627/2627 2626/2626 2603/2603
f 2587/2587 2627/2627 2603/2603
f 2626/2626 2627/2627 2586/2586
f 2635/2635 2626/2626 2586/2586
f 2637/2637 2621/2621 2609/2609
f 2610/2610 2606/2606 2605/2605
f 2610/2610 2605/2605 2604/2604
f 2623/2623 2622/2622 2591/2591
f 2634/2634 2623/2623 2591/2591
f 2606/2606 2621/2621 2638/2638
f 2606/2606 2638/2638 2614/2614
f 2633/2633 2589/2589 2595/2595
f 2589/2589 2633/2633 2604/2604
f 2639/2639 2630/2630 2597/2597
f 2602/2602 2624/2624 2632/2632
f 2632/2632 2587/2587 2602/2602
f 2628/2628 2628/2628 2629/2629
f 2630/2630 2640/2640 2640/2640
f 2616/2616 2618/2618 2634/2634
f 2618/2618 2616/2616 2615/2615
f 2607/2607 2634/2634 2591/2591
f 2634/2634 2607/2607 2616/2616
f 2609/2609 2593/2593 2637/2637
f 2631/2631 2624/2624 2596/2596
f 2588/2588 2631/2631 2596/2596
f 2635/2635 2600/2600 2625/2625
f 2600/2600 2635/2635 2586/2586

