# https://github.com/mikedh/trimesh
mtllib material.mtl
usemtl material_0
v -0.31284401 0.29004601 0.25175500
v -0.29253200 0.28002501 0.24359500
v -0.31519601 0.29347000 0.24969301
v -0.29039699 0.31385300 0.25161201
v -0.29548600 0.31711701 0.24925900
v -0.27757499 0.29074699 0.24249101
v -0.28003600 0.29047701 0.26331699
v -0.28041101 0.28835300 0.26337701
v -0.26663899 0.27139801 0.24464899
v -0.31896901 0.30566600 0.24467599
v -0.31855899 0.30824599 0.24390499
v -0.28667301 0.28090900 0.23907299
v -0.30649400 0.31852701 0.24431100
v -0.28897399 0.30097401 0.24197000
v -0.27110901 0.27726299 0.23727299
v -0.28518999 0.30254501 0.26223499
v -0.28358901 0.29758301 0.26385599
v -0.28292301 0.30142599 0.26181799
v -0.28319699 0.28569800 0.26428500
v -0.28175199 0.28755900 0.26400200
v -0.26732901 0.27062899 0.24471700
v -0.29285699 0.29312399 0.26477000
v -0.28557199 0.29181999 0.26521099
v -0.28608599 0.28832099 0.26547101
v -0.29590100 0.31199199 0.25771999
v -0.29924199 0.31513500 0.25519401
v -0.29441100 0.31365901 0.25620800
v -0.27386799 0.27539799 0.23673400
v -0.30959001 0.31784800 0.24379300
v -0.31266600 0.31628600 0.24329799
v -0.29917499 0.29087999 0.26382300
v -0.29660299 0.28571600 0.26413101
v -0.29381901 0.28566301 0.26484799
v -0.30192199 0.28164601 0.25851500
v -0.30539599 0.28333899 0.25701299
v -0.28108999 0.27153301 0.24621600
v -0.28289199 0.30114999 0.24654600
v -0.28758499 0.31172499 0.25320300
v -0.26819199 0.27735400 0.23940600
v -0.28780100 0.31183001 0.25369000
v -0.27719101 0.29220700 0.24463201
v -0.26742399 0.27665901 0.24057300
v -0.27753100 0.27052200 0.24738900
v -0.27897099 0.27241099 0.25080100
v -0.29638699 0.28024200 0.26091701
v -0.27085000 0.26803201 0.24398801
v -0.27224901 0.26785201 0.24311800
v -0.29567799 0.28057101 0.26141500
v -0.31951699 0.30595300 0.24793699
v -0.31914899 0.30124399 0.24883300
v -0.31866199 0.30606300 0.24977399
v -0.30380899 0.31977701 0.24801500
v -0.30903900 0.31937301 0.24726100
v -0.30656099 0.31877300 0.24974599
v -0.31445599 0.29969200 0.25542399
v -0.31404999 0.29588699 0.25549999
v -0.31635800 0.29926899 0.25322399
v -0.31436899 0.31702799 0.24631099
v -0.31488699 0.31461200 0.24917300
v -0.31593201 0.31560799 0.24641199
v -0.29096901 0.28222999 0.24085000
v -0.27571601 0.27122301 0.23834500
v -0.27549499 0.27269199 0.23747000
v -0.31742099 0.31008500 0.24334501
v -0.27388901 0.27541801 0.23648500
v -0.27493900 0.27404401 0.23668499
v -0.29266000 0.28023300 0.26182601
v -0.29387799 0.28567901 0.26457101
v -0.29861501 0.29094601 0.26371801
v -0.29565400 0.29222301 0.26445201
v -0.31827801 0.30377701 0.24519300
v -0.31813201 0.31108099 0.24774700
v -0.31926301 0.30677199 0.24769200
v -0.31911999 0.30989799 0.24595501
v -0.29395300 0.28391200 0.26449099
v -0.26920101 0.26855499 0.24479400
v -0.28047901 0.27678099 0.25663301
v -0.28914699 0.28096399 0.26338500
v -0.31049100 0.28725401 0.25324100
v -0.31392801 0.29055300 0.25172400
v -0.28275999 0.27347600 0.24163599
v -0.31715000 0.29640901 0.25159201
v -0.31805399 0.30138600 0.25127399
v -0.31061301 0.31303701 0.25404200
v -0.30883300 0.31397799 0.25426099
v -0.31191200 0.31538999 0.25137201
v -0.28545099 0.29899099 0.26372901
v -0.28730500 0.30348599 0.26217699
v -0.29050601 0.29950699 0.26395699
v -0.28913501 0.31348899 0.25313300
v -0.28516400 0.30931899 0.25543201
v -0.28703299 0.30902499 0.25849101
v -0.28465599 0.30541101 0.26020399
v -0.28443500 0.30744001 0.25810000
v -0.29053399 0.31432000 0.25241300
v -0.28632200 0.31034899 0.25496501
v -0.29028001 0.31373000 0.25418299
v -0.28478700 0.28989699 0.26530600
v -0.28963399 0.31208801 0.25624400
v -0.28656599 0.30878901 0.25807500
v -0.29133499 0.31141800 0.25763401
v -0.26614001 0.27283499 0.24407300
v -0.28326201 0.28439000 0.26370400
v -0.26799199 0.26981601 0.24479499
v -0.29938999 0.31365800 0.25644201
v -0.29976901 0.30982301 0.25893101
v -0.31430501 0.30305901 0.25525001
v -0.30941400 0.29980901 0.25892499
v -0.31287399 0.29841301 0.25672299
v -0.30964899 0.29978701 0.25909099
v -0.31406599 0.30130500 0.25598401
v -0.31223500 0.29688600 0.25749499
v -0.30864701 0.30836099 0.25738999
v -0.31274599 0.28948000 0.25291601
v -0.30955499 0.28647399 0.25495201
v -0.30974400 0.28685701 0.25384000
v -0.30619699 0.28416401 0.25591800
v -0.30602801 0.28401399 0.25688201
v -0.28500500 0.27369699 0.24774501
v -0.29659399 0.28575200 0.26386800
v -0.29531500 0.28335500 0.26361701
v -0.31391200 0.31659701 0.24827000
v -0.31614000 0.31581599 0.24640700
v -0.31479201 0.31452101 0.24978399
v -0.31480399 0.31452900 0.24290900
v -0.31324300 0.31658801 0.24309599
v -0.27475899 0.26848599 0.24081101
v -0.27346301 0.27264300 0.23610000
v -0.27417201 0.27117801 0.23683000
v -0.27250400 0.27165300 0.23494200
v -0.26624000 0.27431399 0.24299200
v -0.27225801 0.28426000 0.25086200
v -0.28114900 0.30185199 0.25920999
v -0.28647399 0.30574501 0.26047799
v -0.28905699 0.30868199 0.25924301
v -0.27143899 0.27307600 0.23469700
v -0.27005699 0.27421200 0.23494300
v -0.27110001 0.27511501 0.23609801
v -0.26634601 0.27534601 0.24101400
v -0.26715499 0.27603400 0.23941401
v -0.26580000 0.27479300 0.23804800
v -0.30309501 0.31757101 0.25199100
v -0.29888800 0.31713399 0.25260901
v -0.30424100 0.31875199 0.24530900
v -0.28077000 0.28758800 0.23901100
v -0.30742899 0.31555200 0.25326401
v -0.30984199 0.31470001 0.25291100
v -0.31081599 0.31679001 0.25008300
v -0.30826101 0.30856499 0.25717700
v -0.31189400 0.31175199 0.25376701
v -0.30839300 0.31403500 0.25409901
v -0.31472099 0.29184300 0.25308999
v -0.31207699 0.28850001 0.25417799
v -0.31162599 0.28941000 0.25620300
v -0.30267501 0.28306201 0.26009101
v -0.30732301 0.28565201 0.25827301
v -0.30642900 0.28424901 0.25757301
v -0.31651199 0.31230900 0.24305101
v -0.31679901 0.31347400 0.24838400
v -0.26602900 0.27268401 0.24395099
v -0.26521200 0.26945800 0.24282099
v -0.26428500 0.27233100 0.24129400
v -0.26448199 0.27361500 0.24009800
v -0.26579201 0.27400300 0.24291600
v -0.30715799 0.28774300 0.25959101
v -0.30252099 0.28559899 0.26170400
v -0.30649799 0.29009399 0.26058200
v -0.31465700 0.30067599 0.25559700
v -0.31324801 0.29463601 0.25640699
v -0.26747900 0.27638999 0.23870599
v -0.26653999 0.27596301 0.24016599
v -0.26511899 0.27461201 0.23876400
v -0.27252400 0.27411801 0.23565599
v -0.27130601 0.27518001 0.23586500
v -0.27026901 0.27427900 0.23471101
v -0.29671201 0.31486201 0.25564700
v -0.30041900 0.31623900 0.25428799
v -0.29863599 0.31348601 0.25691500
v -0.30344900 0.31475499 0.25541499
v -0.29987100 0.30995399 0.25913301
v -0.29144800 0.28407601 0.26472801
v -0.28771499 0.28135300 0.26315701
v -0.28207701 0.28000501 0.25987300
v -0.26950201 0.26859501 0.24451500
v -0.29743999 0.31702799 0.25301901
v -0.29345101 0.31491601 0.25486699
v -0.29421499 0.31662300 0.25234801
v -0.28401601 0.29962701 0.24391900
v -0.30289200 0.28236401 0.25808099
v -0.29934600 0.28388599 0.26231000
v -0.30311099 0.28580400 0.26116201
v -0.29933399 0.28634700 0.26303300
v -0.29240200 0.29362601 0.26502201
v -0.28792900 0.28764299 0.26577201
v -0.28535399 0.29255301 0.26534000
v -0.28103900 0.29048300 0.26408899
v -0.28058901 0.29324001 0.26354101
v -0.28380501 0.29226100 0.26516101
v -0.27072701 0.26618299 0.24082200
v -0.27201301 0.26652399 0.23946901
v -0.27232900 0.26760501 0.24250700
v -0.27329600 0.26866201 0.23667800
v -0.27315101 0.27012599 0.23562600
v -0.27442899 0.26980200 0.23797201
v -0.27263999 0.27642900 0.23692000
v -0.26530600 0.26964101 0.24259500
v -0.26489499 0.27392101 0.23950700
v -0.26450601 0.27265599 0.24084701
v -0.31506100 0.31215200 0.25144401
v -0.31200600 0.31185901 0.25396600
v -0.31399199 0.30857101 0.25426000
v -0.27078101 0.26779100 0.24407899
v -0.27214301 0.26739600 0.24288200
v -0.26894000 0.26628599 0.24223800
v -0.26752800 0.26703399 0.24282201
v -0.26629800 0.26816300 0.24294800
v -0.26787999 0.26967901 0.24497899
v -0.31095701 0.30504400 0.25709999
v -0.31432700 0.30641499 0.25443500
v -0.31384799 0.30850601 0.25406301
v -0.31820899 0.30678800 0.24980900
v -0.31687099 0.31048399 0.25007501
v -0.31677699 0.30655101 0.25194401
v -0.28004199 0.29927900 0.26028001
v -0.27944201 0.29561701 0.26160401
v -0.26935899 0.27975199 0.24754500
v -0.28077000 0.29649299 0.26276299
v -0.31921899 0.30571699 0.24522600
v -0.31850001 0.31007800 0.24406500
v -0.31951499 0.30732301 0.24571200
v -0.31756499 0.31018001 0.24362899
v -0.31823501 0.30752900 0.24420400
v -0.27484801 0.27411801 0.23692600
v -0.27583799 0.27099901 0.23823500
v -0.27461100 0.27016899 0.23743001
v -0.27456900 0.26899201 0.23868901
v -0.27352899 0.27285400 0.23586400
v -0.29342401 0.31623301 0.25129399
v -0.30262899 0.31911200 0.24918900
v -0.30718899 0.31955501 0.24709301
v -0.30207899 0.31944200 0.24760000
v -0.27332801 0.26770401 0.23741999
v -0.27164200 0.26609701 0.24012201
v -0.27035099 0.26596400 0.24131300
v -0.27326301 0.26752299 0.24159899
v -0.28669199 0.30214199 0.26241201
v -0.29404601 0.30447999 0.26193300
v -0.28854200 0.30526200 0.26119101
v -0.28505000 0.30188799 0.26222900
v -0.27954000 0.27832699 0.25765699
v -0.28312799 0.28426000 0.26387799
v -0.28442001 0.28409600 0.26446900
v -0.28698599 0.28913999 0.26573399
v -0.26615000 0.27520299 0.23742500
v -0.26708201 0.27513099 0.23670200
v -0.26773000 0.26709801 0.24260201
v -0.27094901 0.26784000 0.24369100
v -0.28302601 0.29844901 0.26300201
v -0.28277799 0.29439101 0.26418999
v -0.28506500 0.29641801 0.26420099
v -0.26685101 0.27134800 0.24450000
v -0.28065401 0.28896600 0.26339900
v -0.27989501 0.29134801 0.26275501
v -0.29865599 0.28360799 0.26280099
v -0.29660201 0.28483799 0.26399401
v -0.29140601 0.28064099 0.26303300
v -0.29355600 0.28014800 0.26199001
v -0.31523499 0.30630201 0.25374001
v -0.31539300 0.30966300 0.25222799
v -0.31643200 0.31342199 0.24843100
v -0.26959401 0.27756500 0.23820800
v -0.28916699 0.30424699 0.24373400
v -0.27257100 0.27652201 0.23668900
v -0.31762701 0.29756999 0.25055599
v -0.31558701 0.29352999 0.25220400
v -0.31781599 0.29736200 0.24934900
v -0.31855199 0.30060899 0.24682701
v -0.31907699 0.30150101 0.24738500
v -0.31107399 0.31800601 0.24866800
v -0.31229201 0.31841499 0.24658300
v -0.31131601 0.31907400 0.24546000
v -0.31407401 0.31777000 0.24501300
v -0.30897799 0.31932601 0.24512300
v -0.30553299 0.31969899 0.24639300
v -0.31613100 0.31579900 0.24500300
v -0.31440601 0.31714901 0.24438401
v -0.29300401 0.28098899 0.26277500
v -0.28922299 0.28273499 0.26431200
v -0.28643101 0.28280300 0.26407900
v -0.28816599 0.28789699 0.26547900
v -0.28764600 0.28427199 0.26489499
v -0.28639701 0.28610700 0.26529399
v -0.26856199 0.27727300 0.23934899
v -0.26600400 0.27425700 0.24317200
v -0.27299401 0.28776199 0.24797501
v -0.28104299 0.30229700 0.25894201
v -0.26704499 0.27662700 0.24076700
v -0.31478301 0.31450900 0.24316099
v -0.31690201 0.31289801 0.24338400
v -0.31748500 0.31394699 0.24446900
v -0.31727201 0.31402400 0.24627100
v -0.29087400 0.31405300 0.25472900
v -0.29189199 0.31556100 0.25219199
v -0.28580299 0.30992800 0.25605300
v -0.28871199 0.31300500 0.25422001
v -0.28724000 0.31069800 0.25674000
v -0.30821899 0.31667000 0.25207099
v -0.30161601 0.31440201 0.25595000
v -0.28598401 0.28567499 0.26535699
v -0.28532699 0.28764799 0.26560900
v -0.28993800 0.28552601 0.26550099
v -0.27419901 0.26865399 0.23943099
v -0.27345899 0.26787800 0.24104400
v -0.27291200 0.26739499 0.23801599
v -0.27476400 0.26882800 0.24067800
v -0.28868201 0.27537301 0.24747200
v -0.30937099 0.28998500 0.25831801
v -0.31192401 0.29273900 0.25689900
v -0.30861601 0.29223800 0.25927600
v -0.30978799 0.28716001 0.25611299
v -0.30385700 0.29403701 0.26190999
v -0.30239701 0.28758699 0.26195899
v -0.30561700 0.28958499 0.26067001
v -0.30643800 0.28767300 0.25973901
v -0.29293001 0.28098801 0.24255601
v -0.31709000 0.29568100 0.24887501
v -0.31797999 0.29973301 0.24652401
v -0.31849200 0.29855600 0.24920000
v -0.31676400 0.29468200 0.25092900
v -0.29381400 0.30463499 0.26213601
v -0.31135201 0.30514199 0.25714901
v -0.31810701 0.31059501 0.24870500
v -0.31777400 0.31378600 0.24431100
v -0.31609699 0.31575400 0.24391700
v -0.31736800 0.31330001 0.24345200
v -0.28062999 0.29550099 0.26268300
v -0.28169200 0.30172700 0.26028299
v -0.28037000 0.29906300 0.26058501
v -0.28182301 0.29997101 0.26156300
v -0.26617301 0.27285200 0.24367200
v -0.26601499 0.27424499 0.24247000
v -0.26464900 0.27119899 0.24189600
v -0.26633099 0.27289999 0.24389000
v -0.29064199 0.29937100 0.26373500
v -0.30294001 0.29889899 0.26204601
v -0.31630999 0.31597000 0.24489200
v -0.31405401 0.31746301 0.24393301
v -0.31624901 0.30967900 0.25170800
v -0.27326700 0.27039900 0.23530900
v -0.27352199 0.26897901 0.23623499
v -0.27425000 0.27149501 0.23646800
v -0.27155799 0.27318999 0.23450400
v -0.30286801 0.28775200 0.26205799
v -0.30396101 0.29418999 0.26215801
v -0.26453301 0.27091599 0.24222000
v -0.28454700 0.28424501 0.26425701
v -0.29224601 0.30950400 0.25948000
v -0.28947300 0.30664700 0.26086399
v -0.29096699 0.31008101 0.25898901
v -0.28268901 0.30571201 0.25737000
v -0.28214899 0.30390000 0.25933000
v -0.29896900 0.31851801 0.25060499
v -0.30186099 0.31837299 0.25126401
v -0.30998701 0.29141501 0.25856900
v -0.30958599 0.28633499 0.25574899
v -0.27884799 0.28301299 0.26007301
v -0.28453800 0.29005799 0.26551399
v -0.28203401 0.28804401 0.26452601
v -0.29580799 0.31595600 0.25377500
v -0.29384601 0.31625900 0.25219101
v -0.27268600 0.26669300 0.23876899
v -0.31543401 0.29293001 0.25089100
v -0.30208999 0.28752500 0.24448000
v -0.26743400 0.27534300 0.23623499
v -0.26884899 0.27502200 0.23530699
v -0.26997301 0.27596200 0.23647401
v -0.26854700 0.27492800 0.23563500
v -0.26831099 0.27620900 0.23796500
v -0.30284899 0.29903501 0.26234600
v -0.30608100 0.30440900 0.25998500
v -0.29565299 0.29199299 0.26471001
v -0.29096201 0.28630400 0.26545501
v -0.30747899 0.30342799 0.25930601
v -0.30421400 0.30618900 0.25976101
v -0.30132201 0.30166900 0.26195899
v -0.26660201 0.27557999 0.24188000
v -0.27285799 0.28687200 0.24873801
v -0.28434399 0.30777201 0.25601101
v -0.28324801 0.30221501 0.26121300
v -0.28404599 0.30577099 0.25913700
v -0.31908599 0.30193099 0.24834500
v -0.31722301 0.30276600 0.25205699
v -0.30703899 0.31725901 0.25139800
v -0.30728599 0.31866601 0.24914099
v -0.26967901 0.27588600 0.23682000
v -0.26987901 0.27743301 0.23827299
v -0.29546300 0.28167501 0.26293299
v -0.29899701 0.28075099 0.25992799
v -0.31113800 0.31778100 0.24340500
v -0.30882701 0.31861001 0.24389701
v -0.30815899 0.28694400 0.25793299
v -0.31124800 0.28952700 0.25624099
v -0.30086100 0.28301501 0.26097101
v -0.30471399 0.28483999 0.25955600
v -0.31581700 0.31549799 0.24370900
v -0.31302300 0.31721801 0.24361800
v -0.27366999 0.26783401 0.24205799
v -0.27411100 0.26806200 0.24015000
v -0.29666701 0.28190300 0.26229399
v -0.26926100 0.26637900 0.24189401
v -0.31845999 0.31093800 0.24378000
v -0.31949499 0.30860299 0.24488400
v -0.31887901 0.31172800 0.24505800
v -0.30280000 0.31522301 0.25479800
v -0.30521101 0.31144601 0.25689599
v -0.30529100 0.31460199 0.25473699
v -0.30223101 0.31437999 0.25555801
v -0.30520400 0.31124100 0.25731599
v -0.30343601 0.30782199 0.25952899
v -0.30141300 0.30172101 0.26219299
v -0.26871100 0.26915199 0.24472500
v -0.28303799 0.28557199 0.26446500
v -0.27259099 0.27184701 0.23471500
v -0.31427601 0.31184301 0.25205201
v -0.31335500 0.31314701 0.25181901
v -0.31048501 0.31293899 0.25383499
v -0.27561301 0.27253801 0.23728400
v -0.28615201 0.27858201 0.23979300
v -0.28346699 0.29457599 0.24122500
v -0.29758400 0.31823999 0.24951001
v -0.29936901 0.31851599 0.24751300
v -0.31895399 0.31074801 0.24679700
v -0.31950000 0.30946499 0.24572399
v -0.31981599 0.30592200 0.24671900
v -0.31756899 0.31398901 0.24630700
v -0.31761500 0.31436500 0.24493399
v -0.30229500 0.28397399 0.26106501
v -0.30619600 0.28584799 0.25938800
v -0.29894799 0.28155699 0.26119801
v -0.31616500 0.30572000 0.25336799
v -0.31444901 0.30663699 0.25460699
v -0.27957401 0.29397300 0.26192600
v -0.27969199 0.29653001 0.26102600
v -0.28766599 0.30658501 0.26061699
v -0.29144901 0.28613901 0.26509401
v -0.28903100 0.28577301 0.26531100
v -0.29419601 0.31668600 0.24970201
v -0.29699600 0.31817499 0.24873701
v -0.29509401 0.31746101 0.25052699
v -0.30261901 0.31972599 0.24686900
v -0.29978499 0.31917500 0.24888800
v -0.30644900 0.31982899 0.24559601
v -0.30736300 0.31986099 0.24645799
v -0.30912301 0.31946900 0.24485700
v -0.31169900 0.31868300 0.24429600
v -0.31844500 0.29891199 0.24756500
v -0.31943801 0.30202100 0.24694400
v -0.31972799 0.30593601 0.24562199
v -0.31889901 0.30319199 0.24546701
v -0.31399900 0.29264700 0.25445899
v -0.31625199 0.29622301 0.25266400
v -0.26633501 0.27561101 0.24198399
v -0.28491899 0.30823001 0.25697199
v -0.28259200 0.30496901 0.25789800
v -0.28723300 0.31075901 0.25610900
v -0.28507599 0.29413801 0.26474899
v -0.27128100 0.27713200 0.23744100
v -0.29198501 0.28205100 0.26399201
v -0.28796399 0.28243601 0.26440299
v -0.30433699 0.31689301 0.25305900
v -0.28312999 0.28860301 0.26480401
v -0.28442100 0.28680700 0.26498601
v -0.28089100 0.29229599 0.26357901
v -0.28145400 0.29010499 0.26408100
v -0.28640500 0.28229499 0.26402101
v -0.28781900 0.28410301 0.26512200
v -0.31564599 0.31533399 0.24326600
v -0.29873899 0.30321699 0.26210499
v -0.29543301 0.31185001 0.25811601
v -0.29320800 0.31279799 0.25713500
v -0.31880200 0.31079200 0.24462099
v -0.31254601 0.31828800 0.24554799
v -0.31147200 0.31801900 0.24776000
v -0.31199700 0.31423599 0.25201899
v -0.31369299 0.31610000 0.24864800
v -0.29819900 0.31796500 0.25097799
v -0.31392801 0.30134800 0.25575101
v -0.30069301 0.28157699 0.25932699
v -0.29875901 0.28094801 0.25990999
v -0.29722100 0.28083399 0.26093501
v -0.30051300 0.28202301 0.26027599
v -0.30077600 0.31892899 0.24668400
v -0.30425200 0.31931901 0.24539800
v -0.29868200 0.30347401 0.26228201
v -0.29165900 0.29645801 0.26470101
v -0.29719701 0.29761699 0.26391000
v -0.31420600 0.29313901 0.25487700
v -0.31649801 0.29701701 0.25303400
v -0.31109899 0.29530501 0.25791699
v -0.30666000 0.29698101 0.26060000
v -0.28128099 0.28752899 0.26397300
v -0.27953100 0.29278901 0.26256201
v -0.28351799 0.29446301 0.26469499
v -0.31221899 0.31824300 0.24444300
v -0.31841499 0.30241901 0.25011599
v -0.31545600 0.31678700 0.24491000
v -0.31438801 0.31731501 0.24631201
v -0.28258899 0.29602200 0.24262600
v -0.31636599 0.30197200 0.25366801
v -0.30636501 0.28478801 0.25791401
v -0.30353001 0.28311899 0.25895199
v -0.31340000 0.31319001 0.25212300
v -0.31323999 0.31021801 0.25405201
v -0.26865101 0.27638400 0.23744901
v -0.31736299 0.29681301 0.24857301
v -0.28500801 0.29502100 0.26480699
v -0.27240700 0.27399999 0.23584899
v -0.30827999 0.28517300 0.25538999
v -0.29100701 0.31471300 0.25137499
v -0.27368799 0.26811701 0.24191600
v -0.27555099 0.26961699 0.23943800
v -0.26717901 0.27053699 0.24490300
v -0.30673900 0.31456599 0.25463399
v -0.30524799 0.31556001 0.25430799
v -0.29286501 0.31470701 0.25444701
v -0.31298700 0.31033099 0.25383899
v -0.29218000 0.30935499 0.25930101
v -0.31290001 0.29007700 0.25419000
v -0.27546799 0.26991799 0.23943700
v -0.29269600 0.27880201 0.24560399
v -0.29146999 0.29632699 0.26446399
v -0.29705101 0.29766300 0.26366699
v -0.28995901 0.31219599 0.25671601
v -0.29002199 0.28325400 0.26482299
v -0.30393800 0.31934199 0.24593000
v -0.27233201 0.26760501 0.24319801
v -0.31565201 0.29303199 0.25025699
v -0.31035599 0.29403499 0.25865200
v -0.30689400 0.29687101 0.26076201
v -0.27999601 0.29787299 0.26127401
v -0.28128201 0.30050001 0.26114300
v -0.26596799 0.27514401 0.24160799
v -0.29003200 0.28061500 0.26260301
v -0.31543100 0.30311799 0.25425500
v -0.31954601 0.30497900 0.24641301
v -0.28332299 0.29136899 0.26484200
v -0.29105499 0.28164899 0.26357299
v -0.31847000 0.31207201 0.24554300
v -0.29972300 0.28641301 0.26317400
v -0.31039801 0.31904301 0.24595401
v -0.31514701 0.29816800 0.25498000
v -0.31455800 0.30418399 0.25516301
v -0.29781100 0.31813401 0.24786700
v -0.28558001 0.29920301 0.26340100
v -0.30860299 0.31897300 0.24451301
v -0.30240801 0.28218600 0.25929299
v -0.29675299 0.30729401 0.26054499
v -0.29690501 0.30731100 0.26082000
v -0.29517800 0.28082201 0.26229000
v -0.09209690 0.11229500 0.03992400
v -0.08992690 0.11022000 0.03998200
v -0.10280700 0.10109000 0.03992800
v -0.08946500 0.10978000 0.04164100
v -0.09186240 0.11207100 0.04167400
v -0.10041300 0.09880250 0.04168000
v -0.10068300 0.11639600 0.03728440
v -0.10713100 0.10979300 0.03717300
v -0.09841400 0.11491100 0.04045060
v -0.09695100 0.11693400 0.03833400
v -0.09619920 0.11621500 0.03889200
v -0.10766100 0.10572900 0.03833900
v -0.09841400 0.11766700 0.03979380
v -0.10186900 0.12111400 0.04519100
v -0.09964070 0.11898400 0.04253760
v -0.10993900 0.11304800 0.05399260
v -0.11126000 0.11213400 0.05254600
v -0.10823900 0.11028600 0.05056700
v -0.11116400 0.11307000 0.05313300
v -0.11039400 0.11351400 0.05387300
v -0.10835900 0.11077700 0.05036860
v -0.10014500 0.11876500 0.04257800
v -0.10695000 0.12527101 0.05067100
v -0.09877710 0.11720100 0.03967630
v -0.08057910 0.10128100 0.02828000
v -0.08041110 0.10111900 0.02505600
v -0.09128900 0.09007580 0.02828500
v -0.07911740 0.09988250 0.02589100
v -0.07940530 0.10015900 0.02918200
v -0.08989470 0.08874260 0.02737000
v -0.10520400 0.10595900 0.04330540
v -0.11222700 0.11308600 0.05268000
v -0.10878800 0.11043000 0.04970770
v -0.10950400 0.10939700 0.03853800
v -0.11590100 0.11678400 0.04541830
v -0.11364100 0.11447700 0.04267500
v -0.11601700 0.11670600 0.04659600
v -0.11109600 0.11263600 0.04035350
v -0.11332200 0.11476500 0.04300630
v -0.10682900 0.10796700 0.04738400
v -0.10476600 0.10523000 0.04352500
v -0.08047380 0.09023340 0.00553500
v -0.07996150 0.09086890 0.00499000
v -0.08647770 0.09633630 0.01270540
v -0.08767410 0.09638830 0.01165300
v -0.08167400 0.09029530 0.00447900
v -0.08461020 0.09218950 0.00792500
v -0.10792200 0.11197800 0.03622480
v -0.11299500 0.11520900 0.04234620
v -0.11076900 0.11307800 0.03969190
v -0.10656600 0.11290600 0.03423750
v -0.11525600 0.12206700 0.04506170
v -0.11275200 0.12078100 0.04255480
v -0.10896700 0.12452900 0.04502210
v -0.10770600 0.12496000 0.04629670
v -0.10677300 0.12232400 0.04214100
v -0.10829100 0.12478900 0.04659300
v -0.10903100 0.12449600 0.04575500
v -0.10602100 0.12198600 0.04275920
v -0.09395740 0.09262140 0.01679300
v -0.08324750 0.10382600 0.01678800
v -0.09343450 0.09529280 0.01668300
v -0.08914350 0.08974680 0.01535540
v -0.08489600 0.09219630 0.01067400
v -0.08886160 0.09449550 0.01288690
v -0.08609170 0.09226190 0.00961300
v -0.08198340 0.10261600 0.01497260
v -0.08913370 0.09155580 0.01885330
v -0.08775690 0.09447390 0.01696270
v -0.10341500 0.10620700 0.04453160
v -0.10328400 0.10999200 0.04153400
v -0.09761820 0.11157400 0.04519210
v -0.10484600 0.11931900 0.05387100
v -0.10181500 0.11720800 0.05012140
v -0.09648050 0.11268100 0.04450000
v -0.09937940 0.11536900 0.04797810
v -0.10431600 0.11883000 0.05398910
v -0.10162900 0.10774500 0.04363080
v -0.10297900 0.10557900 0.04474700
v -0.07444650 0.09196440 0.01837100
v -0.07026400 0.09036870 0.01352600
v -0.07526550 0.09546130 0.01950640
v -0.08110350 0.10150900 0.01619800
v -0.08292540 0.09644910 0.01857860
v -0.08755220 0.09221380 0.01960930
v -0.07631130 0.09547810 0.01827210
v -0.07197650 0.08979520 0.01301400
v -0.07491270 0.09168940 0.01646100
v -0.07940160 0.09979620 0.01979400
v -0.08594320 0.09274010 0.02339650
v -0.08491450 0.09342060 0.02233560
v -0.10526500 0.11407200 0.03375220
v -0.10829400 0.11652400 0.03724430
v -0.10257000 0.11786200 0.03651900
v -0.10111000 0.11867300 0.03828580
v -0.10373300 0.12038600 0.04001900
v -0.10797200 0.11728000 0.03749350
v -0.11363100 0.12354600 0.04482450
v -0.10407700 0.11549800 0.03420640
v -0.10781700 0.11196300 0.03523830
v -0.11558600 0.12041100 0.04479750
v -0.10896400 0.10697200 0.03468300
v -0.10687400 0.10900100 0.03322300
v -0.10047600 0.11564700 0.03276700
v -0.10443700 0.12010700 0.05313000
v -0.10375400 0.12023600 0.05283680
v -0.10137100 0.11813300 0.05003400
v -0.08633780 0.10271900 0.01668000
v -0.09344650 0.09678250 0.01660500
v -0.08298820 0.10357700 0.01460900
v -0.08644330 0.09881750 0.01467230
v -0.08552290 0.10238600 0.01453400
v -0.07326060 0.08244010 0.01646600
v -0.07744380 0.08605380 0.02143000
v -0.07629650 0.08330220 0.01996600
v -0.07446080 0.08250200 0.01540900
v -0.07458060 0.08056590 0.01543200
v -0.07864410 0.08611570 0.02037400
v -0.10545900 0.11536600 0.03555510
v -0.10684000 0.11378000 0.03563290
v -0.10749000 0.11046300 0.03762890
v -0.11434000 0.12354200 0.04585800
v -0.11200400 0.12128800 0.04306000
v -0.08865670 0.08722370 0.01223200
v -0.09033930 0.08981300 0.01429520
v -0.08412730 0.08321500 0.00685096
v -0.08745640 0.08716180 0.01328800
v -0.08283290 0.08356730 0.00782477
v -0.09632020 0.11406800 0.04352000
v -0.09712010 0.11337200 0.04416100
v -0.09935030 0.11547800 0.04697300
v -0.09967520 0.11591900 0.04730010
v -0.10450000 0.12116900 0.05267600
v -0.09901590 0.11516600 0.04750600
v -0.09650660 0.09506710 0.03825900
v -0.09850710 0.09697970 0.03942300
v -0.08579670 0.10627200 0.03825500
v -0.09818540 0.09667290 0.04108800
v -0.09607800 0.09465820 0.03990800
v -0.08712520 0.10754300 0.04093200
v -0.09197070 0.09072870 0.03136900
v -0.09036440 0.08919300 0.03046300
v -0.07841180 0.08824360 0.02265700
v -0.07212160 0.08414340 0.01527200
v -0.07538010 0.08780120 0.01918800
v -0.07953100 0.08809650 0.02149080
v -0.07723430 0.08984100 0.01899000
v -0.07708980 0.08871540 0.01876000
v -0.07427560 0.08332140 0.01524700
v -0.07519850 0.09169610 0.01921000
v -0.10821600 0.10625900 0.03744300
v -0.10849900 0.10652900 0.03632300
v -0.09750590 0.11746400 0.03743900
v -0.11003400 0.10852100 0.04278600
v -0.11640400 0.11468400 0.04961080
v -0.10845900 0.10715700 0.03979900
v -0.10779500 0.10718800 0.04013790
v -0.10836300 0.10856100 0.03854540
v -0.11658500 0.11561800 0.04973040
v -0.10068000 0.11185100 0.04092780
v -0.10699100 0.10745500 0.03917830
v -0.08842170 0.09950320 0.01593200
v -0.08987270 0.09798510 0.01593200
v -0.09218730 0.10002600 0.01570290
v -0.09448080 0.09312110 0.01553600
v -0.09649500 0.09504630 0.01532800
v -0.09399660 0.09520430 0.01548170
v -0.09285330 0.09156640 0.01767000
v -0.09214600 0.09089080 0.01861600
v -0.08214340 0.10277100 0.01766500
v -0.09028820 0.09036480 0.01877380
v -0.09049800 0.09043930 0.01759280
v -0.08888330 0.09311480 0.01701410
v -0.07145960 0.09043340 0.01246400
v -0.07372210 0.09163670 0.01752900
v -0.07077620 0.08973320 0.01407100
v -0.08588300 0.09628320 0.00961100
v -0.08115720 0.09093360 0.00392900
v -0.08468270 0.09622130 0.01066800
v -0.07931700 0.09094510 0.00426299
v -0.10590900 0.10828900 0.04723800
v -0.10613300 0.10864800 0.04771520
v -0.08341960 0.09213690 0.00899299
v -0.08185420 0.08934230 0.00462700
v -0.08181910 0.08464360 0.00673600
v -0.08507760 0.08830140 0.01065200
v -0.08979070 0.09215960 0.01380970
v -0.08628760 0.08837260 0.00960701
v -0.08301940 0.08470550 0.00568000
v -0.07792420 0.09695180 0.01867400
v -0.07729500 0.09621940 0.01875800
v -0.08039040 0.09231370 0.02088990
v -0.08107690 0.10175300 0.01987800
v -0.08143610 0.10209600 0.01861100
v -0.09178680 0.09054790 0.01988300
v -0.10368200 0.11528400 0.03090200
v -0.10248900 0.11671200 0.03257200
v -0.10233900 0.11676900 0.03164500
v -0.09825390 0.11817700 0.03467800
v -0.09977540 0.11642900 0.03322000
v -0.11466000 0.12322600 0.04526250
v -0.11504400 0.12280600 0.04585900
v -0.10800300 0.10605500 0.03617300
v -0.10203000 0.11182500 0.03197130
v -0.10014500 0.11386200 0.03269970
v -0.10846100 0.10649300 0.03612600
v -0.09775130 0.11769700 0.03612200
v -0.10626600 0.10847800 0.03346070
v -0.11595500 0.11488700 0.05144700
v -0.10916500 0.10839200 0.04333300
v -0.11154700 0.11066200 0.04602610
v -0.11643600 0.11534600 0.05067500
v -0.11408300 0.11309500 0.04788800
v -0.11225900 0.11064900 0.04543740
v -0.10610400 0.10512500 0.04144700
v -0.11545900 0.11377100 0.05111530
v -0.11391400 0.11223300 0.04843440
v -0.10786000 0.11735200 0.05625900
v -0.10107200 0.11084100 0.04815700
v -0.10347100 0.11298600 0.05093540
v -0.10810900 0.11549900 0.05591430
v -0.10152000 0.10989900 0.04853700
v -0.10377000 0.11219900 0.05131440
v -0.10006900 0.10817300 0.04584630
v -0.10856400 0.11661600 0.05626000
v -0.10620700 0.11438100 0.05346200
v -0.09801020 0.10939800 0.04585100
v -0.10678800 0.11727100 0.05601830
v -0.10525600 0.11469400 0.05372440
v -0.10241700 0.12094600 0.04543440
v -0.09771820 0.11633500 0.04123950
v -0.10646900 0.12481100 0.05144300
v -0.10412800 0.12257400 0.04863400
v -0.10629500 0.12529500 0.04961220
v -0.10409200 0.12324100 0.04784360
v -0.10534300 0.12436200 0.05112220
v -0.09947830 0.11882800 0.04336850
v -0.10170400 0.12095800 0.04602120
v -0.10199100 0.11732600 0.03685720
v -0.10463800 0.11990600 0.03993800
v -0.11012400 0.12436100 0.04539900
v -0.10031800 0.11756500 0.03807740
v -0.10170900 0.11199700 0.03054430
v -0.10623100 0.10731300 0.03102710
v -0.10769300 0.10575600 0.03038300
v -0.10686800 0.10680500 0.03331140
v -0.10636900 0.10741600 0.03395600
v -0.09716940 0.11660500 0.04051030
v -0.09920460 0.11857700 0.04286100
v -0.11169000 0.11010500 0.04578400
v -0.10946700 0.10798000 0.04314230
v -0.10737100 0.10597000 0.04055100
v -0.10823800 0.11631600 0.03775400
v -0.11049400 0.11862200 0.04052480
v -0.11019300 0.11940800 0.04014420
v -0.11052900 0.11865300 0.03990370
v -0.10975400 0.11898800 0.04028110
v -0.10752900 0.11685900 0.03762750
v -0.11129700 0.11233900 0.03983210
v -0.10921800 0.11070100 0.03720800
v -0.11126200 0.11317100 0.03949100
v -0.11566800 0.11856600 0.04462380
v -0.08020840 0.09037550 0.02298170
v -0.07896750 0.08912670 0.02296420
v -0.07849660 0.09393680 0.02161890
v -0.08022440 0.08919060 0.02179860
v -0.09952920 0.11184000 0.03118000
v -0.10030400 0.11100800 0.03098200
v -0.10100300 0.11247200 0.03091310
v -0.09993150 0.11378600 0.03253310
v -0.10153900 0.11201300 0.03184440
v -0.09913510 0.11238500 0.03241000
v -0.08999090 0.09578850 0.01398500
v -0.08857420 0.09680110 0.01273950
v -0.08801980 0.09857780 0.01432590
v -0.08818640 0.09966210 0.01452910
v -0.10088100 0.11707300 0.03377700
v -0.09907550 0.11896200 0.03377600
v -0.10082100 0.11700100 0.03323890
v -0.11567200 0.11855600 0.04540200
v -0.11360900 0.11530600 0.04231910
v -0.11575800 0.11746000 0.04575800
v -0.07019460 0.08735910 0.01327100
v -0.07332030 0.08854190 0.01689100
v -0.06918540 0.08458760 0.01196200
v -0.07038570 0.08464950 0.01090500
v -0.07426850 0.08972070 0.01561400
v -0.07140330 0.08742410 0.01222400
v -0.10681000 0.10673400 0.03194370
v -0.10630100 0.10698200 0.03145300
v -0.10548100 0.10570100 0.03199860
v -0.10505900 0.10635700 0.03399310
v -0.08138530 0.10205400 0.03517300
v -0.08299700 0.10359600 0.03762800
v -0.09254860 0.09128300 0.03597600
v -0.08401510 0.10456800 0.03654400
v -0.08242460 0.10304700 0.03416600
v -0.09472490 0.09336340 0.03654800
v -0.09147820 0.09025380 0.02185900
v -0.09112090 0.08991380 0.02506100
v -0.08076830 0.10145900 0.02185400
v -0.08545650 0.09224880 0.02106510
v -0.08642600 0.09220410 0.02173390
v -0.10875700 0.10677400 0.03045130
v -0.10757500 0.10822000 0.03277100
v -0.10483300 0.11236100 0.03380900
v -0.10336800 0.11389300 0.03379650
v -0.10531400 0.11155700 0.03101000
v -0.09803940 0.11797100 0.03067000
v -0.10720600 0.10849400 0.03172900
v -0.10978500 0.10775700 0.03378100
v -0.10798000 0.10964600 0.03378000
v -0.10963600 0.10761400 0.03099500
v -0.09729350 0.11726000 0.03616900
v -0.09939650 0.11478700 0.03408750
v -0.09998640 0.11500400 0.03284920
v -0.10583800 0.10881300 0.03221990
v -0.11633300 0.11461300 0.05076980
v -0.07807240 0.09771810 0.01996770
v -0.07875220 0.09865400 0.01963700
v -0.08374910 0.09275480 0.02205460
v -0.07753070 0.09712650 0.02013500
v -0.08008320 0.08514970 0.00236999
v -0.08396600 0.09022090 0.00707800
v -0.08110080 0.08792420 0.00368800
v -0.07951700 0.08384740 0.00407400
v -0.07860510 0.08578320 0.00315099
v -0.08360120 0.08824200 0.00897200
v -0.09849830 0.11564200 0.03390750
v -0.09788880 0.11621400 0.03306130
v -0.09792000 0.11593900 0.03325180
v -0.09725490 0.11450900 0.03387060
v -0.10492000 0.10310900 0.03924900
v -0.10492400 0.10311400 0.04103300
v -0.10268900 0.10097800 0.04166300
v -0.10058800 0.10644600 0.04128900
v -0.09698350 0.11696100 0.03037800
v -0.09862720 0.11496900 0.03120830
v -0.09814600 0.11551300 0.03144760
v -0.09753960 0.11394300 0.03137690
v -0.10615400 0.12514700 0.05085580
v -0.10184700 0.12040100 0.04577850
v -0.09962190 0.11827300 0.04312530
v -0.10782700 0.11653600 0.05635990
v -0.09867010 0.10974000 0.04575750
v -0.09714420 0.11496400 0.04283550
v -0.10380300 0.11223000 0.05069280
v -0.10157700 0.11010200 0.04803910
v -0.08083700 0.09454580 0.00377577
v -0.08160520 0.09372920 0.00460201
v -0.08226480 0.09544730 0.00541351
v -0.07837620 0.09474830 0.00341701
v -0.08172090 0.09503760 0.00723324
v -0.07923250 0.09351840 0.00431699
v -0.09745350 0.11741000 0.03073260
v -0.10817800 0.10622000 0.03083400
v -0.09953810 0.11531900 0.03161000
v -0.09873960 0.11623900 0.03221770
v -0.08631550 0.10675800 0.01426600
v -0.09058450 0.10157000 0.01430500
v -0.09203550 0.10005200 0.01430600
v -0.08793850 0.10076700 0.01448800
v -0.08714240 0.10209300 0.01446300
v -0.09176300 0.09083380 0.01597690
v -0.09113260 0.08992820 0.01819780
v -0.09208260 0.09084320 0.01605930
v -0.09177580 0.09460540 0.01458090
v -0.09176630 0.09087940 0.01475620
v -0.09235480 0.09123580 0.01473740
v -0.10374200 0.10761800 0.03290600
v -0.10338300 0.10795400 0.03252730
v -0.10486600 0.10878600 0.03279880
v -0.09978660 0.11167400 0.03213500
v -0.10708400 0.10757700 0.03285270
v -0.10663600 0.10789200 0.03161300
v -0.10839400 0.11015700 0.03724490
v -0.11074000 0.11242500 0.03986800
v -0.09436200 0.11446600 0.04092010
v -0.09738400 0.10978100 0.04127240
v -0.07897150 0.09586800 0.00379499
v -0.08089180 0.09579130 0.00612800
v -0.08113350 0.09529070 0.00655501
v -0.08293000 0.09511070 0.00618803
v -0.11031400 0.10826100 0.03011300
v -0.10429500 0.11461200 0.03060900
v -0.09964730 0.11950800 0.03091600
v -0.10855200 0.11019200 0.03092000
v -0.10655500 0.11231200 0.03120700
v -0.09944870 0.10775800 0.04596000
v -0.09874880 0.11075100 0.04363330
v -0.10673400 0.10632900 0.04170700
v -0.11170900 0.11081700 0.04519510
v -0.10948400 0.10868800 0.04254190
v -0.07510860 0.08780010 0.01645600
v -0.07452060 0.08860380 0.01583500
v -0.07068710 0.08401160 0.01121000
v -0.07639410 0.09176170 0.01814800
v -0.07698210 0.09095790 0.01876900
v -0.07390370 0.08774180 0.01750700
v -0.07465570 0.08747350 0.01834600
v -0.06981950 0.08334720 0.01260900
v -0.08573190 0.09027150 0.01151100
v -0.08547940 0.09139620 0.01129000
v -0.08556530 0.08803620 0.00876700
v -0.08435320 0.08797370 0.00980999
v -0.08667970 0.09145810 0.01023400
v -0.09702540 0.09555280 0.01427100
v -0.09404660 0.09528610 0.01665000
v -0.09693720 0.09546940 0.01647300
v -0.09453750 0.09596890 0.01543840
v -0.09405860 0.09677580 0.01657300
v -0.08695050 0.10271400 0.01664700
v -0.08986910 0.08871690 0.02422100
v -0.08676180 0.09188130 0.02459610
v -0.08773860 0.09157670 0.02166170
v -0.10483200 0.10832500 0.03152290
v -0.10308000 0.11040600 0.03077670
v -0.10364000 0.10758000 0.03156230
v -0.10445300 0.10671500 0.03142170
v -0.10498400 0.10616200 0.03145860
v -0.10579300 0.10749100 0.03121020
v -0.09843930 0.11835500 0.03775940
v -0.09650380 0.11650700 0.03966800
v -0.09891110 0.11880600 0.03615240
v -0.10278000 0.11672900 0.03491220
v -0.10053300 0.11868500 0.03563960
v -0.09983240 0.11968600 0.03437500
v -0.07234520 0.09458990 0.01613800
v -0.07086980 0.09283730 0.01434850
v -0.06810680 0.08910390 0.01100100
v -0.06813130 0.09148660 0.01116800
v -0.06917130 0.09110740 0.01232030
v -0.06930710 0.08916580 0.00994501
v -0.07059110 0.09196990 0.01156800
v -0.07060740 0.09279940 0.01163450
v -0.07354540 0.09465180 0.01508100
v -0.07081140 0.09050380 0.01173200
v -0.08371750 0.10427500 0.01453300
v -0.08078270 0.10146600 0.01730480
v -0.08210880 0.10273800 0.01608600
v -0.10962300 0.10760300 0.03615500
v -0.10954100 0.10752400 0.03467180
v -0.10780500 0.11141900 0.03469210
v -0.10870100 0.11033500 0.03370600
v -0.11050600 0.10844600 0.03370700
v -0.10278200 0.10667000 0.04109830
v -0.09825440 0.11019500 0.04116690
v -0.08427820 0.08106610 0.00689600
v -0.08307790 0.08100420 0.00795299
v -0.08295810 0.08294030 0.00793000
v -0.08611430 0.08414310 0.01158700
v -0.08634750 0.10421000 0.01660200
v -0.08633270 0.10677500 0.01643680
v -0.08578520 0.10625100 0.01532400
v -0.08776300 0.10410600 0.01532820
v -0.08753720 0.10431100 0.01432700
v -0.08377090 0.10432600 0.01553100
v -0.08627230 0.10417100 0.01543340
v -0.08695960 0.10420300 0.01657000
v -0.09206650 0.09794010 0.01441300
v -0.09148830 0.09753930 0.01443300
v -0.09225730 0.09609920 0.01449710
v -0.09099040 0.09037880 0.01465660
v -0.09061690 0.09744880 0.01428600
v -0.07092220 0.08401570 0.01390100
v -0.07212250 0.08407760 0.01284500
v -0.07332190 0.08420530 0.01421500
v -0.07586770 0.08753600 0.01730300
v -0.10681100 0.11212400 0.03195400
v -0.10574300 0.11119100 0.03177800
v -0.10843500 0.10901300 0.03269640
v -0.09869000 0.11621100 0.04039900
v -0.09889180 0.11518900 0.04105010
v -0.11186100 0.12394400 0.04445090
v -0.10160200 0.11776200 0.03370300
v -0.10418100 0.11961400 0.03960300
v -0.10185700 0.11638600 0.03760300
v -0.07985510 0.09205550 0.00251499
v -0.08065000 0.09123160 0.00338004
v -0.07947480 0.09271790 0.00360488
v -0.07777250 0.09026580 0.00246800
v -0.07960590 0.09208880 0.00465790
v -0.07789490 0.09257040 0.00274200
v -0.08051670 0.09299020 0.00480495
v -0.10010700 0.11592100 0.03172600
v -0.10650700 0.10927400 0.03217900
v -0.10167300 0.11739500 0.03097060
v -0.09940750 0.11670100 0.03217600
v -0.09892630 0.11881800 0.03099000
v -0.10073200 0.11693000 0.03099100
v -0.06846550 0.08675780 0.01127100
v -0.06966580 0.08681970 0.01021500
v -0.07075500 0.08749450 0.01149200
v -0.08291540 0.09130030 0.00837200
v -0.08276540 0.09016680 0.00813501
v -0.08043020 0.08836880 0.00537600
v -0.08533250 0.09252590 0.00876600
v -0.08182000 0.08457780 0.00430901
v -0.08061970 0.08451590 0.00536599
v -0.09313450 0.09184220 0.03417100
v -0.09417490 0.09283840 0.03818200
v -0.09194490 0.09097700 0.01537870
v -0.08689990 0.09774780 0.01420210
v -0.08695480 0.09685930 0.01344700
v -0.08845890 0.09431390 0.01585200
v -0.11054200 0.10848100 0.03438000
v -0.11043200 0.10837600 0.03546300
v -0.10686300 0.12203500 0.04259190
v -0.10435600 0.12012300 0.03942170
v -0.10614700 0.12259500 0.04273250
v -0.10379600 0.11985600 0.04010340
v -0.10160500 0.11749800 0.05063060
v -0.09905620 0.11581900 0.04731970
v -0.10190000 0.11804700 0.04995290
v -0.09958690 0.11508000 0.04746510
v -0.10655900 0.10830000 0.04705400
v -0.10906800 0.11020800 0.05021790
v -0.10600100 0.10803600 0.04773970
v -0.11448600 0.11277900 0.04809880
v -0.11377100 0.11278900 0.04867820
v -0.11242500 0.12153700 0.04280150
v -0.11271800 0.12074900 0.04317610
v -0.10569400 0.11511400 0.05358720
v -0.10599600 0.11433400 0.05397210
v -0.10303100 0.11256800 0.05107330
v -0.10464200 0.12307400 0.04808550
v -0.10393600 0.12309200 0.04867540
v -0.09463620 0.09688370 0.01433000
v -0.09288230 0.09710130 0.01441300
v -0.07338040 0.08050400 0.01648800
v -0.07749680 0.08336410 0.01890900
v -0.09636980 0.11517000 0.04229200
v -0.10390300 0.12131500 0.05242000
v -0.10060300 0.10951800 0.04220340
v -0.10349600 0.10699800 0.04212670
v -0.10080500 0.11043600 0.04841760
v -0.10571500 0.10809400 0.03396710
v -0.10327100 0.11020900 0.03193190
v -0.10454000 0.10915800 0.03242810
v -0.10253700 0.10879600 0.03213600
v -0.09761730 0.11394300 0.03213050
v -0.09730490 0.11429500 0.03235850
v -0.09902480 0.11549300 0.03193390
v -0.09717880 0.11433300 0.03149300
v -0.09749420 0.11419000 0.03322940
v -0.09783780 0.11383100 0.03323680
v -0.09928640 0.11535300 0.03317370
v -0.09817980 0.11354200 0.03386900
v -0.09777540 0.11398300 0.03403790
v -0.09877270 0.11514300 0.03399850
v -0.08283520 0.09163650 0.02204420
v -0.08585820 0.09253660 0.02230850
v -0.07932220 0.10007700 0.02258500
v -0.10578000 0.10789000 0.04112700
v -0.08493850 0.10545200 0.03957500
v -0.08779720 0.10818500 0.03941800
v -0.07147420 0.09281440 0.01262000
v -0.07145570 0.09198000 0.01255070
v -0.07004400 0.09287100 0.01203770
v -0.07026860 0.09172080 0.01212750
v -0.06878470 0.09291250 0.01198430
v -0.07086520 0.09301540 0.01288080
v -0.06986920 0.09397320 0.01327930
v -0.06933160 0.09154850 0.01011200
v -0.10101100 0.11237000 0.04153300
v -0.10722200 0.10542200 0.03980630
v -0.07993570 0.08863290 0.00240601
v -0.08045260 0.08799470 0.00295601
v -0.07873540 0.08857100 0.00346299
v -0.07933960 0.08742070 0.00165800
v -0.07989220 0.08785930 0.00473500
v -0.08986260 0.09057560 0.01917330
v -0.09028660 0.08911460 0.02112100
v -0.10839800 0.10897900 0.03207240
v -0.10806700 0.10928600 0.03161760
v -0.10792800 0.10958300 0.03324770
v -0.10736700 0.11012500 0.03270670
v -0.08689710 0.10417600 0.01539630
v -0.08557630 0.10243700 0.01553200
v -0.08573430 0.10340800 0.01552620
v -0.09792080 0.11602700 0.03192580
v -0.09854210 0.11535400 0.03100710
v -0.08192740 0.09748100 0.00450789
v -0.08137820 0.09701400 0.00540101
v -0.08053680 0.09723750 0.00389085
v -0.08248890 0.09652150 0.00444565
v -0.08301780 0.09656850 0.00334401
v -0.08079170 0.09623590 0.00246600
v -0.08635670 0.08085440 0.00924498
v -0.08731460 0.08420500 0.01053000
v -0.08412510 0.07886880 0.00659401
v -0.08515640 0.08079250 0.01030200
v -0.07321780 0.09080010 0.01690700
v -0.07306780 0.08966660 0.01667000
v -0.07073260 0.08786860 0.01391200
v -0.07563500 0.09202570 0.01730100
v -0.08063450 0.10082100 0.01669900
v -0.08016550 0.10013200 0.01720100
v -0.11639400 0.11608900 0.04808180
v -0.11630500 0.11511200 0.04780950
v -0.11615800 0.11607200 0.04628690
v -0.10893100 0.10806000 0.03853070
v -0.07588440 0.08863780 0.01981000
v -0.07659000 0.08787240 0.01814300
v -0.10184500 0.10950200 0.03196900
v -0.10109700 0.11017200 0.03091600
v -0.10189600 0.10934300 0.03098300
v -0.10505800 0.12267900 0.05230380
v -0.10589000 0.12412800 0.05187540
v -0.10433900 0.12288500 0.05161270
v -0.11012300 0.12439300 0.04474120
v -0.10373300 0.11661300 0.03600810
v -0.11176400 0.12423400 0.04542000
v -0.11344900 0.12394400 0.04568150
v -0.07899130 0.08987680 0.00140601
v -0.10023700 0.11752700 0.03206560
v -0.10134100 0.11644200 0.03269400
v -0.09065920 0.10164200 0.01570200
v -0.08830190 0.10152700 0.01443000
v -0.08900730 0.10198200 0.01436900
v -0.09627710 0.11540800 0.04144200
v -0.09646710 0.11594200 0.04057660
v -0.09280250 0.09151720 0.01611810
v -0.09387750 0.09254470 0.01600620
v -0.09296410 0.09167110 0.01468870
v -0.09442740 0.09306960 0.01453800
v -0.09249010 0.09511870 0.01453600
v -0.10566600 0.10559200 0.03278690
v -0.10549600 0.10585400 0.03356410
v -0.10679200 0.10661900 0.03284220
v -0.10500900 0.10631800 0.03313900
v -0.10512300 0.10613700 0.03256630
v -0.10665000 0.10751100 0.03242120
v -0.10439500 0.10687900 0.03237940
v -0.10461900 0.10661800 0.03213400
v -0.10612500 0.10806500 0.03193660
v -0.11234900 0.11245900 0.05241140
v -0.11393300 0.11284600 0.05161700
v -0.10586900 0.10522900 0.04229900
v -0.11375200 0.11357300 0.05230400
v -0.08160830 0.09644480 0.00192451
v -0.10878100 0.11405100 0.05497170
v -0.10115400 0.10644700 0.04558100
v -0.10968100 0.11452900 0.05496430
v -0.10182800 0.10695000 0.04546160
v -0.10392800 0.11532100 0.03349050
v -0.10337900 0.11578700 0.03261700
v -0.10304900 0.11421600 0.03369800
v -0.10255500 0.11467700 0.03318000
v -0.10328500 0.11364700 0.03071300
v -0.07138790 0.09444140 0.01504200
v -0.07162140 0.09462200 0.01289400
v -0.07258820 0.09450330 0.01398500
v -0.07042110 0.09456010 0.01395000
v -0.09337050 0.09674510 0.01543150
v -0.09283370 0.09598110 0.01552960
v -0.09300730 0.09635540 0.01665100
v -0.09448580 0.09571320 0.01660500
v -0.10769100 0.12518699 0.04807200
v -0.10671100 0.12514900 0.04780500
v -0.10553500 0.11801600 0.05518130
v -0.10613800 0.11836500 0.05522800
v -0.10525200 0.11897200 0.05437050
v -0.08148060 0.09041750 0.02169830
v -0.10537100 0.10755100 0.04060820
v -0.10768100 0.10869400 0.03812950
v -0.10759200 0.10790200 0.03959800
v -0.11557700 0.12065500 0.04547200
v -0.11566800 0.11928700 0.04538130
v -0.08411050 0.09134650 0.00730800
v -0.08480610 0.08830020 0.00791999
v -0.08421810 0.08910400 0.00729900
v -0.08038470 0.08451170 0.00267500
v -0.10063700 0.09901560 0.03998700
v -0.08017160 0.10089300 0.03231900
v -0.09126120 0.09005140 0.03337000
v -0.08126090 0.10193400 0.03136400
v -0.10634700 0.11279900 0.03350080
v -0.10811500 0.11091900 0.03343600
v -0.10773000 0.11124700 0.03273700
v -0.10824100 0.10679000 0.03922700
v -0.10993200 0.10789800 0.03676810
v -0.10946600 0.10937700 0.03557450
v -0.10935300 0.10843000 0.03729860
v -0.09883620 0.11873400 0.03467190
v -0.09972220 0.11958100 0.03545900
v -0.10125200 0.11610900 0.03716730
v -0.10008700 0.11663400 0.03776530
v -0.09880120 0.11635600 0.03897650
v -0.10044100 0.11706700 0.03824400
v -0.09941100 0.11400800 0.03151940
v -0.09996570 0.11385000 0.03126090
v -0.08889540 0.09883100 0.01429460
v -0.09144990 0.09757270 0.01586900
v -0.09976820 0.11421900 0.03318060
v -0.09844180 0.11322400 0.03346860
v -0.09938170 0.11446100 0.03369030
v -0.09105220 0.09064510 0.01560820
v -0.08982770 0.09034950 0.01624980
v -0.08674040 0.09648300 0.01304880
v -0.08278300 0.07785610 0.00743318
v -0.08292480 0.07880690 0.00765001
v -0.08403840 0.07784990 0.00643583
v -0.09911820 0.11676700 0.03959400
v -0.09831440 0.11579900 0.03982260
v -0.08691100 0.10263000 0.01547480
v -0.08735960 0.10308500 0.01542740
v -0.08628920 0.10197500 0.01451400
v -0.07545890 0.08029230 0.01883800
v -0.07665920 0.08035420 0.01778100
v -0.07442750 0.07836860 0.01512900
v -0.08954550 0.09807760 0.01378270
v -0.07027640 0.08998720 0.01109400
v -0.06908150 0.08993540 0.01215700
v -0.07023820 0.08813270 0.01094200
v -0.06903790 0.08807080 0.01199800
v -0.10273200 0.11425200 0.03094600
v -0.10237200 0.11469500 0.03156800
v -0.09807210 0.11340200 0.03152370
v -0.09865530 0.11279400 0.03154890
v -0.09804060 0.11357700 0.03284500
v -0.09794130 0.11362900 0.03235460
v -0.09955010 0.11493800 0.03241720
v -0.07099210 0.09186020 0.01305590
v -0.06961950 0.09044490 0.01279800
v -0.07308540 0.07735590 0.01596920
v -0.07322720 0.07830670 0.01618600
v -0.07434090 0.07734970 0.01497080
v -0.06955010 0.08743530 0.01254300
v -0.09421000 0.11431400 0.03924400
v -0.09534730 0.11540100 0.03903400
v -0.10527200 0.10843200 0.03358400
v -0.10402700 0.10738100 0.03347320
v -0.10509000 0.10869400 0.03318720
v -0.08314230 0.09744170 0.00353605
v -0.10794000 0.10940200 0.03810300
v -0.10783200 0.10851800 0.03890200
v -0.08246670 0.09201890 0.02235310
v -0.08260820 0.09170190 0.02232990
v -0.08391850 0.09223710 0.02199280
v -0.09267540 0.09500990 0.01553500
v -0.09229950 0.09579400 0.01551400
v -0.09245640 0.09664100 0.01546200
v -0.10799900 0.11079900 0.03118600
v -0.10733800 0.11010500 0.03206630
v -0.10762000 0.10974400 0.03162260
v -0.07954440 0.09470690 0.00231800
v -0.07970140 0.09352510 0.00243769
v -0.07992870 0.09370500 0.00408003
v -0.08316490 0.10374700 0.01599350
v -0.07441290 0.09084630 0.01584400
v -0.07924770 0.08793550 0.00400700
v -0.08065370 0.08927300 0.00568300
v -0.07801340 0.08796370 0.00260701
v -0.07855550 0.08953140 0.00331499
v -0.07877900 0.09043560 0.00362100
v -0.07997400 0.09048740 0.00255800
v -0.07906120 0.09235920 0.00163100
v -0.08050890 0.09100400 0.00319599
v -0.07112920 0.09317740 0.01225000
v -0.10333400 0.11573100 0.03166700
v -0.07932920 0.09889090 0.01791500
v -0.08324730 0.09155260 0.02121800
v -0.08735670 0.10372600 0.01538990
v -0.08739360 0.10376200 0.01656900
v -0.08627260 0.10262600 0.01550890
v -0.08590140 0.10316000 0.01668000
v -0.10146700 0.11792400 0.03621000
v -0.10017800 0.11833900 0.03777630
v -0.09803690 0.11746600 0.03922200
v -0.09935690 0.11812900 0.03855340
v -0.07578190 0.09089600 0.01982600
v -0.10020500 0.11597800 0.03320900
v -0.10052100 0.11717100 0.03161970
v -0.08887180 0.10197200 0.01578000
v -0.08395870 0.08385550 0.00669701
v -0.10436300 0.10696500 0.03286200
v -0.10460900 0.10674700 0.03324300
v -0.10580100 0.10842700 0.03269860
v -0.10448500 0.10695400 0.03395720
v -0.09682910 0.11488800 0.03325010
v -0.10590200 0.10471700 0.04096800
v -0.10536800 0.10356200 0.04080590
v -0.08414400 0.09246460 0.00983599
v -0.09876380 0.11281200 0.03276280
v -0.07997140 0.09325270 0.00514100
v -0.07962970 0.09361460 0.00477400
v -0.08016020 0.09200890 0.00424328
v -0.07908830 0.09240810 0.00408799
v -0.08231730 0.09750880 0.00260300
v -0.09644160 0.09499480 0.01433100
v -0.09468960 0.09693510 0.01532800
v -0.07947730 0.10017600 0.02120400
v -0.07988070 0.10060500 0.01987340
v -0.10269200 0.10853100 0.03118100
v -0.09916750 0.11590300 0.03345640
v -0.09870290 0.11585500 0.03269580
v -0.10638600 0.10792600 0.03317670
v -0.08301790 0.08904210 0.00835600
v -0.09805090 0.11798100 0.03033530
v -0.08591480 0.09222550 0.02026600
v -0.08236570 0.09098680 0.02145800
v -0.10548600 0.10806900 0.03123310
v -0.10730400 0.10855100 0.03321200
v -0.10753500 0.10819500 0.03215900
v -0.10654400 0.10930000 0.03279100
v -0.07699230 0.09654220 0.02030590
v -0.07606090 0.09582590 0.02014000
v -0.07676310 0.09572900 0.01862700
v -0.09586200 0.11522600 0.04096340
v -0.09903790 0.11049600 0.04139410
v -0.09816750 0.11252300 0.04206710
v -0.10716100 0.10753500 0.04025300
v -0.09215530 0.09802790 0.01580800
v -0.10690900 0.10501000 0.03889600
v -0.10605700 0.10419600 0.03903800
v -0.09696120 0.11123100 0.04526000
v -0.10579700 0.11123700 0.03273300
v -0.10678000 0.11224200 0.03275600
v -0.06941050 0.09448620 0.01279700
v -0.06853690 0.09376420 0.01176300
v -0.07061070 0.09454810 0.01174100
v -0.07539900 0.07787120 0.01620400
v -0.07419870 0.07780930 0.01726000
v -0.10590800 0.11293100 0.03066580
v -0.08674990 0.09206120 0.02278960
v -0.10288400 0.10963800 0.04102290
v -0.10096800 0.11671400 0.03161450
v -0.10130700 0.11640800 0.03206870
v -0.10170000 0.11602000 0.03194900
v -0.09960400 0.11946600 0.03010800
v -0.09085750 0.09041810 0.01751280
v -0.07045640 0.09090420 0.01376370
v -0.08243570 0.09523200 0.00805700
v -0.08363600 0.09529390 0.00700100
v -0.08586600 0.07944690 0.00860599
v -0.08509650 0.07837140 0.00766800
v -0.08466570 0.07938500 0.00966199
v -0.07193820 0.08794060 0.01286200
v -0.06973720 0.09382610 0.01070600
v -0.08791250 0.10297300 0.01537900
v -0.08791220 0.10353300 0.01434700
v -0.10723100 0.11016500 0.03131600
v -0.10694300 0.11055300 0.03212500
v -0.10768600 0.11120000 0.03187700
v -0.10709300 0.11049600 0.03305300
v -0.10466700 0.11220200 0.03071400
v -0.06885790 0.08903130 0.01185000
v -0.08738770 0.10314300 0.01660100
v -0.08590820 0.10378300 0.01664800
v -0.09944540 0.11672700 0.03278800
v -0.10026800 0.11755200 0.03270320
v -0.10043600 0.11562300 0.03215600
v -0.10780800 0.10995300 0.03777100
v -0.08800410 0.10037400 0.01590900
v -0.08817850 0.10131500 0.01585100
v -0.09778930 0.11773400 0.03631800
v -0.08776150 0.10269000 0.01439900
v -0.08212990 0.09585510 0.00503800
v -0.08093610 0.09632640 0.00581399
v -0.08006030 0.09562590 0.00256099
v -0.08175140 0.09225800 0.00468809
v -0.08558190 0.08913800 0.01127400
v -0.07917080 0.09934010 0.01957000
v -0.08437260 0.09326270 0.02202010
v -0.10346100 0.11278300 0.05147900
v -0.10322800 0.11255700 0.05053900
v -0.10147100 0.11088100 0.04844600
v -0.10333300 0.11197600 0.05091900
v -0.10157800 0.11029700 0.04882600
v -0.10181300 0.11052600 0.04844800
v -0.11019400 0.11921000 0.04067800
v -0.11194600 0.12089100 0.04277000
v -0.11006100 0.11840500 0.04011600
v -0.10830800 0.11672500 0.03802400
v -0.10995700 0.11898800 0.03973800
v -0.10854400 0.11695100 0.03764500
v -0.11076900 0.11907900 0.04029800
v -0.11218200 0.12111600 0.04239000
v -0.11209700 0.11048500 0.04607800
v -0.11408600 0.11238700 0.04779600
v -0.11198500 0.11106900 0.04570600
v -0.11374100 0.11274900 0.04779500
v -0.11186100 0.11025900 0.04514300
v -0.10987200 0.10835700 0.04342500
v -0.11128200 0.11039800 0.04551500
v -0.10952500 0.10871800 0.04342600
v -0.08417120 0.09557060 0.00762499
v -0.08297090 0.09550870 0.00868099
v -0.10200700 0.12056400 0.04514000
v -0.10025400 0.11888700 0.04304500
v -0.10213300 0.12137700 0.04569900
v -0.10365500 0.12283200 0.04816600
v -0.10224700 0.12079400 0.04607300
v -0.10400000 0.12247100 0.04816700
v -0.10143000 0.12070500 0.04551400
v -0.09990800 0.11924900 0.04304600
v -0.08564280 0.09674260 0.01691070
v -0.10110800 0.10984800 0.04826600
v -0.10100300 0.11042900 0.04788600
v -0.10905700 0.10827000 0.04286200
v -0.10963600 0.10813100 0.04249000
v -0.11107600 0.11273800 0.03933700
v -0.11162200 0.11277700 0.04016300
v -0.11337800 0.11445500 0.04225600
v -0.11113600 0.11328200 0.04016800
v -0.11296500 0.11455300 0.04252100
v -0.11299400 0.12120700 0.04295100
v -0.11241900 0.12133800 0.04333000
v -0.10626300 0.11478100 0.05375400
v -0.10579500 0.11432900 0.05319300
v -0.11432200 0.11261300 0.04873100
v -0.11421000 0.11319700 0.04835900
v -0.10447200 0.12292200 0.04872500
v -0.10435800 0.12350500 0.04835100
v -0.11384800 0.11490500 0.04281600
v -0.11336100 0.11541000 0.04282100
v -0.10773200 0.11686000 0.03708500
v -0.10783500 0.11627700 0.03746300
v -0.10813400 0.11041700 0.04989100
v -0.10678300 0.10864600 0.04753800
v -0.10821000 0.11000300 0.05016200
v -0.10900800 0.11077400 0.05019100
v -0.10868000 0.11045300 0.05072200
v -0.10157500 0.11760600 0.04962600
v -0.09989760 0.11552300 0.04779700
v -0.10212300 0.11765000 0.05045000
v -0.10163400 0.11815400 0.05045300
v -0.10116400 0.11770500 0.04989300
v -0.10680200 0.12260600 0.04254700
v -0.10640700 0.12174200 0.04225600
v -0.10425000 0.12015900 0.04042700
v -0.10633200 0.12215700 0.04198700
v -0.10647500 0.12228700 0.04308000
v -0.09978170 0.11843600 0.04248700
v -0.09940910 0.11602700 0.04780000
v -0.10124100 0.11729400 0.05015800
v -0.11524700 0.11434300 0.05188980
v -0.10686200 0.10822900 0.04780400
v -0.10639200 0.10778000 0.04724400
v -0.10370000 0.12012400 0.03960000
v -0.10417000 0.12057400 0.04016000
v -0.08505590 0.09261110 0.02179720
v -0.08389620 0.07830950 0.00872501
v -0.10902100 0.11579500 0.05593290
v -0.10921600 0.11424300 0.05513490
v -0.09689140 0.11467300 0.03184920
v -0.09726240 0.11439200 0.03285330
v -0.09974510 0.11697800 0.03889900
v -0.09337170 0.09519870 0.01551280
v -0.09300040 0.09573330 0.01668300
v -0.10725700 0.12538500 0.04972700
v -0.10713500 0.12533399 0.04801140
v -0.08163580 0.08844080 0.00432601
v -0.09924910 0.11465500 0.03111770
v -0.09392970 0.09734490 0.01534700
v -0.07603440 0.08977130 0.02004700
v -0.07095620 0.08877280 0.01421900
v -0.09967440 0.11854700 0.03720400
v -0.08693180 0.09034120 0.01045500
v -0.08678740 0.08921560 0.01022500
v -0.10174800 0.11606200 0.03280900
v -0.10131300 0.11635000 0.03125700
v -0.07794760 0.08712780 0.02206600
v -0.07312590 0.08309580 0.01635120
v -0.09379350 0.09730590 0.01435400
v -0.09308060 0.09723250 0.01539800
v -0.09241270 0.09938270 0.01432000
v -0.08355130 0.08444540 0.00626900
v -0.10404100 0.10716300 0.03158800
v -0.07265350 0.08388330 0.01586100
v -0.07386590 0.08393410 0.01481700
v -0.11191000 0.12421900 0.04486810
v -0.11401300 0.11314600 0.05201630
v -0.08981510 0.10209700 0.01572300
v -0.08985000 0.10200100 0.01432300
v -0.07855320 0.09778360 0.01841390
v -0.08235100 0.08438350 0.00732500
v -0.07910300 0.08708860 0.02095200
v -0.11035700 0.10830300 0.03092100
v -0.10783100 0.10950200 0.03099400
v -0.10555800 0.11410400 0.05357100
v -0.10545300 0.11468400 0.05319100
v -0.10568600 0.11491100 0.05413100
v -0.10545100 0.11168200 0.03350900
v -0.08642680 0.10201400 0.01550800
v -0.10462400 0.12292400 0.05202560
v -0.08328340 0.09683650 0.00366100
v -0.11651000 0.11553800 0.04798330
v -0.08005270 0.09263760 0.00519799
v -0.07101970 0.08340910 0.01155300
v -0.10403800 0.11265400 0.05110100
v -0.08071730 0.08390930 0.00301700
v -0.10768100 0.10995100 0.03370760
v -0.07093600 0.09160690 0.01193800
v -0.07900700 0.09302320 0.00403199
v -0.09165140 0.09041900 0.02087700
v -0.10476800 0.10888300 0.03115070
v -0.10123600 0.11065500 0.04882600
v -0.06948690 0.08394970 0.01226700
v -0.09449270 0.09633530 0.01657200
v -0.07975560 0.08958600 0.00225700
v -0.07496820 0.07888480 0.01819800
v -0.07616850 0.07894670 0.01714100
v -0.10046100 0.11095000 0.03196900
v -0.10115000 0.11022400 0.03191300
v -0.09242730 0.09963360 0.01571100
v -0.07949820 0.10007200 0.02031680
v -0.09672040 0.11492000 0.03248860
v -0.09033630 0.09052640 0.01655000
v -0.09251870 0.09878760 0.01574900
v -0.10707900 0.11786600 0.05590800
v -0.08734200 0.10222700 0.01544800
v -0.11540000 0.12188500 0.04570400
v -0.07005800 0.08908580 0.01079300
v -0.10487500 0.10635500 0.03218190
v -0.09477100 0.11485000 0.03906000
v -0.08504200 0.09215480 0.02060500
v -0.08414460 0.09185370 0.02091100
v -0.10976000 0.10894100 0.04305300
v -0.11228600 0.12053300 0.04276800
v -0.10002200 0.11866600 0.04342000
v -0.11350700 0.11252600 0.04816800
v -0.10645500 0.10832500 0.04806900
v -0.10423200 0.12269200 0.04779200
v -0.10457700 0.12047800 0.03989500
v -0.10861700 0.10990800 0.04989600
v -0.11330100 0.11486600 0.04199000
v -0.11154600 0.11318700 0.03989700
v -0.10592500 0.12225200 0.04225200
v -0.10796900 0.11708200 0.03802500
v -0.08573180 0.10620000 0.01432600
v -0.09979640 0.11965100 0.03370200
v -0.09967880 0.11637000 0.03173600
v -0.09399600 0.09674880 0.01539930
v -0.07451770 0.07985930 0.01531900
v -0.07425510 0.07927920 0.01498700
v -0.07305480 0.07921730 0.01604300
v -0.08421520 0.08035950 0.00678300
v -0.08395260 0.07977940 0.00645100
v -0.08275230 0.07971750 0.00750799
v -0.07331740 0.07979740 0.01637600
v -0.08301490 0.08029760 0.00784000
v -0.08244840 0.10306200 0.01468850
v -0.07215660 0.08884210 0.01316300
v -0.10143800 0.11646200 0.03350700
v -0.09060720 0.09755400 0.01591500
v -0.10809000 0.10613600 0.03044300
v -0.09734470 0.11730600 0.03034100
v -0.10220200 0.11710000 0.03338100
v -0.10885500 0.11019500 0.03621400
v -0.10922600 0.10894700 0.03784000
v -0.08199630 0.09699720 0.00220800
v -0.09925260 0.11913300 0.03672400
v -0.10598000 0.10718700 0.04024040
v -0.10667600 0.10717900 0.03974910
v -0.10650100 0.10753100 0.04081000
v -0.08094160 0.10162400 0.02087200
v -0.10230700 0.11485200 0.03239200
v -0.08931430 0.09337710 0.01334000
v -0.10116300 0.11689700 0.03777400
v -0.09272510 0.09148330 0.01471200
v -0.09242390 0.09861790 0.01435900
v -0.10748600 0.10920500 0.03748800
v -0.08581870 0.09866700 0.01495960
v -0.10437300 0.11495500 0.03368130
v -0.10677800 0.10894300 0.03173900
v -0.10548100 0.10364500 0.03906500
v -0.10510200 0.10843600 0.03138920
v -0.08889330 0.09712430 0.01313200
v -0.09081520 0.10037300 0.01886190
v -0.08857500 0.10219000 0.01900230
v -0.09055630 0.10092500 0.02054500
v -0.09304210 0.09174720 0.01849100
v -0.09289560 0.09579210 0.01830790
v -0.08704940 0.10267600 0.01825020
v -0.09071840 0.10206900 0.01888870
v -0.08993450 0.10266500 0.02048800
v -0.08873230 0.10337200 0.02051610
v -0.08233220 0.10295200 0.01848600
v -0.08606710 0.10290500 0.01829040
v -0.09493900 0.09469750 0.01887790
v -0.09726220 0.09578100 0.01869400
v -0.09307600 0.09177990 0.01912400
v -0.08236610 0.10298500 0.01912000
v -0.09221130 0.09543250 0.01898620
v -0.09532470 0.09607080 0.01887410
v -0.09502080 0.09718900 0.01879430
v -0.09260350 0.10025200 0.01877170
v -0.09197370 0.09897520 0.01898450
v -0.09209620 0.09908260 0.02055800
v -0.09273100 0.09781940 0.02058830
v -0.09504160 0.09697270 0.01915430
v -0.09528550 0.09647850 0.02052100
v -0.08584610 0.10515500 0.01882640
v -0.08532520 0.10334800 0.01903530
v -0.08690110 0.10204400 0.01897020
v -0.08726290 0.10492200 0.01892410
v -0.08812990 0.10408800 0.01887080
v -0.08789470 0.10452800 0.02050100
v -0.08655230 0.10698600 0.01868900
v -0.09059080 0.10261000 0.01869550
v -0.08604390 0.10426300 0.01823630
v -0.08615790 0.10660900 0.01809300
v -0.08739840 0.10418400 0.01815270
v -0.09351800 0.09698530 0.01819690
v -0.09433620 0.09530130 0.01824460
v -0.09693880 0.09547170 0.01810370
v -0.09464830 0.09661850 0.01816040
v -0.08834430 0.10238200 0.02058810
v -0.08961650 0.10167700 0.02055600
v -0.08554990 0.10432500 0.01904430
v -0.08630010 0.10493200 0.01897400
v -0.08607240 0.10473900 0.02058790
v -0.09372430 0.09816530 0.02051780
v -0.09309780 0.09935560 0.02049000
v -0.09381550 0.09782350 0.01915160
v -0.09276270 0.09973250 0.01915080
v -0.09257480 0.09687580 0.01896070
v -0.09265010 0.09600910 0.02068650
v -0.09245070 0.09604400 0.01910750
v -0.09453320 0.09618600 0.02057610
v -0.09421870 0.09572620 0.02061730
v -0.09435880 0.09579680 0.01850870
v -0.09330760 0.09583290 0.01855970
v -0.09346270 0.09595150 0.02064630
v -0.09346350 0.09653070 0.02061560
v -0.09469110 0.09512810 0.02062260
v -0.09520030 0.09575070 0.02056280
v -0.09493740 0.09520190 0.01901510
v -0.08554770 0.10336400 0.02068700
v -0.08588960 0.10276100 0.02070010
v -0.08582450 0.10246900 0.01905900
v -0.08736710 0.10393600 0.02056020
v -0.08735290 0.10337000 0.02058990
v -0.08743560 0.10348100 0.01831420
v -0.08612210 0.10340000 0.01856060
v -0.08636440 0.10337700 0.02064230
v -0.08636550 0.10395900 0.02061250
v -0.08788920 0.10497400 0.01872630
v -0.08707100 0.10408500 0.01846780
v -0.08682840 0.10424200 0.02057340
v -0.08755250 0.10482200 0.02050500
v -0.08771480 0.10235400 0.01903950
v -0.08654880 0.10224500 0.01929230
v -0.08709920 0.10235900 0.02065620
v -0.08836650 0.10206200 0.01887660
v -0.08841920 0.10346200 0.01914890
v -0.08895870 0.10336100 0.01875650
v -0.09401490 0.09469750 0.01903200
v -0.09307050 0.09525350 0.02070280
v -0.09384590 0.09491570 0.02067920
v -0.09314230 0.09492980 0.01912670
v -0.09500030 0.09706430 0.02050650
v -0.09427130 0.09760490 0.02051750
v -0.09394740 0.09681460 0.02057540
v -0.09439040 0.09664810 0.02056000
v -0.09438770 0.09643030 0.01847140
v -0.09170760 0.10119300 0.02046900
v -0.09086340 0.10198000 0.02047400
v -0.09138790 0.10005500 0.02054500
v -0.09333650 0.09646660 0.01852920
v -0.08690690 0.10295800 0.01856100
v -0.08687250 0.10309200 0.02063060
v -0.08645590 0.10408600 0.01851320
v -0.08822120 0.10395000 0.02051360
v -0.08641430 0.10239600 0.02069100
v -0.08557840 0.10402200 0.02065190
v -0.09275780 0.09695330 0.02063170
v -0.09395380 0.09781300 0.01886780
v -0.09449910 0.09760950 0.01875610
v -0.09267410 0.09554520 0.01934180
v -0.08692770 0.10499400 0.02052970
v -0.08842600 0.10359800 0.01886430
v -0.09384990 0.09552940 0.01856170
v -0.09379000 0.09566980 0.02064300
v -0.08773070 0.10247600 0.02061600
v -0.09384700 0.09673550 0.01850040
v -0.09245570 0.10031400 0.02047500
v -0.08645090 0.10688900 0.01815530
v -0.09723540 0.09575520 0.01819400
v -0.09261490 0.09774520 0.01901200
v -0.09363130 0.09828520 0.01887470
v -0.10844000 0.09965790 0.02129800
v -0.10757900 0.09882530 0.02025800
v -0.09048780 0.11759600 0.02075400
v -0.10838100 0.09956210 0.02011400
v -0.10919300 0.10049800 0.02130400
v -0.09127240 0.11831200 0.02064000
v -0.09603910 0.11908600 0.02695670
v -0.09424140 0.11943000 0.02450100
v -0.10997400 0.10384700 0.02579200
v -0.09600840 0.11841900 0.02829400
v -0.09746140 0.11738400 0.03041000
v -0.10904900 0.10482500 0.02845500
v -0.08644310 0.10689200 0.01726260
v -0.08677290 0.10959100 0.01728400
v -0.09711180 0.09567030 0.01726970
v -0.10031000 0.09632220 0.01654900
v -0.08762860 0.11186500 0.01681800
v -0.08687930 0.10681100 0.01643720
v -0.09705680 0.09609960 0.01644550
v -0.09419230 0.09674100 0.01736970
v -0.08740710 0.10312500 0.01740400
v -0.10956100 0.10516600 0.02757400
v -0.10847100 0.10698800 0.02999750
v -0.10815700 0.10618900 0.03037330
v -0.09146160 0.11835200 0.02195500
v -0.09219620 0.11892000 0.02179500
v -0.10516400 0.09735150 0.01857600
v -0.10357600 0.09672970 0.01795200
v -0.08795670 0.11367700 0.01808900
v -0.10439700 0.09725990 0.01744400
v -0.10599700 0.09793610 0.01817800
v -0.08886250 0.11516700 0.01792900
v -0.09899050 0.11749800 0.03545080
v -0.10012000 0.11606600 0.03319930
v -0.10652200 0.10931500 0.03270800
v -0.10776700 0.10721300 0.03562300
v -0.09925900 0.11581200 0.03325620
v -0.09830310 0.11684100 0.03352400
v -0.10832200 0.10774300 0.03545510
v -0.10690600 0.10896500 0.03318620
v -0.10636200 0.10838000 0.03326120
v -0.09990760 0.11508000 0.03276500
v -0.08334050 0.10253200 0.01761770
v -0.08630580 0.10285500 0.01747630
v -0.09309070 0.09647010 0.01744300
v -0.08337900 0.10256900 0.01683500
v -0.09270720 0.09280980 0.01684420
v -0.08630770 0.10279000 0.01667770
v -0.09248730 0.09259990 0.01755770
v -0.09418670 0.09422420 0.01750000
v -0.09308180 0.09567920 0.01668190
v -0.08701020 0.10274600 0.01664200
v -0.08872980 0.11527100 0.01881000
v -0.08819630 0.11364800 0.01729400
v -0.09816650 0.11686100 0.03238700
v -0.09883720 0.11735100 0.03266700
v -0.09946430 0.11543800 0.03178080
v -0.10591900 0.10873800 0.03227800
v -0.09975540 0.11628800 0.03172450
v -0.09869710 0.11737300 0.03151500
v -0.09882010 0.11616500 0.03227400
v -0.10686000 0.10885500 0.03172480
v -0.10649700 0.10928800 0.03221200
v -0.10045800 0.11560600 0.03221600
v -0.10609800 0.10850700 0.03187400
v -0.10749600 0.10831700 0.03290590
v -0.10816500 0.10759200 0.03267100
v -0.10698900 0.10763800 0.03245620
v -0.10682700 0.10788400 0.03317100
v -0.08621840 0.10411200 0.01741630
v -0.08590100 0.10340800 0.01747000
v -0.08708910 0.10417100 0.01736680
v -0.08612470 0.10577000 0.01733600
v -0.08590410 0.10361700 0.01665640
v -0.08539270 0.10449300 0.01663900
v -0.10963200 0.10254200 0.02520100
v -0.10947700 0.10150600 0.02376000
v -0.09359280 0.11903800 0.02481400
v -0.10974500 0.10151800 0.02264300
v -0.11001900 0.10263100 0.02413900
v -0.09318340 0.11930000 0.02308000
v -0.09443350 0.09639870 0.01657230
v -0.09563190 0.09544820 0.01655700
v -0.09300010 0.09598110 0.01747300
v -0.09450620 0.09569830 0.01740700
v -0.09459680 0.09618730 0.01737700
v -0.09304480 0.09642300 0.01664500
v -0.09967000 0.09585880 0.01727800
v -0.09249230 0.11883700 0.02330300
v -0.09940790 0.11672600 0.03240720
v -0.09964560 0.11655200 0.03310900
v -0.09884810 0.11618900 0.03277100
v -0.09987950 0.11505600 0.03226900
v -0.10023600 0.11579600 0.03181200
v -0.08679570 0.10426300 0.01657500
v -0.08733040 0.10383400 0.01656870
v -0.08736750 0.10309000 0.01660500
v -0.09340220 0.09676750 0.01660800
v -0.08704680 0.10278400 0.01744000
v -0.10656700 0.10800700 0.03178600
v -0.10780400 0.10666900 0.03137800
v -0.09472070 0.09473420 0.01664300
v -0.09432370 0.09552540 0.01662280
v -0.09361670 0.09525020 0.01667500
v -0.09896320 0.11747200 0.03467600
v -0.10829100 0.10771300 0.03468100
v -0.09950080 0.11798600 0.03467290
v -0.10859400 0.10800300 0.03613790
v -0.09894180 0.11745200 0.03622660
v -0.09949210 0.11797800 0.03585460
v -0.10813900 0.10756800 0.03622600
v -0.09850070 0.11703000 0.03583670
v -0.08393710 0.10310200 0.01676300
v -0.09326510 0.09334300 0.01676700
v -0.08285430 0.10206700 0.01719900
v -0.10764600 0.10694400 0.03239400
v -0.10755700 0.10817900 0.03221900
v -0.10818200 0.10745000 0.03151800
v -0.08630310 0.10419500 0.01660500
v -0.08957600 0.11656900 0.01970200
v -0.09040840 0.11748500 0.01961000
v -0.08960360 0.11644000 0.01870500
v -0.10731800 0.09870730 0.01907200
v -0.08614750 0.10537200 0.01655300
v -0.08560280 0.10484500 0.01741100
v -0.09216190 0.09228870 0.01714100
v -0.09318850 0.09326940 0.01603090
v -0.09826590 0.11766800 0.03003710
v -0.09899940 0.11593400 0.03187100
v -0.10250000 0.09670580 0.01689100
v -0.08728910 0.11178000 0.01757000
v -0.10594700 0.10876200 0.03277400
v -0.10649200 0.09805470 0.01935000
v -0.10950000 0.10365000 0.02677600
v -0.09476600 0.11891500 0.02648700
v -0.10173800 0.09622010 0.01751300
v -0.09345090 0.09681150 0.01740600
v -0.09389470 0.09683590 0.01657900
v -0.10048300 0.11563300 0.03271200
v -0.09972820 0.11531100 0.03316800
v -0.10883800 0.10823600 0.03468370
v -0.10889200 0.10828800 0.03558410
v -0.09958130 0.11806300 0.03539000
v -0.08320160 0.10239900 0.01607390
v -0.09266340 0.09276760 0.01602700
v -0.08385430 0.10302300 0.01601510
v -0.09414590 0.09535690 0.01744400
v -0.09508400 0.09493020 0.01741500
v -0.09603200 0.09540920 0.01734000
v -0.09341030 0.09542430 0.01747920
v -0.10907300 0.10054800 0.02246300
v -0.08749770 0.10361400 0.01737300
v -0.09789880 0.11703200 0.03137100
v -0.08485870 0.10398300 0.01749600
v -0.10763100 0.10708100 0.03352800
v -0.10733500 0.10836800 0.03181500
v -0.08285660 0.10206900 0.01654490
v -0.09223290 0.09235620 0.01642720
v -0.07166280 0.09370700 0.01186430
v -0.07237880 0.09317940 0.01240540
v -0.07136120 0.09352110 0.01253330
v -0.07174650 0.09111490 0.01168240
v -0.07125390 0.09123240 0.01122570
v -0.07108100 0.09112920 0.01207480
v -0.07735390 0.09375690 0.00489183
v -0.07813890 0.09431720 0.00581557
v -0.07809040 0.09333380 0.00570211
v -0.07891190 0.09257380 0.00437418
v -0.07912350 0.09342210 0.00464065
v -0.07880670 0.09224720 0.00375953
v -0.07338380 0.09207200 0.01205240
v -0.07252170 0.09192280 0.01106500
v -0.07189010 0.09102790 0.01028660
v -0.07241000 0.09216510 0.01259570
v -0.07213820 0.09143150 0.01223790
v -0.07171320 0.09160410 0.01282100
v -0.07155290 0.09345630 0.01005340
v -0.07221080 0.09299910 0.01077520
v -0.07313590 0.09348550 0.01185230
v -0.07087070 0.09167740 0.01079180
v -0.07072610 0.09263210 0.01061760
v -0.07019890 0.09235670 0.01114430
v -0.07946850 0.09140550 0.00658118
v -0.07972830 0.09312730 0.00699822
v -0.08005930 0.09261250 0.00666573
v -0.07916960 0.09399200 0.00427347
v -0.07952070 0.09409180 0.00467829
v -0.07907900 0.09409060 0.00524097
v -0.07939800 0.09163280 0.00553193
v -0.07976380 0.09215170 0.00589407
v -0.08015840 0.09195820 0.00527800
v -0.07795160 0.09235320 0.00548702
v -0.07801800 0.09119030 0.00549836
v -0.07839080 0.09195040 0.00428375
v -0.07891570 0.09144950 0.00508895
v -0.07927920 0.09163700 0.00426001
v -0.07918750 0.09233870 0.00689065
v -0.07888890 0.09158250 0.00650712
v -0.07856960 0.09290190 0.00622108
v -0.07182260 0.09192750 0.01296410
v -0.07186630 0.09242760 0.01304370
v -0.07024270 0.09285680 0.01122380
v -0.07088140 0.09269500 0.01149350
v -0.07133040 0.09303200 0.01202090
v -0.07166770 0.09242350 0.01236450
v -0.07142080 0.09180840 0.01203110
v -0.07271380 0.09217100 0.01129790
v -0.07822820 0.09114140 0.00449901
v -0.07796210 0.09144660 0.00421431
v -0.07760360 0.09142620 0.00445633
v -0.07787660 0.09412810 0.00427424
v -0.07821490 0.09450360 0.00468046
v -0.07749220 0.09414730 0.00449596
v -0.07133970 0.09245890 0.00975300
v -0.07214780 0.09202100 0.01064620
v -0.07964970 0.09413940 0.00628970
v -0.07992200 0.09358540 0.00656649
v -0.07918710 0.09434860 0.00642823
v -0.07842330 0.09470280 0.00558103
v -0.07948820 0.09221600 0.00498425
v -0.07967640 0.09306260 0.00527102
v -0.07853110 0.09246860 0.00615194
v -0.07780790 0.09282710 0.00535136
v -0.07213190 0.09438270 0.01133710
v -0.07294690 0.09381320 0.01223820
v -0.07226820 0.09412710 0.01213760
v -0.07336010 0.09259550 0.01262770
v -0.07319110 0.09143930 0.01237680
v -0.07300340 0.09211700 0.01285500
v -0.07936360 0.09391280 0.00574844
v -0.07978050 0.09402380 0.00497001
v -0.08034110 0.09254260 0.00551996
v -0.07090510 0.09109240 0.01041080
v -0.07124500 0.09073180 0.01077590
v -0.07121280 0.09107810 0.01010760
v -0.07292590 0.09112680 0.01147740
v -0.07268980 0.09070720 0.01175660
v -0.07816580 0.09356740 0.00435624
v -0.07808940 0.09285290 0.00413523
v -0.07871860 0.09311820 0.00371005
v -0.07904630 0.09183430 0.00400721
v -0.07190370 0.09430250 0.01173350
v -0.07152370 0.09430800 0.01130210
v -0.07088250 0.09316400 0.00985431
v -0.07128530 0.09401760 0.01036230
v -0.07070630 0.09353880 0.01032830
v -0.07973520 0.09145810 0.00622975
v -0.07939670 0.09108250 0.00582328
v -0.07843030 0.09083900 0.00536343
v -0.07098430 0.09365500 0.01211320
v -0.07058360 0.09347290 0.01164720
v -0.07053140 0.09299160 0.01154570
v -0.07070410 0.09126320 0.01165470
v -0.07078380 0.09155280 0.01175280
v -0.07163210 0.09208220 0.01274750
v -0.07300740 0.09257380 0.01288600
v -0.07176030 0.09395720 0.01159360
v -0.07280230 0.09342080 0.01270300
v -0.07083390 0.09216590 0.00972683
v -0.07066410 0.09156670 0.01016510
v -0.07054490 0.09198900 0.01005400
v -0.07050220 0.09241790 0.01003100
v -0.07071730 0.09256290 0.01030350
v -0.07103580 0.09349940 0.01110790
v -0.07089990 0.09388070 0.01056800
v -0.07054570 0.09301320 0.01011530
v -0.07865480 0.09424450 0.00506932
v -0.07896710 0.09466850 0.00554500
v -0.07779750 0.09293340 0.00408340
v -0.07839800 0.09323860 0.00604584
v -0.08001340 0.09382640 0.00522277
v -0.08025300 0.09341370 0.00547049
v -0.07964950 0.09340200 0.00614507
v -0.07997220 0.09201540 0.00653165
v -0.07977830 0.09227160 0.00627667
v -0.07275390 0.09249750 0.01136300
v -0.07258470 0.09290090 0.01119440
v -0.07197860 0.09242400 0.01047750
v -0.07093980 0.09203060 0.01151120
v -0.07755240 0.09297350 0.00383881
v -0.07768980 0.09200060 0.00393756
v -0.07757660 0.09245810 0.00383600
v -0.07720690 0.09259730 0.00409459
v -0.07289660 0.09155830 0.01270070
v -0.07266980 0.09106720 0.01241460
v -0.07216200 0.09098830 0.01186600
v -0.07193410 0.09054390 0.01089040
v -0.07198950 0.09055090 0.01161090
v -0.07270640 0.09201830 0.01256350
v -0.07148170 0.09131140 0.01254080
v -0.07041710 0.09157030 0.01134700
v -0.07986280 0.09208570 0.00495054
v -0.07953900 0.09156900 0.00455170
v -0.07913740 0.09214090 0.00413579
v -0.07173990 0.09299900 0.01293300
v -0.07131430 0.09314770 0.01245700
v -0.07721300 0.09230080 0.00464684
v -0.07813170 0.09175110 0.00438075
v -0.07106570 0.09135390 0.01070830
v -0.07898220 0.09090560 0.00534158
v -0.07928060 0.09451540 0.00589227
v -0.07237270 0.09073650 0.01205750
v -0.07261000 0.09376380 0.01250470
v -0.07890140 0.09370270 0.00395202
v -0.07097570 0.09343140 0.01072150
v -0.07114050 0.09412250 0.01085610
v -0.07982410 0.09277810 0.00610524
v -0.08003520 0.09312800 0.00666799
v -0.07989020 0.09166890 0.00495654
v -0.07932850 0.09371910 0.00444496
v -0.08010600 0.09309140 0.00529166
v -0.08034930 0.09305400 0.00555900
v -0.07201870 0.09275080 0.01054210
v -0.07830210 0.09218940 0.00587549
v -0.07853450 0.09096140 0.00483634
v -0.07028200 0.09188680 0.01121140
v -0.07764970 0.09360720 0.00398653
v -0.07035200 0.09318020 0.01136700
v -0.07223160 0.09402470 0.01085740
v -0.07859330 0.09395890 0.00464573
v -0.07293270 0.09301690 0.01282700
v -0.07871040 0.09260680 0.00367100
v -0.07903890 0.09367590 0.00680490
v -0.07862800 0.09468030 0.00516058
v -0.07160940 0.09055650 0.01117990
v -0.07789570 0.09315470 0.00547033
v -0.10759000 0.10721200 0.04099600
v -0.10485100 0.10637300 0.04396700
v -0.29373300 0.28744501 0.26423001
v -0.10116800 0.11763600 0.03802000
v -0.10459400 0.11631100 0.03621000
v -0.29107001 0.29703000 0.26387799
v -0.10474600 0.10676200 0.04374200
v -0.10727200 0.10754500 0.04099500
v -0.29013899 0.28586501 0.26450399
v -0.10444200 0.11603900 0.03655500
v -0.10127300 0.11724700 0.03824500
v -0.29098800 0.29641500 0.26391399
v -0.09860600 0.11066400 0.04576200
v -0.09746430 0.11412400 0.04394400
v -0.28411901 0.28817001 0.26470700
v -0.09785050 0.11395400 0.04375700
v -0.09893790 0.11071500 0.04544300
v -0.28475401 0.28847000 0.26465699
v -0.28707600 0.28507501 0.26470801
v -0.29012400 0.28526300 0.26453501
v -0.29430801 0.29671600 0.26372099
v -0.28740701 0.28569600 0.26465899
v -0.29389000 0.29613301 0.26377299
v -0.10816800 0.11005500 0.03823000
v -0.10708100 0.11329400 0.03654400
v -0.29562399 0.29156199 0.26391599
v -0.10741300 0.11334500 0.03622500
v -0.10855400 0.10988500 0.03804300
v -0.29624301 0.29161999 0.26388001
v -0.28504699 0.29119200 0.26450101
v -0.28714600 0.29433599 0.26422700
v -0.28678700 0.29471201 0.26422700
v -0.28444499 0.29120600 0.26453301
v -0.09842870 0.11679700 0.04099100
v -0.29337400 0.28782001 0.26423001
v -0.09874700 0.11646400 0.04099200
v -0.10157600 0.10797000 0.04543200
v -0.10142500 0.10769800 0.04577700
v -0.28564301 0.28666499 0.26470301
v -0.28511000 0.28615600 0.26475799
v -0.29607499 0.29486799 0.26372099
v -0.29547399 0.29447499 0.26377401
v -0.10197800 0.11781000 0.03110130
v -0.10128600 0.11847700 0.03128340
v -0.10079400 0.11690300 0.03114960
v -0.10154200 0.11847500 0.03339370
v -0.10240700 0.11757500 0.03328260
v -0.10108000 0.11685700 0.03358780
v -0.10903000 0.11067000 0.03349370
v -0.10969700 0.10993200 0.03300210
v -0.10812100 0.10950300 0.03363010
v -0.10946900 0.10995600 0.03139550
v -0.10891800 0.11052300 0.03106060
v -0.10813300 0.10924400 0.03123200
v -0.10728600 0.11033200 0.03314430
v -0.10869300 0.10871800 0.03194900
v -0.10157400 0.11616800 0.03183140
v -0.10080900 0.11693600 0.03179310
v -0.10119100 0.11656000 0.03201230
v -0.10026400 0.11768400 0.03326350
v -0.09996850 0.11788500 0.03227240
v -0.10116300 0.11885000 0.03275040
v -0.09803500 0.11395300 0.03332580
v -0.09832210 0.11356700 0.03264030
v -0.09808870 0.11362900 0.03274110
v -0.09721050 0.11431700 0.03255320
v -0.09733930 0.11400200 0.03201870
v -0.09748240 0.11405700 0.03218770
v -0.10158900 0.11626500 0.03296730
v -0.10271500 0.11718600 0.03244140
v -0.10240200 0.11752100 0.03217700
v -0.10206300 0.11781300 0.03159600
v -0.10251300 0.11728800 0.03157480
v -0.10414200 0.10666300 0.03300140
v -0.10473200 0.10605700 0.03321390
v -0.10465300 0.10613000 0.03221760
v -0.10944000 0.11013300 0.03194900
v -0.10899700 0.11055400 0.03154400
v -0.10837100 0.11131900 0.03302420
v -0.09793920 0.11368900 0.03339000
v -0.09773160 0.11356100 0.03322600
v -0.09760020 0.11384400 0.03328000
v -0.09780250 0.11337700 0.03255340
v -0.09812400 0.11337800 0.03290620
v -0.09804120 0.11338000 0.03233370
v -0.10872200 0.10882900 0.03292300
v -0.10108400 0.11884500 0.03197320
v -0.10106000 0.11763400 0.03301700
v -0.10174700 0.11829000 0.03294600
v -0.10072100 0.11792600 0.03243600
v -0.10457800 0.10685000 0.03344560
v -0.10505400 0.10627100 0.03338710
v -0.10470500 0.10644600 0.03328190
v -0.10483200 0.10600400 0.03238950
v -0.10517300 0.10594900 0.03242210
v -0.10485800 0.10617500 0.03200140
v -0.10856800 0.11111600 0.03259900
v -0.10832500 0.11003900 0.03307500
v -0.10901100 0.11069500 0.03300400
v -0.10788100 0.11046000 0.03267000
v -0.10776800 0.10895000 0.03316210
v -0.10748500 0.10954400 0.03291820
v -0.10786000 0.10906600 0.03287260
v -0.10683700 0.10953900 0.03280400
v -0.10723300 0.10909500 0.03325340
v -0.10698600 0.10911900 0.03295490
v -0.10708000 0.11045200 0.03232210
v -0.10724100 0.11020400 0.03157540
v -0.10814100 0.11146600 0.03227620
v -0.10779100 0.10963100 0.03180000
v -0.10817400 0.10923400 0.03184600
v -0.10944800 0.11020400 0.03267900
v -0.10978700 0.10974700 0.03205290
v -0.10045300 0.11733100 0.03212790
v -0.09716130 0.11459700 0.03264170
v -0.09726620 0.11448500 0.03319560
v -0.09743310 0.11367800 0.03218790
v -0.09696600 0.11413900 0.03283370
v -0.09751720 0.11362400 0.03326630
v -0.09733810 0.11440800 0.03209420
v -0.10504000 0.10650100 0.03321080
v -0.10474200 0.10689400 0.03321260
v -0.10462900 0.10697300 0.03222500
v -0.10431700 0.10712600 0.03234620
v -0.10466000 0.10677200 0.03194170
v -0.10770900 0.10982000 0.03294870
v -0.10752300 0.10995300 0.03229290
v -0.10765000 0.10973500 0.03121700
v -0.10119000 0.11666000 0.03293880
v -0.10085400 0.11702200 0.03308820
v -0.10156600 0.11834400 0.03169000
v -0.10140800 0.11858200 0.03236500
v -0.10224400 0.11775900 0.03285200
v -0.10513500 0.10641200 0.03201540
v -0.10415900 0.10664400 0.03245720
v -0.10440800 0.10638300 0.03219720
v -0.10838400 0.10911200 0.03274720
v -0.09786280 0.11334700 0.03282740
v -0.09746510 0.11374400 0.03202830
v -0.09766280 0.11345300 0.03231690
v -0.10050400 0.11732000 0.03281420
v -0.10414800 0.10691800 0.03291140
v -0.10413600 0.10691400 0.03248850
v -0.10435100 0.10686600 0.03299880
v -0.10436300 0.10670100 0.03327990
v -0.09785680 0.11374100 0.03224520
v -0.09823230 0.11369400 0.03233200
v -0.09766830 0.11420400 0.03205200
v -0.09785100 0.11388900 0.03192890
v -0.10834100 0.11119100 0.03145500
v -0.10766600 0.10855400 0.03300430
v -0.10774500 0.10842500 0.03253080
v -0.10741600 0.10863400 0.03293820
v -0.10496200 0.10606300 0.03299260
v -0.10495000 0.10591000 0.03262790
v -0.10520600 0.10622200 0.03281170
v -0.10491100 0.10637000 0.03218290
v -0.10499400 0.10671900 0.03335740
v -0.10535400 0.10635100 0.03320000
v -0.10856000 0.11104500 0.03186900
v -0.10831000 0.10989700 0.03161500
v -0.10875400 0.10947700 0.03202000
v -0.10436400 0.10666700 0.03208060
v -0.10440600 0.10648500 0.03205510
v -0.10769500 0.10868700 0.03266530
v -0.10752300 0.10895900 0.03299120
v -0.10722600 0.10933000 0.03291370
v -0.10707000 0.10950800 0.03263990
v -0.10722000 0.10960400 0.03305620
v -0.09757900 0.11413600 0.03347600
v -0.09728870 0.11422100 0.03308640
v -0.10809600 0.10937700 0.03299470
v -0.10171600 0.11686500 0.03224700
v -0.10137700 0.11715700 0.03166700
v -0.10087900 0.11768800 0.03176100
v -0.10701700 0.10976100 0.03250130
v -0.10536400 0.10618000 0.03239220
v -0.10428200 0.10716700 0.03292450
v -0.10438900 0.10683300 0.03236710
v -0.10842600 0.10902700 0.03236670
v -0.10820700 0.10903400 0.03205630
v -0.10794500 0.10879400 0.03256700
v -0.10797600 0.10860800 0.03266280
v -0.09753160 0.11444200 0.03310160
v -0.09762110 0.11429200 0.03321710
v -0.09795710 0.11387700 0.03318170
v -0.09702020 0.11435100 0.03268290
v -0.09713640 0.11397700 0.03231270
v -0.10018600 0.11760900 0.03151450
v -0.10447900 0.10713600 0.03251750
v -0.10787400 0.11038900 0.03194000
v -0.09756880 0.11377800 0.03196500
v -0.09738820 0.11453800 0.03262500
v -0.10155700 0.11710300 0.03292200
v -0.10682300 0.10957500 0.03232210
v -0.10876100 0.10954800 0.03275000
v -0.10025300 0.11738600 0.03265600
v -0.10040600 0.11736900 0.03250000
v -0.10523600 0.10598400 0.03294620
v -0.10123000 0.11643700 0.03245130
v -0.10079000 0.11688600 0.03294300
v -0.10469800 0.10633000 0.03338090
v -0.09710520 0.11424800 0.03227690
v -0.10492100 0.10602400 0.03308460
v -0.09714430 0.11423700 0.03312510
v -0.09744740 0.11391600 0.03338370
v -0.10541700 0.10619400 0.03288970
v -0.10101700 0.11657900 0.03177800
v -0.10087000 0.11670200 0.03167800
v -0.10043100 0.11716100 0.03173100
v -0.10822100 0.10909700 0.03180320
v -0.10762500 0.10960000 0.03165370
v -0.10130500 0.11646800 0.03227700
v -0.10021600 0.11739400 0.03212710
v -0.10740100 0.10997000 0.03265890
v -0.10740200 0.10988500 0.03189540
v -0.10791300 0.10857400 0.03232710
v -0.10692200 0.10951600 0.03212800
v -0.09330630 0.09670210 0.01836890
v -0.09380320 0.09692020 0.01837250
v -0.09349420 0.09656380 0.01853040
v -0.09446210 0.09564550 0.01819060
v -0.09396900 0.09532600 0.01827350
v -0.09429640 0.09578370 0.01835380
v -0.09451030 0.09576920 0.01722370
v -0.09448430 0.09644650 0.01714160
v -0.09431910 0.09588360 0.01709110
v -0.09328080 0.09582230 0.01724220
v -0.09324170 0.09625990 0.01726210
v -0.09307640 0.09570580 0.01740690
v -0.08675110 0.10432600 0.01772430
v -0.08600110 0.10394100 0.01773970
v -0.08629930 0.10390700 0.01757110
v -0.08617770 0.10414300 0.01836210
v -0.08698600 0.10432400 0.01836250
v -0.08692070 0.10413900 0.01851200
v -0.08714290 0.10284700 0.01726860
v -0.08743900 0.10327100 0.01719960
v -0.08692500 0.10292400 0.01714120
v -0.08718090 0.10321000 0.01834540
v -0.08713610 0.10284700 0.01822050
v -0.08658080 0.10299500 0.01847520
v -0.08643000 0.10280800 0.01832010
v -0.08594350 0.10339400 0.01836260
v -0.08619430 0.10341300 0.01852250
v -0.08614610 0.10344400 0.01787460
v -0.08652250 0.10299900 0.01781980
v -0.08605020 0.10302100 0.01771500
v -0.09436120 0.09627700 0.01827720
v -0.09462430 0.09609190 0.01814410
v -0.09398030 0.09681940 0.01710400
v -0.09339000 0.09676610 0.01711190
v -0.09339790 0.09651120 0.01696280
v -0.08755670 0.10415600 0.01531340
v -0.08641450 0.10464600 0.01536240
v -0.08727290 0.10431900 0.01393370
v -0.08710170 0.10228000 0.01544170
v -0.08779760 0.10316900 0.01536620
v -0.08694410 0.10216800 0.01398460
v -0.09242360 0.09580710 0.01399830
v -0.09258890 0.09653610 0.01397800
v -0.09259930 0.09655810 0.01543800
v -0.09339550 0.09710850 0.01389170
v -0.09448600 0.09678550 0.01393550
v -0.09391290 0.09718460 0.01532100
v -0.09338120 0.09643150 0.01789430
v -0.09305020 0.09630060 0.01806610
v -0.09326540 0.09592440 0.01788270
v -0.09454220 0.09579720 0.01785810
v -0.09407120 0.09532840 0.01794420
v -0.09406550 0.09560500 0.01808320
v -0.09286130 0.09503410 0.01550250
v -0.09394520 0.09476840 0.01545970
v -0.09334030 0.09470730 0.01401910
v -0.09248830 0.09582310 0.01548520
v -0.08532090 0.10306000 0.01401720
v -0.08546240 0.10392200 0.01397710
v -0.08538530 0.10310100 0.01549550
v -0.08762470 0.10291000 0.01389590
v -0.08746420 0.10324600 0.01784820
v -0.08725210 0.10368400 0.01764510
v -0.08707930 0.10309300 0.01772990
v -0.08681290 0.10406300 0.01758530
v -0.09329990 0.09603280 0.01880630
v -0.09366860 0.09545750 0.01870110
v -0.09304080 0.09609520 0.01868670
v -0.09393990 0.09668670 0.01854330
v -0.09475620 0.09537370 0.01538850
v -0.09480480 0.09651280 0.01532850
v -0.09473230 0.09551710 0.01389710
v -0.08555780 0.10406000 0.01542610
v -0.09428760 0.09614690 0.01386200
v -0.09416490 0.09542530 0.01390500
v -0.09420600 0.09486290 0.01396010
v -0.08611120 0.10294200 0.01738470
v -0.08662460 0.10271100 0.01734200
v -0.08610960 0.10346700 0.01723690
v -0.08651800 0.10405900 0.01725990
v -0.08589990 0.10372600 0.01742490
v -0.09418770 0.09651410 0.01792980
v -0.09374730 0.09665270 0.01790620
v -0.09376980 0.09690750 0.01772890
v -0.09304230 0.09638940 0.01774910
v -0.08672330 0.10450600 0.01386430
v -0.08722060 0.10346000 0.01386300
v -0.08698340 0.10276800 0.01391100
v -0.09319770 0.09557240 0.01802810
v -0.09364110 0.09560000 0.01814810
v -0.09356400 0.09531020 0.01738070
v -0.09413120 0.09535080 0.01728980
v -0.09375500 0.09547770 0.01720010
v -0.09458080 0.09616130 0.01748680
v -0.09437750 0.09552060 0.01758200
v -0.09433780 0.09591460 0.01769350
v -0.09421610 0.09676210 0.01743010
v -0.09429490 0.09632780 0.01763770
v -0.09394440 0.09663250 0.01760120
v -0.09460040 0.09636660 0.01841690
v -0.09291460 0.09564130 0.01396100
v -0.09303740 0.09636290 0.01391700
v -0.09347840 0.09517260 0.01395500
v -0.08578360 0.10318200 0.01395400
v -0.08602070 0.10387400 0.01390500
v -0.08626490 0.10262900 0.01395700
v -0.08604300 0.10311500 0.01802510
v -0.08670630 0.10411200 0.01821770
v -0.08691060 0.10309900 0.02020280
v -0.08626550 0.10341500 0.02013200
v -0.08695430 0.10418900 0.02012770
v -0.08736920 0.10307900 0.01848620
v -0.08738370 0.10357200 0.01854250
v -0.08753820 0.10374100 0.01841260
v -0.08736670 0.10307500 0.01753930
v -0.08676380 0.10270900 0.01764100
v -0.09321430 0.09708250 0.01539220
v -0.09372710 0.09653490 0.01540840
v -0.09328460 0.09644200 0.01542800
v -0.09335360 0.09676210 0.01869100
v -0.09336030 0.09639600 0.01883900
v -0.09326420 0.09609770 0.01851210
v -0.09368670 0.09558460 0.01845900
v -0.09331150 0.09553060 0.01835120
v -0.09330130 0.09591550 0.01819180
v -0.08709000 0.10397300 0.01791800
v -0.08723680 0.10330200 0.01800960
v -0.08754620 0.10352200 0.01812530
v -0.08709670 0.10425400 0.01804470
v -0.09295210 0.09589290 0.01552260
v -0.09355500 0.09522270 0.01547700
v -0.08647930 0.10427500 0.01740380
v -0.08733030 0.10397600 0.01712120
v -0.08675770 0.10427200 0.01709590
v -0.08684720 0.10400600 0.01697400
v -0.09301600 0.09596350 0.01709330
v -0.09304560 0.09636660 0.01710530
v -0.09413040 0.09651450 0.01699330
v -0.08763040 0.10365500 0.01385370
v -0.08596760 0.10437300 0.01391010
v -0.08673920 0.10401300 0.01386000
v -0.09471280 0.09635260 0.01384400
v -0.09372380 0.09661570 0.01386800
v -0.09393120 0.09566710 0.02021050
v -0.09340670 0.09591020 0.02014170
v -0.09417450 0.09673750 0.02013560
v -0.08604210 0.10228600 0.01548320
v -0.08622760 0.10274600 0.01548050
v -0.08711380 0.10292000 0.01542580
v -0.08718940 0.10375200 0.01701030
v -0.08595750 0.10385800 0.01708410
v -0.08649310 0.10409500 0.01700100
v -0.08621000 0.10413000 0.01710770
v -0.09446000 0.09591620 0.01890120
v -0.09419140 0.09680970 0.01894290
v -0.09435420 0.09642880 0.01888900
v -0.09424410 0.09574200 0.01866800
v -0.09457250 0.09581360 0.01849010
v -0.09409930 0.09536070 0.01857440
v -0.09301980 0.09625330 0.01742500
v -0.09341940 0.09679220 0.01741960
v -0.09330780 0.09638900 0.01758480
v -0.08692040 0.10382400 0.01539720
v -0.08643650 0.10401900 0.01788410
v -0.08642090 0.10427000 0.01804130
v -0.08595570 0.10380300 0.01804570
v -0.09320190 0.09554930 0.01772420
v -0.09383100 0.09529950 0.01765450
v -0.09339920 0.09565520 0.01754060
v -0.09303080 0.09613480 0.01837180
v -0.09302860 0.09562000 0.01548440
v -0.09329290 0.09532730 0.01548530
v -0.09403560 0.09557680 0.01745120
v -0.09430780 0.09590580 0.01737720
v -0.09446090 0.09603970 0.02016400
v -0.09455070 0.09652390 0.01994850
v -0.09343720 0.09653920 0.01820720
v -0.09405710 0.09663910 0.01823000
v -0.09392530 0.09689330 0.01805720
v -0.09443870 0.09662100 0.01806780
v -0.09358600 0.09687600 0.01993130
v -0.09322240 0.09654220 0.01996630
v -0.09336530 0.09653200 0.01985980
v -0.08644230 0.10398700 0.01540540
v -0.08588140 0.10348400 0.01546050
v -0.09438600 0.09607320 0.01798700
v -0.09452130 0.09647390 0.01777480
v -0.08722650 0.10339800 0.01735680
v -0.08713990 0.10381900 0.01729800
v -0.08707530 0.10282600 0.01791820
v -0.08623330 0.10324500 0.01817910
v -0.08682810 0.10298300 0.01809110
v -0.08657140 0.10275000 0.01798100
v -0.09428230 0.09558210 0.01541970
v -0.08614630 0.10332900 0.01721400
v -0.09423500 0.09568750 0.01712840
v -0.09336270 0.09551130 0.01865160
v -0.08740490 0.10362200 0.02015270
v -0.09388160 0.09672300 0.01885520
v -0.09409080 0.09691560 0.01868800
v -0.08607160 0.10392300 0.01485500
v -0.08583440 0.10323100 0.01490400
v -0.08727140 0.10350900 0.01481200
v -0.09421580 0.09547430 0.01485500
v -0.09433850 0.09619590 0.01481100
v -0.09296550 0.09569040 0.01491100
v -0.08703430 0.10281700 0.01486100
v -0.09308820 0.09641190 0.01486700
v -0.09405490 0.09638330 0.01540400
v -0.08725580 0.10378500 0.01825250
v -0.08627280 0.10385700 0.01819810
v -0.08739810 0.10392700 0.01775400
v -0.08614100 0.10349400 0.01755810
v -0.08714800 0.10344800 0.01542120
v -0.08660000 0.10429600 0.02002190
v -0.08658470 0.10413700 0.02012810
v -0.08631990 0.10387600 0.02013420
v -0.09439320 0.09632430 0.01859340
v -0.09428200 0.09677800 0.01838040
v -0.08587360 0.10230900 0.01402760
v -0.09425130 0.09639790 0.01731340
v -0.09370860 0.09661900 0.01727300
v -0.08588120 0.10315700 0.01547840
v -0.09439040 0.09574030 0.01987300
v -0.09433950 0.09583020 0.01995370
v -0.09447600 0.09634410 0.01986810
v -0.08700830 0.10304600 0.01742770
v -0.08643920 0.10299100 0.01751380
v -0.08745960 0.10376400 0.01746080
v -0.08711770 0.10427400 0.01991950
v -0.08652650 0.10432800 0.01992140
v -0.08662980 0.10415800 0.01980750
v -0.08727160 0.10398200 0.01984520
v -0.08702880 0.10421100 0.01742430
v -0.09385390 0.09551750 0.01780630
v -0.09340350 0.09677870 0.01805130
v -0.08630250 0.10391100 0.01854420
v -0.09412110 0.09688240 0.01992670
v -0.09365330 0.09669690 0.01981740
v -0.09399060 0.09676600 0.01978920
v -0.09352930 0.09522160 0.01490500
v -0.08679010 0.10406200 0.01481000
v -0.08631580 0.10267800 0.01490600
v -0.09377470 0.09666470 0.01481700
v -0.09446640 0.09587920 0.01871880
v -0.09459400 0.09644580 0.01873320
v -0.09454440 0.09599750 0.02000140
v -0.09417920 0.09561330 0.02006750
v -0.09374100 0.09562910 0.02011340
v -0.08738030 0.10345800 0.01991200
v -0.08692700 0.10307600 0.01999120
v -0.08740470 0.10333100 0.02000540
v -0.08749480 0.10384500 0.01994810
v -0.09313980 0.09577320 0.01715210
v -0.09356510 0.09681870 0.02002920
v -0.09357850 0.09663310 0.02013830
v -0.08731100 0.10321300 0.01857500
v -0.09423810 0.09587160 0.01546030
v -0.09439650 0.09604990 0.01554400
v -0.08598170 0.10323600 0.01559960
v -0.08643430 0.10289000 0.01557980
v -0.08582890 0.10315300 0.01552390
v -0.08599130 0.10393900 0.01550070
v -0.08596810 0.10362100 0.01558900
v -0.08616370 0.10329600 0.01999050
v -0.08612290 0.10396000 0.01995600
v -0.09380870 0.09551410 0.01997070
v -0.09313800 0.09618060 0.01996950
v -0.09335630 0.09610130 0.02009290
v -0.09256190 0.09521970 0.01411940
v -0.09369510 0.09671670 0.01549840
v -0.09424920 0.09643250 0.01550060
v -0.08664270 0.10416600 0.01553200
v -0.08618370 0.10388700 0.01542450
v -0.08725200 0.10404900 0.01977000
v -0.09461580 0.09606020 0.01876780
v -0.09388460 0.09563580 0.02002690
v -0.09324120 0.09635250 0.01892500
v -0.08656870 0.10308400 0.02011170
v -0.08639810 0.10326400 0.02006410
v -0.08711770 0.10382000 0.01546740
v -0.09335040 0.09623700 0.02014400
v -0.09395970 0.09547500 0.01554580
v -0.08690230 0.10293000 0.01993260
v -0.09335350 0.09545590 0.01558090
v -0.08630200 0.10405900 0.01986650
v -0.08697320 0.10299900 0.01550180
v -0.08724770 0.10341800 0.01551300
v -0.09317260 0.09652200 0.01549480
v -0.09299550 0.09629580 0.01554400
v -0.08704980 0.10284200 0.01854650
v -0.08697670 0.10300800 0.02007250
v -0.09452400 0.09640110 0.01980290
v -0.08742940 0.10346700 0.01984230
v -0.08610350 0.10399400 0.01554420
v -0.07973510 0.09284100 0.00443400
v -0.08030540 0.09204520 0.00327296
v -0.08006970 0.09248710 0.00416481
v -0.06988870 0.09174830 0.01206590
v -0.06974330 0.09259470 0.01195030
v -0.06897530 0.09186860 0.01199860
v -0.07082740 0.09238160 0.01227500
v -0.06963950 0.09150270 0.01264020
v -0.07029900 0.09220790 0.01229280
v -0.06999080 0.09183510 0.01315020
v -0.06984430 0.09136030 0.01290250
v -0.07062990 0.09203040 0.01265850
v -0.07103870 0.09249660 0.01341530
v -0.07065720 0.09137450 0.01290970
v -0.07083620 0.09173160 0.01410450
v -0.07049840 0.09335810 0.01284990
v -0.06985660 0.09383800 0.01311520
v -0.06949270 0.09372720 0.01269470
v -0.07065830 0.09327020 0.01399280
v -0.07038980 0.09361640 0.01370750
v -0.08009150 0.09383770 0.00400207
v -0.07957930 0.09335310 0.00339468
v -0.08019060 0.09423320 0.00317564
v -0.08033640 0.09274850 0.00325420
v -0.07980280 0.09292660 0.00388492
v -0.08026710 0.09313650 0.00319799
v -0.08080790 0.09259160 0.00474227
v -0.08067440 0.09350710 0.00464678
v -0.08165000 0.09296670 0.00475901
v -0.08034550 0.09185450 0.00417954
v -0.08067730 0.09138550 0.00356159
v -0.08025510 0.09154000 0.00309139
v -0.08097390 0.09302860 0.00399484
v -0.08028580 0.09278070 0.00444103
v -0.08104320 0.09264040 0.00405101
v -0.08002330 0.09322690 0.00415564
v -0.08093750 0.09374540 0.00405126
v -0.08067760 0.09337260 0.00367784
v -0.07973060 0.09239580 0.00254521
v -0.07966020 0.09281020 0.00249001
v -0.07958880 0.09253210 0.00335396
v -0.07982690 0.09235090 0.00361358
v -0.07073300 0.09252300 0.01280450
v -0.07026610 0.09316960 0.01344840
v -0.07016420 0.09261690 0.01339310
v -0.07034240 0.09264970 0.01237070
v -0.07002290 0.09331070 0.01322000
v -0.08163030 0.09252710 0.00471093
v -0.08146500 0.09196190 0.00448994
v -0.08157980 0.09338100 0.00470383
v -0.06995820 0.09083020 0.01305380
v -0.07032200 0.09094090 0.01347430
v -0.06915650 0.09139800 0.01217620
v -0.06942490 0.09105190 0.01246090
v -0.08105520 0.09423690 0.00415761
v -0.08136210 0.09389780 0.00448690
v -0.08063310 0.09439150 0.00368745
v -0.07032230 0.09232150 0.01355500
v -0.07051250 0.09182660 0.01365940
v -0.06949240 0.09234670 0.01261400
v -0.06918950 0.09342220 0.01233290
v -0.06897850 0.09293680 0.01206460
v -0.06927340 0.09250790 0.01233320
v -0.06934030 0.09285660 0.01244290
v -0.08087360 0.09234130 0.00384100
v -0.08106360 0.09210190 0.00408380
v -0.08005510 0.09339640 0.00300267
v -0.08020570 0.09367290 0.00320125
v -0.07062520 0.09124600 0.01383610
v -0.07058050 0.09215540 0.01379940
v -0.07083940 0.09279960 0.01417040
v -0.08038580 0.09221230 0.00424578
v -0.08050160 0.09280430 0.00445861
v -0.06997150 0.09312060 0.01224140
v -0.07045610 0.09309040 0.01279020
v -0.07034580 0.09301850 0.01253410
v -0.07078630 0.09269610 0.01311020
v -0.08112450 0.09349540 0.00425018
v -0.07024270 0.09194280 0.01344300
v -0.07994820 0.09187910 0.00276210
v -0.08012930 0.09227860 0.00304867
v -0.06979950 0.09242180 0.01228530
v -0.07011600 0.09379570 0.01340700
v -0.08063270 0.09240430 0.00357015
v -0.08058320 0.09231270 0.00419118
v -0.06969870 0.09087250 0.01276200
v -0.07069060 0.09228120 0.01328940
v -0.08043670 0.09343560 0.00340801
v -0.08005130 0.09342940 0.00365221
v -0.07968000 0.09324960 0.00253753
v -0.07984520 0.09381490 0.00275866
v -0.08122510 0.09237900 0.00427272
v -0.08014690 0.09350340 0.00406950
v -0.07981620 0.09339260 0.00369184
v -0.08039430 0.09328800 0.00432386
v -0.07073630 0.09196330 0.01292670
v -0.07057340 0.09172980 0.01271640
v -0.07023940 0.09185790 0.01246250
v -0.06891250 0.09243890 0.01196010
v -0.07090220 0.09222910 0.01420840
v -0.07967300 0.09311260 0.00352999
v -0.07987520 0.09234540 0.00379851
v -0.07969480 0.09270840 0.00348500
v -0.06982400 0.09283320 0.01301890
v -0.06957200 0.09272540 0.01272600
v -0.07011320 0.09300000 0.01239560
v -0.07000850 0.09214880 0.01222660
v -0.06992470 0.09260000 0.01212290
v -0.08111960 0.09154360 0.00407330
v -0.08006830 0.09362100 0.00408100
v -0.08047680 0.09329270 0.00455234
v -0.08018950 0.09360610 0.00423900
v -0.06965050 0.09205120 0.01277590
v -0.07079400 0.09242810 0.01302770
v -0.08026880 0.09236900 0.00426824
v -0.08053010 0.09272680 0.00460827
v -0.07007830 0.09282030 0.01220220
v -0.07003030 0.09196910 0.01212240
v -0.07030170 0.09172120 0.01242410
v -0.07262900 0.09272700 0.01137910
v -0.07224800 0.09191600 0.01095160
v -0.07259150 0.09226840 0.01156230
v -0.07824080 0.09330890 0.00562902
v -0.07854560 0.09323790 0.00596081
v -0.07790560 0.09266490 0.00530045
v -0.07185100 0.09195510 0.01096990
v -0.07179730 0.09190890 0.01073980
v -0.07159960 0.09231440 0.01057220
v -0.07211190 0.09294990 0.01081400
v -0.07208060 0.09199880 0.01076440
v -0.07813160 0.09225580 0.00535666
v -0.07220900 0.09193080 0.01130900
v -0.07211130 0.09174030 0.01105420
v -0.07804940 0.09254440 0.00495199
v -0.07811380 0.09320370 0.00509106
v -0.07796780 0.09305800 0.00499793
v -0.07828050 0.09346710 0.00552583
v -0.07248140 0.09234260 0.01156220
v -0.07234980 0.09288870 0.01138230
v -0.07254470 0.09279490 0.01149950
v -0.07226500 0.09304070 0.01115420
v -0.07189950 0.09237200 0.01060610
v -0.07885080 0.09271950 0.00594806
v -0.07859800 0.09224120 0.00570405
v -0.07867640 0.09226220 0.00591207
v -0.07859910 0.09244560 0.00608272
v -0.07241820 0.09185980 0.01137610
v -0.07884120 0.09308740 0.00608060
v -0.07863280 0.09342610 0.00583184
v -0.07817760 0.09236260 0.00531176
v -0.07808410 0.09242760 0.00509094
v -0.07794340 0.09289130 0.00523718
v -0.07802490 0.09315640 0.00537113
v -0.07186930 0.09317370 0.01100630
v -0.07164890 0.09289230 0.01068640
v -0.07201170 0.09296580 0.01092460
v -0.07836060 0.09212250 0.00558168
v -0.07837070 0.09338400 0.00537706
v -0.07873680 0.09322660 0.00575808
v -0.07887360 0.09271860 0.00612321
v -0.07242410 0.09287370 0.01159870
v -0.07208010 0.09314250 0.01119230
v -0.07826750 0.09350890 0.00538181
v -0.07181710 0.09205880 0.01060660
v -0.07161200 0.09245650 0.01085500
v -0.07158200 0.09261290 0.01065080
v -0.07797990 0.09252970 0.00522696
v -0.07196690 0.09290940 0.01076490
v -0.07221010 0.09185760 0.01139250
v -0.07247480 0.09235220 0.01168800
v -0.07870970 0.09218420 0.00570299
v -0.07892580 0.09262540 0.00594968
v -0.07186140 0.09188700 0.01105900
vt 0.46723790 0.34821429
vt 0.46723790 0.34821429
vt 0.46723790 0.34821429
vt 0.46723790 0.34821429
vt 0.46723790 0.34821429
vt 0.46723790 0.34821429
vt 0.46723790 0.34821429
vt 0.46723790 0.34821429
vt 0.46723790 0.34821429
vt 0.46723790 0.34821429
vt 0.46723790 0.34821429
vt 0.46723790 0.34821429
vt 0.46723790 0.34821429
vt 0.46723790 0.34821429
vt 0.46723790 0.34821429
vt 0.46723790 0.34821429
vt 0.46723790 0.34821429
vt 0.46723790 0.34821429
vt 0.46723790 0.34821429
vt 0.46723790 0.34821429
vt 0.46723790 0.34821429
vt 0.46723790 0.34821429
vt 0.46723790 0.34821429
vt 0.46723790 0.34821429
vt 0.46723790 0.34821429
vt 0.46723790 0.34821429
vt 0.46723790 0.34821429
vt 0.46723790 0.34821429
vt 0.46723790 0.34821429
vt 0.46723790 0.34821429
vt 0.46723790 0.34821429
vt 0.46723790 0.34821429
vt 0.46723790 0.34821429
vt 0.46723790 0.34821429
vt 0.46723790 0.34821429
vt 0.46723790 0.34821429
vt 0.46723790 0.34821429
vt 0.46723790 0.34821429
vt 0.46723790 0.34821429
vt 0.46723790 0.34821429
vt 0.46723790 0.34821429
vt 0.46723790 0.34821429
vt 0.46723790 0.34821429
vt 0.46723790 0.34821429
vt 0.46723790 0.34821429
vt 0.46723790 0.34821429
vt 0.46723790 0.34821429
vt 0.46723790 0.34821429
vt 0.46723790 0.34821429
vt 0.46723790 0.34821429
vt 0.46723790 0.34821429
vt 0.46723790 0.34821429
vt 0.46723790 0.34821429
vt 0.46723790 0.34821429
vt 0.46723790 0.34821429
vt 0.46723790 0.34821429
vt 0.46723790 0.34821429
vt 0.46723790 0.34821429
vt 0.46723790 0.34821429
vt 0.46723790 0.34821429
vt 0.46723790 0.34821429
vt 0.46723790 0.34821429
vt 0.46723790 0.34821429
vt 0.46723790 0.34821429
vt 0.46723790 0.34821429
vt 0.46723790 0.34821429
vt 0.46723790 0.34821429
vt 0.46723790 0.34821429
vt 0.46723790 0.34821429
vt 0.46723790 0.34821429
vt 0.46723790 0.34821429
vt 0.46723790 0.34821429
vt 0.46723790 0.34821429
vt 0.46723790 0.34821429
vt 0.46723790 0.34821429
vt 0.46723790 0.34821429
vt 0.46723790 0.34821429
vt 0.46723790 0.34821429
vt 0.46723790 0.34821429
vt 0.46723790 0.34821429
vt 0.46723790 0.34821429
vt 0.46723790 0.34821429
vt 0.46723790 0.34821429
vt 0.46723790 0.34821429
vt 0.46723790 0.34821429
vt 0.46723790 0.34821429
vt 0.46723790 0.34821429
vt 0.46723790 0.34821429
vt 0.46723790 0.34821429
vt 0.46723790 0.34821429
vt 0.46723790 0.34821429
vt 0.46723790 0.34821429
vt 0.46723790 0.34821429
vt 0.46723790 0.34821429
vt 0.46723790 0.34821429
vt 0.46723790 0.34821429
vt 0.46723790 0.34821429
vt 0.46723790 0.34821429
vt 0.46723790 0.34821429
vt 0.46723790 0.34821429
vt 0.46723790 0.34821429
vt 0.46723790 0.34821429
vt 0.46723790 0.34821429
vt 0.46723790 0.34821429
vt 0.46723790 0.34821429
vt 0.46723790 0.34821429
vt 0.46723790 0.34821429
vt 0.46723790 0.34821429
vt 0.46723790 0.34821429
vt 0.46723790 0.34821429
vt 0.46723790 0.34821429
vt 0.46723790 0.34821429
vt 0.46723790 0.34821429
vt 0.46723790 0.34821429
vt 0.46723790 0.34821429
vt 0.46723790 0.34821429
vt 0.46723790 0.34821429
vt 0.46723790 0.34821429
vt 0.46723790 0.34821429
vt 0.46723790 0.34821429
vt 0.46723790 0.34821429
vt 0.46723790 0.34821429
vt 0.46723790 0.34821429
vt 0.46723790 0.34821429
vt 0.46723790 0.34821429
vt 0.46723790 0.34821429
vt 0.46723790 0.34821429
vt 0.46723790 0.34821429
vt 0.46723790 0.34821429
vt 0.46723790 0.34821429
vt 0.46723790 0.34821429
vt 0.46723790 0.34821429
vt 0.46723790 0.34821429
vt 0.46723790 0.34821429
vt 0.46723790 0.34821429
vt 0.46723790 0.34821429
vt 0.46723790 0.34821429
vt 0.46723790 0.34821429
vt 0.46723790 0.34821429
vt 0.46723790 0.34821429
vt 0.46723790 0.34821429
vt 0.46723790 0.34821429
vt 0.46723790 0.34821429
vt 0.46723790 0.34821429
vt 0.46723790 0.34821429
vt 0.46723790 0.34821429
vt 0.46723790 0.34821429
vt 0.46723790 0.34821429
vt 0.46723790 0.34821429
vt 0.46723790 0.34821429
vt 0.46723790 0.34821429
vt 0.46723790 0.34821429
vt 0.46723790 0.34821429
vt 0.46723790 0.34821429
vt 0.46723790 0.34821429
vt 0.46723790 0.34821429
vt 0.46723790 0.34821429
vt 0.46723790 0.34821429
vt 0.46723790 0.34821429
vt 0.46723790 0.34821429
vt 0.46723790 0.34821429
vt 0.46723790 0.34821429
vt 0.46723790 0.34821429
vt 0.46723790 0.34821429
vt 0.46723790 0.34821429
vt 0.46723790 0.34821429
vt 0.46723790 0.34821429
vt 0.46723790 0.34821429
vt 0.46723790 0.34821429
vt 0.46723790 0.34821429
vt 0.46723790 0.34821429
vt 0.46723790 0.34821429
vt 0.46723790 0.34821429
vt 0.46723790 0.34821429
vt 0.46723790 0.34821429
vt 0.46723790 0.34821429
vt 0.46723790 0.34821429
vt 0.46723790 0.34821429
vt 0.46723790 0.34821429
vt 0.46723790 0.34821429
vt 0.46723790 0.34821429
vt 0.46723790 0.34821429
vt 0.46723790 0.34821429
vt 0.46723790 0.34821429
vt 0.46723790 0.34821429
vt 0.46723790 0.34821429
vt 0.46723790 0.34821429
vt 0.46723790 0.34821429
vt 0.46723790 0.34821429
vt 0.46723790 0.34821429
vt 0.46723790 0.34821429
vt 0.46723790 0.34821429
vt 0.46723790 0.34821429
vt 0.46723790 0.34821429
vt 0.46723790 0.34821429
vt 0.46723790 0.34821429
vt 0.46723790 0.34821429
vt 0.46723790 0.34821429
vt 0.46723790 0.34821429
vt 0.46723790 0.34821429
vt 0.46723790 0.34821429
vt 0.46723790 0.34821429
vt 0.46723790 0.34821429
vt 0.46723790 0.34821429
vt 0.46723790 0.34821429
vt 0.46723790 0.34821429
vt 0.46723790 0.34821429
vt 0.46723790 0.34821429
vt 0.46723790 0.34821429
vt 0.46723790 0.34821429
vt 0.46723790 0.34821429
vt 0.46723790 0.34821429
vt 0.46723790 0.34821429
vt 0.46723790 0.34821429
vt 0.46723790 0.34821429
vt 0.46723790 0.34821429
vt 0.46723790 0.34821429
vt 0.46723790 0.34821429
vt 0.46723790 0.34821429
vt 0.46723790 0.34821429
vt 0.46723790 0.34821429
vt 0.46723790 0.34821429
vt 0.46723790 0.34821429
vt 0.46723790 0.34821429
vt 0.46723790 0.34821429
vt 0.46723790 0.34821429
vt 0.46723790 0.34821429
vt 0.46723790 0.34821429
vt 0.46723790 0.34821429
vt 0.46723790 0.34821429
vt 0.46723790 0.34821429
vt 0.46723790 0.34821429
vt 0.46723790 0.34821429
vt 0.46723790 0.34821429
vt 0.46723790 0.34821429
vt 0.46723790 0.34821429
vt 0.46723790 0.34821429
vt 0.46723790 0.34821429
vt 0.46723790 0.34821429
vt 0.46723790 0.34821429
vt 0.46723790 0.34821429
vt 0.46723790 0.34821429
vt 0.46723790 0.34821429
vt 0.46723790 0.34821429
vt 0.46723790 0.34821429
vt 0.46723790 0.34821429
vt 0.46723790 0.34821429
vt 0.46723790 0.34821429
vt 0.46723790 0.34821429
vt 0.46723790 0.34821429
vt 0.46723790 0.34821429
vt 0.46723790 0.34821429
vt 0.46723790 0.34821429
vt 0.46723790 0.34821429
vt 0.46723790 0.34821429
vt 0.46723790 0.34821429
vt 0.46723790 0.34821429
vt 0.46723790 0.34821429
vt 0.46723790 0.34821429
vt 0.46723790 0.34821429
vt 0.46723790 0.34821429
vt 0.46723790 0.34821429
vt 0.46723790 0.34821429
vt 0.46723790 0.34821429
vt 0.46723790 0.34821429
vt 0.46723790 0.34821429
vt 0.46723790 0.34821429
vt 0.46723790 0.34821429
vt 0.46723790 0.34821429
vt 0.46723790 0.34821429
vt 0.46723790 0.34821429
vt 0.46723790 0.34821429
vt 0.46723790 0.34821429
vt 0.46723790 0.34821429
vt 0.46723790 0.34821429
vt 0.46723790 0.34821429
vt 0.46723790 0.34821429
vt 0.46723790 0.34821429
vt 0.46723790 0.34821429
vt 0.46723790 0.34821429
vt 0.46723790 0.34821429
vt 0.46723790 0.34821429
vt 0.46723790 0.34821429
vt 0.46723790 0.34821429
vt 0.46723790 0.34821429
vt 0.46723790 0.34821429
vt 0.46723790 0.34821429
vt 0.46723790 0.34821429
vt 0.46723790 0.34821429
vt 0.46723790 0.34821429
vt 0.46723790 0.34821429
vt 0.46723790 0.34821429
vt 0.46723790 0.34821429
vt 0.46723790 0.34821429
vt 0.46723790 0.34821429
vt 0.46723790 0.34821429
vt 0.46723790 0.34821429
vt 0.46723790 0.34821429
vt 0.46723790 0.34821429
vt 0.46723790 0.34821429
vt 0.46723790 0.34821429
vt 0.46723790 0.34821429
vt 0.46723790 0.34821429
vt 0.46723790 0.34821429
vt 0.46723790 0.34821429
vt 0.46723790 0.34821429
vt 0.46723790 0.34821429
vt 0.46723790 0.34821429
vt 0.46723790 0.34821429
vt 0.46723790 0.34821429
vt 0.46723790 0.34821429
vt 0.46723790 0.34821429
vt 0.46723790 0.34821429
vt 0.46723790 0.34821429
vt 0.46723790 0.34821429
vt 0.46723790 0.34821429
vt 0.46723790 0.34821429
vt 0.46723790 0.34821429
vt 0.46723790 0.34821429
vt 0.46723790 0.34821429
vt 0.46723790 0.34821429
vt 0.46723790 0.34821429
vt 0.46723790 0.34821429
vt 0.46723790 0.34821429
vt 0.46723790 0.34821429
vt 0.46723790 0.34821429
vt 0.46723790 0.34821429
vt 0.46723790 0.34821429
vt 0.46723790 0.34821429
vt 0.46723790 0.34821429
vt 0.46723790 0.34821429
vt 0.46723790 0.34821429
vt 0.46723790 0.34821429
vt 0.46723790 0.34821429
vt 0.46723790 0.34821429
vt 0.46723790 0.34821429
vt 0.46723790 0.34821429
vt 0.46723790 0.34821429
vt 0.46723790 0.34821429
vt 0.46723790 0.34821429
vt 0.46723790 0.34821429
vt 0.46723790 0.34821429
vt 0.46723790 0.34821429
vt 0.46723790 0.34821429
vt 0.46723790 0.34821429
vt 0.46723790 0.34821429
vt 0.46723790 0.34821429
vt 0.46723790 0.34821429
vt 0.46723790 0.34821429
vt 0.46723790 0.34821429
vt 0.46723790 0.34821429
vt 0.46723790 0.34821429
vt 0.46723790 0.34821429
vt 0.46723790 0.34821429
vt 0.46723790 0.34821429
vt 0.46723790 0.34821429
vt 0.46723790 0.34821429
vt 0.46723790 0.34821429
vt 0.46723790 0.34821429
vt 0.46723790 0.34821429
vt 0.46723790 0.34821429
vt 0.46723790 0.34821429
vt 0.46723790 0.34821429
vt 0.46723790 0.34821429
vt 0.46723790 0.34821429
vt 0.46723790 0.34821429
vt 0.46723790 0.34821429
vt 0.46723790 0.34821429
vt 0.46723790 0.34821429
vt 0.46723790 0.34821429
vt 0.46723790 0.34821429
vt 0.46723790 0.34821429
vt 0.46723790 0.34821429
vt 0.46723790 0.34821429
vt 0.46723790 0.34821429
vt 0.46723790 0.34821429
vt 0.46723790 0.34821429
vt 0.46723790 0.34821429
vt 0.46723790 0.34821429
vt 0.46723790 0.34821429
vt 0.46723790 0.34821429
vt 0.46723790 0.34821429
vt 0.46723790 0.34821429
vt 0.46723790 0.34821429
vt 0.46723790 0.34821429
vt 0.46723790 0.34821429
vt 0.46723790 0.34821429
vt 0.46723790 0.34821429
vt 0.46723790 0.34821429
vt 0.46723790 0.34821429
vt 0.46723790 0.34821429
vt 0.46723790 0.34821429
vt 0.46723790 0.34821429
vt 0.46723790 0.34821429
vt 0.46723790 0.34821429
vt 0.46723790 0.34821429
vt 0.46723790 0.34821429
vt 0.46723790 0.34821429
vt 0.46723790 0.34821429
vt 0.46723790 0.34821429
vt 0.46723790 0.34821429
vt 0.46723790 0.34821429
vt 0.46723790 0.34821429
vt 0.46723790 0.34821429
vt 0.46723790 0.34821429
vt 0.46723790 0.34821429
vt 0.46723790 0.34821429
vt 0.46723790 0.34821429
vt 0.46723790 0.34821429
vt 0.46723790 0.34821429
vt 0.46723790 0.34821429
vt 0.46723790 0.34821429
vt 0.46723790 0.34821429
vt 0.46723790 0.34821429
vt 0.46723790 0.34821429
vt 0.46723790 0.34821429
vt 0.46723790 0.34821429
vt 0.46723790 0.34821429
vt 0.46723790 0.34821429
vt 0.46723790 0.34821429
vt 0.46723790 0.34821429
vt 0.46723790 0.34821429
vt 0.46723790 0.34821429
vt 0.46723790 0.34821429
vt 0.46723790 0.34821429
vt 0.46723790 0.34821429
vt 0.46723790 0.34821429
vt 0.46723790 0.34821429
vt 0.46723790 0.34821429
vt 0.46723790 0.34821429
vt 0.46723790 0.34821429
vt 0.46723790 0.34821429
vt 0.46723790 0.34821429
vt 0.46723790 0.34821429
vt 0.46723790 0.34821429
vt 0.46723790 0.34821429
vt 0.46723790 0.34821429
vt 0.46723790 0.34821429
vt 0.46723790 0.34821429
vt 0.46723790 0.34821429
vt 0.46723790 0.34821429
vt 0.46723790 0.34821429
vt 0.46723790 0.34821429
vt 0.46723790 0.34821429
vt 0.46723790 0.34821429
vt 0.46723790 0.34821429
vt 0.46723790 0.34821429
vt 0.46723790 0.34821429
vt 0.46723790 0.34821429
vt 0.46723790 0.34821429
vt 0.46723790 0.34821429
vt 0.46723790 0.34821429
vt 0.46723790 0.34821429
vt 0.46723790 0.34821429
vt 0.46723790 0.34821429
vt 0.46723790 0.34821429
vt 0.46723790 0.34821429
vt 0.46723790 0.34821429
vt 0.46723790 0.34821429
vt 0.46723790 0.34821429
vt 0.46723790 0.34821429
vt 0.46723790 0.34821429
vt 0.46723790 0.34821429
vt 0.46723790 0.34821429
vt 0.46723790 0.34821429
vt 0.46723790 0.34821429
vt 0.46723790 0.34821429
vt 0.46723790 0.34821429
vt 0.46723790 0.34821429
vt 0.46723790 0.34821429
vt 0.46723790 0.34821429
vt 0.46723790 0.34821429
vt 0.46723790 0.34821429
vt 0.46723790 0.34821429
vt 0.46723790 0.34821429
vt 0.46723790 0.34821429
vt 0.46723790 0.34821429
vt 0.46723790 0.34821429
vt 0.46723790 0.34821429
vt 0.46723790 0.34821429
vt 0.46723790 0.34821429
vt 0.46723790 0.34821429
vt 0.46723790 0.34821429
vt 0.46723790 0.34821429
vt 0.46723790 0.34821429
vt 0.46723790 0.34821429
vt 0.46723790 0.34821429
vt 0.46723790 0.34821429
vt 0.46723790 0.34821429
vt 0.46723790 0.34821429
vt 0.46723790 0.34821429
vt 0.46723790 0.34821429
vt 0.46723790 0.34821429
vt 0.46723790 0.34821429
vt 0.46723790 0.34821429
vt 0.46723790 0.34821429
vt 0.46723790 0.34821429
vt 0.46723790 0.34821429
vt 0.46723790 0.34821429
vt 0.46723790 0.34821429
vt 0.46723790 0.34821429
vt 0.46723790 0.34821429
vt 0.46723790 0.34821429
vt 0.46723790 0.34821429
vt 0.46723790 0.34821429
vt 0.46723790 0.34821429
vt 0.46723790 0.34821429
vt 0.46723790 0.34821429
vt 0.46723790 0.34821429
vt 0.46723790 0.34821429
vt 0.46723790 0.34821429
vt 0.46723790 0.34821429
vt 0.46723790 0.34821429
vt 0.46723790 0.34821429
vt 0.46723790 0.34821429
vt 0.46723790 0.34821429
vt 0.46723790 0.34821429
vt 0.46723790 0.34821429
vt 0.46723790 0.34821429
vt 0.46723790 0.34821429
vt 0.46723790 0.34821429
vt 0.46723790 0.34821429
vt 0.46723790 0.34821429
vt 0.46723790 0.34821429
vt 0.46723790 0.34821429
vt 0.46723790 0.34821429
vt 0.46723790 0.34821429
vt 0.46723790 0.34821429
vt 0.46723790 0.34821429
vt 0.46723790 0.34821429
vt 0.46723790 0.34821429
vt 0.46723790 0.34821429
vt 0.46723790 0.34821429
vt 0.46723790 0.34821429
vt 0.46723790 0.34821429
vt 0.46723790 0.34821429
vt 0.46723790 0.34821429
vt 0.46723790 0.34821429
vt 0.46723790 0.34821429
vt 0.46723790 0.34821429
vt 0.46723790 0.34821429
vt 0.46723790 0.34821429
vt 0.46723790 0.34821429
vt 0.46723790 0.34821429
vt 0.46723790 0.34821429
vt 0.46723790 0.34821429
vt 0.46723790 0.34821429
vt 0.46723790 0.34821429
vt 0.46723790 0.34821429
vt 0.46723790 0.34821429
vt 0.46723790 0.34821429
vt 0.46723790 0.34821429
vt 0.46723790 0.34821429
vt 0.46723790 0.34821429
vt 0.46723790 0.34821429
vt 0.46723790 0.34821429
vt 0.46723790 0.34821429
vt 0.46723790 0.34821429
vt 0.46723790 0.34821429
vt 0.46723790 0.34821429
vt 0.46723790 0.34821429
vt 0.46723790 0.34821429
vt 0.46723790 0.34821429
vt 0.46723790 0.34821429
vt 0.46723790 0.34821429
vt 0.46723790 0.34821429
vt 0.46723790 0.34821429
vt 0.46723790 0.34821429
vt 0.46723790 0.34821429
vt 0.46723790 0.34821429
vt 0.46723790 0.34821429
vt 0.46723790 0.34821429
vt 0.46723790 0.34821429
vt 0.46723790 0.34821429
vt 0.46723790 0.34821429
vt 0.46723790 0.34821429
vt 0.46723790 0.34821429
vt 0.46723790 0.34821429
vt 0.46723790 0.34821429
vt 0.46723790 0.34821429
vt 0.46723790 0.34821429
vt 0.46723790 0.34821429
vt 0.46723790 0.34821429
vt 0.46723790 0.34821429
vt 0.46723790 0.34821429
vt 0.46723790 0.34821429
vt 0.46723790 0.34821429
vt 0.46723790 0.34821429
vt 0.46723790 0.34821429
vt 0.46723790 0.34821429
vt 0.46723790 0.34821429
vt 0.46723790 0.34821429
vt 0.46723790 0.34821429
vt 0.46723790 0.34821429
vt 0.46723790 0.34821429
vt 0.46723790 0.34821429
vt 0.46723790 0.34821429
vt 0.46723790 0.34821429
vt 0.46723790 0.34821429
vt 0.46723790 0.34821429
vt 0.46723790 0.34821429
vt 0.46723790 0.34821429
vt 0.46723790 0.34821429
vt 0.46723790 0.34821429
vt 0.46723790 0.34821429
vt 0.46723790 0.34821429
vt 0.46723790 0.34821429
vt 0.46723790 0.34821429
vt 0.46723790 0.34821429
vt 0.46723790 0.34821429
vt 0.46723790 0.34821429
vt 0.46723790 0.34821429
vt 0.46723790 0.34821429
vt 0.46723790 0.34821429
vt 0.46723790 0.34821429
vt 0.46723790 0.34821429
vt 0.46723790 0.34821429
vt 0.46723790 0.34821429
vt 0.46723790 0.34821429
vt 0.46723790 0.34821429
vt 0.46723790 0.34821429
vt 0.46723790 0.34821429
vt 0.46723790 0.34821429
vt 0.46723790 0.34821429
vt 0.46723790 0.34821429
vt 0.46723790 0.34821429
vt 0.46723790 0.34821429
vt 0.46723790 0.34821429
vt 0.46723790 0.34821429
vt 0.46723790 0.34821429
vt 0.46723790 0.34821429
vt 0.46723790 0.34821429
vt 0.46723790 0.34821429
vt 0.46723790 0.34821429
vt 0.46723790 0.34821429
vt 0.46723790 0.34821429
vt 0.46723790 0.34821429
vt 0.46723790 0.34821429
vt 0.46723790 0.34821429
vt 0.46723790 0.34821429
vt 0.46723790 0.34821429
vt 0.46723790 0.34821429
vt 0.46723790 0.34821429
vt 0.46723790 0.34821429
vt 0.46723790 0.34821429
vt 0.46723790 0.34821429
vt 0.46723790 0.34821429
vt 0.46723790 0.34821429
vt 0.46723790 0.34821429
vt 0.46723790 0.34821429
vt 0.46723790 0.34821429
vt 0.46723790 0.34821429
vt 0.46723790 0.34821429
vt 0.46723790 0.34821429
vt 0.46723790 0.34821429
vt 0.46723790 0.34821429
vt 0.46723790 0.34821429
vt 0.46723790 0.34821429
vt 0.46723790 0.34821429
vt 0.46723790 0.34821429
vt 0.46723790 0.34821429
vt 0.46723790 0.34821429
vt 0.46723790 0.34821429
vt 0.46723790 0.34821429
vt 0.46723790 0.34821429
vt 0.46723790 0.34821429
vt 0.46723790 0.34821429
vt 0.46723790 0.34821429
vt 0.46723790 0.34821429
vt 0.46723790 0.34821429
vt 0.46723790 0.34821429
vt 0.46723790 0.34821429
vt 0.46723790 0.34821429
vt 0.46723790 0.34821429
vt 0.46723790 0.34821429
vt 0.46723790 0.34821429
vt 0.46723790 0.34821429
vt 0.46723790 0.34821429
vt 0.46723790 0.34821429
vt 0.46723790 0.34821429
vt 0.46723790 0.34821429
vt 0.46723790 0.34821429
vt 0.46723790 0.34821429
vt 0.46723790 0.34821429
vt 0.46723790 0.34821429
vt 0.46723790 0.34821429
vt 0.46723790 0.34821429
vt 0.46723790 0.34821429
vt 0.46723790 0.34821429
vt 0.46723790 0.34821429
vt 0.46723790 0.34821429
vt 0.46723790 0.34821429
vt 0.46723790 0.34821429
vt 0.46723790 0.34821429
vt 0.46723790 0.34821429
vt 0.46723790 0.34821429
vt 0.46723790 0.34821429
vt 0.46723790 0.34821429
vt 0.46723790 0.34821429
vt 0.46723790 0.34821429
vt 0.46723790 0.34821429
vt 0.46723790 0.34821429
vt 0.46723790 0.34821429
vt 0.46723790 0.34821429
vt 0.46723790 0.34821429
vt 0.46723790 0.34821429
vt 0.46723790 0.34821429
vt 0.46723790 0.34821429
vt 0.46723790 0.34821429
vt 0.46723790 0.34821429
vt 0.46723790 0.34821429
vt 0.46723790 0.34821429
vt 0.46723790 0.34821429
vt 0.46723790 0.34821429
vt 0.46723790 0.34821429
vt 0.46723790 0.34821429
vt 0.46723790 0.34821429
vt 0.46723790 0.34821429
vt 0.46723790 0.34821429
vt 0.46723790 0.34821429
vt 0.46723790 0.34821429
vt 0.46723790 0.34821429
vt 0.46723790 0.34821429
vt 0.46723790 0.34821429
vt 0.46723790 0.34821429
vt 0.46723790 0.34821429
vt 0.46723790 0.34821429
vt 0.46723790 0.34821429
vt 0.46723790 0.34821429
vt 0.46723790 0.34821429
vt 0.46723790 0.34821429
vt 0.46723790 0.34821429
vt 0.46723790 0.34821429
vt 0.46723790 0.34821429
vt 0.46723790 0.34821429
vt 0.46723790 0.34821429
vt 0.46723790 0.34821429
vt 0.46723790 0.34821429
vt 0.46723790 0.34821429
vt 0.46723790 0.34821429
vt 0.46723790 0.34821429
vt 0.46723790 0.34821429
vt 0.46723790 0.34821429
vt 0.46723790 0.34821429
vt 0.46723790 0.34821429
vt 0.46723790 0.34821429
vt 0.46723790 0.34821429
vt 0.46723790 0.34821429
vt 0.46723790 0.34821429
vt 0.46723790 0.34821429
vt 0.46723790 0.34821429
vt 0.46723790 0.34821429
vt 0.46723790 0.34821429
vt 0.46723790 0.34821429
vt 0.46723790 0.34821429
vt 0.46723790 0.34821429
vt 0.46723790 0.34821429
vt 0.46723790 0.34821429
vt 0.46723790 0.34821429
vt 0.46723790 0.34821429
vt 0.46723790 0.34821429
vt 0.46723790 0.34821429
vt 0.46723790 0.34821429
vt 0.46723790 0.34821429
vt 0.46723790 0.34821429
vt 0.46723790 0.34821429
vt 0.46723790 0.34821429
vt 0.46723790 0.34821429
vt 0.46723790 0.34821429
vt 0.46723790 0.34821429
vt 0.46723790 0.34821429
vt 0.46723790 0.34821429
vt 0.46723790 0.34821429
vt 0.46723790 0.34821429
vt 0.46723790 0.34821429
vt 0.46723790 0.34821429
vt 0.46723790 0.34821429
vt 0.46723790 0.34821429
vt 0.46723790 0.34821429
vt 0.46723790 0.34821429
vt 0.46723790 0.34821429
vt 0.46723790 0.34821429
vt 0.46723790 0.34821429
vt 0.46723790 0.34821429
vt 0.46723790 0.34821429
vt 0.46723790 0.34821429
vt 0.46723790 0.34821429
vt 0.46723790 0.34821429
vt 0.46723790 0.34821429
vt 0.46723790 0.34821429
vt 0.46723790 0.34821429
vt 0.46723790 0.34821429
vt 0.46723790 0.34821429
vt 0.46723790 0.34821429
vt 0.46723790 0.34821429
vt 0.46723790 0.34821429
vt 0.46723790 0.34821429
vt 0.46723790 0.34821429
vt 0.46723790 0.34821429
vt 0.46723790 0.34821429
vt 0.46723790 0.34821429
vt 0.46723790 0.34821429
vt 0.46723790 0.34821429
vt 0.46723790 0.34821429
vt 0.46723790 0.34821429
vt 0.46723790 0.34821429
vt 0.46723790 0.34821429
vt 0.46723790 0.34821429
vt 0.46723790 0.34821429
vt 0.46723790 0.34821429
vt 0.46723790 0.34821429
vt 0.46723790 0.34821429
vt 0.46723790 0.34821429
vt 0.46723790 0.34821429
vt 0.46723790 0.34821429
vt 0.46723790 0.34821429
vt 0.46723790 0.34821429
vt 0.46723790 0.34821429
vt 0.46723790 0.34821429
vt 0.46723790 0.34821429
vt 0.46723790 0.34821429
vt 0.46723790 0.34821429
vt 0.46723790 0.34821429
vt 0.46723790 0.34821429
vt 0.46723790 0.34821429
vt 0.46723790 0.34821429
vt 0.46723790 0.34821429
vt 0.46723790 0.34821429
vt 0.46723790 0.34821429
vt 0.46723790 0.34821429
vt 0.46723790 0.34821429
vt 0.46723790 0.34821429
vt 0.46723790 0.34821429
vt 0.46723790 0.34821429
vt 0.46723790 0.34821429
vt 0.46723790 0.34821429
vt 0.46723790 0.34821429
vt 0.46723790 0.34821429
vt 0.46723790 0.34821429
vt 0.46723790 0.34821429
vt 0.46723790 0.34821429
vt 0.46723790 0.34821429
vt 0.46723790 0.34821429
vt 0.46723790 0.34821429
vt 0.46723790 0.34821429
vt 0.46723790 0.34821429
vt 0.46723790 0.34821429
vt 0.46723790 0.34821429
vt 0.46723790 0.34821429
vt 0.46723790 0.34821429
vt 0.46723790 0.34821429
vt 0.46723790 0.34821429
vt 0.46723790 0.34821429
vt 0.46723790 0.34821429
vt 0.46723790 0.34821429
vt 0.46723790 0.34821429
vt 0.46723790 0.34821429
vt 0.46723790 0.34821429
vt 0.46723790 0.34821429
vt 0.46723790 0.34821429
vt 0.46723790 0.34821429
vt 0.46723790 0.34821429
vt 0.46723790 0.34821429
vt 0.46723790 0.34821429
vt 0.46723790 0.34821429
vt 0.46723790 0.34821429
vt 0.46723790 0.34821429
vt 0.46723790 0.34821429
vt 0.46723790 0.34821429
vt 0.46723790 0.34821429
vt 0.46723790 0.34821429
vt 0.46723790 0.34821429
vt 0.46723790 0.34821429
vt 0.46723790 0.34821429
vt 0.46723790 0.34821429
vt 0.46723790 0.34821429
vt 0.46723790 0.34821429
vt 0.46723790 0.34821429
vt 0.46723790 0.34821429
vt 0.46723790 0.34821429
vt 0.46723790 0.34821429
vt 0.46723790 0.34821429
vt 0.46723790 0.34821429
vt 0.46723790 0.34821429
vt 0.46723790 0.34821429
vt 0.46723790 0.34821429
vt 0.46723790 0.34821429
vt 0.46723790 0.34821429
vt 0.46723790 0.34821429
vt 0.46723790 0.34821429
vt 0.46723790 0.34821429
vt 0.46723790 0.34821429
vt 0.46723790 0.34821429
vt 0.46723790 0.34821429
vt 0.46723790 0.34821429
vt 0.46723790 0.34821429
vt 0.46723790 0.34821429
vt 0.46723790 0.34821429
vt 0.46723790 0.34821429
vt 0.46723790 0.34821429
vt 0.46723790 0.34821429
vt 0.46723790 0.34821429
vt 0.46723790 0.34821429
vt 0.46723790 0.34821429
vt 0.46723790 0.34821429
vt 0.46723790 0.34821429
vt 0.46723790 0.34821429
vt 0.46723790 0.34821429
vt 0.46723790 0.34821429
vt 0.46723790 0.34821429
vt 0.46723790 0.34821429
vt 0.46723790 0.34821429
vt 0.46723790 0.34821429
vt 0.46723790 0.34821429
vt 0.46723790 0.34821429
vt 0.46723790 0.34821429
vt 0.46723790 0.34821429
vt 0.46723790 0.34821429
vt 0.46723790 0.34821429
vt 0.46723790 0.34821429
vt 0.46723790 0.34821429
vt 0.46723790 0.34821429
vt 0.46723790 0.34821429
vt 0.46723790 0.34821429
vt 0.46723790 0.34821429
vt 0.46723790 0.34821429
vt 0.46723790 0.34821429
vt 0.46723790 0.34821429
vt 0.46723790 0.34821429
vt 0.46723790 0.34821429
vt 0.46723790 0.34821429
vt 0.46723790 0.34821429
vt 0.46723790 0.34821429
vt 0.46723790 0.34821429
vt 0.46723790 0.34821429
vt 0.46723790 0.34821429
vt 0.46723790 0.34821429
vt 0.46723790 0.34821429
vt 0.46723790 0.34821429
vt 0.46723790 0.34821429
vt 0.46723790 0.34821429
vt 0.46723790 0.34821429
vt 0.46723790 0.34821429
vt 0.46723790 0.34821429
vt 0.46723790 0.34821429
vt 0.46723790 0.34821429
vt 0.46723790 0.34821429
vt 0.46723790 0.34821429
vt 0.46723790 0.34821429
vt 0.46723790 0.34821429
vt 0.46723790 0.34821429
vt 0.46723790 0.34821429
vt 0.46723790 0.34821429
vt 0.46723790 0.34821429
vt 0.46723790 0.34821429
vt 0.46723790 0.34821429
vt 0.46723790 0.34821429
vt 0.46723790 0.34821429
vt 0.46723790 0.34821429
vt 0.46723790 0.34821429
vt 0.46723790 0.34821429
vt 0.46723790 0.34821429
vt 0.46723790 0.34821429
vt 0.46723790 0.34821429
vt 0.46723790 0.34821429
vt 0.46723790 0.34821429
vt 0.46723790 0.34821429
vt 0.46723790 0.34821429
vt 0.46723790 0.34821429
vt 0.46723790 0.34821429
vt 0.46723790 0.34821429
vt 0.46723790 0.34821429
vt 0.46723790 0.34821429
vt 0.46723790 0.34821429
vt 0.46723790 0.34821429
vt 0.46723790 0.34821429
vt 0.46723790 0.34821429
vt 0.46723790 0.34821429
vt 0.46723790 0.34821429
vt 0.46723790 0.34821429
vt 0.46723790 0.34821429
vt 0.46723790 0.34821429
vt 0.46723790 0.34821429
vt 0.46723790 0.34821429
vt 0.46723790 0.34821429
vt 0.46723790 0.34821429
vt 0.46723790 0.34821429
vt 0.46723790 0.34821429
vt 0.46723790 0.34821429
vt 0.46723790 0.34821429
vt 0.46723790 0.34821429
vt 0.46723790 0.34821429
vt 0.46723790 0.34821429
vt 0.46723790 0.34821429
vt 0.46723790 0.34821429
vt 0.46723790 0.34821429
vt 0.46723790 0.34821429
vt 0.46723790 0.34821429
vt 0.46723790 0.34821429
vt 0.46723790 0.34821429
vt 0.46723790 0.34821429
vt 0.46723790 0.34821429
vt 0.46723790 0.34821429
vt 0.46723790 0.34821429
vt 0.46723790 0.34821429
vt 0.46723790 0.34821429
vt 0.46723790 0.34821429
vt 0.46723790 0.34821429
vt 0.46723790 0.34821429
vt 0.46723790 0.34821429
vt 0.46723790 0.34821429
vt 0.46723790 0.34821429
vt 0.46723790 0.34821429
vt 0.46723790 0.34821429
vt 0.46723790 0.34821429
vt 0.46723790 0.34821429
vt 0.46723790 0.34821429
vt 0.46723790 0.34821429
vt 0.46723790 0.34821429
vt 0.46723790 0.34821429
vt 0.46723790 0.34821429
vt 0.46723790 0.34821429
vt 0.46723790 0.34821429
vt 0.46723790 0.34821429
vt 0.46723790 0.34821429
vt 0.46723790 0.34821429
vt 0.46723790 0.34821429
vt 0.46723790 0.34821429
vt 0.46723790 0.34821429
vt 0.46723790 0.34821429
vt 0.46723790 0.34821429
vt 0.46723790 0.34821429
vt 0.46723790 0.34821429
vt 0.46723790 0.34821429
vt 0.46723790 0.34821429
vt 0.46723790 0.34821429
vt 0.46723790 0.34821429
vt 0.46723790 0.34821429
vt 0.46723790 0.34821429
vt 0.46723790 0.34821429
vt 0.46723790 0.34821429
vt 0.46723790 0.34821429
vt 0.46723790 0.34821429
vt 0.46723790 0.34821429
vt 0.46723790 0.34821429
vt 0.46723790 0.34821429
vt 0.46723790 0.34821429
vt 0.46723790 0.34821429
vt 0.46723790 0.34821429
vt 0.46723790 0.34821429
vt 0.46723790 0.34821429
vt 0.46723790 0.34821429
vt 0.46723790 0.34821429
vt 0.46723790 0.34821429
vt 0.46723790 0.34821429
vt 0.46723790 0.34821429
vt 0.46723790 0.34821429
vt 0.46723790 0.34821429
vt 0.46723790 0.34821429
vt 0.46723790 0.34821429
vt 0.46723790 0.34821429
vt 0.46723790 0.34821429
vt 0.46723790 0.34821429
vt 0.46723790 0.34821429
vt 0.46723790 0.34821429
vt 0.46723790 0.34821429
vt 0.46723790 0.34821429
vt 0.46723790 0.34821429
vt 0.46723790 0.34821429
vt 0.46723790 0.34821429
vt 0.46723790 0.34821429
vt 0.46723790 0.34821429
vt 0.46723790 0.34821429
vt 0.46723790 0.34821429
vt 0.46723790 0.34821429
vt 0.46723790 0.34821429
vt 0.46723790 0.34821429
vt 0.46723790 0.34821429
vt 0.46723790 0.34821429
vt 0.46723790 0.34821429
vt 0.46723790 0.34821429
vt 0.46723790 0.34821429
vt 0.46723790 0.34821429
vt 0.46723790 0.34821429
vt 0.46723790 0.34821429
vt 0.46723790 0.34821429
vt 0.46723790 0.34821429
vt 0.46723790 0.34821429
vt 0.46723790 0.34821429
vt 0.46723790 0.34821429
vt 0.46723790 0.34821429
vt 0.46723790 0.34821429
vt 0.46723790 0.34821429
vt 0.46723790 0.34821429
vt 0.46723790 0.34821429
vt 0.46723790 0.34821429
vt 0.46723790 0.34821429
vt 0.46723790 0.34821429
vt 0.46723790 0.34821429
vt 0.46723790 0.34821429
vt 0.46723790 0.34821429
vt 0.46723790 0.34821429
vt 0.46723790 0.34821429
vt 0.46723790 0.34821429
vt 0.46723790 0.34821429
vt 0.46723790 0.34821429
vt 0.46723790 0.34821429
vt 0.46723790 0.34821429
vt 0.46723790 0.34821429
vt 0.46723790 0.34821429
vt 0.46723790 0.34821429
vt 0.46723790 0.34821429
vt 0.46723790 0.34821429
vt 0.46723790 0.34821429
vt 0.46723790 0.34821429
vt 0.46723790 0.34821429
vt 0.46723790 0.34821429
vt 0.46723790 0.34821429
vt 0.46723790 0.34821429
vt 0.46723790 0.34821429
vt 0.46723790 0.34821429
vt 0.46723790 0.34821429
vt 0.46723790 0.34821429
vt 0.46723790 0.34821429
vt 0.46723790 0.34821429
vt 0.46723790 0.34821429
vt 0.46723790 0.34821429
vt 0.46723790 0.34821429
vt 0.46723790 0.34821429
vt 0.46723790 0.34821429
vt 0.46723790 0.34821429
vt 0.46723790 0.34821429
vt 0.46723790 0.34821429
vt 0.46723790 0.34821429
vt 0.46723790 0.34821429
vt 0.46723790 0.34821429
vt 0.46723790 0.34821429
vt 0.46723790 0.34821429
vt 0.46723790 0.34821429
vt 0.46723790 0.34821429
vt 0.46723790 0.34821429
vt 0.46723790 0.34821429
vt 0.46723790 0.34821429
vt 0.46723790 0.34821429
vt 0.46723790 0.34821429
vt 0.46723790 0.34821429
vt 0.46723790 0.34821429
vt 0.46723790 0.34821429
vt 0.46723790 0.34821429
vt 0.46723790 0.34821429
vt 0.46723790 0.34821429
vt 0.46723790 0.34821429
vt 0.46723790 0.34821429
vt 0.46723790 0.34821429
vt 0.46723790 0.34821429
vt 0.46723790 0.34821429
vt 0.46723790 0.34821429
vt 0.46723790 0.34821429
vt 0.46723790 0.34821429
vt 0.46723790 0.34821429
vt 0.46723790 0.34821429
vt 0.46723790 0.34821429
vt 0.46723790 0.34821429
vt 0.46723790 0.34821429
vt 0.46723790 0.34821429
vt 0.46723790 0.34821429
vt 0.46723790 0.34821429
vt 0.46723790 0.34821429
vt 0.46723790 0.34821429
vt 0.46723790 0.34821429
vt 0.46723790 0.34821429
vt 0.46723790 0.34821429
vt 0.46723790 0.34821429
vt 0.46723790 0.34821429
vt 0.46723790 0.34821429
vt 0.46723790 0.34821429
vt 0.46723790 0.34821429
vt 0.46723790 0.34821429
vt 0.46723790 0.34821429
vt 0.46723790 0.34821429
vt 0.46723790 0.34821429
vt 0.46723790 0.34821429
vt 0.46723790 0.34821429
vt 0.46723790 0.34821429
vt 0.46723790 0.34821429
vt 0.46723790 0.34821429
vt 0.46723790 0.34821429
vt 0.46723790 0.34821429
vt 0.46723790 0.34821429
vt 0.46723790 0.34821429
vt 0.46723790 0.34821429
vt 0.46723790 0.34821429
vt 0.46723790 0.34821429
vt 0.46723790 0.34821429
vt 0.46723790 0.34821429
vt 0.46723790 0.34821429
vt 0.46723790 0.34821429
vt 0.46723790 0.34821429
vt 0.46723790 0.34821429
vt 0.46723790 0.34821429
vt 0.46723790 0.34821429
vt 0.46723790 0.34821429
vt 0.46723790 0.34821429
vt 0.46723790 0.34821429
vt 0.46723790 0.34821429
vt 0.46723790 0.34821429
vt 0.46723790 0.34821429
vt 0.46723790 0.34821429
vt 0.46723790 0.34821429
vt 0.46723790 0.34821429
vt 0.46723790 0.34821429
vt 0.46723790 0.34821429
vt 0.46723790 0.34821429
vt 0.46723790 0.34821429
vt 0.46723790 0.34821429
vt 0.46723790 0.34821429
vt 0.46723790 0.34821429
vt 0.46723790 0.34821429
vt 0.46723790 0.34821429
vt 0.46723790 0.34821429
vt 0.46723790 0.34821429
vt 0.46723790 0.34821429
vt 0.46723790 0.34821429
vt 0.46723790 0.34821429
vt 0.46723790 0.34821429
vt 0.46723790 0.34821429
vt 0.46723790 0.34821429
vt 0.46723790 0.34821429
vt 0.46723790 0.34821429
vt 0.46723790 0.34821429
vt 0.46723790 0.34821429
vt 0.46723790 0.34821429
vt 0.46723790 0.34821429
vt 0.46723790 0.34821429
vt 0.46723790 0.34821429
vt 0.46723790 0.34821429
vt 0.46723790 0.34821429
vt 0.46723790 0.34821429
vt 0.46723790 0.34821429
vt 0.46723790 0.34821429
vt 0.46723790 0.34821429
vt 0.46723790 0.34821429
vt 0.46723790 0.34821429
vt 0.46723790 0.34821429
vt 0.46723790 0.34821429
vt 0.46723790 0.34821429
vt 0.46723790 0.34821429
vt 0.46723790 0.34821429
vt 0.46723790 0.34821429
vt 0.46723790 0.34821429
vt 0.46723790 0.34821429
vt 0.46723790 0.34821429
vt 0.46723790 0.34821429
vt 0.46723790 0.34821429
vt 0.46723790 0.34821429
vt 0.46723790 0.34821429
vt 0.46723790 0.34821429
vt 0.46723790 0.34821429
vt 0.46723790 0.34821429
vt 0.46723790 0.34821429
vt 0.46723790 0.34821429
vt 0.46723790 0.34821429
vt 0.46723790 0.34821429
vt 0.46723790 0.34821429
vt 0.46723790 0.34821429
vt 0.46723790 0.34821429
vt 0.46723790 0.34821429
vt 0.46723790 0.34821429
vt 0.46723790 0.34821429
vt 0.46723790 0.34821429
vt 0.46723790 0.34821429
vt 0.46723790 0.34821429
vt 0.46723790 0.34821429
vt 0.46723790 0.34821429
vt 0.46723790 0.34821429
vt 0.46723790 0.34821429
vt 0.46723790 0.34821429
vt 0.46723790 0.34821429
vt 0.46723790 0.34821429
vt 0.46723790 0.34821429
vt 0.46723790 0.34821429
vt 0.46723790 0.34821429
vt 0.46723790 0.34821429
vt 0.46723790 0.34821429
vt 0.46723790 0.34821429
vt 0.46723790 0.34821429
vt 0.46723790 0.34821429
vt 0.46723790 0.34821429
vt 0.46723790 0.34821429
vt 0.46723790 0.34821429
vt 0.46723790 0.34821429
vt 0.46723790 0.34821429
vt 0.46723790 0.34821429
vt 0.46723790 0.34821429
vt 0.46723790 0.34821429
vt 0.46723790 0.34821429
vt 0.46723790 0.34821429
vt 0.46723790 0.34821429
vt 0.46723790 0.34821429
vt 0.46723790 0.34821429
vt 0.46723790 0.34821429
vt 0.46723790 0.34821429
vt 0.46723790 0.34821429
vt 0.46723790 0.34821429
vt 0.46723790 0.34821429
vt 0.46723790 0.34821429
vt 0.46723790 0.34821429
vt 0.46723790 0.34821429
vt 0.46723790 0.34821429
vt 0.46723790 0.34821429
vt 0.46723790 0.34821429
vt 0.46723790 0.34821429
vt 0.46723790 0.34821429
vt 0.46723790 0.34821429
vt 0.46723790 0.34821429
vt 0.46723790 0.34821429
vt 0.46723790 0.34821429
vt 0.46723790 0.34821429
vt 0.46723790 0.34821429
vt 0.46723790 0.34821429
vt 0.46723790 0.34821429
vt 0.46723790 0.34821429
vt 0.46723790 0.34821429
vt 0.46723790 0.34821429
vt 0.46723790 0.34821429
vt 0.46723790 0.34821429
vt 0.46723790 0.34821429
vt 0.46723790 0.34821429
vt 0.46723790 0.34821429
vt 0.46723790 0.34821429
vt 0.46723790 0.34821429
vt 0.46723790 0.34821429
vt 0.46723790 0.34821429
vt 0.46723790 0.34821429
vt 0.46723790 0.34821429
vt 0.46723790 0.34821429
vt 0.46723790 0.34821429
vt 0.46723790 0.34821429
vt 0.46723790 0.34821429
vt 0.46723790 0.34821429
vt 0.46723790 0.34821429
vt 0.46723790 0.34821429
vt 0.46723790 0.34821429
vt 0.46723790 0.34821429
vt 0.46723790 0.34821429
vt 0.46723790 0.34821429
vt 0.46723790 0.34821429
vt 0.46723790 0.34821429
vt 0.46723790 0.34821429
vt 0.46723790 0.34821429
vt 0.46723790 0.34821429
vt 0.46723790 0.34821429
vt 0.46723790 0.34821429
vt 0.46723790 0.34821429
vt 0.46723790 0.34821429
vt 0.46723790 0.34821429
vt 0.46723790 0.34821429
vt 0.46723790 0.34821429
vt 0.46723790 0.34821429
vt 0.46723790 0.34821429
vt 0.46723790 0.34821429
vt 0.46723790 0.34821429
vt 0.46723790 0.34821429
vt 0.46723790 0.34821429
vt 0.46723790 0.34821429
vt 0.46723790 0.34821429
vt 0.46723790 0.34821429
vt 0.46723790 0.34821429
vt 0.46723790 0.34821429
vt 0.46723790 0.34821429
vt 0.46723790 0.34821429
vt 0.46723790 0.34821429
vt 0.46723790 0.34821429
vt 0.46723790 0.34821429
vt 0.46723790 0.34821429
vt 0.46723790 0.34821429
vt 0.46723790 0.34821429
vt 0.46723790 0.34821429
vt 0.46723790 0.34821429
vt 0.46723790 0.34821429
vt 0.46723790 0.34821429
vt 0.46723790 0.34821429
vt 0.46723790 0.34821429
vt 0.46723790 0.34821429
vt 0.46723790 0.34821429
vt 0.46723790 0.34821429
vt 0.46723790 0.34821429
vt 0.46723790 0.34821429
vt 0.46723790 0.34821429
vt 0.46723790 0.34821429
vt 0.46723790 0.34821429
vt 0.46723790 0.34821429
vt 0.46723790 0.34821429
vt 0.46723790 0.34821429
vt 0.46723790 0.34821429
vt 0.46723790 0.34821429
vt 0.46723790 0.34821429
vt 0.46723790 0.34821429
vt 0.46723790 0.34821429
vt 0.46723790 0.34821429
vt 0.46723790 0.34821429
vt 0.46723790 0.34821429
vt 0.46723790 0.34821429
vt 0.46723790 0.34821429
vt 0.46723790 0.34821429
vt 0.46723790 0.34821429
vt 0.46723790 0.34821429
vt 0.46723790 0.34821429
vt 0.46723790 0.34821429
vt 0.46723790 0.34821429
vt 0.46723790 0.34821429
vt 0.46723790 0.34821429
vt 0.46723790 0.34821429
vt 0.46723790 0.34821429
vt 0.46723790 0.34821429
vt 0.46723790 0.34821429
vt 0.46723790 0.34821429
vt 0.46723790 0.34821429
vt 0.46723790 0.34821429
vt 0.46723790 0.34821429
vt 0.46723790 0.34821429
vt 0.46723790 0.34821429
vt 0.46723790 0.34821429
vt 0.46723790 0.34821429
vt 0.46723790 0.34821429
vt 0.46723790 0.34821429
vt 0.46723790 0.34821429
vt 0.46723790 0.34821429
vt 0.46723790 0.34821429
vt 0.46723790 0.34821429
vt 0.46723790 0.34821429
vt 0.46723790 0.34821429
vt 0.46723790 0.34821429
vt 0.46723790 0.34821429
vt 0.46723790 0.34821429
vt 0.46723790 0.34821429
vt 0.46723790 0.34821429
vt 0.46723790 0.34821429
vt 0.46723790 0.34821429
vt 0.46723790 0.34821429
vt 0.46723790 0.34821429
vt 0.46723790 0.34821429
vt 0.46723790 0.34821429
vt 0.46723790 0.34821429
vt 0.46723790 0.34821429
vt 0.46723790 0.34821429
vt 0.46723790 0.34821429
vt 0.46723790 0.34821429
vt 0.46723790 0.34821429
vt 0.46723790 0.34821429
vt 0.46723790 0.34821429
vt 0.46723790 0.34821429
vt 0.46723790 0.34821429
vt 0.46723790 0.34821429
vt 0.46723790 0.34821429
vt 0.46723790 0.34821429
vt 0.46723790 0.34821429
vt 0.46723790 0.34821429
vt 0.46723790 0.34821429
vt 0.46723790 0.34821429
vt 0.46723790 0.34821429
vt 0.46723790 0.34821429
vt 0.46723790 0.34821429
vt 0.46723790 0.34821429
vt 0.46723790 0.34821429
vt 0.46723790 0.34821429
vt 0.46723790 0.34821429
vt 0.46723790 0.34821429
vt 0.46723790 0.34821429
vt 0.46723790 0.34821429
vt 0.46723790 0.34821429
vt 0.46723790 0.34821429
vt 0.46723790 0.34821429
vt 0.46723790 0.34821429
vt 0.46723790 0.34821429
vt 0.46723790 0.34821429
vt 0.46723790 0.34821429
vt 0.46723790 0.34821429
vt 0.46723790 0.34821429
vt 0.46723790 0.34821429
vt 0.46723790 0.34821429
vt 0.46723790 0.34821429
vt 0.46723790 0.34821429
vt 0.46723790 0.34821429
vt 0.46723790 0.34821429
vt 0.46723790 0.34821429
vt 0.46723790 0.34821429
vt 0.46723790 0.34821429
vt 0.46723790 0.34821429
vt 0.46723790 0.34821429
vt 0.46723790 0.34821429
vt 0.46723790 0.34821429
vt 0.46723790 0.34821429
vt 0.46723790 0.34821429
vt 0.46723790 0.34821429
vt 0.46723790 0.34821429
vt 0.46723790 0.34821429
vt 0.46723790 0.34821429
vt 0.46723790 0.34821429
vt 0.46723790 0.34821429
vt 0.46723790 0.34821429
vt 0.46723790 0.34821429
vt 0.46723790 0.34821429
vt 0.46723790 0.34821429
vt 0.46723790 0.34821429
vt 0.46723790 0.34821429
vt 0.46723790 0.34821429
vt 0.46723790 0.34821429
vt 0.46723790 0.34821429
vt 0.46723790 0.34821429
vt 0.46723790 0.34821429
vt 0.46723790 0.34821429
vt 0.46723790 0.34821429
vt 0.46723790 0.34821429
vt 0.46723790 0.34821429
vt 0.46723790 0.34821429
vt 0.46723790 0.34821429
vt 0.46723790 0.34821429
vt 0.46723790 0.34821429
vt 0.46723790 0.34821429
vt 0.46723790 0.34821429
vt 0.46723790 0.34821429
vt 0.46723790 0.34821429
vt 0.46723790 0.34821429
vt 0.46723790 0.34821429
vt 0.46723790 0.34821429
vt 0.46723790 0.34821429
vt 0.46723790 0.34821429
vt 0.46723790 0.34821429
vt 0.46723790 0.34821429
vt 0.46723790 0.34821429
vt 0.46723790 0.34821429
vt 0.46723790 0.34821429
vt 0.46723790 0.34821429
vt 0.46723790 0.34821429
vt 0.46723790 0.34821429
vt 0.46723790 0.34821429
vt 0.46723790 0.34821429
vt 0.46723790 0.34821429
vt 0.46723790 0.34821429
vt 0.46723790 0.34821429
vt 0.46723790 0.34821429
vt 0.46723790 0.34821429
vt 0.46723790 0.34821429
vt 0.46723790 0.34821429
vt 0.46723790 0.34821429
vt 0.46723790 0.34821429
vt 0.46723790 0.34821429
vt 0.46723790 0.34821429
vt 0.46723790 0.34821429
vt 0.46723790 0.34821429
vt 0.46723790 0.34821429
vt 0.46723790 0.34821429
vt 0.46723790 0.34821429
vt 0.46723790 0.34821429
vt 0.46723790 0.34821429
vt 0.46723790 0.34821429
vt 0.46723790 0.34821429
vt 0.46723790 0.34821429
vt 0.46723790 0.34821429
vt 0.46723790 0.34821429
vt 0.46723790 0.34821429
vt 0.46723790 0.34821429
vt 0.46723790 0.34821429
vt 0.46723790 0.34821429
vt 0.46723790 0.34821429
vt 0.46723790 0.34821429
vt 0.46723790 0.34821429
vt 0.46723790 0.34821429
vt 0.46723790 0.34821429
vt 0.46723790 0.34821429
vt 0.46723790 0.34821429
vt 0.46723790 0.34821429
vt 0.46723790 0.34821429
vt 0.46723790 0.34821429
vt 0.46723790 0.34821429
vt 0.46723790 0.34821429
vt 0.46723790 0.34821429
vt 0.46723790 0.34821429
vt 0.46723790 0.34821429
vt 0.46723790 0.34821429
vt 0.46723790 0.34821429
vt 0.46723790 0.34821429
vt 0.46723790 0.34821429
vt 0.46723790 0.34821429
vt 0.46723790 0.34821429
vt 0.46723790 0.34821429
vt 0.46723790 0.34821429
vt 0.46723790 0.34821429
vt 0.46723790 0.34821429
vt 0.46723790 0.34821429
vt 0.46723790 0.34821429
vt 0.46723790 0.34821429
vt 0.46723790 0.34821429
vt 0.46723790 0.34821429
vt 0.46723790 0.34821429
vt 0.46723790 0.34821429
vt 0.46723790 0.34821429
vt 0.46723790 0.34821429
vt 0.46723790 0.34821429
vt 0.46723790 0.34821429
vt 0.46723790 0.34821429
vt 0.46723790 0.34821429
vt 0.46723790 0.34821429
vt 0.46723790 0.34821429
vt 0.46723790 0.34821429
vt 0.46723790 0.34821429
vt 0.46723790 0.34821429
vt 0.46723790 0.34821429
vt 0.46723790 0.34821429
vt 0.46723790 0.34821429
vt 0.46723790 0.34821429
vt 0.46723790 0.34821429
vt 0.46723790 0.34821429
vt 0.46723790 0.34821429
vt 0.46723790 0.34821429
vt 0.46723790 0.34821429
vt 0.46723790 0.34821429
vt 0.46723790 0.34821429
vt 0.46723790 0.34821429
vt 0.46723790 0.34821429
vt 0.46723790 0.34821429
vt 0.46723790 0.34821429
vt 0.46723790 0.34821429
vt 0.46723790 0.34821429
vt 0.46723790 0.34821429
vt 0.46723790 0.34821429
vt 0.46723790 0.34821429
vt 0.46723790 0.34821429
vt 0.46723790 0.34821429
vt 0.46723790 0.34821429
vt 0.46723790 0.34821429
vt 0.46723790 0.34821429
vt 0.46723790 0.34821429
vt 0.46723790 0.34821429
vt 0.46723790 0.34821429
vt 0.46723790 0.34821429
vt 0.46723790 0.34821429
vt 0.46723790 0.34821429
vt 0.46723790 0.34821429
vt 0.46723790 0.34821429
vt 0.46723790 0.34821429
vt 0.46723790 0.34821429
vt 0.46723790 0.34821429
vt 0.46723790 0.34821429
vt 0.46723790 0.34821429
vt 0.46723790 0.34821429
vt 0.46723790 0.34821429
vt 0.46723790 0.34821429
vt 0.46723790 0.34821429
vt 0.46723790 0.34821429
vt 0.46723790 0.34821429
vt 0.46723790 0.34821429
vt 0.46723790 0.34821429
vt 0.46723790 0.34821429
vt 0.46723790 0.34821429
vt 0.46723790 0.34821429
vt 0.46723790 0.34821429
vt 0.46723790 0.34821429
vt 0.46723790 0.34821429
vt 0.46723790 0.34821429
vt 0.46723790 0.34821429
vt 0.46723790 0.34821429
vt 0.46723790 0.34821429
vt 0.46723790 0.34821429
vt 0.46723790 0.34821429
vt 0.46723790 0.34821429
vt 0.46723790 0.34821429
vt 0.46723790 0.34821429
vt 0.46723790 0.34821429
vt 0.46723790 0.34821429
vt 0.46723790 0.34821429
vt 0.46723790 0.34821429
vt 0.46723790 0.34821429
vt 0.46723790 0.34821429
vt 0.46723790 0.34821429
vt 0.46723790 0.34821429
vt 0.46723790 0.34821429
vt 0.46723790 0.34821429
vt 0.46723790 0.34821429
vt 0.46723790 0.34821429
vt 0.46723790 0.34821429
vt 0.46723790 0.34821429
vt 0.46723790 0.34821429
vt 0.46723790 0.34821429
vt 0.46723790 0.34821429
vt 0.46723790 0.34821429
vt 0.46723790 0.34821429
vt 0.46723790 0.34821429
vt 0.46723790 0.34821429
vt 0.46723790 0.34821429
vt 0.46723790 0.34821429
vt 0.46723790 0.34821429
vt 0.46723790 0.34821429
vt 0.46723790 0.34821429
vt 0.46723790 0.34821429
vt 0.46723790 0.34821429
vt 0.46723790 0.34821429
vt 0.46723790 0.34821429
vt 0.46723790 0.34821429
vt 0.46723790 0.34821429
vt 0.46723790 0.34821429
vt 0.46723790 0.34821429
vt 0.46723790 0.34821429
vt 0.46723790 0.34821429
vt 0.46723790 0.34821429
vt 0.46723790 0.34821429
vt 0.46723790 0.34821429
vt 0.46723790 0.34821429
vt 0.46723790 0.34821429
vt 0.46723790 0.34821429
vt 0.46723790 0.34821429
vt 0.46723790 0.34821429
vt 0.46723790 0.34821429
vt 0.46723790 0.34821429
vt 0.46723790 0.34821429
vt 0.46723790 0.34821429
vt 0.46723790 0.34821429
vt 0.46723790 0.34821429
vt 0.46723790 0.34821429
vt 0.46723790 0.34821429
vt 0.46723790 0.34821429
vt 0.46723790 0.34821429
vt 0.46723790 0.34821429
vt 0.46723790 0.34821429
vt 0.46723790 0.34821429
vt 0.46723790 0.34821429
vt 0.46723790 0.34821429
vt 0.46723790 0.34821429
vt 0.46723790 0.34821429
vt 0.46723790 0.34821429
vt 0.46723790 0.34821429
vt 0.46723790 0.34821429
vt 0.46723790 0.34821429
vt 0.46723790 0.34821429
vt 0.46723790 0.34821429
vt 0.46723790 0.34821429
vt 0.46723790 0.34821429
vt 0.46723790 0.34821429
vt 0.46723790 0.34821429
vt 0.46723790 0.34821429
vt 0.46723790 0.34821429
vt 0.46723790 0.34821429
vt 0.46723790 0.34821429
vt 0.46723790 0.34821429
vt 0.46723790 0.34821429
vt 0.46723790 0.34821429
vt 0.46723790 0.34821429
vt 0.46723790 0.34821429
vt 0.46723790 0.34821429
vt 0.46723790 0.34821429
vt 0.46723790 0.34821429
vt 0.46723790 0.34821429
vt 0.46723790 0.34821429
vt 0.46723790 0.34821429
vt 0.46723790 0.34821429
vt 0.46723790 0.34821429
vt 0.46723790 0.34821429
vt 0.46723790 0.34821429
vt 0.46723790 0.34821429
vt 0.46723790 0.34821429
vt 0.46723790 0.34821429
vt 0.46723790 0.34821429
vt 0.46723790 0.34821429
vt 0.46723790 0.34821429
vt 0.46723790 0.34821429
vt 0.46723790 0.34821429
vt 0.46723790 0.34821429
vt 0.46723790 0.34821429
vt 0.46723790 0.34821429
vt 0.46723790 0.34821429
vt 0.46723790 0.34821429
vt 0.46723790 0.34821429
vt 0.46723790 0.34821429
vt 0.46723790 0.34821429
vt 0.46723790 0.34821429
vt 0.46723790 0.34821429
vt 0.46723790 0.34821429
vt 0.46723790 0.34821429
vt 0.46723790 0.34821429
vt 0.46723790 0.34821429
vt 0.46723790 0.34821429
vt 0.46723790 0.34821429
vt 0.46723790 0.34821429
vt 0.46723790 0.34821429
vt 0.46723790 0.34821429
vt 0.46723790 0.34821429
vt 0.46723790 0.34821429
vt 0.46723790 0.34821429
vt 0.46723790 0.34821429
vt 0.46723790 0.34821429
vt 0.46723790 0.34821429
vt 0.46723790 0.34821429
vt 0.46723790 0.34821429
vt 0.46723790 0.34821429
vt 0.46723790 0.34821429
vt 0.46723790 0.34821429
vt 0.46723790 0.34821429
vt 0.46723790 0.34821429
vt 0.46723790 0.34821429
vt 0.46723790 0.34821429
vt 0.46723790 0.34821429
vt 0.46723790 0.34821429
vt 0.46723790 0.34821429
vt 0.46723790 0.34821429
vt 0.46723790 0.34821429
vt 0.46723790 0.34821429
vt 0.46723790 0.34821429
vt 0.46723790 0.34821429
vt 0.46723790 0.34821429
vt 0.46723790 0.34821429
vt 0.46723790 0.34821429
vt 0.46723790 0.34821429
vt 0.46723790 0.34821429
vt 0.46723790 0.34821429
vt 0.46723790 0.34821429
vt 0.46723790 0.34821429
vt 0.46723790 0.34821429
vt 0.46723790 0.34821429
vt 0.46723790 0.34821429
vt 0.46723790 0.34821429
vt 0.46723790 0.34821429
vt 0.46723790 0.34821429
vt 0.46723790 0.34821429
vt 0.46723790 0.34821429
vt 0.46723790 0.34821429
vt 0.46723790 0.34821429
vt 0.46723790 0.34821429
vt 0.46723790 0.34821429
vt 0.46723790 0.34821429
vt 0.46723790 0.34821429
vt 0.46723790 0.34821429
vt 0.46723790 0.34821429
vt 0.46723790 0.34821429
vt 0.46723790 0.34821429
vt 0.46723790 0.34821429
vt 0.46723790 0.34821429
vt 0.46723790 0.34821429
vt 0.46723790 0.34821429
vt 0.46723790 0.34821429
vt 0.46723790 0.34821429
vt 0.46723790 0.34821429
vt 0.46723790 0.34821429
vt 0.46723790 0.34821429
vt 0.46723790 0.34821429
vt 0.46723790 0.34821429
vt 0.46723790 0.34821429
vt 0.46723790 0.34821429
vt 0.46723790 0.34821429
vt 0.46723790 0.34821429
vt 0.46723790 0.34821429
vt 0.46723790 0.34821429
vt 0.46723790 0.34821429
vt 0.46723790 0.34821429
vt 0.46723790 0.34821429
vt 0.46723790 0.34821429
vt 0.46723790 0.34821429
vt 0.46723790 0.34821429
vt 0.46723790 0.34821429
vt 0.46723790 0.34821429
vt 0.46723790 0.34821429
vt 0.46723790 0.34821429
vt 0.46723790 0.34821429
vt 0.46723790 0.34821429
vt 0.46723790 0.34821429
vt 0.46723790 0.34821429
vt 0.46723790 0.34821429
vt 0.46723790 0.34821429
vt 0.46723790 0.34821429
vt 0.46723790 0.34821429
vt 0.46723790 0.34821429
vt 0.46723790 0.34821429
vt 0.46723790 0.34821429
vt 0.46723790 0.34821429
vt 0.46723790 0.34821429
vt 0.46723790 0.34821429
vt 0.46723790 0.34821429
vt 0.46723790 0.34821429
vt 0.46723790 0.34821429
vt 0.46723790 0.34821429
vt 0.46723790 0.34821429
vt 0.46723790 0.34821429
vt 0.46723790 0.34821429
vt 0.46723790 0.34821429
vt 0.46723790 0.34821429
vt 0.46723790 0.34821429
vt 0.46723790 0.34821429
vt 0.46723790 0.34821429
vt 0.46723790 0.34821429
vt 0.46723790 0.34821429
vt 0.46723790 0.34821429
vt 0.46723790 0.34821429
vt 0.46723790 0.34821429
vt 0.46723790 0.34821429
vt 0.46723790 0.34821429
vt 0.46723790 0.34821429
vt 0.46723790 0.34821429
vt 0.46723790 0.34821429
vt 0.46723790 0.34821429
vt 0.46723790 0.34821429
vt 0.46723790 0.34821429
vt 0.46723790 0.34821429
vt 0.46723790 0.34821429
vt 0.46723790 0.34821429
vt 0.46723790 0.34821429
vt 0.46723790 0.34821429
vt 0.46723790 0.34821429
vt 0.46723790 0.34821429
vt 0.46723790 0.34821429
vt 0.46723790 0.34821429
vt 0.46723790 0.34821429
vt 0.46723790 0.34821429
vt 0.46723790 0.34821429
vt 0.46723790 0.34821429
vt 0.46723790 0.34821429
vt 0.46723790 0.34821429
vt 0.46723790 0.34821429
vt 0.46723790 0.34821429
vt 0.46723790 0.34821429
vt 0.46723790 0.34821429
vt 0.46723790 0.34821429
vt 0.46723790 0.34821429
vt 0.46723790 0.34821429
vt 0.46723790 0.34821429
vt 0.46723790 0.34821429
vt 0.46723790 0.34821429
vt 0.46723790 0.34821429
vt 0.46723790 0.34821429
vt 0.46723790 0.34821429
vt 0.46723790 0.34821429
vt 0.46723790 0.34821429
vt 0.46723790 0.34821429
vt 0.46723790 0.34821429
vt 0.46723790 0.34821429
vt 0.46723790 0.34821429
vt 0.46723790 0.34821429
vt 0.46723790 0.34821429
vt 0.46723790 0.34821429
vt 0.46723790 0.34821429
vt 0.46723790 0.34821429
vt 0.46723790 0.34821429
vt 0.46723790 0.34821429
vt 0.46723790 0.34821429
vt 0.46723790 0.34821429
vt 0.46723790 0.34821429
vt 0.46723790 0.34821429
vt 0.46723790 0.34821429
vt 0.46723790 0.34821429
vt 0.46723790 0.34821429
vt 0.46723790 0.34821429
vt 0.46723790 0.34821429
vt 0.46723790 0.34821429
vt 0.46723790 0.34821429
vt 0.46723790 0.34821429
vt 0.46723790 0.34821429
vt 0.46723790 0.34821429
vt 0.46723790 0.34821429
vt 0.46723790 0.34821429
vt 0.46723790 0.34821429
vt 0.46723790 0.34821429
vt 0.46723790 0.34821429
vt 0.46723790 0.34821429
vt 0.46723790 0.34821429
vt 0.46723790 0.34821429
vt 0.46723790 0.34821429
vt 0.46723790 0.34821429
vt 0.46723790 0.34821429
vt 0.46723790 0.34821429
vt 0.46723790 0.34821429
vt 0.46723790 0.34821429
vt 0.46723790 0.34821429
vt 0.46723790 0.34821429
vt 0.46723790 0.34821429
vt 0.46723790 0.34821429
vt 0.46723790 0.34821429
vt 0.46723790 0.34821429
vt 0.46723790 0.34821429
vt 0.46723790 0.34821429
vt 0.46723790 0.34821429
vt 0.46723790 0.34821429
vt 0.46723790 0.34821429
vt 0.46723790 0.34821429
vt 0.46723790 0.34821429
vt 0.46723790 0.34821429
vt 0.46723790 0.34821429
vt 0.46723790 0.34821429
vt 0.46723790 0.34821429
vt 0.46723790 0.34821429
vt 0.46723790 0.34821429
vt 0.46723790 0.34821429
vt 0.46723790 0.34821429
vt 0.46723790 0.34821429
vt 0.46723790 0.34821429
vt 0.46723790 0.34821429
vt 0.46723790 0.34821429
vt 0.46723790 0.34821429
vt 0.46723790 0.34821429
vt 0.46723790 0.34821429
vt 0.46723790 0.34821429
vt 0.46723790 0.34821429
vt 0.46723790 0.34821429
vt 0.46723790 0.34821429
vt 0.46723790 0.34821429
vt 0.46723790 0.34821429
vt 0.46723790 0.34821429
vt 0.46723790 0.34821429
vt 0.46723790 0.34821429
vt 0.46723790 0.34821429
vt 0.46723790 0.34821429
vt 0.46723790 0.34821429
vt 0.46723790 0.34821429
vt 0.46723790 0.34821429
vt 0.46723790 0.34821429
vt 0.46723790 0.34821429
vt 0.46723790 0.34821429
vt 0.46723790 0.34821429
vt 0.46723790 0.34821429
vt 0.46723790 0.34821429
vt 0.46723790 0.34821429
vt 0.46723790 0.34821429
vt 0.46723790 0.34821429
vt 0.46723790 0.34821429
vt 0.46723790 0.34821429
vt 0.46723790 0.34821429
vt 0.46723790 0.34821429
vt 0.46723790 0.34821429
vt 0.46723790 0.34821429
vt 0.46723790 0.34821429
vt 0.46723790 0.34821429
vt 0.46723790 0.34821429
vt 0.46723790 0.34821429
vt 0.46723790 0.34821429
vt 0.46723790 0.34821429
vt 0.46723790 0.34821429
vt 0.46723790 0.34821429
vt 0.46723790 0.34821429
vt 0.46723790 0.34821429
vt 0.46723790 0.34821429
vt 0.46723790 0.34821429
vt 0.46723790 0.34821429
vt 0.46723790 0.34821429
vt 0.46723790 0.34821429
vt 0.46723790 0.34821429
vt 0.46723790 0.34821429
vt 0.46723790 0.34821429
vt 0.46723790 0.34821429
vt 0.46723790 0.34821429
vt 0.46723790 0.34821429
vt 0.46723790 0.34821429
vt 0.46723790 0.34821429
vt 0.46723790 0.34821429
vt 0.46723790 0.34821429
vt 0.46723790 0.34821429
vt 0.46723790 0.34821429
vt 0.46723790 0.34821429
vt 0.46723790 0.34821429
vt 0.46723790 0.34821429
vt 0.46723790 0.34821429
vt 0.46723790 0.34821429
vt 0.46723790 0.34821429
vt 0.46723790 0.34821429
vt 0.46723790 0.34821429
vt 0.46723790 0.34821429
vt 0.46723790 0.34821429
vt 0.46723790 0.34821429
vt 0.46723790 0.34821429
vt 0.46723790 0.34821429
vt 0.46723790 0.34821429
vt 0.27368952 0.34821429
vt 0.27368952 0.34821429
vt 0.27368952 0.34821429
vt 0.27368952 0.34821429
vt 0.27368952 0.34821429
vt 0.27368952 0.34821429
vt 0.27368952 0.34821429
vt 0.27368952 0.34821429
vt 0.27368952 0.34821429
vt 0.27368952 0.34821429
vt 0.27368952 0.34821429
vt 0.27368952 0.34821429
vt 0.27368952 0.34821429
vt 0.27368952 0.34821429
vt 0.27368952 0.34821429
vt 0.27368952 0.34821429
vt 0.27368952 0.34821429
vt 0.27368952 0.34821429
vt 0.27368952 0.34821429
vt 0.27368952 0.34821429
vt 0.27368952 0.34821429
vt 0.27368952 0.34821429
vt 0.27368952 0.34821429
vt 0.27368952 0.34821429
vt 0.27368952 0.34821429
vt 0.27368952 0.34821429
vt 0.27368952 0.34821429
vt 0.27368952 0.34821429
vt 0.27368952 0.34821429
vt 0.27368952 0.34821429
vt 0.27368952 0.34821429
vt 0.27368952 0.34821429
vt 0.27368952 0.34821429
vt 0.27368952 0.34821429
vt 0.27368952 0.34821429
vt 0.27368952 0.34821429
vt 0.27368952 0.34821429
vt 0.27368952 0.34821429
vt 0.27368952 0.34821429
vt 0.27368952 0.34821429
vt 0.27368952 0.34821429
vt 0.27368952 0.34821429
vt 0.46723790 0.34821429
vt 0.46723790 0.34821429
vt 0.46723790 0.34821429
vt 0.46723790 0.34821429
vt 0.46723790 0.34821429
vt 0.46723790 0.34821429
vt 0.46723790 0.34821429
vt 0.46723790 0.34821429
vt 0.46723790 0.34821429
vt 0.46723790 0.34821429
vt 0.46723790 0.34821429
vt 0.46723790 0.34821429
vt 0.46723790 0.34821429
vt 0.46723790 0.34821429
vt 0.46723790 0.34821429
vt 0.46723790 0.34821429
vt 0.46723790 0.34821429
vt 0.46723790 0.34821429
vt 0.46723790 0.34821429
vt 0.46723790 0.34821429
vt 0.46723790 0.34821429
vt 0.46723790 0.34821429
vt 0.46723790 0.34821429
vt 0.46723790 0.34821429
vt 0.46723790 0.34821429
vt 0.46723790 0.34821429
vt 0.46723790 0.34821429
vt 0.46723790 0.34821429
vt 0.46723790 0.34821429
vt 0.46723790 0.34821429
vt 0.46723790 0.34821429
vt 0.46723790 0.34821429
vt 0.46723790 0.34821429
vt 0.46723790 0.34821429
vt 0.46723790 0.34821429
vt 0.46723790 0.34821429
vt 0.46723790 0.34821429
vt 0.46723790 0.34821429
vt 0.46723790 0.34821429
vt 0.46723790 0.34821429
vt 0.46723790 0.34821429
vt 0.46723790 0.34821429
vt 0.46723790 0.34821429
vt 0.46723790 0.34821429
vt 0.46723790 0.34821429
vt 0.46723790 0.34821429
vt 0.46723790 0.34821429
vt 0.46723790 0.34821429
vt 0.46723790 0.34821429
vt 0.46723790 0.34821429
vt 0.46723790 0.34821429
vt 0.46723790 0.34821429
vt 0.46723790 0.34821429
vt 0.46723790 0.34821429
vt 0.46723790 0.34821429
vt 0.46723790 0.34821429
vt 0.46723790 0.34821429
vt 0.46723790 0.34821429
vt 0.46723790 0.34821429
vt 0.46723790 0.34821429
vt 0.46723790 0.34821429
vt 0.46723790 0.34821429
vt 0.46723790 0.34821429
vt 0.46723790 0.34821429
vt 0.46723790 0.34821429
vt 0.46723790 0.34821429
vt 0.46723790 0.34821429
vt 0.46723790 0.34821429
vt 0.46723790 0.34821429
vt 0.46723790 0.34821429
vt 0.46723790 0.34821429
vt 0.46723790 0.34821429
vt 0.46723790 0.34821429
vt 0.46723790 0.34821429
vt 0.46723790 0.34821429
vt 0.46723790 0.34821429
vt 0.46723790 0.34821429
vt 0.46723790 0.34821429
vt 0.46723790 0.34821429
vt 0.46723790 0.34821429
vt 0.46723790 0.34821429
vt 0.46723790 0.34821429
vt 0.46723790 0.34821429
vt 0.46723790 0.34821429
vt 0.46723790 0.34821429
vt 0.46723790 0.34821429
vt 0.46723790 0.34821429
vt 0.46723790 0.34821429
vt 0.46723790 0.34821429
vt 0.46723790 0.34821429
vt 0.46723790 0.34821429
vt 0.46723790 0.34821429
vt 0.46723790 0.34821429
vt 0.46723790 0.34821429
vt 0.46723790 0.34821429
vt 0.46723790 0.34821429
vt 0.46723790 0.34821429
vt 0.46723790 0.34821429
vt 0.46723790 0.34821429
vt 0.46723790 0.34821429
vt 0.46723790 0.34821429
vt 0.46723790 0.34821429
vt 0.46723790 0.34821429
vt 0.46723790 0.34821429
vt 0.46723790 0.34821429
vt 0.46723790 0.34821429
vt 0.46723790 0.34821429
vt 0.46723790 0.34821429
vt 0.46723790 0.34821429
vt 0.46723790 0.34821429
vt 0.46723790 0.34821429
vt 0.46723790 0.34821429
vt 0.46723790 0.34821429
vt 0.46723790 0.34821429
vt 0.46723790 0.34821429
vt 0.46723790 0.34821429
vt 0.46723790 0.34821429
vt 0.46723790 0.34821429
vt 0.46723790 0.34821429
vt 0.46723790 0.34821429
vt 0.46723790 0.34821429
vt 0.46723790 0.34821429
vt 0.46723790 0.34821429
vt 0.46723790 0.34821429
vt 0.46723790 0.34821429
vt 0.46723790 0.34821429
vt 0.46723790 0.34821429
vt 0.46723790 0.34821429
vt 0.46723790 0.34821429
vt 0.46723790 0.34821429
vt 0.46723790 0.34821429
vt 0.46723790 0.34821429
vt 0.46723790 0.34821429
vt 0.46723790 0.34821429
vt 0.46723790 0.34821429
vt 0.46723790 0.34821429
vt 0.46723790 0.34821429
vt 0.46723790 0.34821429
vt 0.46723790 0.34821429
vt 0.46723790 0.34821429
vt 0.46723790 0.34821429
vt 0.46723790 0.34821429
vt 0.46723790 0.34821429
vt 0.46723790 0.34821429
vt 0.46723790 0.34821429
vt 0.46723790 0.34821429
vt 0.46723790 0.34821429
vt 0.46723790 0.34821429
vt 0.46723790 0.34821429
vt 0.46723790 0.34821429
vt 0.46723790 0.34821429
vt 0.46723790 0.34821429
vt 0.46723790 0.34821429
vt 0.46723790 0.34821429
vt 0.46723790 0.34821429
vt 0.46723790 0.34821429
vt 0.46723790 0.34821429
vt 0.46723790 0.34821429
vt 0.46723790 0.34821429
vt 0.46723790 0.34821429
vt 0.46723790 0.34821429
vt 0.46723790 0.34821429
vt 0.46723790 0.34821429
vt 0.46723790 0.34821429
vt 0.46723790 0.34821429
vt 0.46723790 0.34821429
vt 0.46723790 0.34821429
vt 0.46723790 0.34821429
vt 0.46723790 0.34821429
vt 0.46723790 0.34821429
vt 0.46723790 0.34821429
vt 0.46723790 0.34821429
vt 0.46723790 0.34821429
vt 0.46723790 0.34821429
vt 0.46723790 0.34821429
vt 0.46723790 0.34821429
vt 0.46723790 0.34821429
vt 0.46723790 0.34821429
vt 0.46723790 0.34821429
vt 0.46723790 0.34821429
vt 0.46723790 0.34821429
vt 0.46723790 0.34821429
vt 0.46723790 0.34821429
vt 0.46723790 0.34821429
vt 0.46723790 0.34821429
vt 0.46723790 0.34821429
vt 0.46723790 0.34821429
vt 0.46723790 0.34821429
vt 0.46723790 0.34821429
vt 0.46723790 0.34821429
vt 0.46723790 0.34821429
vt 0.46723790 0.34821429
vt 0.46723790 0.34821429
vt 0.46723790 0.34821429
vt 0.46723790 0.34821429
vt 0.46723790 0.34821429
vt 0.46723790 0.34821429
vt 0.46723790 0.34821429
vt 0.46723790 0.34821429
vt 0.46723790 0.34821429
vt 0.46723790 0.34821429
vt 0.46723790 0.34821429
vt 0.46723790 0.34821429
vt 0.46723790 0.34821429
vt 0.46723790 0.34821429
vt 0.46723790 0.34821429
vt 0.46723790 0.34821429
vt 0.46723790 0.34821429
vt 0.46723790 0.34821429
vt 0.46723790 0.34821429
vt 0.46723790 0.34821429
vt 0.46723790 0.34821429
vt 0.46723790 0.34821429
vt 0.46723790 0.34821429
vt 0.46723790 0.34821429
vt 0.46723790 0.34821429
vt 0.46723790 0.34821429
vt 0.46723790 0.34821429
vt 0.46723790 0.34821429
vt 0.46723790 0.34821429
vt 0.46723790 0.34821429
vt 0.46723790 0.34821429
vt 0.46723790 0.34821429
vt 0.46723790 0.34821429
vt 0.46723790 0.34821429
vt 0.46723790 0.34821429
vt 0.46723790 0.34821429
vt 0.46723790 0.34821429
vt 0.46723790 0.34821429
vt 0.46723790 0.34821429
vt 0.46723790 0.34821429
vt 0.46723790 0.34821429
vt 0.46723790 0.34821429
vt 0.46723790 0.34821429
vt 0.46723790 0.34821429
vt 0.46723790 0.34821429
vt 0.46723790 0.34821429
vt 0.46723790 0.34821429
vt 0.46723790 0.34821429
vt 0.46723790 0.34821429
vt 0.46723790 0.34821429
vt 0.46723790 0.34821429
vt 0.46723790 0.34821429
vt 0.46723790 0.34821429
vt 0.46723790 0.34821429
vt 0.46723790 0.34821429
vt 0.46723790 0.34821429
vt 0.46723790 0.34821429
vt 0.46723790 0.34821429
vt 0.46723790 0.34821429
vt 0.46723790 0.34821429
vt 0.46723790 0.34821429
vt 0.46723790 0.34821429
vt 0.46723790 0.34821429
vt 0.46723790 0.34821429
vt 0.46723790 0.34821429
vt 0.46723790 0.34821429
vt 0.46723790 0.34821429
vt 0.46723790 0.34821429
vt 0.46723790 0.34821429
vt 0.46723790 0.34821429
vt 0.46723790 0.34821429
vt 0.46723790 0.34821429
vt 0.46723790 0.34821429
vt 0.46723790 0.34821429
vt 0.46723790 0.34821429
vt 0.46723790 0.34821429
vt 0.46723790 0.34821429
vt 0.46723790 0.34821429
vt 0.46723790 0.34821429
vt 0.46723790 0.34821429
vt 0.46723790 0.34821429
vt 0.46723790 0.34821429
vt 0.46723790 0.34821429
vt 0.46723790 0.34821429
vt 0.46723790 0.34821429
vt 0.46723790 0.34821429
vt 0.46723790 0.34821429
vt 0.46723790 0.34821429
vt 0.46723790 0.34821429
vt 0.46723790 0.34821429
vt 0.46723790 0.34821429
vt 0.46723790 0.34821429
vt 0.46723790 0.34821429
vt 0.46723790 0.34821429
vt 0.46723790 0.34821429
vt 0.46723790 0.34821429
vt 0.46723790 0.34821429
vt 0.46723790 0.34821429
vt 0.46723790 0.34821429
vt 0.46723790 0.34821429
vt 0.46723790 0.34821429
vt 0.46723790 0.34821429
vt 0.46723790 0.34821429
vt 0.46723790 0.34821429
vt 0.46723790 0.34821429
vt 0.46723790 0.34821429
vt 0.46723790 0.34821429
vt 0.46723790 0.34821429
vt 0.46723790 0.34821429
vt 0.46723790 0.34821429
vt 0.46723790 0.34821429
vt 0.46723790 0.34821429
vt 0.46723790 0.34821429
vt 0.46723790 0.34821429
vt 0.46723790 0.34821429
vt 0.46723790 0.34821429
vt 0.46723790 0.34821429
vt 0.46723790 0.34821429
vt 0.46723790 0.34821429
vt 0.46723790 0.34821429
vt 0.46723790 0.34821429
vt 0.46723790 0.34821429
vt 0.46723790 0.34821429
vt 0.46723790 0.34821429
vt 0.46723790 0.34821429
vt 0.46723790 0.34821429
vt 0.46723790 0.34821429
vt 0.46723790 0.34821429
vt 0.46723790 0.34821429
vt 0.46723790 0.34821429
vt 0.46723790 0.34821429
vt 0.46723790 0.34821429
vt 0.46723790 0.34821429
vt 0.46723790 0.34821429
vt 0.46723790 0.34821429
vt 0.46723790 0.34821429
vt 0.46723790 0.34821429
vt 0.46723790 0.34821429
vt 0.46723790 0.34821429
vt 0.46723790 0.34821429
vt 0.46723790 0.34821429
vt 0.46723790 0.34821429
vt 0.46723790 0.34821429
vt 0.46723790 0.34821429
vt 0.46723790 0.34821429
vt 0.46723790 0.34821429
vt 0.46723790 0.34821429
vt 0.46723790 0.34821429
vt 0.46723790 0.34821429
vt 0.46723790 0.34821429
vt 0.46723790 0.34821429
vt 0.46723790 0.34821429
vt 0.46723790 0.34821429
vt 0.46723790 0.34821429
vt 0.46723790 0.34821429
vt 0.46723790 0.34821429
vt 0.46723790 0.34821429
vt 0.46723790 0.34821429
vt 0.46723790 0.34821429
vt 0.46723790 0.34821429
vt 0.46723790 0.34821429
vt 0.46723790 0.34821429
vt 0.46723790 0.34821429
vt 0.46723790 0.34821429
vt 0.46723790 0.34821429
vt 0.46723790 0.34821429
vt 0.46723790 0.34821429
vt 0.46723790 0.34821429
vt 0.46723790 0.34821429
vt 0.46723790 0.34821429
vt 0.46723790 0.34821429
vt 0.46723790 0.34821429
vt 0.46723790 0.34821429
vt 0.46723790 0.34821429
vt 0.46723790 0.34821429
vt 0.46723790 0.34821429
vt 0.46723790 0.34821429
vt 0.46723790 0.34821429
vt 0.46723790 0.34821429
vt 0.46723790 0.34821429
vt 0.46723790 0.34821429
vt 0.46723790 0.34821429
vt 0.46723790 0.34821429
vt 0.46723790 0.34821429
vt 0.46723790 0.34821429
vt 0.46723790 0.34821429
vt 0.46723790 0.34821429
vt 0.46723790 0.34821429
vt 0.46723790 0.34821429
vt 0.46723790 0.34821429
vt 0.46723790 0.34821429
vt 0.46723790 0.34821429
vt 0.46723790 0.34821429
vt 0.46723790 0.34821429
vt 0.46723790 0.34821429
vt 0.46723790 0.34821429
vt 0.46723790 0.34821429
vt 0.46723790 0.34821429
vt 0.46723790 0.34821429
vt 0.46723790 0.34821429
vt 0.46723790 0.34821429
vt 0.46723790 0.34821429
vt 0.46723790 0.34821429
vt 0.46723790 0.34821429
vt 0.46723790 0.34821429
vt 0.46723790 0.34821429
vt 0.46723790 0.34821429
vt 0.46723790 0.34821429
vt 0.46723790 0.34821429
vt 0.46723790 0.34821429
vt 0.46723790 0.34821429
vt 0.46723790 0.34821429
vt 0.46723790 0.34821429
vt 0.46723790 0.34821429
vt 0.46723790 0.34821429
vt 0.46723790 0.34821429
vt 0.46723790 0.34821429
vt 0.46723790 0.34821429
vt 0.46723790 0.34821429
vt 0.46723790 0.34821429
vt 0.46723790 0.34821429
vt 0.46723790 0.34821429
vt 0.46723790 0.34821429
vt 0.46723790 0.34821429
vt 0.46723790 0.34821429
vt 0.46723790 0.34821429
vt 0.46723790 0.34821429
vt 0.46723790 0.34821429
vt 0.46723790 0.34821429
vt 0.46723790 0.34821429
vt 0.46723790 0.34821429
vt 0.46723790 0.34821429
vt 0.46723790 0.34821429
vt 0.46723790 0.34821429
vt 0.46723790 0.34821429
vt 0.46723790 0.34821429
vt 0.46723790 0.34821429
vt 0.46723790 0.34821429
vt 0.46723790 0.34821429
vt 0.46723790 0.34821429
vt 0.46723790 0.34821429
vt 0.46723790 0.34821429
vt 0.46723790 0.34821429
vt 0.46723790 0.34821429
vt 0.46723790 0.34821429
vt 0.46723790 0.34821429
vt 0.46723790 0.34821429
vt 0.46723790 0.34821429
vt 0.46723790 0.34821429
vt 0.46723790 0.34821429
vt 0.46723790 0.34821429
vt 0.46723790 0.34821429
vt 0.46723790 0.34821429
vt 0.46723790 0.34821429
vt 0.46723790 0.34821429
vt 0.46723790 0.34821429
vt 0.46723790 0.34821429
vt 0.46723790 0.34821429
vt 0.46723790 0.34821429
vt 0.46723790 0.34821429
vt 0.46723790 0.34821429
vt 0.46723790 0.34821429
vt 0.46723790 0.34821429
vt 0.46723790 0.34821429
vt 0.46723790 0.34821429
vt 0.46723790 0.34821429
vt 0.46723790 0.34821429
vt 0.46723790 0.34821429
vt 0.46723790 0.34821429
vt 0.46723790 0.34821429
vt 0.46723790 0.34821429
vt 0.46723790 0.34821429
vt 0.46723790 0.34821429
vt 0.46723790 0.34821429
vt 0.46723790 0.34821429
vt 0.46723790 0.34821429
vt 0.46723790 0.34821429
vt 0.46723790 0.34821429
vt 0.46723790 0.34821429
vt 0.46723790 0.34821429
vt 0.08014113 0.34821429
vt 0.08014113 0.34821429
vt 0.08014113 0.34821429
vt 0.08014113 0.34821429
vt 0.08014113 0.34821429
vt 0.08014113 0.34821429
vt 0.08014113 0.34821429
vt 0.08014113 0.34821429
vt 0.08014113 0.34821429
vt 0.08014113 0.34821429
vt 0.08014113 0.34821429
vt 0.08014113 0.34821429
vt 0.08014113 0.34821429
vt 0.08014113 0.34821429
vt 0.08014113 0.34821429
vt 0.08014113 0.34821429
vt 0.08014113 0.34821429
vt 0.08014113 0.34821429
vt 0.08014113 0.34821429
vt 0.08014113 0.34821429
vt 0.08014113 0.34821429
vt 0.08014113 0.34821429
vt 0.08014113 0.34821429
vt 0.08014113 0.34821429
vt 0.08014113 0.34821429
vt 0.08014113 0.34821429
vt 0.08014113 0.34821429
vt 0.08014113 0.34821429
vt 0.08014113 0.34821429
vt 0.08014113 0.34821429
vt 0.08014113 0.34821429
vt 0.08014113 0.34821429
vt 0.08014113 0.34821429
vt 0.08014113 0.34821429
vt 0.08014113 0.34821429
vt 0.08014113 0.34821429
vt 0.08014113 0.34821429
vt 0.08014113 0.34821429
vt 0.08014113 0.34821429
vt 0.08014113 0.34821429
vt 0.08014113 0.34821429
vt 0.08014113 0.34821429
vt 0.08014113 0.34821429
vt 0.08014113 0.34821429
vt 0.08014113 0.34821429
vt 0.08014113 0.34821429
vt 0.08014113 0.34821429
vt 0.08014113 0.34821429
vt 0.08014113 0.34821429
vt 0.08014113 0.34821429
vt 0.08014113 0.34821429
vt 0.08014113 0.34821429
vt 0.08014113 0.34821429
vt 0.08014113 0.34821429
vt 0.08014113 0.34821429
vt 0.08014113 0.34821429
vt 0.08014113 0.34821429
vt 0.08014113 0.34821429
vt 0.08014113 0.34821429
vt 0.08014113 0.34821429
vt 0.08014113 0.34821429
vt 0.08014113 0.34821429
vt 0.08014113 0.34821429
vt 0.08014113 0.34821429
vt 0.08014113 0.34821429
vt 0.08014113 0.34821429
vt 0.08014113 0.34821429
vt 0.08014113 0.34821429
vt 0.08014113 0.34821429
vt 0.08014113 0.34821429
vt 0.08014113 0.34821429
vt 0.08014113 0.34821429
vt 0.08014113 0.34821429
vt 0.08014113 0.34821429
vt 0.08014113 0.34821429
vt 0.08014113 0.34821429
vt 0.08014113 0.34821429
vt 0.08014113 0.34821429
vt 0.08014113 0.34821429
vt 0.08014113 0.34821429
vt 0.08014113 0.34821429
vt 0.08014113 0.34821429
vt 0.08014113 0.34821429
vt 0.08014113 0.34821429
vt 0.08014113 0.34821429
vt 0.08014113 0.34821429
vt 0.08014113 0.34821429
vt 0.08014113 0.34821429
vt 0.08014113 0.34821429
vt 0.08014113 0.34821429
vt 0.08014113 0.34821429
vt 0.08014113 0.34821429
vt 0.08014113 0.34821429
vt 0.08014113 0.34821429
vt 0.08014113 0.34821429
vt 0.08014113 0.34821429
vt 0.08014113 0.34821429
vt 0.08014113 0.34821429
vt 0.08014113 0.34821429
vt 0.08014113 0.34821429
vt 0.08014113 0.34821429
vt 0.08014113 0.34821429
vt 0.08014113 0.34821429
vt 0.08014113 0.34821429
vt 0.08014113 0.34821429
vt 0.08014113 0.34821429
vt 0.08014113 0.34821429
vt 0.08014113 0.34821429
vt 0.08014113 0.34821429
vt 0.08014113 0.34821429
vt 0.08014113 0.34821429
vt 0.08014113 0.34821429
vt 0.08014113 0.34821429
vt 0.08014113 0.34821429
vt 0.08014113 0.34821429
vt 0.08014113 0.34821429
vt 0.08014113 0.34821429
vt 0.08014113 0.34821429
vt 0.08014113 0.34821429
vt 0.08014113 0.34821429
vt 0.08014113 0.34821429
vt 0.08014113 0.34821429
vt 0.08014113 0.34821429
vt 0.08014113 0.34821429
vt 0.08014113 0.34821429
vt 0.08014113 0.34821429
vt 0.08014113 0.34821429
vt 0.08014113 0.34821429
vt 0.08014113 0.34821429
vt 0.08014113 0.34821429
vt 0.08014113 0.34821429
vt 0.08014113 0.34821429
vt 0.08014113 0.34821429
vt 0.08014113 0.34821429
vt 0.08014113 0.34821429
vt 0.08014113 0.34821429
vt 0.08014113 0.34821429
vt 0.08014113 0.34821429
vt 0.08014113 0.34821429
vt 0.08014113 0.34821429
vt 0.08014113 0.34821429
vt 0.08014113 0.34821429
vt 0.08014113 0.34821429
vt 0.08014113 0.34821429
vt 0.08014113 0.34821429
vt 0.08014113 0.34821429
vt 0.08014113 0.34821429
vt 0.08014113 0.34821429
vt 0.08014113 0.34821429
vt 0.08014113 0.34821429
vt 0.08014113 0.34821429
vt 0.08014113 0.34821429
vt 0.08014113 0.34821429
vt 0.08014113 0.34821429
vt 0.08014113 0.34821429
vt 0.08014113 0.34821429
vt 0.08014113 0.34821429
vt 0.08014113 0.34821429
vt 0.08014113 0.34821429
vt 0.08014113 0.34821429
vt 0.08014113 0.34821429
vt 0.08014113 0.34821429
vt 0.08014113 0.34821429
vt 0.08014113 0.34821429
vt 0.08014113 0.34821429
vt 0.08014113 0.34821429
vt 0.08014113 0.34821429
vt 0.08014113 0.34821429
vt 0.08014113 0.34821429
vt 0.08014113 0.34821429
vt 0.08014113 0.34821429
vt 0.08014113 0.34821429
vt 0.08014113 0.34821429
f 1/1 2/2 3/3
f 4/4 5/5 6/6
f 7/7 8/8 9/9
f 10/10 11/11 12/12
f 13/13 14/14 15/15
f 16/16 17/17 18/18
f 19/19 20/20 21/21
f 22/22 23/23 24/24
f 25/25 26/26 27/27
f 28/28 29/29 30/30
f 31/31 32/32 33/33
f 34/34 35/35 36/36
f 37/37 38/38 39/39
f 40/40 41/41 42/42
f 43/43 44/44 45/45
f 46/46 47/47 48/48
f 49/49 50/50 51/51
f 52/52 53/53 54/54
f 55/55 56/56 57/57
f 58/58 59/59 60/60
f 61/61 62/62 63/63
f 64/64 65/65 66/66
f 46/46 48/48 67/67
f 68/68 69/69 70/70
f 71/71 61/61 63/63
f 72/72 73/73 74/74
f 33/33 32/32 75/75
f 76/76 77/77 78/78
f 79/79 80/80 81/81
f 50/50 82/82 83/83
f 84/84 85/85 86/86
f 87/87 88/88 89/89
f 90/90 91/91 38/38
f 92/92 93/93 94/94
f 95/95 96/96 97/97
f 41/41 40/40 4/4
f 98/98 24/24 23/23
f 99/99 100/100 101/101
f 9/9 102/102 7/7
f 103/103 21/21 104/104
f 105/105 25/25 106/106
f 107/107 108/108 109/109
f 110/110 111/111 112/112
f 113/113 85/85 84/84
f 114/114 115/115 116/116
f 117/117 118/118 119/119
f 120/120 68/68 121/121
f 56/56 55/55 109/109
f 122/122 123/123 124/124
f 65/65 125/125 126/126
f 81/81 127/127 79/79
f 128/128 129/129 130/130
f 131/131 132/132 133/133
f 100/100 134/134 135/135
f 136/136 137/137 138/138
f 139/139 140/140 141/141
f 26/26 142/142 143/143
f 144/144 29/29 145/145
f 146/146 147/147 148/148
f 149/149 150/150 151/151
f 152/152 153/153 154/154
f 155/155 156/156 157/157
f 65/65 64/64 158/158
f 123/123 159/159 124/124
f 160/160 9/9 161/161
f 162/162 163/163 164/164
f 165/165 166/166 167/167
f 112/112 168/168 169/169
f 170/170 171/171 172/172
f 173/173 174/174 175/175
f 176/176 177/177 178/178
f 179/179 180/180 178/178
f 181/181 121/121 68/68
f 182/182 183/183 184/184
f 185/185 186/186 187/187
f 188/188 37/37 39/39
f 189/189 119/119 118/118
f 190/190 191/191 192/192
f 193/193 194/194 195/195
f 196/196 197/197 198/198
f 199/199 200/200 201/201
f 202/202 203/203 204/204
f 29/29 28/28 205/205
f 129/129 128/128 63/63
f 104/104 21/21 206/206
f 207/207 208/208 139/139
f 209/209 124/124 159/159
f 113/113 210/210 211/211
f 212/212 213/213 214/214
f 215/215 216/216 217/217
f 218/218 219/219 220/220
f 221/221 222/222 223/223
f 224/224 225/225 226/226
f 227/227 18/18 17/17
f 228/228 229/229 230/230
f 231/231 232/232 233/233
f 234/234 235/235 236/236
f 237/237 66/66 65/65
f 5/5 95/95 238/238
f 239/239 240/240 241/241
f 236/236 235/235 242/242
f 243/243 244/244 245/245
f 246/246 247/247 248/248
f 246/246 248/248 249/249
f 250/250 251/251 252/252
f 194/194 253/253 195/195
f 172/172 254/254 170/170
f 255/255 141/141 140/140
f 216/216 256/256 104/104
f 201/201 257/257 199/199
f 258/258 259/259 260/260
f 261/261 262/262 263/263
f 264/264 75/75 265/265
f 266/266 267/267 44/44
f 220/220 268/268 269/269
f 59/59 270/270 60/60
f 271/271 15/15 272/272
f 174/174 173/173 273/273
f 274/274 275/275 276/276
f 277/277 228/228 278/278
f 279/279 54/54 53/53
f 280/280 281/281 282/282
f 283/283 284/284 240/240
f 58/58 285/285 286/286
f 287/287 67/67 48/48
f 288/288 289/289 182/182
f 290/290 22/22 24/24
f 291/291 292/292 289/289
f 138/138 205/205 28/28
f 42/42 293/293 140/140
f 294/294 295/295 296/296
f 297/297 171/171 170/170
f 298/298 299/299 28/28
f 300/300 285/285 301/301
f 302/302 303/303 187/187
f 304/304 305/305 306/306
f 307/307 86/86 85/85
f 308/308 178/178 177/177
f 194/194 309/309 310/310
f 194/194 311/311 309/309
f 312/312 313/313 314/314
f 117/117 119/119 315/315
f 153/153 80/80 79/79
f 316/316 79/79 127/127
f 317/317 318/318 319/319
f 115/115 114/114 320/320
f 321/321 322/322 323/323
f 323/323 322/322 324/324
f 325/325 326/326 327/327
f 328/328 329/329 82/82
f 88/88 330/330 89/89
f 111/111 110/110 331/331
f 51/51 332/332 49/49
f 333/333 334/334 335/335
f 259/259 258/258 336/336
f 337/337 338/338 339/339
f 340/340 341/341 342/342
f 132/132 131/131 343/343
f 247/247 246/246 344/344
f 69/69 321/321 345/345
f 334/334 333/333 346/346
f 347/347 334/334 282/282
f 332/332 51/51 348/348
f 112/112 111/111 168/168
f 349/349 350/350 351/351
f 175/175 352/352 173/173
f 353/353 167/167 166/166
f 354/354 167/167 353/353
f 342/342 206/206 261/261
f 161/161 355/355 160/160
f 356/356 292/292 19/19
f 21/21 103/103 19/19
f 357/357 358/358 359/359
f 358/358 357/357 330/330
f 250/250 77/77 76/76
f 217/217 76/76 215/215
f 360/360 296/296 295/295
f 361/361 94/94 93/93
f 14/14 272/272 15/15
f 362/362 52/52 363/363
f 169/169 364/364 112/112
f 156/156 154/154 365/365
f 217/217 366/366 251/251
f 367/367 310/310 368/368
f 143/143 369/369 26/26
f 97/97 370/370 95/95
f 236/236 242/242 371/371
f 314/314 202/202 312/312
f 372/372 276/276 275/275
f 2/2 373/373 3/3
f 374/374 375/375 376/376
f 377/377 255/255 378/378
f 379/379 380/380 110/110
f 381/381 382/382 193/193
f 383/383 384/384 385/385
f 218/218 220/220 149/149
f 386/386 387/387 388/388
f 389/389 390/390 337/337
f 276/276 391/391 274/274
f 223/223 392/392 221/221
f 148/148 393/393 146/146
f 240/240 239/239 394/394
f 313/313 312/312 315/315
f 63/63 62/62 129/129
f 378/378 395/395 377/377
f 395/395 378/378 396/396
f 75/75 264/264 397/397
f 398/398 34/34 43/43
f 15/15 271/271 376/376
f 39/39 297/297 170/170
f 399/399 400/400 273/273
f 347/347 282/282 281/281
f 401/401 402/402 317/317
f 403/403 404/404 191/191
f 405/405 299/299 298/298
f 406/406 405/405 30/30
f 127/127 407/407 316/316
f 245/245 408/408 243/243
f 191/191 190/190 403/403
f 409/409 287/287 48/48
f 38/38 91/91 297/297
f 297/297 39/39 38/38
f 256/256 410/410 257/257
f 214/214 215/215 212/212
f 411/411 412/412 413/413
f 11/11 10/10 412/412
f 414/414 146/146 142/142
f 415/415 416/416 417/417
f 418/418 85/85 113/113
f 419/419 380/380 420/420
f 421/421 104/104 256/256
f 421/421 103/103 104/104
f 422/422 368/368 310/310
f 310/310 309/309 422/422
f 130/130 136/136 128/128
f 352/352 423/423 237/237
f 150/150 424/424 425/425
f 147/147 151/151 426/426
f 234/234 427/427 351/351
f 428/428 325/325 327/327
f 17/17 16/16 87/87
f 367/367 195/195 253/253
f 65/65 273/273 237/237
f 273/273 65/65 399/399
f 145/145 429/429 144/144
f 430/430 241/241 431/431
f 432/432 433/433 434/434
f 435/435 123/123 436/436
f 437/437 438/438 155/155
f 155/155 439/439 437/437
f 440/440 441/441 211/211
f 331/331 211/211 441/441
f 338/338 336/336 339/339
f 343/343 442/442 443/443
f 444/444 359/359 358/358
f 88/88 87/87 16/16
f 22/22 290/290 445/445
f 446/446 445/445 290/290
f 447/447 448/448 449/449
f 448/448 450/450 451/451
f 452/452 453/453 52/52
f 454/454 455/455 281/281
f 456/456 326/326 328/328
f 457/457 458/458 459/459
f 318/318 317/317 402/402
f 460/460 461/461 56/56
f 164/164 160/160 355/355
f 462/462 294/294 164/164
f 390/390 463/463 464/464
f 465/465 97/97 96/96
f 466/466 344/344 260/260
f 466/466 260/260 259/259
f 396/396 467/467 395/395
f 467/467 396/396 429/429
f 468/468 397/397 266/266
f 468/468 266/266 469/469
f 54/54 363/363 52/52
f 177/177 470/470 308/308
f 289/289 288/288 291/291
f 121/121 181/181 287/287
f 471/471 472/472 98/98
f 473/473 474/474 259/259
f 252/252 475/475 250/250
f 469/469 252/252 476/476
f 477/477 126/126 125/125
f 158/158 335/335 477/477
f 19/19 103/103 356/356
f 183/183 103/103 421/421
f 247/247 344/344 478/478
f 345/345 70/70 69/69
f 302/302 306/306 305/305
f 479/479 359/359 480/480
f 299/299 405/405 300/300
f 481/481 230/230 229/229
f 233/233 28/28 231/231
f 28/28 233/233 138/138
f 286/286 482/482 58/58
f 394/394 483/483 240/240
f 417/417 106/106 415/415
f 478/478 384/384 106/106
f 425/425 484/484 150/150
f 484/484 59/59 485/485
f 241/241 430/430 239/239
f 369/369 486/486 370/370
f 354/354 31/31 379/379
f 31/31 354/354 353/353
f 55/55 487/487 109/109
f 220/220 219/219 268/268
f 47/47 488/488 489/489
f 490/490 491/491 409/409
f 341/341 340/340 131/131
f 140/140 139/139 42/42
f 311/311 194/194 382/382
f 193/193 382/382 194/194
f 229/229 228/228 232/232
f 232/232 71/71 233/233
f 222/222 221/221 72/72
f 270/270 59/59 424/424
f 450/450 448/448 492/492
f 452/452 450/450 493/493
f 89/89 330/330 494/494
f 495/495 494/494 496/496
f 497/497 498/498 152/152
f 364/364 169/169 154/154
f 248/248 135/135 134/134
f 27/27 101/101 25/25
f 499/499 319/319 318/318
f 319/319 499/499 500/500
f 501/501 7/7 196/196
f 501/501 368/368 422/422
f 102/102 225/225 502/502
f 197/197 227/227 503/503
f 406/406 30/30 29/29
f 504/504 283/283 482/482
f 391/391 73/73 505/505
f 230/230 74/74 73/73
f 334/334 346/346 506/506
f 507/507 506/506 346/346
f 366/366 422/422 251/251
f 251/251 422/422 252/252
f 429/429 431/431 144/144
f 5/5 508/508 6/6
f 153/153 152/152 80/80
f 329/329 328/328 326/326
f 440/440 348/348 51/51
f 83/83 498/498 509/509
f 320/320 510/510 115/115
f 189/189 118/118 511/511
f 163/163 172/172 171/171
f 141/141 207/207 139/139
f 237/237 351/351 427/427
f 351/351 237/237 349/349
f 512/512 513/513 210/210
f 86/86 512/512 84/84
f 93/93 18/18 361/361
f 226/226 296/296 224/224
f 371/371 243/243 408/408
f 200/200 314/314 313/313
f 376/376 514/514 374/374
f 514/514 376/376 271/271
f 513/513 512/512 209/209
f 348/348 440/440 211/211
f 71/71 277/277 61/61
f 3/3 373/373 515/515
f 17/17 503/503 227/227
f 503/503 17/17 516/516
f 136/136 138/138 517/517
f 233/233 517/517 138/138
f 390/390 389/389 134/134
f 260/260 249/249 258/258
f 79/79 518/518 153/153
f 365/365 157/157 156/156
f 449/449 303/303 447/447
f 38/38 519/519 90/90
f 257/257 201/201 47/47
f 315/315 520/520 313/313
f 180/180 179/179 418/418
f 419/419 494/494 180/180
f 413/413 333/333 411/411
f 435/435 436/436 413/413
f 108/108 107/107 218/218
f 383/383 345/345 108/108
f 408/408 245/245 127/127
f 127/127 521/521 408/408
f 206/206 216/216 104/104
f 216/216 161/161 522/522
f 523/523 418/418 179/179
f 523/523 179/179 524/524
f 370/370 97/97 525/525
f 101/101 27/27 99/99
f 424/424 150/150 526/526
f 150/150 149/149 526/526
f 522/522 217/217 216/216
f 366/366 217/217 522/522
f 438/438 437/437 165/165
f 165/165 154/154 156/156
f 527/527 248/248 247/247
f 248/248 527/527 135/135
f 439/439 397/397 264/264
f 267/267 45/45 44/44
f 528/528 320/320 114/114
f 402/402 460/460 318/318
f 244/244 214/214 213/213
f 410/410 199/199 257/257
f 137/137 377/377 395/395
f 375/375 175/175 174/174
f 355/355 162/162 164/164
f 208/208 342/342 341/341
f 12/12 327/327 459/459
f 459/459 456/456 457/457
f 53/53 280/280 279/279
f 122/122 124/124 86/86
f 529/529 315/315 312/312
f 530/530 116/116 315/315
f 417/417 416/416 414/414
f 26/26 25/25 105/105
f 87/87 516/516 17/17
f 89/89 516/516 87/87
f 261/261 340/340 342/342
f 343/343 261/261 442/442
f 505/505 274/274 391/391
f 57/57 56/56 461/461
f 24/24 472/472 292/292
f 24/24 98/98 472/472
f 203/203 130/130 129/129
f 423/423 349/349 237/237
f 405/405 286/286 285/285
f 300/300 405/405 285/285
f 356/356 289/289 292/292
f 183/183 356/356 103/103
f 478/478 531/531 532/532
f 531/531 23/23 22/22
f 359/359 444/444 92/92
f 480/480 359/359 533/533
f 75/75 311/311 33/33
f 476/476 534/534 469/469
f 94/94 304/304 306/306
f 91/91 360/360 295/295
f 455/455 454/454 399/399
f 126/126 477/477 347/347
f 535/535 431/431 241/241
f 284/284 283/283 535/535
f 407/407 127/127 245/245
f 213/213 212/212 536/536
f 325/325 428/428 234/234
f 537/537 325/325 81/81
f 322/322 321/321 69/69
f 192/192 120/120 190/190
f 364/364 167/167 538/538
f 538/538 167/167 539/539
f 42/42 386/386 96/96
f 386/386 42/42 139/139
f 540/540 541/541 227/227
f 224/224 361/361 541/541
f 187/187 362/362 185/185
f 451/451 449/449 448/448
f 464/464 133/133 390/390
f 133/133 387/387 131/131
f 297/297 462/462 542/542
f 295/295 297/297 91/91
f 257/257 184/184 256/256
f 46/46 543/543 184/184
f 78/78 44/44 76/76
f 76/76 212/212 215/215
f 392/392 223/223 544/544
f 544/544 268/268 107/107
f 412/412 411/411 11/11
f 335/335 158/158 64/64
f 73/73 391/391 545/545
f 545/545 278/278 228/228
f 373/373 2/2 62/62
f 530/530 315/315 529/529
f 324/324 191/191 404/404
f 191/191 324/324 322/322
f 263/263 442/442 261/261
f 336/336 473/473 259/259
f 363/363 54/54 470/470
f 85/85 524/524 307/307
f 41/41 293/293 42/42
f 6/6 508/508 396/396
f 123/123 346/346 436/436
f 507/507 346/346 123/123
f 114/114 116/116 1/1
f 1/1 116/116 530/530
f 537/537 80/80 329/329
f 80/80 537/537 81/81
f 259/259 546/546 466/466
f 546/546 259/259 474/474
f 493/493 400/400 452/452
f 400/400 399/399 454/454
f 184/184 543/543 182/182
f 547/547 182/182 543/543
f 40/40 95/95 4/4
f 95/95 5/5 4/4
f 300/300 481/481 299/299
f 301/301 548/548 300/300
f 141/141 255/255 254/254
f 514/514 254/254 374/374
f 463/463 390/390 100/100
f 134/134 100/100 390/390
f 488/488 511/511 491/491
f 489/489 488/488 491/491
f 312/312 204/204 529/529
f 204/204 312/312 202/202
f 32/32 31/31 549/549
f 264/264 265/265 549/549
f 240/240 550/550 283/283
f 550/550 240/240 483/483
f 1/1 3/3 114/114
f 114/114 372/372 528/528
f 78/78 475/475 469/469
f 475/475 252/252 469/469
f 498/498 497/497 551/551
f 551/551 509/509 498/498
f 186/186 185/185 176/176
f 533/533 186/186 480/480
f 157/157 365/365 518/518
f 35/35 316/316 36/36
f 458/458 434/434 433/433
f 458/458 457/457 434/434
f 159/159 332/332 209/209
f 432/432 435/435 413/413
f 160/160 164/164 294/294
f 102/102 226/226 225/225
f 147/147 146/146 151/151
f 146/146 414/414 416/416
f 178/178 479/479 176/176
f 479/479 178/178 180/180
f 494/494 419/419 420/420
f 420/420 496/496 494/494
f 277/277 515/515 373/373
f 278/278 276/276 277/277
f 509/509 440/440 83/83
f 440/440 168/168 552/552
f 345/345 383/383 385/385
f 385/385 532/532 345/345
f 485/485 148/148 484/484
f 483/483 58/58 482/482
f 547/547 287/287 181/181
f 543/543 287/287 547/547
f 66/66 12/12 11/11
f 427/427 234/234 428/428
f 553/553 447/447 188/188
f 272/272 492/492 553/553
f 142/142 394/394 239/239
f 393/393 142/142 146/146
f 344/344 554/554 260/260
f 249/249 260/260 554/554
f 202/202 314/314 242/242
f 235/235 350/350 242/242
f 292/292 446/446 290/290
f 292/292 290/290 24/24
f 388/388 96/96 386/386
f 96/96 463/463 465/465
f 555/555 406/406 29/29
f 29/29 144/144 555/555
f 50/50 434/434 457/457
f 328/328 457/457 456/456
f 171/171 542/542 163/163
f 542/542 171/171 297/297
f 381/381 379/379 31/31
f 31/31 33/33 381/381
f 18/18 93/93 16/16
f 16/16 444/444 88/88
f 69/69 68/68 120/120
f 120/120 322/322 69/69
f 281/281 453/453 454/454
f 280/280 53/53 281/281
f 238/238 430/430 5/5
f 430/430 370/370 486/486
f 418/418 113/113 380/380
f 331/331 110/110 380/380
f 415/415 106/106 384/384
f 218/218 149/149 384/384
f 121/121 190/190 120/120
f 287/287 409/409 121/121
f 486/486 239/239 430/430
f 239/239 486/486 142/142
f 227/227 197/197 225/225
f 225/225 540/540 227/227
f 404/404 403/403 511/511
f 510/510 320/320 401/401
f 34/34 36/36 536/536
f 536/536 407/407 213/213
f 406/406 555/555 504/504
f 286/286 405/405 406/406
f 181/181 291/291 288/288
f 445/445 446/446 181/181
f 470/470 177/177 363/363
f 363/363 185/185 362/362
f 548/548 301/301 72/72
f 72/72 270/270 222/222
f 502/502 7/7 102/102
f 197/197 196/196 7/7
f 474/474 471/471 546/546
f 21/21 20/20 262/262
f 397/397 468/468 75/75
f 311/311 75/75 534/534
f 47/47 520/520 488/488
f 520/520 47/47 201/201
f 271/271 39/39 514/514
f 39/39 271/271 188/188
f 544/544 57/57 392/392
f 274/274 505/505 57/57
f 81/81 325/325 521/521
f 81/81 521/521 127/127
f 492/492 493/493 450/450
f 14/14 13/13 493/493
f 556/556 35/35 34/34
f 34/34 398/398 556/556
f 450/450 452/452 52/52
f 450/450 52/52 451/451
f 229/229 299/299 481/481
f 299/299 231/231 28/28
f 48/48 490/490 409/409
f 489/489 48/48 47/47
f 369/369 27/27 26/26
f 525/525 99/99 27/27
f 219/219 218/218 107/107
f 219/219 107/107 268/268
f 111/111 552/552 168/168
f 331/331 441/441 111/111
f 110/110 539/539 379/379
f 539/539 110/110 538/538
f 94/94 361/361 360/360
f 360/360 304/304 94/94
f 303/303 90/90 519/519
f 305/305 303/303 302/302
f 415/415 151/151 416/416
f 146/146 416/416 151/151
f 461/461 460/460 275/275
f 275/275 528/528 372/372
f 516/516 89/89 495/495
f 494/494 495/495 89/89
f 279/279 122/122 86/86
f 86/86 307/307 279/279
f 106/106 557/557 478/478
f 557/557 106/106 527/527
f 83/83 51/51 50/50
f 51/51 83/83 440/440
f 431/431 5/5 430/430
f 508/508 5/5 431/431
f 558/558 180/180 494/494
f 180/180 558/558 479/479
f 198/198 367/367 196/196
f 367/367 198/198 195/195
f 500/500 108/108 345/345
f 108/108 500/500 499/499
f 134/134 249/249 248/248
f 249/249 134/134 389/389
f 166/166 264/264 353/353
f 264/264 437/437 439/439
f 152/152 82/82 329/329
f 152/152 329/329 80/80
f 389/389 258/258 249/249
f 339/339 336/336 258/258
f 154/154 165/165 364/364
f 167/167 364/364 165/165
f 424/424 222/222 270/270
f 269/269 424/424 220/220
f 559/559 439/439 45/45
f 45/45 398/398 43/43
f 194/194 310/310 253/253
f 310/310 367/367 253/253
f 152/152 154/154 497/497
f 497/497 154/154 169/169
f 132/132 338/338 133/133
f 443/443 132/132 343/343
f 118/118 115/115 510/510
f 115/115 118/118 117/117
f 527/527 25/25 101/101
f 106/106 25/25 527/527
f 501/501 422/422 366/366
f 8/8 366/366 522/522
f 387/387 133/133 464/464
f 464/464 388/388 387/387
f 481/481 300/300 548/548
f 74/74 230/230 481/481
f 37/37 519/519 38/38
f 37/37 188/188 447/447
f 455/455 347/347 281/281
f 347/347 455/455 126/126
f 456/456 459/459 327/327
f 327/327 326/326 456/456
f 397/397 439/439 559/559
f 559/559 266/266 397/397
f 469/469 266/266 78/78
f 44/44 78/78 266/266
f 30/30 298/298 28/28
f 298/298 30/30 405/405
f 314/314 200/200 371/371
f 371/371 242/242 314/314
f 54/54 279/279 307/307
f 307/307 470/470 54/54
f 200/200 199/199 243/243
f 243/243 371/371 200/200
f 142/142 26/26 414/414
f 414/414 26/26 105/105
f 313/313 201/201 200/200
f 201/201 313/313 520/520
f 442/442 263/263 336/336
f 443/443 442/442 336/336
f 341/341 139/139 208/208
f 139/139 341/341 386/386
f 131/131 386/386 341/341
f 386/386 131/131 387/387
f 15/15 273/273 13/13
f 273/273 15/15 174/174
f 254/254 172/172 141/141
f 207/207 141/141 172/172
f 309/309 476/476 252/252
f 309/309 252/252 422/422
f 92/92 533/533 359/359
f 306/306 302/302 533/533
f 211/211 331/331 113/113
f 331/331 380/380 113/113
f 315/315 116/116 117/117
f 117/117 116/116 115/115
f 151/151 415/415 149/149
f 415/415 384/384 149/149
f 212/212 76/76 44/44
f 44/44 43/43 212/212
f 138/138 395/395 467/467
f 395/395 138/138 137/137
f 41/41 6/6 293/293
f 6/6 41/41 4/4
f 287/287 543/543 67/67
f 67/67 543/543 46/46
f 330/330 88/88 358/358
f 358/358 88/88 444/444
f 56/56 318/318 460/460
f 318/318 56/56 499/499
f 284/284 241/241 240/240
f 241/241 284/284 535/535
f 493/493 492/492 14/14
f 272/272 14/14 492/492
f 531/531 22/22 532/532
f 70/70 345/345 532/532
f 303/303 449/449 187/187
f 362/362 187/187 449/449
f 462/462 297/297 295/295
f 295/295 294/294 462/462
f 276/276 372/372 515/515
f 515/515 277/277 276/276
f 374/374 254/254 255/255
f 255/255 377/377 374/374
f 199/199 410/410 244/244
f 244/244 243/243 199/199
f 262/262 261/261 21/21
f 21/21 261/261 206/206
f 507/507 123/123 122/122
f 122/122 279/279 507/507
f 361/361 224/224 296/296
f 296/296 360/360 361/361
f 228/228 277/277 71/71
f 71/71 232/232 228/228
f 332/332 159/159 432/432
f 432/432 49/49 332/332
f 101/101 135/135 527/527
f 135/135 101/101 100/100
f 208/208 207/207 163/163
f 172/172 163/163 207/207
f 100/100 465/465 463/463
f 100/100 99/99 465/465
f 379/379 381/381 496/496
f 381/381 193/193 496/496
f 197/197 7/7 502/502
f 502/502 225/225 197/197
f 210/210 113/113 84/84
f 210/210 84/84 512/512
f 409/409 403/403 190/190
f 190/190 121/121 409/409
f 347/347 477/477 334/334
f 335/335 334/334 477/477
f 411/411 335/335 64/64
f 335/335 411/411 333/333
f 311/311 534/534 476/476
f 476/476 309/309 311/311
f 93/93 92/92 444/444
f 444/444 16/16 93/93
f 233/233 63/63 128/128
f 63/63 233/233 71/71
f 368/368 196/196 367/367
f 196/196 368/368 501/501
f 62/62 529/529 204/204
f 2/2 529/529 62/62
f 425/425 424/424 59/59
f 59/59 484/484 425/425
f 203/203 202/202 350/350
f 242/242 350/350 202/202
f 304/304 360/360 91/91
f 91/91 305/305 304/304
f 316/316 35/35 518/518
f 518/518 79/79 316/316
f 256/256 216/216 215/215
f 215/215 214/214 256/256
f 132/132 443/443 338/338
f 336/336 338/338 443/443
f 323/323 319/319 321/321
f 319/319 323/323 317/317
f 530/530 2/2 1/1
f 2/2 530/530 529/529
f 237/237 173/173 352/352
f 273/273 173/173 237/237
f 382/382 33/33 311/311
f 381/381 33/33 382/382
f 324/324 317/317 323/323
f 317/317 324/324 401/401
f 305/305 91/91 90/90
f 90/90 303/303 305/305
f 177/177 176/176 185/185
f 185/185 363/363 177/177
f 12/12 66/66 427/427
f 427/427 66/66 237/237
f 521/521 325/325 234/234
f 521/521 234/234 236/236
f 120/120 192/192 322/322
f 322/322 192/192 191/191
f 343/343 131/131 340/340
f 340/340 261/261 343/343
f 315/315 119/119 520/520
f 119/119 488/488 520/520
f 325/325 537/537 326/326
f 326/326 537/537 329/329
f 372/372 114/114 3/3
f 3/3 515/515 372/372
f 251/251 250/250 217/217
f 250/250 76/76 217/217
f 275/275 274/274 461/461
f 57/57 461/461 274/274
f 375/375 374/374 377/377
f 377/377 137/137 375/375
f 148/148 485/485 483/483
f 483/483 394/394 148/148
f 221/221 505/505 73/73
f 73/73 72/72 221/221
f 328/328 50/50 457/457
f 82/82 50/50 328/328
f 162/162 355/355 342/342
f 206/206 342/342 355/355
f 399/399 126/126 455/455
f 126/126 399/399 65/65
f 496/496 420/420 379/379
f 379/379 420/420 380/380
f 154/154 153/153 365/365
f 365/365 153/153 518/518
f 532/532 385/385 478/478
f 478/478 385/385 384/384
f 293/293 396/396 378/378
f 396/396 293/293 6/6
f 499/499 109/109 108/108
f 109/109 499/499 56/56
f 337/337 133/133 338/338
f 337/337 390/390 133/133
f 393/393 148/148 394/394
f 394/394 142/142 393/393
f 432/432 413/413 433/433
f 412/412 433/433 413/413
f 204/204 129/129 62/62
f 129/129 204/204 203/203
f 503/503 516/516 195/195
f 495/495 195/195 516/516
f 528/528 275/275 460/460
f 460/460 402/402 528/528
f 159/159 123/123 435/435
f 435/435 432/432 159/159
f 429/429 508/508 431/431
f 508/508 429/429 396/396
f 404/404 401/401 324/324
f 401/401 404/404 510/510
f 398/398 45/45 439/439
f 439/439 556/556 398/398
f 454/454 452/452 400/400
f 452/452 454/454 453/453
f 378/378 140/140 293/293
f 140/140 378/378 255/255
f 211/211 513/513 348/348
f 210/210 513/513 211/211
f 485/485 59/59 58/58
f 58/58 483/483 485/485
f 541/541 361/361 18/18
f 18/18 227/227 541/541
f 216/216 206/206 161/161
f 355/355 161/161 206/206
f 511/511 488/488 189/189
f 189/189 488/488 119/119
f 408/408 236/236 371/371
f 236/236 408/408 521/521
f 447/447 519/519 37/37
f 519/519 447/447 303/303
f 96/96 95/95 40/40
f 96/96 40/40 42/42
f 412/412 458/458 433/433
f 458/458 412/412 10/10
f 99/99 525/525 97/97
f 97/97 465/465 99/99
f 429/429 145/145 467/467
f 205/205 145/145 29/29
f 270/270 72/72 301/301
f 301/301 60/60 270/270
f 391/391 276/276 278/278
f 278/278 545/545 391/391
f 407/407 536/536 36/36
f 36/36 316/316 407/407
f 482/482 286/286 504/504
f 504/504 286/286 406/406
f 423/423 352/352 136/136
f 352/352 175/175 136/136
f 70/70 445/445 68/68
f 181/181 68/68 445/445
f 555/555 535/535 283/283
f 283/283 504/504 555/555
f 479/479 357/357 359/359
f 357/357 479/479 558/558
f 53/53 52/52 453/453
f 53/53 453/453 281/281
f 333/333 413/413 436/436
f 333/333 436/436 346/346
f 57/57 544/544 55/55
f 55/55 544/544 487/487
f 344/344 466/466 531/531
f 531/531 478/478 344/344
f 209/209 348/348 513/513
f 348/348 209/209 332/332
f 65/65 158/158 125/125
f 125/125 158/158 477/477
f 419/419 418/418 380/380
f 180/180 418/418 419/419
f 296/296 226/226 294/294
f 226/226 102/102 294/294
f 108/108 218/218 383/383
f 383/383 218/218 384/384
f 61/61 373/373 62/62
f 277/277 373/373 61/61
f 60/60 301/301 285/285
f 285/285 58/58 60/60
f 535/535 555/555 144/144
f 535/535 144/144 431/431
f 342/342 208/208 162/162
f 163/163 162/162 208/208
f 514/514 170/170 254/254
f 170/170 514/514 39/39
f 466/466 98/98 23/23
f 531/531 466/466 23/23
f 320/320 528/528 402/402
f 402/402 401/401 320/320
f 128/128 517/517 233/233
f 517/517 128/128 136/136
f 181/181 288/288 547/547
f 182/182 547/547 288/288
f 509/509 551/551 168/168
f 168/168 440/440 509/509
f 179/179 308/308 524/524
f 147/147 484/484 148/148
f 484/484 147/147 426/426
f 155/155 157/157 556/556
f 556/556 439/439 155/155
f 245/245 213/213 407/407
f 213/213 245/245 244/244
f 11/11 64/64 66/66
f 411/411 64/64 11/11
f 160/160 102/102 9/9
f 294/294 102/102 160/160
f 525/525 369/369 370/370
f 27/27 369/369 525/525
f 169/169 551/551 497/497
f 551/551 169/169 168/168
f 480/480 176/176 479/479
f 176/176 480/480 186/186
f 353/353 549/549 31/31
f 549/549 353/353 264/264
f 156/156 438/438 165/165
f 156/156 155/155 438/438
f 554/554 246/246 249/249
f 246/246 554/554 344/344
f 164/164 542/542 462/462
f 542/542 164/164 163/163
f 47/47 46/46 257/257
f 257/257 46/46 184/184
f 106/106 417/417 105/105
f 414/414 105/105 417/417
f 449/449 451/451 362/362
f 52/52 362/362 451/451
f 175/175 375/375 137/137
f 137/137 136/136 175/175
f 262/262 20/20 474/474
f 474/474 473/473 262/262
f 524/524 85/85 523/523
f 418/418 523/523 85/85
f 400/400 13/13 273/273
f 400/400 493/493 13/13
f 540/540 225/225 224/224
f 541/541 540/540 224/224
f 19/19 292/292 472/472
f 472/472 471/471 19/19
f 214/214 244/244 410/410
f 410/410 256/256 214/214
f 351/351 235/235 234/234
f 235/235 351/351 350/350
f 494/494 330/330 558/558
f 558/558 330/330 357/357
f 32/32 549/549 265/265
f 265/265 75/75 32/32
f 10/10 459/459 458/458
f 459/459 10/10 12/12
f 518/518 35/35 157/157
f 35/35 556/556 157/157
f 500/500 321/321 319/319
f 345/345 321/321 500/500
f 327/327 12/12 428/428
f 428/428 12/12 427/427
f 447/447 553/553 448/448
f 553/553 492/492 448/448
f 143/143 142/142 486/486
f 486/486 369/369 143/143
f 94/94 306/306 92/92
f 533/533 92/92 306/306
f 376/376 174/174 15/15
f 174/174 376/376 375/375
f 263/263 262/262 473/473
f 473/473 336/336 263/263
f 350/350 349/349 203/203
f 130/130 203/203 349/349
f 379/379 539/539 354/354
f 354/354 539/539 167/167
f 289/289 356/356 183/183
f 183/183 182/182 289/289
f 302/302 187/187 186/186
f 186/186 533/533 302/302
f 507/507 280/280 282/282
f 280/280 507/507 279/279
f 484/484 426/426 150/150
f 150/150 426/426 151/151
f 247/247 557/557 527/527
f 478/478 557/557 247/247
f 220/220 424/424 526/526
f 149/149 220/220 526/526
f 510/510 511/511 118/118
f 511/511 510/510 404/404
f 124/124 209/209 512/512
f 512/512 86/86 124/124
f 536/536 212/212 43/43
f 536/536 43/43 34/34
f 9/9 522/522 161/161
f 522/522 9/9 8/8
f 421/421 184/184 183/183
f 184/184 421/421 256/256
f 471/471 474/474 20/20
f 20/20 19/19 471/471
f 98/98 546/546 471/471
f 546/546 98/98 466/466
f 238/238 95/95 370/370
f 370/370 430/430 238/238
f 136/136 130/130 423/423
f 349/349 423/423 130/130
f 505/505 221/221 392/392
f 392/392 57/57 505/505
f 74/74 548/548 72/72
f 548/548 74/74 481/481
f 299/299 229/229 231/231
f 232/232 231/231 229/229
f 267/267 266/266 559/559
f 45/45 267/267 559/559
f 112/112 538/538 110/110
f 112/112 364/364 538/538
f 550/550 482/482 283/283
f 482/482 550/550 483/483
f 48/48 489/489 490/490
f 491/491 490/490 489/489
f 403/403 409/409 491/491
f 491/491 511/511 403/403
f 337/337 339/339 389/389
f 258/258 389/389 339/339
f 524/524 308/308 470/470
f 470/470 307/307 524/524
f 334/334 506/506 282/282
f 507/507 282/282 506/506
f 222/222 424/424 269/269
f 269/269 223/223 222/222
f 441/441 552/552 111/111
f 440/440 552/552 441/441
f 205/205 467/467 145/145
f 467/467 205/205 138/138
f 545/545 230/230 73/73
f 230/230 545/545 228/228
f 268/268 544/544 223/223
f 223/223 269/269 268/268
f 291/291 181/181 446/446
f 446/446 292/292 291/291
f 498/498 83/83 82/82
f 82/82 152/152 498/498
f 77/77 250/250 475/475
f 475/475 78/78 77/77
f 188/188 272/272 553/553
f 272/272 188/188 271/271
f 195/195 495/495 193/193
f 495/495 496/496 193/193
f 445/445 70/70 22/22
f 70/70 532/532 22/22
f 166/166 165/165 437/437
f 437/437 264/264 166/166
f 7/7 501/501 8/8
f 366/366 8/8 501/501
f 468/468 534/534 75/75
f 534/534 468/468 469/469
f 198/198 503/503 195/195
f 503/503 198/198 197/197
f 49/49 434/434 50/50
f 49/49 432/432 434/434
f 107/107 487/487 544/544
f 388/388 464/464 463/463
f 463/463 96/96 388/388
f 560/560 561/561 562/562
f 563/563 564/564 565/565
f 566/566 567/567 568/568
f 569/569 570/570 571/571
f 572/572 573/573 574/574
f 575/575 576/576 577/577
f 578/578 579/579 580/580
f 581/581 582/582 583/583
f 584/584 585/585 586/586
f 587/587 588/588 589/589
f 590/590 591/591 592/592
f 593/593 594/594 595/595
f 596/596 597/597 598/598
f 599/599 576/576 600/600
f 601/601 602/602 603/603
f 604/604 605/605 606/606
f 607/607 608/608 609/609
f 610/610 611/611 612/612
f 613/613 614/614 615/615
f 616/616 617/617 618/618
f 619/619 620/620 621/621
f 603/603 622/622 623/623
f 624/624 604/604 625/625
f 626/626 627/627 628/628
f 590/590 629/629 630/630
f 631/631 632/632 633/633
f 634/634 635/635 636/636
f 600/600 637/637 638/638
f 639/639 640/640 641/641
f 642/642 643/643 644/644
f 645/645 646/646 647/647
f 648/648 649/649 650/650
f 651/651 610/610 652/652
f 653/653 613/613 615/615
f 614/614 654/654 655/655
f 656/656 657/657 658/658
f 610/610 659/659 660/660
f 661/661 662/662 663/663
f 632/632 664/664 633/633
f 665/665 636/636 666/666
f 620/620 667/667 668/668
f 669/669 670/670 671/671
f 672/672 673/673 674/674
f 675/675 676/676 677/677
f 678/678 679/679 680/680
f 678/678 681/681 682/682
f 683/683 684/684 685/685
f 622/622 686/686 687/687
f 688/688 665/665 666/666
f 689/689 631/631 690/690
f 689/689 691/691 692/692
f 634/634 688/688 693/693
f 694/694 695/695 696/696
f 697/697 698/698 699/699
f 586/586 700/700 584/584
f 701/701 589/589 588/588
f 702/702 703/703 704/704
f 705/705 645/645 706/706
f 707/707 708/708 705/705
f 641/641 702/702 709/709
f 710/710 711/711 712/712
f 713/713 714/714 715/715
f 716/716 717/717 718/718
f 719/719 567/567 720/720
f 721/721 722/722 723/723
f 724/724 725/725 726/726
f 727/727 728/728 729/729
f 730/730 731/731 732/732
f 645/645 733/733 646/646
f 734/734 735/735 640/640
f 604/604 736/736 737/737
f 738/738 603/603 739/739
f 638/638 575/575 577/577
f 600/600 638/638 599/599
f 629/629 590/590 740/740
f 629/629 741/741 579/579
f 742/742 601/601 603/603
f 605/605 743/743 606/606
f 622/622 744/744 745/745
f 746/746 747/747 748/748
f 749/749 750/750 751/751
f 752/752 753/753 754/754
f 755/755 756/756 757/757
f 758/758 661/661 759/759
f 611/611 760/760 612/612
f 681/681 761/761 682/682
f 762/762 763/763 764/764
f 765/765 766/766 767/767
f 768/768 769/769 770/770
f 716/716 771/771 772/772
f 714/714 713/713 773/773
f 774/774 775/775 776/776
f 777/777 778/778 779/779
f 780/780 781/781 782/782
f 783/783 784/784 785/785
f 786/786 787/787 788/788
f 582/582 581/581 789/789
f 790/790 791/791 792/792
f 572/572 793/793 794/794
f 795/795 796/796 797/797
f 798/798 799/799 800/800
f 801/801 616/616 618/618
f 802/802 803/803 804/804
f 762/762 805/805 806/806
f 807/807 796/796 795/795
f 807/807 572/572 808/808
f 774/774 809/809 810/810
f 715/715 811/811 713/713
f 761/761 812/812 813/813
f 657/657 656/656 814/814
f 610/610 815/815 652/652
f 678/678 816/816 817/817
f 593/593 595/595 818/818
f 819/819 820/820 821/821
f 822/822 823/823 824/824
f 825/825 751/751 750/750
f 826/826 827/827 828/828
f 829/829 830/830 831/831
f 832/832 833/833 624/624
f 834/834 835/835 670/670
f 836/836 837/837 838/838
f 654/654 653/653 655/655
f 594/594 821/821 595/595
f 607/607 839/839 608/608
f 821/821 820/820 840/840
f 839/839 841/841 608/608
f 842/842 843/843 844/844
f 845/845 846/846 847/847
f 848/848 849/849 850/850
f 806/806 805/805 851/851
f 852/852 853/853 854/854
f 855/855 856/856 857/857
f 858/858 859/859 860/860
f 861/861 862/862 644/644
f 661/661 863/863 864/864
f 865/865 866/866 867/867
f 863/863 868/868 869/869
f 870/870 871/871 872/872
f 873/873 762/762 874/874
f 766/766 875/875 876/876
f 771/771 768/768 772/772
f 775/775 877/877 776/776
f 878/878 879/879 880/880
f 879/879 881/881 749/749
f 882/882 883/883 884/884
f 885/885 886/886 887/887
f 888/888 889/889 873/873
f 890/890 888/888 891/891
f 562/562 892/892 560/560
f 893/893 894/894 895/895
f 804/804 896/896 802/802
f 897/897 898/898 899/899
f 793/793 900/900 794/794
f 791/791 582/582 792/792
f 790/790 901/901 902/902
f 583/583 790/790 581/581
f 787/787 903/903 788/788
f 784/784 777/777 785/785
f 783/783 904/904 905/905
f 783/783 906/906 907/907
f 908/908 909/909 910/910
f 911/911 912/912 913/913
f 914/914 915/915 916/916
f 917/917 766/766 914/914
f 918/918 919/919 920/920
f 670/670 921/921 922/922
f 923/923 924/924 925/925
f 926/926 927/927 928/928
f 929/929 930/930 931/931
f 830/830 932/932 831/831
f 933/933 915/915 765/765
f 915/915 934/934 875/875
f 935/935 597/597 596/596
f 935/935 607/607 936/936
f 570/570 569/569 937/937
f 938/938 894/894 564/564
f 939/939 940/940 941/941
f 909/909 942/942 910/910
f 943/943 944/944 945/945
f 943/943 946/946 947/947
f 780/780 948/948 781/781
f 949/949 786/786 948/948
f 769/769 768/768 950/950
f 716/716 951/951 952/952
f 953/953 954/954 955/955
f 709/709 639/639 641/641
f 645/645 956/956 957/957
f 958/958 959/959 960/960
f 622/622 961/961 962/962
f 748/748 747/747 963/963
f 887/887 964/964 885/885
f 625/625 965/965 624/624
f 966/966 918/918 920/920
f 967/967 968/968 619/619
f 969/969 726/726 725/725
f 968/968 970/970 971/971
f 972/972 973/973 587/587
f 974/974 973/973 972/972
f 975/975 976/976 977/977
f 978/978 979/979 980/980
f 981/981 982/982 983/983
f 984/984 985/985 986/986
f 987/987 641/641 988/988
f 989/989 990/990 991/991
f 992/992 993/993 994/994
f 645/645 995/995 996/996
f 671/671 997/997 669/669
f 998/998 669/669 999/999
f 983/983 1000/1000 1001/1001
f 1002/1002 1003/1003 1004/1004
f 1005/1005 895/895 1006/1006
f 564/564 937/937 938/938
f 904/904 783/783 778/778
f 778/778 777/777 904/904
f 685/685 1007/1007 683/683
f 1008/1008 1009/1009 1010/1010
f 1011/1011 620/620 1012/1012
f 1013/1013 1014/1014 1015/1015
f 1013/1013 1016/1016 1017/1017
f 1012/1012 968/968 1018/1018
f 679/679 678/678 812/812
f 812/812 761/761 679/679
f 1019/1019 1020/1020 1021/1021
f 1022/1022 926/926 1023/1023
f 703/703 1024/1024 704/704
f 1025/1025 1026/1026 1027/1027
f 947/947 1028/1028 1029/1029
f 871/871 1030/1030 872/872
f 790/790 583/583 1031/1031
f 1032/1032 629/629 790/790
f 984/984 658/658 1033/1033
f 984/984 986/986 1034/1034
f 798/798 801/801 1035/1035
f 680/680 1036/1036 678/678
f 1037/1037 1038/1038 1039/1039
f 1040/1040 1041/1041 738/738
f 1040/1040 1042/1042 1041/1041
f 909/909 908/908 1043/1043
f 868/868 1044/1044 1045/1045
f 944/944 1046/1046 945/945
f 868/868 758/758 1047/1047
f 1048/1048 1049/1049 837/837
f 844/844 1050/1050 842/842
f 1051/1051 845/845 1052/1052
f 1053/1053 1054/1054 1055/1055
f 604/604 606/606 1056/1056
f 1057/1057 748/748 963/963
f 744/744 1058/1058 745/745
f 1059/1059 857/857 856/856
f 1060/1060 854/854 853/853
f 927/927 1061/1061 928/928
f 683/683 622/622 684/684
f 1062/1062 1063/1063 834/834
f 1063/1063 1064/1064 731/731
f 1065/1065 1066/1066 1002/1002
f 659/659 819/819 821/821
f 800/800 799/799 1067/1067
f 653/653 615/615 1068/1068
f 614/614 655/655 1069/1069
f 801/801 618/618 1070/1070
f 636/636 635/635 1071/1071
f 688/688 666/666 1072/1072
f 692/692 691/691 1073/1073
f 631/631 633/633 1074/1074
f 590/590 592/592 1075/1075
f 576/576 599/599 1076/1076
f 638/638 577/577 1077/1077
f 579/579 741/741 580/580
f 714/714 773/773 1078/1078
f 774/774 776/776 809/809
f 768/768 770/770 1079/1079
f 716/716 772/772 951/951
f 657/657 814/814 1080/1080
f 610/610 612/612 815/815
f 761/761 813/813 1081/1081
f 678/678 682/682 816/816
f 777/777 779/779 1082/1082
f 780/780 782/782 1083/1083
f 783/783 785/785 906/906
f 786/786 788/788 1084/1084
f 582/582 789/789 1085/1085
f 790/790 792/792 901/901
f 572/572 794/794 573/573
f 795/795 797/797 1086/1086
f 920/920 1087/1087 966/966
f 1019/1019 1021/1021 1088/1088
f 1089/1089 672/672 674/674
f 676/676 1090/1090 677/677
f 688/688 1091/1091 1092/1092
f 1093/1093 637/637 1094/1094
f 786/786 1084/1084 1095/1095
f 948/948 786/786 781/781
f 762/762 1096/1096 763/763
f 1097/1097 1098/1098 1099/1099
f 1100/1100 1101/1101 1102/1102
f 1103/1103 899/899 898/898
f 1104/1104 1105/1105 1106/1106
f 1107/1107 1108/1108 1109/1109
f 823/823 822/822 1110/1110
f 862/862 861/861 1111/1111
f 1112/1112 587/587 973/973
f 753/753 752/752 1112/1112
f 630/630 1113/1113 590/590
f 950/950 716/716 769/769
f 1114/1114 699/699 698/698
f 1115/1115 696/696 695/695
f 1116/1116 1117/1117 995/995
f 1118/1118 1119/1119 1120/1120
f 1121/1121 1122/1122 988/988
f 990/990 989/989 1123/1123
f 567/567 719/719 568/568
f 1032/1032 1124/1124 629/629
f 710/710 1125/1125 1000/1000
f 894/894 893/893 892/892
f 1126/1126 1127/1127 1128/1128
f 1129/1129 882/882 1127/1127
f 1130/1130 1054/1054 886/886
f 1127/1127 1126/1126 1129/1129
f 1131/1131 628/628 627/627
f 972/972 1132/1132 974/974
f 872/872 1133/1133 1134/1134
f 1135/1135 1136/1136 662/662
f 1014/1014 1013/1013 1137/1137
f 1016/1016 1138/1138 1139/1139
f 889/889 896/896 873/873
f 896/896 1140/1140 1141/1141
f 1142/1142 1143/1143 1144/1144
f 1145/1145 1146/1146 1147/1147
f 1148/1148 1149/1149 1150/1150
f 1010/1010 1151/1151 1008/1008
f 1152/1152 1153/1153 1154/1154
f 645/645 647/647 1155/1155
f 643/643 1156/1156 1157/1157
f 1157/1157 1156/1156 998/998
f 717/717 1158/1158 718/718
f 1159/1159 1160/1160 1161/1161
f 702/702 704/704 1162/1162
f 1026/1026 1163/1163 1027/1027
f 1099/1099 1164/1164 1097/1097
f 1165/1165 1166/1166 976/976
f 905/905 1167/1167 1168/1168
f 1169/1169 1092/1092 1091/1091
f 1033/1033 1170/1170 984/984
f 1171/1171 1172/1172 1173/1173
f 737/737 602/602 601/601
f 1174/1174 1038/1038 1037/1037
f 1049/1049 1175/1175 837/837
f 836/836 838/838 1176/1176
f 723/723 1177/1177 721/721
f 1178/1178 1179/1179 922/922
f 1006/1006 938/938 937/937
f 1169/1169 1180/1180 1181/1181
f 1182/1182 999/999 1183/1183
f 1184/1184 1185/1185 1186/1186
f 1187/1187 1188/1188 1189/1189
f 1190/1190 1191/1191 1192/1192
f 978/978 1193/1193 1194/1194
f 1194/1194 1193/1193 1195/1195
f 1196/1196 1197/1197 1198/1198
f 1199/1199 591/591 590/590
f 913/913 1042/1042 911/911
f 939/939 1147/1147 1200/1200
f 848/848 762/762 804/804
f 803/803 848/848 804/804
f 1201/1201 575/575 1202/1202
f 579/579 1203/1203 1204/1204
f 1205/1205 984/984 1206/1206
f 1207/1207 1208/1208 1209/1209
f 988/988 1122/1122 1210/1210
f 1211/1211 1212/1212 1213/1213
f 1214/1214 1215/1215 1216/1216
f 726/726 969/969 1217/1217
f 1218/1218 616/616 801/801
f 1219/1219 793/793 572/572
f 1220/1220 787/787 786/786
f 904/904 1221/1221 1222/1222
f 677/677 1090/1090 673/673
f 1223/1223 825/825 823/823
f 1113/1113 630/630 1224/1224
f 720/720 1225/1225 1226/1226
f 660/660 611/611 610/610
f 679/679 1227/1227 1228/1228
f 1054/1054 1053/1053 1229/1229
f 1230/1230 1231/1231 1232/1232
f 750/750 749/749 881/881
f 641/641 987/987 645/645
f 1233/1233 562/562 561/561
f 894/894 565/565 564/564
f 1234/1234 852/852 1235/1235
f 856/856 1236/1236 1059/1059
f 1002/1002 1237/1237 1238/1238
f 1237/1237 1239/1239 1238/1238
f 1240/1240 1161/1161 1241/1241
f 1242/1242 1241/1241 1243/1243
f 1001/1001 1244/1244 983/983
f 986/986 1245/1245 983/983
f 1036/1036 680/680 1246/1246
f 1247/1247 1248/1248 1249/1249
f 828/828 1250/1250 826/826
f 896/896 1251/1251 802/802
f 1094/1094 1005/1005 1093/1093
f 811/811 774/774 810/810
f 722/722 835/835 1252/1252
f 1253/1253 1020/1020 1019/1019
f 1182/1182 1132/1132 728/728
f 1132/1132 972/972 728/728
f 762/762 1254/1254 874/874
f 1255/1255 1256/1256 1254/1254
f 1022/1022 622/622 1257/1257
f 1258/1258 622/622 1259/1259
f 1260/1260 1261/1261 1151/1151
f 1150/1150 1262/1262 1148/1148
f 568/568 719/719 1032/1032
f 1031/1031 1263/1263 1264/1264
f 1265/1265 1266/1266 971/971
f 670/670 922/922 1267/1267
f 674/674 1268/1268 1089/1089
f 1269/1269 1090/1090 1270/1270
f 1271/1271 1063/1063 833/833
f 603/603 738/738 604/604
f 1050/1050 844/844 1051/1051
f 996/996 1272/1272 1273/1273
f 992/992 1123/1123 989/989
f 1274/1274 1052/1052 1275/1275
f 1276/1276 1277/1277 755/755
f 1029/1029 867/867 947/947
f 941/941 910/910 942/942
f 736/736 604/604 738/738
f 1278/1278 1279/1279 1250/1250
f 1280/1280 1281/1281 1282/1282
f 991/991 1120/1120 1119/1119
f 1283/1283 1121/1121 988/988
f 1273/1273 1284/1284 996/996
f 733/733 640/640 735/735
f 1285/1285 1286/1286 1268/1268
f 1270/1270 1287/1287 1269/1269
f 646/646 733/733 735/735
f 842/842 1288/1288 1052/1052
f 1289/1289 560/560 892/892
f 937/937 564/564 1290/1290
f 587/587 1112/1112 860/860
f 585/585 860/860 859/859
f 1291/1291 1096/1096 1292/1292
f 1096/1096 1293/1293 763/763
f 941/941 940/940 910/910
f 1145/1145 1143/1143 1294/1294
f 1295/1295 1296/1296 1225/1225
f 567/567 1246/1246 680/680
f 824/824 880/880 1297/1297
f 1298/1298 1299/1299 1110/1110
f 1186/1186 1185/1185 1300/1300
f 1301/1301 1302/1302 1021/1021
f 700/700 1059/1059 1236/1236
f 854/854 1235/1235 852/852
f 1303/1303 1028/1028 947/947
f 1304/1304 1305/1305 1045/1045
f 911/911 1042/1042 1306/1306
f 908/908 1307/1307 1308/1308
f 669/669 997/997 999/999
f 1309/1309 1183/1183 999/999
f 1153/1153 1152/1152 1310/1310
f 954/954 953/953 843/843
f 1130/1130 1311/1311 1127/1127
f 1312/1312 743/743 605/605
f 963/963 747/747 745/745
f 962/962 961/961 965/965
f 1040/1040 1313/1313 1174/1174
f 1314/1314 1315/1315 1316/1316
f 1174/1174 1317/1317 1040/1040
f 1318/1318 1316/1316 1315/1315
f 1123/1123 992/992 994/994
f 1212/1212 1211/1211 1319/1319
f 755/755 1320/1320 756/756
f 1320/1320 984/984 756/756
f 823/823 1110/1110 1223/1223
f 1321/1321 751/751 1322/1322
f 1323/1323 1137/1137 1324/1324
f 1139/1139 1325/1325 1326/1326
f 1327/1327 1328/1328 985/985
f 1329/1329 981/981 1330/1330
f 1162/1162 704/704 1163/1163
f 957/957 956/956 1331/1331
f 1176/1176 838/838 1332/1332
f 1175/1175 1333/1333 1047/1047
f 1179/1179 1178/1178 1334/1334
f 920/920 919/919 1177/1177
f 1009/1009 1008/1008 685/685
f 748/748 1057/1057 744/744
f 746/746 1022/1022 832/832
f 684/684 746/746 1335/1335
f 1026/1026 1025/1025 703/703
f 672/672 1089/1089 675/675
f 1336/1336 1337/1337 1338/1338
f 851/851 1339/1339 806/806
f 891/891 1340/1340 890/890
f 899/899 1103/1103 1101/1101
f 801/801 798/798 1249/1249
f 1263/1263 1031/1031 583/583
f 1341/1341 774/774 811/811
f 1342/1342 1125/1125 571/571
f 1056/1056 606/606 742/742
f 623/623 1343/1343 603/603
f 1024/1024 703/703 1025/1025
f 845/845 1051/1051 844/844
f 829/829 1344/1344 1255/1255
f 1279/1279 1278/1278 1255/1255
f 1345/1345 1346/1346 912/912
f 1308/1308 1043/1043 908/908
f 1347/1347 1039/1039 1038/1038
f 1042/1042 1348/1348 1041/1041
f 1200/1200 1147/1147 1146/1146
f 1144/1144 1349/1349 1142/1142
f 1350/1350 1087/1087 1351/1351
f 1302/1302 1301/1301 1214/1214
f 973/973 1352/1352 1112/1112
f 1112/1112 1353/1353 753/753
f 1129/1129 1174/1174 1313/1313
f 886/886 1313/1313 1130/1130
f 976/976 1354/1354 977/977
f 930/930 929/929 977/977
f 1282/1282 1106/1106 1280/1280
f 766/766 1355/1355 875/875
f 916/916 917/917 914/914
f 1356/1356 1102/1102 1101/1101
f 934/934 876/876 875/875
f 1192/1192 1357/1357 1190/1190
f 767/767 933/933 765/765
f 1338/1338 1195/1195 1193/1193
f 964/964 887/887 1230/1230
f 1231/1231 1230/1230 1358/1358
f 1198/1198 600/600 1196/1196
f 600/600 1198/1198 637/637
f 1359/1359 863/863 943/943
f 863/863 661/661 872/872
f 644/644 1360/1360 861/861
f 1322/1322 1361/1361 1110/1110
f 589/589 701/701 586/586
f 589/589 859/859 858/858
f 980/980 975/975 978/978
f 802/802 1362/1362 803/803
f 1030/1030 1135/1135 1363/1363
f 869/869 1364/1364 863/863
f 1045/1045 1365/1365 1304/1304
f 1365/1365 1045/1045 663/663
f 1366/1366 1367/1367 1368/1368
f 1367/1367 824/824 823/823
f 1369/1369 1180/1180 1370/1370
f 1091/1091 688/688 1371/1371
f 1226/1226 1372/1372 720/720
f 716/716 950/950 1372/1372
f 1177/1177 723/723 920/920
f 1373/1373 1253/1253 1019/1019
f 1236/1236 584/584 700/700
f 588/588 1234/1234 701/701
f 1374/1374 1375/1375 893/893
f 1375/1375 1374/1374 1290/1290
f 696/696 855/855 694/694
f 853/853 1114/1114 1060/1060
f 786/786 1376/1376 1220/1220
f 1376/1376 786/786 949/949
f 918/918 966/966 1012/1012
f 1012/1012 620/620 1013/1013
f 637/637 1202/1202 638/638
f 638/638 1202/1202 575/575
f 857/857 694/694 855/855
f 698/698 1060/1060 1114/1114
f 865/865 1237/1237 651/651
f 1377/1377 1378/1378 1237/1237
f 699/699 563/563 697/697
f 561/561 1115/1115 1233/1233
f 1120/1120 1122/1122 1118/1118
f 1379/1379 1380/1380 1381/1381
f 1184/1184 924/924 1182/1182
f 1185/1185 1184/1184 1182/1182
f 968/968 1012/1012 966/966
f 619/619 968/968 725/725
f 695/695 1233/1233 1115/1115
f 565/565 697/697 563/563
f 1382/1382 1287/1287 1383/1383
f 1268/1268 674/674 1269/1269
f 982/982 937/937 569/569
f 1181/1181 1180/1180 1369/1369
f 943/943 1384/1384 944/944
f 944/944 1384/1384 1209/1209
f 1385/1385 973/973 974/974
f 1385/1385 1111/1111 649/649
f 676/676 675/675 1089/1089
f 1286/1286 1285/1285 1270/1270
f 1261/1261 1260/1260 1150/1150
f 1007/1007 685/685 1008/1008
f 1058/1058 744/744 1057/1057
f 886/886 885/885 882/882
f 1386/1386 1224/1224 630/630
f 719/719 1124/1124 1032/1032
f 1387/1387 1388/1388 1044/1044
f 757/757 756/756 1389/1389
f 758/758 868/868 1048/1048
f 943/943 1390/1390 1359/1359
f 1149/1149 1148/1148 1010/1010
f 686/686 622/622 683/683
f 1257/1257 622/622 1258/1258
f 923/923 1391/1391 924/924
f 1155/1155 647/647 734/734
f 639/639 709/709 956/956
f 641/641 1392/1392 988/988
f 988/988 1392/1392 1283/1283
f 1345/1345 912/912 1393/1393
f 1393/1393 912/912 1394/1394
f 1395/1395 1396/1396 1397/1397
f 1151/1151 1010/1010 1148/1148
f 1398/1398 847/847 846/846
f 847/847 1398/1398 1154/1154
f 1123/1123 994/994 1211/1211
f 1123/1123 1399/1399 990/990
f 871/871 870/870 1004/1004
f 1001/1001 1000/1000 1004/1004
f 1266/1266 1265/1265 1400/1400
f 1014/1014 1400/1400 1401/1401
f 1402/1402 1403/1403 1404/1404
f 1238/1238 1239/1239 1405/1405
f 1406/1406 1209/1209 1384/1384
f 1209/1209 1406/1406 1207/1207
f 1066/1066 1065/1065 1000/1000
f 1125/1125 1241/1241 1000/1000
f 989/989 1050/1050 992/992
f 1275/1275 1407/1407 1274/1274
f 983/983 1244/1244 986/986
f 1048/1048 837/837 758/758
f 968/968 1408/1408 1324/1324
f 1326/1326 1409/1409 1139/1139
f 620/620 1409/1409 1326/1326
f 1324/1324 1408/1408 1323/1323
f 1216/1216 668/668 1214/1214
f 726/726 967/967 621/621
f 621/621 967/967 619/619
f 620/620 668/668 1216/1216
f 1410/1410 759/759 1411/1411
f 1044/1044 1412/1412 1045/1045
f 1412/1412 1044/1044 1388/1388
f 759/759 1410/1410 758/758
f 1208/1208 1207/1207 1205/1205
f 866/866 865/865 651/651
f 1413/1413 679/679 935/935
f 1296/1296 1295/1295 717/717
f 949/949 688/688 634/634
f 949/949 1371/1371 688/688
f 1134/1134 1133/1133 869/869
f 1364/1364 869/869 1133/1133
f 721/721 835/835 722/722
f 1414/1414 1415/1415 921/921
f 1161/1161 1243/1243 1241/1241
f 819/819 593/593 818/818
f 1023/1023 832/832 1022/1022
f 1271/1271 1023/1023 722/722
f 1042/1042 1040/1040 1317/1317
f 1317/1317 1306/1306 1042/1042
f 1416/1416 712/712 711/711
f 983/983 982/982 569/569
f 924/924 1132/1132 1182/1182
f 974/974 1132/1132 1131/1131
f 1401/1401 1417/1417 1179/1179
f 918/918 1015/1015 1179/1179
f 1145/1145 1418/1418 1419/1419
f 1418/1418 1145/1145 1420/1420
f 1059/1059 700/700 1235/1235
f 700/700 586/586 701/701
f 1027/1027 1163/1163 704/704
f 959/959 958/958 953/953
f 939/939 1144/1144 1419/1419
f 1144/1144 939/939 1200/1200
f 736/736 1421/1421 737/737
f 1038/1038 1421/1421 1347/1347
f 1117/1117 992/992 996/996
f 995/995 1117/1117 996/996
f 1422/1422 745/745 747/747
f 622/622 745/745 1422/1422
f 1423/1423 648/648 1424/1424
f 648/648 1423/1423 1321/1321
f 1425/1425 1084/1084 788/788
f 1426/1426 779/779 1427/1427
f 1428/1428 782/782 1429/1429
f 906/906 1426/1426 1430/1430
f 1431/1431 816/816 1432/1432
f 1433/1433 813/813 1434/1434
f 815/815 1435/1435 1436/1436
f 814/814 1437/1437 1438/1438
f 773/773 1439/1439 1440/1440
f 1441/1441 951/951 1442/1442
f 809/809 1443/1443 1444/1444
f 1445/1445 770/770 1446/1446
f 736/736 1447/1447 1421/1421
f 1447/1447 736/736 1448/1448
f 1449/1449 789/789 1450/1450
f 797/797 1451/1451 1452/1452
f 1453/1453 901/901 1454/1454
f 573/573 1455/1455 1456/1456
f 1272/1272 996/996 992/992
f 1052/1052 1274/1274 1051/1051
f 1210/1210 1213/1213 1212/1212
f 995/995 645/645 987/987
f 626/626 642/642 1457/1457
f 626/626 998/998 642/642
f 1040/1040 1315/1315 1314/1314
f 1040/1040 738/738 1315/1315
f 781/781 1429/1429 782/782
f 1430/1430 907/907 906/906
f 786/786 1095/1095 1458/1458
f 783/783 907/907 1459/1459
f 716/716 952/952 1460/1460
f 811/811 810/810 1461/1461
f 769/769 1446/1446 770/770
f 713/713 1444/1444 1443/1443
f 819/819 1462/1462 820/820
f 607/607 609/609 936/936
f 1463/1463 818/818 1464/1464
f 597/597 1465/1465 1466/1466
f 1080/1080 1467/1467 760/760
f 682/682 1432/1432 816/816
f 761/761 1081/1081 1468/1468
f 612/612 1438/1438 1437/1437
f 777/777 1082/1082 1469/1469
f 785/785 1470/1470 906/906
f 772/772 1442/1442 951/951
f 1078/1078 1471/1471 877/877
f 768/768 1079/1079 1472/1472
f 776/776 1440/1440 1439/1439
f 582/582 1085/1085 1473/1473
f 794/794 1452/1452 1451/1451
f 1086/1086 1474/1474 900/900
f 792/792 1454/1454 901/901
f 608/608 1466/1466 1465/1465
f 821/821 840/840 1475/1475
f 598/598 1476/1476 841/841
f 595/595 1464/1464 818/818
f 652/652 1477/1477 651/651
f 678/678 817/817 1478/1478
f 656/656 1436/1436 1435/1435
f 812/812 1434/1434 813/813
f 592/592 1479/1479 1480/1480
f 577/577 1481/1481 1077/1077
f 580/580 1482/1482 578/578
f 576/576 1076/1076 1483/1483
f 633/633 1484/1484 1485/1485
f 1073/1073 1486/1486 664/664
f 636/636 1071/1071 1487/1487
f 666/666 1488/1488 1072/1072
f 614/614 1069/1069 1489/1489
f 618/618 1490/1490 1491/1491
f 615/615 1492/1492 1068/1068
f 1067/1067 1493/1493 617/617
f 581/581 1450/1450 789/789
f 796/796 1456/1456 1455/1455
f 790/790 902/902 1494/1494
f 572/572 574/574 808/808
f 690/690 691/691 689/689
f 635/635 1495/1495 1496/1496
f 688/688 1072/1072 693/693
f 1485/1485 1074/1074 633/633
f 768/768 1497/1497 950/950
f 877/877 1497/1497 768/768
f 599/599 1498/1498 1076/1076
f 741/741 1480/1480 1479/1479
f 590/590 1075/1075 740/740
f 638/638 1077/1077 1499/1499
f 653/653 1068/1068 1500/1500
f 801/801 1070/1070 1035/1035
f 655/655 1501/1501 1069/1069
f 799/799 1491/1491 1490/1490
f 1016/1016 1013/1013 620/620
f 1309/1309 999/999 997/997
f 1424/1424 880/880 1423/1423
f 1502/1502 1110/1110 1299/1299
f 1262/1262 1150/1150 1260/1260
f 1260/1260 1503/1503 1262/1262
f 1504/1504 1505/1505 780/780
f 777/777 784/784 903/903
f 1105/1105 1104/1104 1108/1108
f 1506/1506 891/891 1507/1507
f 1508/1508 1249/1249 1248/1248
f 1249/1249 1508/1508 801/801
f 1300/1300 724/724 1509/1509
f 1215/1215 1509/1509 1510/1510
f 1343/1343 623/623 625/625
f 965/965 625/625 962/962
f 582/582 1511/1511 583/583
f 793/793 1512/1512 1511/1511
f 850/850 979/979 1188/1188
f 979/979 850/850 849/849
f 1229/1229 883/883 1054/1054
f 883/883 1229/1229 1513/1513
f 846/846 1310/1310 1398/1398
f 1310/1310 846/846 1153/1153
f 827/827 826/826 932/932
f 1166/1166 1165/1165 1164/1164
f 1312/1312 1055/1055 1513/1513
f 1055/1055 1312/1312 1053/1053
f 896/896 1514/1514 1251/1251
f 1250/1250 897/897 1278/1278
f 725/725 1351/1351 969/969
f 1515/1515 1302/1302 1214/1214
f 1331/1331 1516/1516 957/957
f 702/702 1516/1516 1331/1331
f 1154/1154 1517/1517 1152/1152
f 1517/1517 1154/1154 1398/1398
f 999/999 1182/1182 729/729
f 999/999 729/729 1353/1353
f 1330/1330 981/981 1518/1518
f 1219/1219 1330/1330 654/654
f 1519/1519 1520/1520 746/746
f 1520/1520 1519/1519 961/961
f 1022/1022 684/684 622/622
f 746/746 684/684 1022/1022
f 1521/1521 1389/1389 756/756
f 837/837 836/836 1034/1034
f 1205/1205 1206/1206 1208/1208
f 1320/1320 755/755 1277/1277
f 706/706 707/707 705/705
f 707/707 706/706 1516/1516
f 1522/1522 1049/1049 1046/1046
f 1049/1049 1048/1048 1046/1046
f 730/730 924/924 1391/1391
f 1132/1132 924/924 1131/1131
f 1131/1131 732/732 628/628
f 1062/1062 834/834 670/670
f 1523/1523 702/702 705/705
f 702/702 1523/1523 1524/1524
f 725/725 724/724 619/619
f 1182/1182 1183/1183 1185/1185
f 1525/1525 1088/1088 1526/1526
f 1527/1527 1088/1088 1525/1525
f 1313/1313 886/886 1129/1129
f 882/882 1129/1129 886/886
f 977/977 1354/1354 930/930
f 1164/1164 1099/1099 1166/1166
f 1335/1335 1528/1528 687/687
f 746/746 1528/1528 1335/1335
f 1339/1339 1337/1337 1336/1336
f 1529/1529 1339/1339 1336/1336
f 1530/1530 1524/1524 1531/1531
f 702/702 1524/1524 1530/1530
f 761/761 681/681 760/760
f 1173/1173 1532/1532 657/657
f 1197/1197 1196/1196 1533/1533
f 1497/1497 877/877 775/775
f 1415/1415 1414/1414 1177/1177
f 1534/1534 1177/1177 1535/1535
f 751/751 1321/1321 1536/1536
f 1321/1321 879/879 1536/1536
f 1513/1513 884/884 883/883
f 884/884 1513/1513 1055/1055
f 622/622 687/687 1537/1537
f 1537/1537 687/687 1528/1528
f 1287/1287 1270/1270 1285/1285
f 1285/1285 1383/1383 1287/1287
f 675/675 1538/1538 705/705
f 705/705 1538/1538 1523/1523
f 1092/1092 665/665 688/688
f 664/664 692/692 1073/1073
f 1404/1404 1303/1303 1402/1402
f 946/946 1539/1539 1540/1540
f 841/841 596/596 598/598
f 593/593 1160/1160 594/594
f 1541/1541 788/788 1542/1542
f 1469/1469 1082/1082 1543/1543
f 788/788 1541/1541 1425/1425
f 1083/1083 1543/1543 903/903
f 867/867 1029/1029 865/865
f 1544/1544 1377/1377 1237/1237
f 717/717 716/716 1296/1296
f 1372/1372 1226/1226 716/716
f 617/617 800/800 1067/1067
f 1170/1170 613/613 653/653
f 1138/1138 1016/1016 671/671
f 1267/1267 922/922 1545/1545
f 1255/1255 1344/1344 1279/1279
f 831/831 932/932 826/826
f 589/589 972/972 587/587
f 972/972 589/589 858/858
f 708/708 1531/1531 1524/1524
f 1163/1163 1531/1531 708/708
f 860/860 585/585 587/587
f 588/588 587/587 585/585
f 1168/1168 1546/1546 795/795
f 582/582 791/791 900/900
f 1294/1294 1349/1349 1146/1146
f 1294/1294 1547/1547 1145/1145
f 768/768 771/771 877/877
f 718/718 1548/1548 714/714
f 892/892 562/562 894/894
f 565/565 894/894 562/562
f 1043/1043 1347/1347 1421/1421
f 738/738 1041/1041 1549/1549
f 1550/1550 955/955 960/960
f 955/955 1550/1550 953/953
f 782/782 1425/1425 1541/1541
f 1551/1551 906/906 1470/1470
f 1232/1232 1552/1552 1230/1230
f 1552/1552 1232/1232 885/885
f 1211/1211 994/994 1319/1319
f 1121/1121 1118/1118 1122/1122
f 1405/1405 1553/1553 1238/1238
f 1004/1004 1003/1003 871/871
f 992/992 1117/1117 1554/1554
f 1119/1119 1283/1283 1392/1392
f 662/662 1363/1363 1135/1135
f 661/661 1363/1363 662/662
f 1339/1339 851/851 1337/1337
f 1191/1191 1190/1190 851/851
f 1042/1042 913/913 1555/1555
f 1039/1039 1308/1308 1307/1307
f 972/972 1556/1556 754/754
f 754/754 1556/1556 752/752
f 564/564 563/563 560/560
f 560/560 1289/1289 564/564
f 670/670 835/835 921/921
f 921/921 835/835 1414/1414
f 1123/1123 1211/1211 1381/1381
f 1381/1381 1211/1211 1379/1379
f 649/649 973/973 1385/1385
f 1352/1352 973/973 649/649
f 650/650 649/649 1111/1111
f 1424/1424 1502/1502 1299/1299
f 1235/1235 701/701 1234/1234
f 701/701 1235/1235 700/700
f 1557/1557 976/976 975/975
f 802/802 1557/1557 1362/1362
f 1306/1306 1420/1420 911/911
f 1420/1420 1306/1306 1418/1418
f 778/778 1427/1427 779/779
f 1558/1558 1095/1095 1084/1084
f 1235/1235 854/854 1059/1059
f 857/857 1059/1059 854/854
f 1559/1559 960/960 955/955
f 960/960 1559/1559 958/958
f 968/968 1217/1217 1560/1560
f 1560/1560 1217/1217 969/969
f 1313/1313 1040/1040 1314/1314
f 1313/1313 1311/1311 1130/1130
f 1174/1174 1129/1129 1561/1561
f 1316/1316 1318/1318 1174/1174
f 1268/1268 1562/1562 1285/1285
f 1562/1562 1268/1268 1563/1563
f 1397/1397 1151/1151 1395/1395
f 1151/1151 1397/1397 1260/1260
f 827/827 1564/1564 1565/1565
f 1565/1565 1564/1564 830/830
f 920/920 1527/1527 1525/1525
f 1527/1527 920/920 1566/1566
f 644/644 1385/1385 974/974
f 644/644 1457/1457 642/642
f 843/843 1153/1153 954/954
f 842/842 1153/1153 843/843
f 586/586 859/859 589/589
f 859/859 586/586 585/585
f 1234/1234 588/588 584/584
f 585/585 584/584 588/588
f 1353/1353 1112/1112 1352/1352
f 1353/1353 1567/1567 1321/1321
f 674/674 673/673 1090/1090
f 1090/1090 1269/1269 674/674
f 1380/1380 990/990 1399/1399
f 1120/1120 991/991 990/990
f 854/854 1060/1060 857/857
f 694/694 857/857 1060/1060
f 1114/1114 853/853 855/855
f 856/856 855/855 853/853
f 852/852 1234/1234 1236/1236
f 584/584 1236/1236 1234/1234
f 1054/1054 1358/1358 886/886
f 1358/1358 1054/1054 1231/1231
f 1236/1236 856/856 852/852
f 853/853 852/852 856/856
f 943/943 863/863 872/872
f 1539/1539 946/946 943/943
f 695/695 694/694 698/698
f 1060/1060 698/698 694/694
f 1340/1340 891/891 1506/1506
f 1568/1568 1506/1506 1140/1140
f 1278/1278 1281/1281 1280/1280
f 1101/1101 1100/1100 899/899
f 1114/1114 696/696 1115/1115
f 855/855 696/696 1114/1114
f 698/698 697/697 695/695
f 1233/1233 695/695 697/697
f 896/896 889/889 1140/1140
f 1568/1568 1140/1140 889/889
f 1115/1115 561/561 699/699
f 699/699 1114/1114 1115/1115
f 561/561 560/560 563/563
f 563/563 699/699 561/561
f 697/697 565/565 1233/1233
f 562/562 1233/1233 565/565
f 923/923 1569/1569 1391/1391
f 731/731 1258/1258 1063/1063
f 1566/1566 1570/1570 1527/1527
f 1570/1570 1566/1566 722/722
f 903/903 787/787 777/777
f 777/777 1571/1571 904/904
f 1370/1370 1093/1093 1005/1005
f 1371/1371 1370/1370 1180/1180
f 624/624 833/833 604/604
f 603/603 604/604 833/833
f 1572/1572 1545/1545 922/922
f 1417/1417 1401/1401 1400/1400
f 1448/1448 738/738 1549/1549
f 738/738 1448/1448 736/736
f 1050/1050 1288/1288 842/842
f 1050/1050 989/989 1275/1275
f 761/761 1573/1573 679/679
f 760/760 611/611 761/761
f 1051/1051 992/992 1050/1050
f 992/992 1051/1051 1574/1574
f 1303/1303 1404/1404 1378/1378
f 1404/1404 1237/1237 1378/1378
f 870/870 872/872 661/661
f 661/661 758/758 1001/1001
f 915/915 875/875 916/916
f 1102/1102 1282/1282 1281/1281
f 603/603 1259/1259 622/622
f 833/833 1259/1259 603/603
f 1357/1357 1338/1338 1337/1337
f 766/766 876/876 767/767
f 1421/1421 1038/1038 737/737
f 737/737 1318/1318 739/739
f 915/915 933/933 934/934
f 1195/1195 1192/1192 1575/1575
f 1010/1010 686/686 1149/1149
f 1009/1009 686/686 1010/1010
f 564/564 1576/1576 1290/1290
f 1290/1290 1576/1576 1375/1375
f 1293/1293 1098/1098 763/763
f 931/931 1293/1293 929/929
f 766/766 917/917 1355/1355
f 1106/1106 1356/1356 1104/1104
f 1322/1322 643/643 1321/1321
f 1577/1577 1578/1578 1110/1110
f 1360/1360 1110/1110 861/861
f 861/861 1110/1110 1502/1502
f 578/578 1196/1196 575/575
f 591/591 578/578 592/592
f 1444/1444 713/713 1579/1579
f 1460/1460 952/952 1461/1461
f 1468/1468 1081/1081 1467/1467
f 1438/1438 612/612 1580/1580
f 808/808 796/796 807/807
f 1581/1581 902/902 901/901
f 1440/1440 776/776 1582/1582
f 1472/1472 1079/1079 1471/1471
f 1583/1583 1077/1077 1481/1481
f 740/740 741/741 629/629
f 1473/1473 1085/1085 1474/1474
f 1452/1452 794/794 1584/1584
f 1585/1585 1068/1068 1492/1492
f 1035/1035 799/799 798/798
f 1496/1496 1071/1071 635/635
f 664/664 1486/1486 633/633
f 1479/1479 592/592 1586/1586
f 1586/1586 1076/1076 1498/1498
f 1587/1587 840/840 1588/1588
f 1466/1466 608/608 1587/1587
f 1589/1589 1069/1069 1501/1501
f 1490/1490 618/618 1589/1589
f 1590/1590 817/817 816/816
f 651/651 1477/1477 656/656
f 1264/1264 568/568 1031/1031
f 568/568 1264/1264 566/566
f 1368/1368 641/641 645/645
f 825/825 1368/1368 645/645
f 683/683 1149/1149 686/686
f 1007/1007 1149/1149 683/683
f 1511/1511 582/582 793/793
f 900/900 793/793 582/582
f 918/918 1012/1012 1013/1013
f 1015/1015 1591/1591 1013/1013
f 636/636 665/665 632/632
f 1222/1222 1221/1221 1220/1220
f 770/770 1441/1441 1582/1582
f 1439/1439 809/809 776/776
f 813/813 1431/1431 1580/1580
f 1437/1437 815/815 612/612
f 1443/1443 773/773 713/713
f 951/951 1445/1445 1579/1579
f 816/816 1433/1433 1590/1590
f 1435/1435 814/814 656/656
f 1451/1451 573/573 794/794
f 789/789 1453/1453 1584/1584
f 1455/1455 797/797 796/796
f 901/901 1449/1449 1581/1581
f 1278/1278 1280/1280 1107/1107
f 1108/1108 1107/1107 1105/1105
f 1416/1416 711/711 1000/1000
f 1000/1000 711/711 710/710
f 693/693 635/635 634/634
f 631/631 1074/1074 690/690
f 820/820 1588/1588 840/840
f 820/820 1462/1462 609/609
f 1034/1034 1592/1592 837/837
f 837/837 1592/1592 1244/1244
f 1188/1188 979/979 1191/1191
f 979/979 978/978 1575/1575
f 905/905 790/790 783/783
f 790/790 905/905 1168/1168
f 691/691 1485/1485 1484/1484
f 1495/1495 1072/1072 1488/1488
f 989/989 1407/1407 1275/1275
f 1284/1284 1273/1273 989/989
f 818/818 1462/1462 819/819
f 936/936 597/597 935/935
f 1342/1342 1341/1341 1125/1125
f 1005/1005 893/893 895/895
f 1017/1017 1011/1011 1018/1018
f 1018/1018 1011/1011 1012/1012
f 1563/1563 1269/1269 1287/1287
f 1269/1269 1563/1563 1268/1268
f 821/821 594/594 839/839
f 1228/1228 1227/1227 660/660
f 783/783 1204/1204 1504/1504
f 629/629 783/783 790/790
f 1017/1017 1139/1139 1409/1409
f 1139/1139 1017/1017 1016/1016
f 692/692 664/664 1092/1092
f 1546/1546 1168/1168 1167/1167
f 678/678 1171/1171 1173/1173
f 1036/1036 1171/1171 678/678
f 1351/1351 725/725 1350/1350
f 966/966 725/725 968/968
f 868/868 1047/1047 1593/1593
f 1333/1333 1593/1593 1047/1047
f 1594/1594 969/969 1351/1351
f 969/969 1594/1594 1560/1560
f 948/948 1202/1202 637/637
f 1202/1202 948/948 1201/1201
f 1090/1090 1595/1595 1596/1596
f 1596/1596 1595/1595 1597/1597
f 661/661 663/663 1332/1332
f 1332/1332 663/663 1176/1176
f 1149/1149 1598/1598 1599/1599
f 1599/1599 1598/1598 1600/1600
f 1601/1601 1597/1597 1595/1595
f 1268/1268 1597/1597 1601/1601
f 667/667 971/971 668/668
f 971/971 667/667 1265/1265
f 1602/1602 1600/1600 1598/1598
f 1151/1151 1600/1600 1602/1602
f 1173/1173 1172/1172 1532/1532
f 800/800 617/617 1170/1170
f 1204/1204 1203/1203 1504/1504
f 1505/1505 1504/1504 1203/1203
f 596/596 1158/1158 717/717
f 1548/1548 718/718 1158/1158
f 998/998 626/626 1603/1603
f 670/670 1603/1603 626/626
f 734/734 639/639 1155/1155
f 639/639 734/734 640/640
f 1254/1254 829/829 1255/1255
f 762/762 764/764 1254/1254
f 629/629 1124/1124 630/630
f 630/630 1124/1124 1386/1386
f 646/646 1604/1604 647/647
f 1517/1517 1604/1604 646/646
f 742/742 1343/1343 1056/1056
f 1343/1343 742/742 603/603
f 1000/1000 983/983 1416/1416
f 1416/1416 983/983 712/712
f 1465/1465 1588/1588 820/820
f 1465/1465 597/597 1463/1463
f 822/822 1298/1298 1110/1110
f 1297/1297 822/822 824/824
f 1388/1388 1387/1387 1522/1522
f 1176/1176 1389/1389 1605/1605
f 571/571 1374/1374 1342/1342
f 1374/1374 571/571 570/570
f 722/722 1606/1606 1570/1570
f 1023/1023 1606/1606 722/722
f 1607/1607 1608/1608 804/804
f 804/804 762/762 1607/1607
f 975/975 1529/1529 978/978
f 978/978 1529/1529 1193/1193
f 1271/1271 722/722 1252/1252
f 1063/1063 1271/1271 1252/1252
f 837/837 1411/1411 838/838
f 838/838 1411/1411 759/759
f 1314/1314 1128/1128 1313/1313
f 1128/1128 1314/1314 1126/1126
f 950/950 1497/1497 1199/1199
f 775/775 1533/1533 1497/1497
f 1306/1306 1317/1317 1307/1307
f 1317/1317 1174/1174 1037/1037
f 1034/1034 1609/1609 984/984
f 1609/1609 1034/1034 1605/1605
f 1610/1610 1243/1243 819/819
f 593/593 819/819 1611/1611
f 1612/1612 1144/1144 1200/1200
f 1200/1200 1146/1146 1612/1612
f 1245/1245 981/981 983/983
f 1613/1613 985/985 1518/1518
f 1545/1545 1400/1400 1265/1265
f 1325/1325 1139/1139 1138/1138
f 942/942 1394/1394 912/912
f 1421/1421 1394/1394 942/942
f 1540/1540 872/872 1134/1134
f 1540/1540 1305/1305 1304/1304
f 1066/1066 1242/1242 1002/1002
f 819/819 659/659 1610/1610
f 1314/1314 1561/1561 1126/1126
f 1129/1129 1126/1126 1561/1561
f 1051/1051 1274/1274 1574/1574
f 1407/1407 1574/1574 1274/1274
f 1301/1301 1215/1215 1214/1214
f 1509/1509 1215/1215 1300/1300
f 1400/1400 1014/1014 1266/1266
f 1137/1137 1323/1323 1014/1014
f 1183/1183 1309/1309 620/620
f 620/620 1309/1309 1016/1016
f 1405/1405 1136/1136 1135/1135
f 1304/1304 1405/1405 1402/1402
f 1189/1189 848/848 1187/1187
f 762/762 848/848 805/805
f 634/634 1376/1376 949/949
f 1376/1376 634/634 636/636
f 896/896 914/914 766/766
f 896/896 804/804 1608/1608
f 1614/1614 719/719 720/720
f 1614/1614 1615/1615 1616/1616
f 1307/1307 908/908 1306/1306
f 908/908 1418/1418 1306/1306
f 1471/1471 1078/1078 1472/1472
f 1440/1440 1442/1442 772/772
f 1452/1452 1454/1454 792/792
f 1474/1474 1086/1086 1473/1473
f 1467/1467 1080/1080 1468/1468
f 1438/1438 1432/1432 682/682
f 1543/1543 1083/1083 1469/1469
f 1541/1541 1470/1470 785/785
f 1109/1109 1256/1256 1107/1107
f 874/874 888/888 873/873
f 1466/1466 1464/1464 595/595
f 1476/1476 598/598 1475/1475
f 1436/1436 1434/1434 812/812
f 1477/1477 652/652 1478/1478
f 1484/1484 1488/1488 666/666
f 1486/1486 1073/1073 1487/1487
f 880/880 824/824 878/878
f 881/881 1366/1366 750/750
f 1482/1482 580/580 1483/1483
f 1479/1479 1481/1481 577/577
f 1493/1493 1067/1067 1489/1489
f 1490/1490 1492/1492 615/615
f 1049/1049 1333/1333 1175/1175
f 1049/1049 1522/1522 1387/1387
f 1444/1444 1446/1446 769/769
f 1461/1461 810/810 1460/1460
f 616/616 1218/1218 614/614
f 614/614 613/613 616/616
f 1177/1177 1534/1534 1415/1415
f 1415/1415 1334/1334 1178/1178
f 1456/1456 1450/1450 581/581
f 808/808 574/574 1494/1494
f 1480/1480 1498/1498 599/599
f 740/740 1075/1075 1499/1499
f 1292/1292 1339/1339 1529/1529
f 1339/1339 1292/1292 1096/1096
f 1419/1419 1143/1143 1145/1145
f 1144/1144 1143/1143 1419/1419
f 1035/1035 1070/1070 1500/1500
f 1491/1491 1501/1501 655/655
f 871/871 1135/1135 1030/1030
f 1238/1238 1553/1553 871/871
f 1390/1390 1048/1048 868/868
f 945/945 1046/1046 1048/1048
f 1088/1088 1021/1021 1302/1302
f 1302/1302 1526/1526 1088/1088
f 1553/1553 1405/1405 1135/1135
f 1135/1135 871/871 1553/1553
f 1244/1244 758/758 837/837
f 1244/1244 1001/1001 758/758
f 823/823 825/825 705/705
f 705/705 825/825 645/645
f 1396/1396 1395/1395 1262/1262
f 1396/1396 1262/1262 1503/1503
f 1000/1000 1241/1241 1066/1066
f 1066/1066 1241/1241 1242/1242
f 1327/1327 985/985 984/984
f 653/653 984/984 1170/1170
f 1525/1525 1515/1515 1351/1351
f 1351/1351 1515/1515 1594/1594
f 679/679 1573/1573 1227/1227
f 1227/1227 1573/1573 660/660
f 1213/1213 1379/1379 1211/1211
f 1122/1122 1120/1120 1379/1379
f 1514/1514 897/897 1250/1250
f 896/896 1141/1141 1514/1514
f 1616/1616 1113/1113 1614/1614
f 1113/1113 1616/1616 950/950
f 1076/1076 1586/1586 592/592
f 578/578 1482/1482 592/592
f 841/841 1476/1476 608/608
f 840/840 1587/1587 608/608
f 617/617 1493/1493 618/618
f 1069/1069 1589/1589 618/618
f 1315/1315 739/739 1318/1318
f 739/739 1315/1315 738/738
f 1327/1327 654/654 1328/1328
f 1328/1328 654/654 1330/1330
f 1392/1392 991/991 1119/1119
f 1284/1284 640/640 733/733
f 727/727 1182/1182 728/728
f 727/727 729/729 1182/1182
f 900/900 795/795 1086/1086
f 900/900 1168/1168 795/795
f 760/760 657/657 1080/1080
f 760/760 1173/1173 657/657
f 1112/1112 1617/1617 860/860
f 860/860 1617/1617 858/858
f 903/903 780/780 1083/1083
f 780/780 903/903 1504/1504
f 1218/1218 1511/1511 1512/1512
f 583/583 1511/1511 1218/1218
f 1618/1618 1208/1208 1206/1206
f 1208/1208 1618/1618 1276/1276
f 714/714 877/877 718/718
f 877/877 714/714 1078/1078
f 904/904 1571/1571 1221/1221
f 1221/1221 1571/1571 1220/1220
f 746/746 624/624 1519/1519
f 832/832 1619/1619 746/746
f 1104/1104 1507/1507 891/891
f 1507/1507 1104/1104 1356/1356
f 1084/1084 1428/1428 1558/1558
f 779/779 1426/1426 1084/1084
f 1071/1071 1496/1496 633/633
f 1484/1484 633/633 1496/1496
f 1021/1021 1186/1186 1301/1301
f 926/926 1021/1021 1020/1020
f 1084/1084 1425/1425 779/779
f 779/779 1551/1551 1542/1542
f 766/766 765/765 873/873
f 873/873 896/896 766/766
f 1436/1436 656/656 1590/1590
f 817/817 1590/1590 656/656
f 1620/1620 1036/1036 566/566
f 798/798 1036/1036 1620/1620
f 885/885 1058/1058 1552/1552
f 964/964 1058/1058 885/885
f 1456/1456 796/796 1581/1581
f 902/902 1581/1581 796/796
f 952/952 1579/1579 713/713
f 1579/1579 952/952 951/951
f 1082/1082 1542/1542 788/788
f 1542/1542 1082/1082 779/779
f 1085/1085 1584/1584 794/794
f 1584/1584 1085/1085 789/789
f 1081/1081 1580/1580 612/612
f 1580/1580 1081/1081 813/813
f 1079/1079 1582/1582 776/776
f 1582/1582 1079/1079 770/770
f 1480/1480 741/741 1583/1583
f 1077/1077 1583/1583 741/741
f 1491/1491 799/799 1585/1585
f 1068/1068 1585/1585 799/799
f 1061/1061 925/925 928/928
f 926/926 1621/1621 1184/1184
f 641/641 1368/1368 1367/1367
f 641/641 1367/1367 702/702
f 1279/1279 826/826 1250/1250
f 826/826 1279/1279 831/831
f 1622/1622 1019/1019 1088/1088
f 1019/1019 1622/1622 1373/1373
f 770/770 1445/1445 809/809
f 809/809 1439/1439 770/770
f 813/813 1433/1433 815/815
f 815/815 1437/1437 813/813
f 951/951 1441/1441 773/773
f 773/773 1443/1443 951/951
f 573/573 1451/1451 789/789
f 789/789 1449/1449 573/573
f 797/797 1455/1455 901/901
f 901/901 1453/1453 797/797
f 782/782 1428/1428 906/906
f 906/906 1551/1551 782/782
f 816/816 1431/1431 814/814
f 814/814 1435/1435 816/816
f 1605/1605 836/836 1176/1176
f 836/836 1605/1605 1034/1034
f 1167/1167 692/692 1546/1546
f 692/692 1167/1167 905/905
f 1203/1203 579/579 1505/1505
f 579/579 578/578 575/575
f 596/596 841/841 1160/1160
f 1158/1158 596/596 1548/1548
f 620/620 619/619 1183/1183
f 1183/1183 619/619 724/724
f 959/959 1024/1024 960/960
f 960/960 1024/1024 1550/1550
f 823/823 702/702 1367/1367
f 702/702 823/823 705/705
f 1057/1057 1552/1552 1058/1058
f 1230/1230 1552/1552 1057/1057
f 1025/1025 1550/1550 1024/1024
f 953/953 1550/1550 1025/1025
f 1413/1413 1295/1295 1623/1623
f 1295/1295 1413/1413 935/935
f 649/649 648/648 1352/1352
f 1352/1352 1567/1567 1353/1353
f 610/610 651/651 1237/1237
f 610/610 1237/1237 1002/1002
f 818/818 1463/1463 597/597
f 597/597 936/936 818/818
f 1510/1510 1216/1216 1215/1215
f 620/620 1216/1216 1510/1510
f 1535/1535 1179/1179 1534/1534
f 918/918 1179/1179 1535/1535
f 635/635 693/693 1074/1074
f 1074/1074 1485/1485 635/635
f 927/927 1022/1022 1257/1257
f 926/926 1022/1022 927/927
f 1064/1064 1063/1063 1062/1062
f 1062/1062 1624/1624 1064/1064
f 1161/1161 1240/1240 715/715
f 1161/1161 715/715 1159/1159
f 1072/1072 1495/1495 691/691
f 691/691 690/690 1072/1072
f 1625/1625 1205/1205 866/866
f 658/658 984/984 1205/1205
f 911/911 939/939 912/912
f 939/939 911/911 1420/1420
f 800/800 1172/1172 1171/1171
f 1172/1172 800/800 1532/1532
f 851/851 1188/1188 1191/1191
f 1188/1188 851/851 805/805
f 1031/1031 1032/1032 790/790
f 1032/1032 1031/1031 568/568
f 1557/1557 802/802 976/976
f 976/976 828/828 1165/1165
f 1043/1043 1308/1308 1345/1345
f 1347/1347 1043/1043 1549/1549
f 1046/1046 757/757 1522/1522
f 755/755 757/757 1046/1046
f 681/681 1173/1173 760/760
f 1173/1173 681/681 678/678
f 1504/1504 784/784 783/783
f 784/784 1504/1504 903/903
f 1168/1168 791/791 790/790
f 791/791 1168/1168 900/900
f 718/718 771/771 716/716
f 771/771 718/718 877/877
f 1191/1191 1575/1575 1192/1192
f 979/979 1575/1575 1191/1191
f 1278/1278 899/899 1281/1281
f 899/899 1278/1278 897/897
f 1198/1198 1094/1094 637/637
f 774/774 1198/1198 1197/1197
f 1363/1363 864/864 1030/1030
f 661/661 864/864 1363/1363
f 841/841 594/594 1160/1160
f 841/841 839/839 594/594
f 1108/1108 891/891 1109/1109
f 891/891 1108/1108 1104/1104
f 1121/1121 1283/1283 1116/1116
f 1118/1118 1121/1121 1319/1319
f 664/664 665/665 1092/1092
f 664/664 632/632 665/665
f 997/997 671/671 1016/1016
f 997/997 1016/1016 1309/1309
f 627/627 644/644 974/974
f 627/627 974/974 1131/1131
f 1558/1558 1427/1427 778/778
f 1430/1430 1429/1429 781/781
f 617/617 613/613 1170/1170
f 617/617 616/616 613/613
f 724/724 1300/1300 1185/1185
f 724/724 1185/1185 1183/1183
f 1305/1305 1626/1626 1045/1045
f 868/868 1045/1045 1626/1626
f 892/892 1627/1627 1289/1289
f 893/893 1627/1627 892/892
f 1283/1283 1119/1119 1554/1554
f 1119/1119 1118/1118 993/993
f 1308/1308 1039/1039 1555/1555
f 1039/1039 1347/1347 1348/1348
f 1099/1099 930/930 1354/1354
f 930/930 1099/1099 1098/1098
f 1095/1095 1558/1558 778/778
f 1458/1458 1095/1095 1459/1459
f 990/990 1380/1380 1120/1120
f 1380/1380 1379/1379 1120/1120
f 943/943 947/947 1384/1384
f 1384/1384 947/947 867/867
f 872/872 1539/1539 943/943
f 872/872 1540/1540 1539/1539
f 753/753 729/729 728/728
f 729/729 753/753 1353/1353
f 1459/1459 907/907 1458/1458
f 907/907 1430/1430 781/781
f 762/762 873/873 765/765
f 765/765 915/915 762/762
f 1181/1181 1369/1369 937/937
f 937/937 1369/1369 1006/1006
f 1555/1555 913/913 1308/1308
f 1346/1346 1345/1345 1308/1308
f 1399/1399 1381/1381 1380/1380
f 1399/1399 1123/1123 1381/1381
f 1549/1549 1041/1041 1347/1347
f 1041/1041 1348/1348 1347/1347
f 851/851 1190/1190 1337/1337
f 1337/1337 1190/1190 1357/1357
f 1319/1319 994/994 1118/1118
f 994/994 993/993 1118/1118
f 1554/1554 1117/1117 1283/1283
f 1117/1117 1116/1116 1283/1283
f 572/572 1330/1330 1219/1219
f 1330/1330 572/572 1329/1329
f 1213/1213 1210/1210 1122/1122
f 1379/1379 1213/1213 1122/1122
f 998/998 1321/1321 1157/1157
f 1157/1157 1321/1321 643/643
f 578/578 591/591 1196/1196
f 591/591 1199/1199 1196/1196
f 1623/1623 567/567 1413/1413
f 567/567 1623/1623 720/720
f 1004/1004 870/870 1001/1001
f 661/661 1001/1001 870/870
f 1367/1367 1366/1366 824/824
f 1366/1366 881/881 824/824
f 963/963 1230/1230 1057/1057
f 1230/1230 963/963 964/964
f 1027/1027 953/953 1025/1025
f 953/953 1027/1027 959/959
f 1111/1111 1385/1385 862/862
f 862/862 1385/1385 644/644
f 954/954 846/846 845/845
f 1153/1153 846/846 954/954
f 1231/1231 883/883 882/882
f 1054/1054 883/883 1231/1231
f 751/751 1361/1361 1322/1322
f 751/751 825/825 1223/1223
f 830/830 1097/1097 1565/1565
f 763/763 1098/1098 1097/1097
f 605/605 737/737 601/601
f 737/737 605/605 604/604
f 953/953 958/958 843/843
f 843/843 958/958 844/844
f 702/702 1162/1162 1516/1516
f 1516/1516 1162/1162 707/707
f 956/956 1155/1155 639/639
f 645/645 1155/1155 956/956
f 1624/1624 670/670 626/626
f 1624/1624 1062/1062 670/670
f 625/625 1056/1056 1343/1343
f 604/604 1056/1056 625/625
f 961/961 1422/1422 1520/1520
f 622/622 1422/1422 961/961
f 968/968 1560/1560 970/970
f 970/970 1560/1560 1594/1594
f 939/939 941/941 912/912
f 912/912 941/941 942/942
f 1312/1312 601/601 742/742
f 601/601 1312/1312 605/605
f 995/995 1212/1212 1116/1116
f 1212/1212 995/995 1210/1210
f 1557/1557 975/975 1628/1628
f 980/980 1362/1362 975/975
f 1188/1188 1187/1187 850/850
f 850/850 1187/1187 848/848
f 1087/1087 1350/1350 966/966
f 1350/1350 725/725 966/966
f 1383/1383 1562/1562 1382/1382
f 1562/1562 1383/1383 1285/1285
f 1503/1503 1397/1397 1396/1396
f 1397/1397 1503/1503 1260/1260
f 679/679 607/607 935/935
f 607/607 679/679 1228/1228
f 1563/1563 1382/1382 1562/1562
f 1382/1382 1563/1563 1287/1287
f 1148/1148 1395/1395 1151/1151
f 1395/1395 1148/1148 1262/1262
f 904/904 631/631 689/689
f 631/631 904/904 1222/1222
f 1329/1329 572/572 807/807
f 937/937 982/982 1181/1181
f 866/866 1406/1406 867/867
f 867/867 1406/1406 1384/1384
f 607/607 1228/1228 839/839
f 839/839 1228/1228 821/821
f 735/735 1517/1517 646/646
f 1517/1517 735/735 734/734
f 631/631 1222/1222 632/632
f 632/632 1222/1222 636/636
f 1143/1143 1142/1142 1294/1294
f 1294/1294 1142/1142 1349/1349
f 1096/1096 806/806 1339/1339
f 762/762 806/806 1096/1096
f 1220/1220 636/636 1222/1222
f 636/636 1220/1220 1376/1376
f 821/821 660/660 659/659
f 660/660 821/821 1228/1228
f 827/827 1165/1165 828/828
f 1165/1165 827/827 1565/1565
f 1166/1166 1354/1354 976/976
f 1354/1354 1166/1166 1099/1099
f 972/972 754/754 728/728
f 728/728 754/754 753/753
f 1418/1418 910/910 940/940
f 908/908 910/910 1418/1418
f 1480/1480 1075/1075 592/592
f 1075/1075 1480/1480 599/599
f 733/733 996/996 1284/1284
f 996/996 733/733 645/645
f 609/609 1465/1465 820/820
f 1465/1465 609/609 608/608
f 1491/1491 1070/1070 618/618
f 1070/1070 1491/1491 655/655
f 1436/1436 652/652 815/815
f 652/652 1436/1436 812/812
f 1052/1052 847/847 842/842
f 845/845 847/847 1052/1052
f 574/574 1456/1456 581/581
f 1456/1456 574/574 573/573
f 1452/1452 1086/1086 797/797
f 1086/1086 1452/1452 792/792
f 882/882 884/884 1127/1127
f 1127/1127 884/884 1130/1130
f 1083/1083 1541/1541 785/785
f 1541/1541 1083/1083 782/782
f 1438/1438 1080/1080 814/814
f 1080/1080 1438/1438 682/682
f 1078/1078 1440/1440 772/772
f 1440/1440 1078/1078 773/773
f 598/598 1466/1466 595/595
f 1466/1466 598/598 597/597
f 1479/1479 580/580 741/741
f 580/580 1479/1479 577/577
f 1484/1484 1073/1073 691/691
f 1073/1073 1484/1484 666/666
f 1067/1067 1490/1490 615/615
f 1490/1490 1067/1067 799/799
f 776/776 1471/1471 1079/1079
f 877/877 1471/1471 776/776
f 811/811 1461/1461 713/713
f 713/713 1461/1461 952/952
f 788/788 1543/1543 1082/1082
f 903/903 1543/1543 788/788
f 760/760 1467/1467 612/612
f 612/612 1467/1467 1081/1081
f 794/794 1474/1474 1085/1085
f 900/900 1474/1474 794/794
f 796/796 808/808 902/902
f 1494/1494 902/902 808/808
f 925/925 1184/1184 1621/1621
f 925/925 924/924 1184/1184
f 886/886 1358/1358 887/887
f 1230/1230 887/887 1358/1358
f 749/749 1536/1536 879/879
f 1536/1536 749/749 751/751
f 1341/1341 1342/1342 1005/1005
f 774/774 1341/1341 1005/1005
f 1444/1444 810/810 809/809
f 810/810 1444/1444 769/769
f 624/624 965/965 1519/1519
f 961/961 1519/1519 965/965
f 1005/1005 1094/1094 774/774
f 1198/1198 774/774 1094/1094
f 879/879 1423/1423 880/880
f 1321/1321 1423/1423 879/879
f 1500/1500 1068/1068 1035/1035
f 799/799 1035/1035 1068/1068
f 1499/1499 1077/1077 740/740
f 741/741 740/740 1077/1077
f 1613/1613 1245/1245 985/985
f 1245/1245 986/986 985/985
f 1138/1138 1545/1545 1325/1325
f 1545/1545 1138/1138 1267/1267
f 987/987 1210/1210 995/995
f 1210/1210 987/987 988/988
f 1218/1218 1512/1512 614/614
f 614/614 1219/1219 654/654
f 1290/1290 570/570 937/937
f 570/570 1290/1290 1374/1374
f 1340/1340 1568/1568 890/890
f 1506/1506 1568/1568 1340/1340
f 1223/1223 1110/1110 1361/1361
f 1223/1223 1361/1361 751/751
f 1391/1391 731/731 730/730
f 731/731 1391/1391 1569/1569
f 1435/1435 815/815 1433/1433
f 1433/1433 816/816 1435/1435
f 1453/1453 789/789 1451/1451
f 1451/1451 797/797 1453/1453
f 1426/1426 906/906 1428/1428
f 1428/1428 1084/1084 1426/1426
f 1449/1449 901/901 1455/1455
f 1455/1455 573/573 1449/1449
f 1425/1425 782/782 1551/1551
f 1551/1551 779/779 1425/1425
f 1495/1495 635/635 1485/1485
f 1485/1485 691/691 1495/1495
f 1443/1443 809/809 1445/1445
f 1445/1445 951/951 1443/1443
f 1437/1437 814/814 1431/1431
f 1431/1431 813/813 1437/1437
f 1439/1439 773/773 1441/1441
f 1441/1441 770/770 1439/1439
f 693/693 1072/1072 690/690
f 690/690 1074/1074 693/693
f 1125/1125 1341/1341 811/811
f 1125/1125 811/811 715/715
f 1177/1177 1414/1414 721/721
f 721/721 1414/1414 835/835
f 923/923 1257/1257 1569/1569
f 1257/1257 1061/1061 927/927
f 950/950 590/590 1113/1113
f 590/590 950/950 1199/1199
f 989/989 1273/1273 1407/1407
f 1407/1407 1273/1273 1272/1272
f 583/583 801/801 1263/1263
f 801/801 583/583 1218/1218
f 1270/1270 1596/1596 1286/1286
f 1090/1090 1596/1596 1270/1270
f 1149/1149 1599/1599 1150/1150
f 1150/1150 1599/1599 1261/1261
f 656/656 1477/1477 817/817
f 1478/1478 817/817 1477/1477
f 945/945 1048/1048 1390/1390
f 1390/1390 943/943 945/945
f 1483/1483 1076/1076 1482/1482
f 592/592 1482/1482 1076/1076
f 608/608 1476/1476 840/840
f 1475/1475 840/840 1476/1476
f 1489/1489 1069/1069 1493/1493
f 618/618 1493/1493 1069/1069
f 633/633 1486/1486 1071/1071
f 1487/1487 1071/1071 1486/1486
f 1540/1540 1402/1402 946/946
f 1402/1402 1540/1540 1304/1304
f 707/707 1163/1163 708/708
f 1163/1163 707/707 1162/1162
f 1597/1597 1286/1286 1596/1596
f 1268/1268 1286/1286 1597/1597
f 1600/1600 1261/1261 1599/1599
f 1151/1151 1261/1261 1600/1600
f 1250/1250 828/828 1251/1251
f 1250/1250 1251/1251 1514/1514
f 1152/1152 734/734 647/647
f 734/734 1152/1152 1517/1517
f 708/708 675/675 705/705
f 675/675 708/708 672/672
f 1310/1310 647/647 1604/1604
f 647/647 1310/1310 1152/1152
f 1338/1338 1357/1357 767/767
f 933/933 767/767 1357/1357
f 936/936 609/609 1462/1462
f 1462/1462 818/818 936/936
f 1282/1282 1102/1102 916/916
f 917/917 916/916 1102/1102
f 606/606 1229/1229 1053/1053
f 1229/1229 606/606 743/743
f 1023/1023 1020/1020 1253/1253
f 1020/1020 1023/1023 926/926
f 1192/1192 1195/1195 934/934
f 876/876 934/934 1195/1195
f 1024/1024 959/959 704/704
f 704/704 959/959 1027/1027
f 1053/1053 742/742 606/606
f 742/742 1053/1053 1312/1312
f 622/622 962/962 623/623
f 625/625 623/623 962/962
f 1248/1248 1264/1264 1263/1263
f 566/566 1264/1264 1248/1248
f 1058/1058 964/964 745/745
f 745/745 964/964 963/963
f 1356/1356 1106/1106 1355/1355
f 875/875 1355/1355 1106/1106
f 712/712 569/569 710/710
f 983/983 569/569 712/712
f 710/710 571/571 1125/1125
f 571/571 710/710 569/569
f 1100/1100 1281/1281 899/899
f 1281/1281 1100/1100 1102/1102
f 746/746 1520/1520 747/747
f 747/747 1520/1520 1422/1422
f 1377/1377 1029/1029 1028/1028
f 1029/1029 1377/1377 1544/1544
f 1360/1360 644/644 643/643
f 1578/1578 1577/1577 643/643
f 673/673 1523/1523 677/677
f 1523/1523 673/673 672/672
f 865/865 1544/1544 1237/1237
f 1544/1544 865/865 1029/1029
f 935/935 717/717 1295/1295
f 717/717 935/935 596/596
f 1301/1301 1300/1300 1215/1215
f 1300/1300 1301/1301 1186/1186
f 1013/1013 1591/1591 918/918
f 918/918 1591/1591 1015/1015
f 1522/1522 1389/1389 1388/1388
f 1389/1389 1522/1522 757/757
f 708/708 1524/1524 672/672
f 672/672 1524/1524 1523/1523
f 1091/1091 1180/1180 1169/1169
f 1180/1180 1091/1091 1371/1371
f 732/732 1131/1131 730/730
f 924/924 730/730 1131/1131
f 689/689 905/905 904/904
f 905/905 689/689 692/692
f 1282/1282 916/916 875/875
f 1106/1106 1282/1282 875/875
f 1204/1204 629/629 579/579
f 783/783 629/629 1204/1204
f 922/922 1417/1417 1572/1572
f 1417/1417 922/922 1179/1179
f 1371/1371 949/949 1093/1093
f 1093/1093 1370/1370 1371/1371
f 984/984 1320/1320 1206/1206
f 1206/1206 1320/1320 1618/1618
f 1171/1171 798/798 800/800
f 1036/1036 798/798 1171/1171
f 1405/1405 1403/1403 1402/1402
f 1403/1403 1405/1405 1239/1239
f 1164/1164 1565/1565 1097/1097
f 1565/1565 1164/1164 1165/1165
f 1195/1195 1338/1338 876/876
f 1338/1338 767/767 876/876
f 650/650 1424/1424 648/648
f 1502/1502 1424/1424 650/650
f 702/702 1331/1331 709/709
f 956/956 709/709 1331/1331
f 1529/1529 977/977 1292/1292
f 977/977 1529/1529 975/975
f 1335/1335 685/685 684/684
f 685/685 1335/1335 687/687
f 645/645 957/957 706/706
f 1516/1516 706/706 957/957
f 686/686 1009/1009 687/687
f 687/687 1009/1009 685/685
f 650/650 1111/1111 1502/1502
f 1111/1111 861/861 1502/1502
f 756/756 1609/1609 1521/1521
f 1609/1609 756/756 984/984
f 1023/1023 1271/1271 832/832
f 1271/1271 1629/1629 832/832
f 1052/1052 1288/1288 1275/1275
f 1275/1275 1288/1288 1050/1050
f 1400/1400 1572/1572 1417/1417
f 1572/1572 1400/1400 1545/1545
f 1154/1154 842/842 847/847
f 842/842 1154/1154 1153/1153
f 1357/1357 1192/1192 933/933
f 1192/1192 934/934 933/933
f 1055/1055 1130/1130 884/884
f 1130/1130 1055/1055 1054/1054
f 1564/1564 932/932 830/830
f 932/932 1564/1564 827/827
f 1356/1356 1355/1355 917/917
f 1102/1102 1356/1356 917/917
f 566/566 1247/1247 1620/1620
f 1247/1247 566/566 1248/1248
f 998/998 1156/1156 642/642
f 642/642 1156/1156 643/643
f 1316/1316 1561/1561 1314/1314
f 1561/1561 1316/1316 1174/1174
f 1201/1201 1505/1505 575/575
f 575/575 1505/1505 579/579
f 1106/1106 1105/1105 1280/1280
f 1107/1107 1280/1280 1105/1105
f 1573/1573 761/761 611/611
f 611/611 660/660 1573/1573
f 1398/1398 1604/1604 1517/1517
f 1604/1604 1398/1398 1310/1310
f 1574/1574 1272/1272 992/992
f 1272/1272 1574/1574 1407/1407
f 1513/1513 743/743 1312/1312
f 743/743 1513/1513 1229/1229
f 1199/1199 1497/1497 1533/1533
f 1199/1199 1533/1533 1196/1196
f 669/669 1603/1603 670/670
f 998/998 1603/1603 669/669
f 1160/1160 593/593 1161/1161
f 593/593 1611/1611 1161/1161
f 1313/1313 1128/1128 1311/1311
f 1127/1127 1311/1311 1128/1128
f 1107/1107 1255/1255 1278/1278
f 1255/1255 1107/1107 1256/1256
f 845/845 955/955 954/954
f 955/955 845/845 1559/1559
f 1334/1334 1534/1534 1179/1179
f 1334/1334 1415/1415 1534/1534
f 1528/1528 748/748 1537/1537
f 746/746 748/748 1528/1528
f 1549/1549 1345/1345 1448/1448
f 1345/1345 1549/1549 1043/1043
f 1279/1279 1344/1344 831/831
f 831/831 1344/1344 829/829
f 1507/1507 1101/1101 1103/1103
f 1101/1101 1507/1507 1356/1356
f 1163/1163 1026/1026 1531/1531
f 1531/1531 1026/1026 1530/1530
f 1033/1033 1532/1532 1170/1170
f 1170/1170 1532/1532 800/800
f 1169/1169 1546/1546 1092/1092
f 1092/1092 1546/1546 692/692
f 1193/1193 1336/1336 1338/1338
f 1529/1529 1336/1336 1193/1193
f 1124/1124 719/719 1386/1386
f 719/719 1614/1614 1386/1386
f 1178/1178 921/921 1415/1415
f 921/921 1178/1178 922/922
f 1244/1244 1592/1592 986/986
f 1592/1592 1034/1034 986/986
f 1237/1237 1404/1404 1239/1239
f 1239/1239 1404/1404 1403/1403
f 1112/1112 752/752 1617/1617
f 1617/1617 752/752 1556/1556
f 739/739 602/602 737/737
f 603/603 602/602 739/739
f 755/755 944/944 1276/1276
f 944/944 755/755 1046/1046
f 1420/1420 1147/1147 939/939
f 1147/1147 1420/1420 1145/1145
f 1209/1209 1276/1276 944/944
f 1276/1276 1209/1209 1208/1208
f 640/640 1284/1284 1392/1392
f 1392/1392 641/641 640/640
f 1159/1159 1548/1548 1160/1160
f 1160/1160 1548/1548 596/596
f 658/658 651/651 656/656
f 658/658 1205/1205 1625/1625
f 1370/1370 1006/1006 1369/1369
f 1006/1006 1370/1370 1005/1005
f 1373/1373 1570/1570 1606/1606
f 1570/1570 1373/1373 1622/1622
f 787/787 1220/1220 1571/1571
f 1571/1571 777/777 787/787
f 803/803 1362/1362 980/980
f 849/849 980/980 979/979
f 991/991 1392/1392 1284/1284
f 1284/1284 989/989 991/991
f 1015/1015 1401/1401 1179/1179
f 1401/1401 1015/1015 1014/1014
f 1319/1319 1116/1116 1212/1212
f 1116/1116 1319/1319 1121/1121
f 858/858 1556/1556 972/972
f 1556/1556 858/858 1617/1617
f 894/894 938/938 895/895
f 938/938 1006/1006 895/895
f 793/793 1219/1219 1512/1512
f 1219/1219 614/614 1512/1512
f 1352/1352 648/648 1567/1567
f 1321/1321 1567/1567 648/648
f 805/805 848/848 1189/1189
f 805/805 1189/1189 1188/1188
f 880/880 1299/1299 1298/1298
f 880/880 1424/1424 1299/1299
f 1605/1605 1521/1521 1609/1609
f 1389/1389 1521/1521 1605/1605
f 1103/1103 1506/1506 1507/1507
f 898/898 1506/1506 1103/1103
f 1615/1615 1372/1372 1616/1616
f 950/950 1616/1616 1372/1372
f 882/882 1232/1232 1231/1231
f 885/885 1232/1232 882/882
f 622/622 1537/1537 744/744
f 744/744 1537/1537 748/748
f 643/643 1322/1322 1578/1578
f 1110/1110 1578/1578 1322/1322
f 1526/1526 1515/1515 1525/1525
f 1526/1526 1302/1302 1515/1515
f 1546/1546 1169/1169 795/795
f 795/795 1169/1169 1181/1181
f 628/628 1624/1624 626/626
f 628/628 732/732 1624/1624
f 702/702 1530/1530 703/703
f 703/703 1530/1530 1026/1026
f 1523/1523 1538/1538 677/677
f 677/677 1538/1538 675/675
f 888/888 1109/1109 891/891
f 888/888 874/874 1109/1109
f 657/657 1033/1033 658/658
f 1532/1532 1033/1033 657/657
f 1238/1238 1003/1003 1002/1002
f 1003/1003 1238/1238 871/871
f 1266/1266 1408/1408 971/971
f 968/968 971/971 1408/1408
f 1303/1303 1378/1378 1028/1028
f 1028/1028 1378/1378 1377/1377
f 1146/1146 1349/1349 1612/1612
f 1612/1612 1349/1349 1144/1144
f 898/898 1140/1140 1506/1506
f 1141/1141 1140/1140 898/898
f 958/958 1559/1559 844/844
f 844/844 1559/1559 845/845
f 929/929 1292/1292 977/977
f 1292/1292 929/929 1293/1293
f 993/993 1554/1554 1119/1119
f 992/992 1554/1554 993/993
f 1042/1042 1555/1555 1348/1348
f 1348/1348 1555/1555 1039/1039
f 1505/1505 1201/1201 780/780
f 948/948 780/780 1201/1201
f 1087/1087 1525/1525 1351/1351
f 920/920 1525/1525 1087/1087
f 1548/1548 1159/1159 714/714
f 714/714 1159/1159 715/715
f 998/998 1353/1353 1321/1321
f 1353/1353 998/998 999/999
f 1298/1298 1297/1297 880/880
f 1297/1297 1298/1298 822/822
f 1368/1368 750/750 1366/1366
f 750/750 1368/1368 825/825
f 1277/1277 1618/1618 1320/1320
f 1277/1277 1276/1276 1618/1618
f 1253/1253 1606/1606 1023/1023
f 1606/1606 1253/1253 1373/1373
f 909/909 1421/1421 942/942
f 1043/1043 1421/1421 909/909
f 637/637 1093/1093 949/949
f 637/637 949/949 948/948
f 1039/1039 1307/1307 1037/1037
f 1037/1037 1307/1307 1317/1317
f 1412/1412 663/663 1045/1045
f 1176/1176 663/663 1412/1412
f 893/893 1375/1375 1627/1627
f 1627/1627 1375/1375 1576/1576
f 819/819 1243/1243 1611/1611
f 1611/1611 1243/1243 1161/1161
f 670/670 1267/1267 671/671
f 671/671 1267/1267 1138/1138
f 985/985 1328/1328 1518/1518
f 1518/1518 1328/1328 1330/1330
f 1610/1610 1002/1002 1242/1242
f 1610/1610 1242/1242 1243/1243
f 1097/1097 830/830 763/763
f 830/830 829/829 763/763
f 889/889 890/890 1568/1568
f 889/889 888/888 890/890
f 759/759 1332/1332 838/838
f 661/661 1332/1332 759/759
f 798/798 1620/1620 1249/1249
f 1249/1249 1620/1620 1247/1247
f 576/576 1196/1196 600/600
f 1196/1196 576/576 575/575
f 1406/1406 866/866 1207/1207
f 1207/1207 866/866 1205/1205
f 1089/1089 1601/1601 676/676
f 1268/1268 1601/1601 1089/1089
f 1151/1151 1602/1602 1008/1008
f 1008/1008 1602/1602 1007/1007
f 1527/1527 1622/1622 1088/1088
f 1622/1622 1527/1527 1570/1570
f 762/762 915/915 1607/1607
f 1607/1607 915/915 914/914
f 1263/1263 1508/1508 1248/1248
f 801/801 1508/1508 1263/1263
f 680/680 1413/1413 567/567
f 679/679 1413/1413 680/680
f 1608/1608 914/914 896/896
f 914/914 1608/1608 1607/1607
f 1146/1146 1145/1145 1547/1547
f 1146/1146 1547/1547 1294/1294
f 1256/1256 1109/1109 874/874
f 874/874 1254/1254 1256/1256
f 1595/1595 676/676 1601/1601
f 1090/1090 676/676 1595/1595
f 715/715 1240/1240 1125/1125
f 1125/1125 1240/1240 1241/1241
f 1047/1047 1410/1410 1175/1175
f 1410/1410 1047/1047 758/758
f 1598/1598 1007/1007 1602/1602
f 1149/1149 1007/1007 1598/1598
f 1365/1365 662/662 1136/1136
f 662/662 1365/1365 663/663
f 1217/1217 967/967 726/726
f 968/968 967/967 1217/1217
f 1409/1409 1011/1011 1017/1017
f 620/620 1011/1011 1409/1409
f 653/653 654/654 1327/1327
f 1327/1327 984/984 653/653
f 775/775 1197/1197 1533/1533
f 1197/1197 775/775 774/774
f 802/802 1251/1251 828/828
f 828/828 976/976 802/802
f 1421/1421 1447/1447 1394/1394
f 1394/1394 1447/1447 1393/1393
f 1402/1402 1303/1303 946/946
f 946/946 1303/1303 947/947
f 926/926 1184/1184 1186/1186
f 1186/1186 1021/1021 926/926
f 1464/1464 1587/1587 1463/1463
f 1587/1587 1464/1464 1466/1466
f 1586/1586 1481/1481 1479/1479
f 1481/1481 1586/1586 1583/1583
f 1488/1488 1496/1496 1495/1495
f 1496/1496 1488/1488 1484/1484
f 1429/1429 1558/1558 1428/1428
f 1558/1558 1429/1429 1430/1430
f 1501/1501 1585/1585 1589/1589
f 1585/1585 1501/1501 1491/1491
f 1583/1583 1498/1498 1480/1480
f 1498/1498 1583/1583 1586/1586
f 1589/1589 1492/1492 1490/1490
f 1492/1492 1589/1589 1585/1585
f 1588/1588 1463/1463 1587/1587
f 1463/1463 1588/1588 1465/1465
f 1446/1446 1579/1579 1445/1445
f 1579/1579 1446/1446 1444/1444
f 1432/1432 1580/1580 1431/1431
f 1580/1580 1432/1432 1438/1438
f 1582/1582 1442/1442 1440/1440
f 1442/1442 1582/1582 1441/1441
f 1584/1584 1454/1454 1452/1452
f 1454/1454 1584/1584 1453/1453
f 1581/1581 1450/1450 1456/1456
f 1450/1450 1581/1581 1449/1449
f 1542/1542 1470/1470 1541/1541
f 1470/1470 1542/1542 1551/1551
f 1430/1430 1427/1427 1558/1558
f 1427/1427 1430/1430 1426/1426
f 1434/1434 1590/1590 1433/1433
f 1590/1590 1434/1434 1436/1436
f 1065/1065 1002/1002 1004/1004
f 1000/1000 1065/1065 1004/1004
f 812/812 1478/1478 652/652
f 678/678 1478/1478 812/812
f 790/790 1494/1494 581/581
f 581/581 1494/1494 574/574
f 769/769 1460/1460 810/810
f 716/716 1460/1460 769/769
f 1576/1576 1289/1289 1627/1627
f 564/564 1289/1289 1576/1576
f 716/716 1226/1226 1296/1296
f 1296/1296 1226/1226 1225/1225
f 620/620 1326/1326 667/667
f 667/667 1326/1326 1325/1325
f 778/778 1459/1459 1095/1095
f 783/783 1459/1459 778/778
f 785/785 1469/1469 1083/1083
f 777/777 1469/1469 785/785
f 772/772 1472/1472 1078/1078
f 768/768 1472/1472 772/772
f 1457/1457 644/644 627/627
f 792/792 1473/1473 1086/1086
f 582/582 1473/1473 792/792
f 599/599 1499/1499 1075/1075
f 638/638 1499/1499 599/599
f 682/682 1468/1468 1080/1080
f 761/761 1468/1468 682/682
f 1318/1318 737/737 1038/1038
f 1038/1038 1174/1174 1318/1318
f 868/868 1593/1593 1044/1044
f 1044/1044 1593/1593 1387/1387
f 577/577 1483/1483 580/580
f 576/576 1483/1483 577/577
f 614/614 1489/1489 615/615
f 615/615 1489/1489 1067/1067
f 940/940 1419/1419 1418/1418
f 1419/1419 940/940 939/939
f 666/666 1487/1487 1073/1073
f 636/636 1487/1487 666/666
f 653/653 1500/1500 655/655
f 655/655 1500/1500 1070/1070
f 595/595 1475/1475 598/598
f 821/821 1475/1475 595/595
f 1628/1628 1362/1362 1557/1557
f 1362/1362 1628/1628 975/975
f 786/786 1458/1458 781/781
f 781/781 1458/1458 907/907
f 1372/1372 1615/1615 720/720
f 720/720 1615/1615 1614/1614
f 1623/1623 1225/1225 720/720
f 1225/1225 1623/1623 1295/1295
f 620/620 1510/1510 621/621
f 621/621 1510/1510 1509/1509
f 1098/1098 1293/1293 931/931
f 930/930 1098/1098 931/931
f 1002/1002 1610/1610 659/659
f 659/659 610/610 1002/1002
f 868/868 1626/1626 869/869
f 869/869 1626/1626 1134/1134
f 1061/1061 1257/1257 923/923
f 923/923 925/925 1061/1061
f 968/968 1324/1324 1018/1018
f 1018/1018 1324/1324 1137/1137
f 1214/1214 668/668 970/970
f 970/970 668/668 971/971
f 1293/1293 1096/1096 1291/1291
f 1293/1293 1291/1291 1292/1292
f 1613/1613 1518/1518 981/981
f 1245/1245 1613/1613 981/981
f 1064/1064 732/732 731/731
f 1064/1064 1624/1624 732/732
f 1629/1629 1271/1271 833/833
f 833/833 832/832 1629/1629
f 1364/1364 864/864 863/863
f 1030/1030 864/864 1364/1364
f 918/918 1535/1535 919/919
f 919/919 1535/1535 1177/1177
f 566/566 1246/1246 567/567
f 1246/1246 566/566 1036/1036
f 643/643 1577/1577 1360/1360
f 1110/1110 1360/1360 1577/1577
f 893/893 1342/1342 1374/1374
f 1005/1005 1342/1342 893/893
f 829/829 1254/1254 764/764
f 764/764 763/763 829/829
f 1388/1388 1176/1176 1412/1412
f 1389/1389 1176/1176 1388/1388
f 1390/1390 868/868 1359/1359
f 1359/1359 868/868 863/863
f 1224/1224 1386/1386 1614/1614
f 1224/1224 1614/1614 1113/1113
f 1515/1515 1214/1214 1594/1594
f 1594/1594 1214/1214 970/970
f 724/724 726/726 1509/1509
f 1509/1509 726/726 621/621
f 651/651 658/658 1625/1625
f 651/651 1625/1625 866/866
f 1013/1013 1017/1017 1137/1137
f 1137/1137 1017/1017 1018/1018
f 872/872 1030/1030 1133/1133
f 1133/1133 1030/1030 1364/1364
f 980/980 849/849 803/803
f 849/849 848/848 803/803
f 1448/1448 1393/1393 1447/1447
f 1345/1345 1393/1393 1448/1448
f 807/807 982/982 1329/1329
f 1329/1329 982/982 981/981
f 1575/1575 1194/1194 1195/1195
f 1194/1194 1575/1575 978/978
f 1181/1181 807/807 795/795
f 807/807 1181/1181 982/982
f 1259/1259 833/833 1063/1063
f 1259/1259 1063/1063 1258/1258
f 1621/1621 928/928 925/925
f 928/928 1621/1621 926/926
f 912/912 1346/1346 913/913
f 1308/1308 913/913 1346/1346
f 1323/1323 1266/1266 1014/1014
f 1408/1408 1266/1266 1323/1323
f 881/881 878/878 824/824
f 881/881 879/879 878/878
f 1325/1325 1265/1265 667/667
f 1545/1545 1265/1265 1325/1325
f 1136/1136 1304/1304 1365/1365
f 1405/1405 1304/1304 1136/1136
f 1593/1593 1333/1333 1387/1387
f 1387/1387 1333/1333 1049/1049
f 1626/1626 1305/1305 1134/1134
f 1134/1134 1305/1305 1540/1540
f 1258/1258 731/731 1569/1569
f 1258/1258 1569/1569 1257/1257
f 1411/1411 1175/1175 1410/1410
f 837/837 1175/1175 1411/1411
f 898/898 897/897 1141/1141
f 897/897 1514/1514 1141/1141
f 722/722 1566/1566 723/723
f 920/920 723/723 1566/1566
f 1619/1619 832/832 624/624
f 1252/1252 835/835 834/834
f 1252/1252 834/834 1063/1063
f 1630/1630 1631/1631 1632/1632
f 1633/1633 1634/1634 1635/1635
f 1636/1636 1637/1637 1638/1638
f 1639/1639 1633/1633 1640/1640
f 1641/1641 1642/1642 1643/1643
f 1643/1643 1644/1644 1645/1645
f 1642/1642 1646/1646 1647/1647
f 1642/1642 1647/1647 1648/1648
f 1649/1649 1650/1650 1651/1651
f 1652/1652 1646/1646 1653/1653
f 1644/1644 1654/1654 1655/1655
f 1644/1644 1656/1656 1630/1630
f 1657/1657 1658/1658 1659/1659
f 1660/1660 1642/1642 1661/1661
f 1662/1662 1663/1663 1639/1639
f 1663/1663 1664/1664 1665/1665
f 1666/1666 1633/1633 1667/1667
f 1667/1667 1663/1663 1668/1668
f 1669/1669 1670/1670 1631/1631
f 1671/1671 1672/1672 1673/1673
f 1674/1674 1675/1675 1676/1676
f 1677/1677 1676/1676 1675/1675
f 1644/1644 1678/1678 1645/1645
f 1679/1679 1680/1680 1678/1678
f 1675/1675 1674/1674 1651/1651
f 1681/1681 1682/1682 1683/1683
f 1684/1684 1685/1685 1686/1686
f 1687/1687 1688/1688 1689/1689
f 1638/1638 1637/1637 1669/1669
f 1690/1690 1691/1691 1692/1692
f 1693/1693 1694/1694 1695/1695
f 1696/1696 1697/1697 1698/1698
f 1661/1661 1699/1699 1660/1660
f 1654/1654 1644/1644 1660/1660
f 1700/1700 1701/1701 1693/1693
f 1659/1659 1702/1702 1657/1657
f 1703/1703 1704/1704 1705/1705
f 1656/1656 1706/1706 1630/1630
f 1707/1707 1636/1636 1638/1638
f 1661/1661 1708/1708 1699/1699
f 1689/1689 1709/1709 1687/1687
f 1709/1709 1641/1641 1643/1643
f 1710/1710 1711/1711 1712/1712
f 1679/1679 1686/1686 1685/1685
f 1713/1713 1714/1714 1652/1652
f 1715/1715 1716/1716 1717/1717
f 1718/1718 1719/1719 1636/1636
f 1632/1632 1720/1720 1630/1630
f 1721/1721 1684/1684 1686/1686
f 1683/1683 1717/1717 1681/1681
f 1668/1668 1666/1666 1667/1667
f 1634/1634 1665/1665 1635/1635
f 1640/1640 1662/1662 1639/1639
f 1663/1663 1662/1662 1664/1664
f 1696/1696 1722/1722 1723/1723
f 1700/1700 1724/1724 1701/1701
f 1692/1692 1655/1655 1690/1690
f 1644/1644 1655/1655 1692/1692
f 1725/1725 1726/1726 1694/1694
f 1691/1691 1726/1726 1704/1704
f 1702/1702 1659/1659 1701/1701
f 1673/1673 1727/1727 1671/1671
f 1728/1728 1679/1679 1678/1678
f 1714/1714 1679/1679 1728/1728
f 1676/1676 1652/1652 1714/1714
f 1729/1729 1648/1648 1730/1730
f 1695/1695 1635/1635 1665/1665
f 1722/1722 1695/1695 1694/1694
f 1720/1720 1632/1632 1718/1718
f 1651/1651 1650/1650 1675/1675
f 1714/1714 1713/1713 1715/1715
f 1686/1686 1679/1679 1714/1714
f 1723/1723 1697/1697 1696/1696
f 1726/1726 1691/1691 1723/1723
f 1653/1653 1711/1711 1682/1682
f 1711/1711 1710/1710 1682/1682
f 1712/1712 1731/1731 1710/1710
f 1645/1645 1709/1709 1643/1643
f 1653/1653 1713/1713 1652/1652
f 1653/1653 1682/1682 1681/1681
f 1725/1725 1694/1694 1693/1693
f 1725/1725 1659/1659 1658/1658
f 1698/1698 1690/1690 1732/1732
f 1690/1690 1698/1698 1697/1697
f 1719/1719 1718/1718 1632/1632
f 1670/1670 1669/1669 1637/1637
f 1636/1636 1707/1707 1708/1708
f 1733/1733 1699/1699 1708/1708
f 1684/1684 1734/1734 1735/1735
f 1633/1633 1666/1666 1634/1634
f 1649/1649 1630/1630 1720/1720
f 1644/1644 1630/1630 1678/1678
f 1669/1669 1736/1736 1638/1638
f 1736/1736 1669/1669 1703/1703
f 1663/1663 1665/1665 1668/1668
f 1717/1717 1737/1737 1715/1715
f 1738/1738 1675/1675 1650/1650
f 1675/1675 1738/1738 1677/1677
f 1739/1739 1740/1740 1660/1660
f 1660/1660 1644/1644 1739/1739
f 1732/1732 1673/1673 1672/1672
f 1673/1673 1732/1732 1727/1727
f 1647/1647 1730/1730 1648/1648
f 1730/1730 1652/1652 1729/1729
f 1713/1713 1653/1653 1681/1681
f 1716/1716 1715/1715 1713/1713
f 1642/1642 1667/1667 1633/1633
f 1642/1642 1660/1660 1740/1740
f 1710/1710 1679/1679 1685/1685
f 1679/1679 1710/1710 1731/1731
f 1691/1691 1690/1690 1697/1697
f 1697/1697 1723/1723 1691/1691
f 1636/1636 1677/1677 1718/1718
f 1642/1642 1648/1648 1661/1661
f 1682/1682 1735/1735 1734/1734
f 1710/1710 1735/1735 1682/1682
f 1643/1643 1642/1642 1633/1633
f 1633/1633 1639/1639 1643/1643
f 1724/1724 1696/1696 1698/1698
f 1662/1662 1640/1640 1696/1696
f 1659/1659 1725/1725 1693/1693
f 1659/1659 1693/1693 1701/1701
f 1714/1714 1674/1674 1676/1676
f 1674/1674 1714/1714 1728/1728
f 1725/1725 1638/1638 1705/1705
f 1638/1638 1725/1725 1707/1707
f 1699/1699 1654/1654 1660/1660
f 1658/1658 1657/1657 1699/1699
f 1711/1711 1687/1687 1709/1709
f 1687/1687 1711/1711 1688/1688
f 1644/1644 1643/1643 1639/1639
f 1639/1639 1663/1663 1644/1644
f 1705/1705 1726/1726 1725/1725
f 1726/1726 1705/1705 1704/1704
f 1651/1651 1728/1728 1741/1741
f 1728/1728 1651/1651 1674/1674
f 1644/1644 1692/1692 1656/1656
f 1704/1704 1692/1692 1691/1691
f 1658/1658 1699/1699 1733/1733
f 1658/1658 1707/1707 1725/1725
f 1654/1654 1699/1699 1657/1657
f 1672/1672 1657/1657 1732/1732
f 1722/1722 1696/1696 1640/1640
f 1635/1635 1695/1695 1722/1722
f 1728/1728 1678/1678 1741/1741
f 1678/1678 1630/1630 1741/1741
f 1632/1632 1670/1670 1719/1719
f 1670/1670 1632/1632 1631/1631
f 1719/1719 1637/1637 1636/1636
f 1637/1637 1719/1719 1670/1670
f 1664/1664 1695/1695 1665/1665
f 1695/1695 1700/1700 1693/1693
f 1650/1650 1720/1720 1738/1738
f 1720/1720 1650/1650 1649/1649
f 1655/1655 1671/1671 1727/1727
f 1671/1671 1655/1655 1654/1654
f 1709/1709 1712/1712 1711/1711
f 1709/1709 1645/1645 1712/1712
f 1642/1642 1641/1641 1646/1646
f 1646/1646 1689/1689 1688/1688
f 1715/1715 1686/1686 1714/1714
f 1686/1686 1715/1715 1721/1721
f 1718/1718 1738/1738 1720/1720
f 1738/1738 1718/1718 1677/1677
f 1723/1723 1694/1694 1726/1726
f 1694/1694 1723/1723 1722/1722
f 1703/1703 1706/1706 1656/1656
f 1669/1669 1631/1631 1703/1703
f 1702/1702 1701/1701 1698/1698
f 1698/1698 1701/1701 1724/1724
f 1727/1727 1690/1690 1655/1655
f 1690/1690 1727/1727 1732/1732
f 1702/1702 1732/1732 1657/1657
f 1732/1732 1702/1702 1698/1698
f 1646/1646 1688/1688 1653/1653
f 1653/1653 1688/1688 1711/1711
f 1666/1666 1668/1668 1683/1683
f 1634/1634 1666/1666 1734/1734
f 1668/1668 1665/1665 1737/1737
f 1665/1665 1634/1634 1721/1721
f 1684/1684 1721/1721 1634/1634
f 1734/1734 1684/1684 1634/1634
f 1729/1729 1652/1652 1676/1676
f 1676/1676 1677/1677 1742/1742
f 1696/1696 1724/1724 1662/1662
f 1724/1724 1700/1700 1662/1662
f 1680/1680 1645/1645 1678/1678
f 1680/1680 1712/1712 1645/1645
f 1648/1648 1636/1636 1661/1661
f 1636/1636 1708/1708 1661/1661
f 1713/1713 1681/1681 1716/1716
f 1716/1716 1681/1681 1717/1717
f 1633/1633 1635/1635 1640/1640
f 1640/1640 1635/1635 1722/1722
f 1733/1733 1707/1707 1658/1658
f 1708/1708 1707/1707 1733/1733
f 1705/1705 1736/1736 1703/1703
f 1736/1736 1705/1705 1638/1638
f 1703/1703 1631/1631 1706/1706
f 1631/1631 1630/1630 1706/1706
f 1647/1647 1646/1646 1652/1652
f 1647/1647 1652/1652 1730/1730
f 1717/1717 1683/1683 1668/1668
f 1737/1737 1717/1717 1668/1668
f 1739/1739 1663/1663 1667/1667
f 1644/1644 1663/1663 1739/1739
f 1667/1667 1740/1740 1739/1739
f 1740/1740 1667/1667 1642/1642
f 1677/1677 1636/1636 1648/1648
f 1648/1648 1742/1742 1677/1677
f 1685/1685 1735/1735 1710/1710
f 1735/1735 1685/1685 1684/1684
f 1664/1664 1662/1662 1700/1700
f 1700/1700 1695/1695 1664/1664
f 1672/1672 1671/1671 1654/1654
f 1657/1657 1672/1672 1654/1654
f 1656/1656 1692/1692 1704/1704
f 1656/1656 1704/1704 1703/1703
f 1721/1721 1737/1737 1665/1665
f 1715/1715 1737/1737 1721/1721
f 1689/1689 1646/1646 1641/1641
f 1709/1709 1689/1689 1641/1641
f 1682/1682 1734/1734 1683/1683
f 1683/1683 1734/1734 1666/1666
f 1731/1731 1680/1680 1679/1679
f 1712/1712 1680/1680 1731/1731
f 1742/1742 1648/1648 1729/1729
f 1729/1729 1676/1676 1742/1742
f 1741/1741 1649/1649 1651/1651
f 1649/1649 1741/1741 1630/1630
f 1743/1743 1744/1744 1745/1745
f 1746/1746 1747/1747 1748/1748
f 1749/1749 1750/1750 1751/1751
f 1752/1752 1753/1753 1754/1754
f 1755/1755 1756/1756 1757/1757
f 1758/1758 1759/1759 1760/1760
f 1761/1761 1758/1758 1760/1760
f 1757/1757 1762/1762 1763/1763
f 1764/1764 1765/1765 1749/1749
f 1766/1766 1754/1754 1753/1753
f 1745/1745 1767/1767 1743/1743
f 1768/1768 1748/1748 1747/1747
f 1769/1769 1770/1770 1771/1771
f 1772/1772 1773/1773 1774/1774
f 1775/1775 1776/1776 1777/1777
f 1778/1778 1779/1779 1780/1780
f 1781/1781 1775/1775 1782/1782
f 1778/1778 1783/1783 1784/1784
f 1785/1785 1786/1786 1787/1787
f 1788/1788 1789/1789 1790/1790
f 1791/1791 1785/1785 1792/1792
f 1789/1789 1793/1793 1794/1794
f 1771/1771 1795/1795 1769/1769
f 1774/1774 1796/1796 1772/1772
f 1780/1780 1797/1797 1798/1798
f 1753/1753 1799/1799 1800/1800
f 1765/1765 1801/1801 1802/1802
f 1797/1797 1780/1780 1803/1803
f 1804/1804 1805/1805 1806/1806
f 1753/1753 1800/1800 1807/1807
f 1808/1808 1809/1809 1781/1781
f 1778/1778 1810/1810 1811/1811
f 1760/1760 1759/1759 1755/1755
f 1785/1785 1812/1812 1813/1813
f 1757/1757 1814/1814 1815/1815
f 1816/1816 1817/1817 1788/1788
f 1818/1818 1819/1819 1820/1820
f 1821/1821 1822/1822 1823/1823
f 1760/1760 1824/1824 1825/1825
f 1785/1785 1787/1787 1826/1826
f 1757/1757 1827/1827 1828/1828
f 1793/1793 1829/1829 1794/1794
f 1756/1756 1830/1830 1757/1757
f 1757/1757 1830/1830 1761/1761
f 1750/1750 1823/1823 1822/1822
f 1831/1831 1820/1820 1819/1819
f 1775/1775 1832/1832 1833/1833
f 1779/1779 1834/1834 1780/1780
f 1799/1799 1835/1835 1800/1800
f 1765/1765 1806/1806 1836/1836
f 1812/1812 1814/1814 1837/1837
f 1838/1838 1839/1839 1840/1840
f 1786/1786 1841/1841 1787/1787
f 1789/1789 1794/1794 1790/1790
f 1765/1765 1804/1804 1806/1806
f 1753/1753 1842/1842 1843/1843
f 1844/1844 1789/1789 1792/1792
f 1789/1789 1845/1845 1846/1846
f 1847/1847 1848/1848 1849/1849
f 1850/1850 1851/1851 1852/1852
f 1853/1853 1778/1778 1854/1854
f 1848/1848 1847/1847 1781/1781
f 1855/1855 1856/1856 1788/1788
f 1857/1857 1785/1785 1791/1791
f 1842/1842 1858/1858 1843/1843
f 1859/1859 1808/1808 1810/1810
f 1808/1808 1859/1859 1809/1809
f 1765/1765 1860/1860 1859/1859
f 1816/1816 1861/1861 1817/1817
f 1861/1861 1816/1816 1812/1812
f 1862/1862 1745/1745 1744/1744
f 1863/1863 1864/1864 1865/1865
f 1866/1866 1760/1760 1815/1815
f 1814/1814 1867/1867 1815/1815
f 1791/1791 1868/1868 1857/1857
f 1856/1856 1855/1855 1869/1869
f 1870/1870 1765/1765 1802/1802
f 1753/1753 1752/1752 1870/1870
f 1753/1753 1803/1803 1871/1871
f 1801/1801 1798/1798 1802/1802
f 1796/1796 1759/1759 1872/1872
f 1873/1873 1771/1771 1770/1770
f 1783/1783 1874/1874 1784/1784
f 1775/1775 1777/1777 1782/1782
f 1875/1875 1769/1769 1795/1795
f 1773/1773 1865/1865 1864/1864
f 1798/1798 1775/1775 1780/1780
f 1854/1854 1778/1778 1780/1780
f 1876/1876 1818/1818 1877/1877
f 1764/1764 1754/1754 1766/1766
f 1758/1758 1761/1761 1830/1830
f 1770/1770 1878/1878 1873/1873
f 1820/1820 1877/1877 1818/1818
f 1750/1750 1749/1749 1877/1877
f 1762/1762 1879/1879 1763/1763
f 1760/1760 1840/1840 1880/1880
f 1776/1776 1881/1881 1777/1777
f 1778/1778 1784/1784 1882/1882
f 1853/1853 1883/1883 1781/1781
f 1884/1884 1885/1885 1883/1883
f 1886/1886 1887/1887 1888/1888
f 1857/1857 1888/1888 1788/1788
f 1846/1846 1845/1845 1889/1889
f 1792/1792 1890/1890 1844/1844
f 1828/1828 1827/1827 1845/1845
f 1891/1891 1757/1757 1761/1761
f 1860/1860 1765/1765 1843/1843
f 1765/1765 1764/1764 1766/1766
f 1785/1785 1892/1892 1792/1792
f 1892/1892 1889/1889 1792/1792
f 1819/1819 1893/1893 1831/1831
f 1747/1747 1821/1821 1768/1768
f 1789/1789 1869/1869 1868/1868
f 1869/1869 1888/1888 1887/1887
f 1839/1839 1838/1838 1894/1894
f 1757/1757 1763/1763 1894/1894
f 1753/1753 1895/1895 1803/1803
f 1895/1895 1753/1753 1870/1870
f 1896/1896 1785/1785 1817/1817
f 1815/1815 1867/1867 1866/1866
f 1897/1897 1778/1778 1809/1809
f 1843/1843 1858/1858 1860/1860
f 1805/1805 1804/1804 1807/1807
f 1810/1810 1842/1842 1898/1898
f 1775/1775 1854/1854 1780/1780
f 1775/1775 1849/1849 1851/1851
f 1865/1865 1773/1773 1875/1875
f 1744/1744 1743/1743 1746/1746
f 1756/1756 1755/1755 1759/1759
f 1756/1756 1873/1873 1878/1878
f 1760/1760 1866/1866 1861/1861
f 1760/1760 1838/1838 1840/1840
f 1795/1795 1862/1862 1875/1875
f 1864/1864 1774/1774 1773/1773
f 1767/1767 1831/1831 1893/1893
f 1823/1823 1768/1768 1821/1821
f 1874/1874 1783/1783 1782/1782
f 1811/1811 1810/1810 1808/1808
f 1813/1813 1812/1812 1816/1816
f 1841/1841 1786/1786 1790/1790
f 1822/1822 1751/1751 1750/1750
f 1818/1818 1876/1876 1751/1751
f 1872/1872 1772/1772 1796/1796
f 1878/1878 1770/1770 1872/1872
f 1825/1825 1844/1844 1890/1890
f 1824/1824 1844/1844 1825/1825
f 1833/1833 1832/1832 1834/1834
f 1871/1871 1803/1803 1832/1832
f 1835/1835 1799/1799 1836/1836
f 1832/1832 1801/1801 1871/1871
f 1879/1879 1762/1762 1880/1880
f 1845/1845 1824/1824 1828/1828
f 1789/1789 1791/1791 1792/1792
f 1868/1868 1791/1791 1789/1789
f 1834/1834 1779/1779 1833/1833
f 1881/1881 1776/1776 1882/1882
f 1829/1829 1793/1793 1826/1826
f 1889/1889 1892/1892 1846/1846
f 1849/1849 1883/1883 1885/1885
f 1849/1849 1885/1885 1851/1851
f 1890/1890 1792/1792 1827/1827
f 1757/1757 1891/1891 1827/1827
f 1781/1781 1809/1809 1778/1778
f 1778/1778 1853/1853 1781/1781
f 1788/1788 1817/1817 1785/1785
f 1785/1785 1857/1857 1788/1788
f 1748/1748 1863/1863 1746/1746
f 1745/1745 1862/1862 1863/1863
f 1826/1826 1787/1787 1829/1829
f 1880/1880 1840/1840 1879/1879
f 1807/1807 1800/1800 1805/1805
f 1782/1782 1777/1777 1874/1874
f 1894/1894 1763/1763 1839/1839
f 1790/1790 1794/1794 1841/1841
f 1882/1882 1784/1784 1881/1881
f 1836/1836 1806/1806 1835/1835
f 1821/1821 1747/1747 1893/1893
f 1747/1747 1746/1746 1743/1743
f 1884/1884 1850/1850 1852/1852
f 1884/1884 1883/1883 1853/1853
f 1752/1752 1877/1877 1749/1749
f 1877/1877 1752/1752 1876/1876
f 1842/1842 1810/1810 1858/1858
f 1810/1810 1778/1778 1897/1897
f 1812/1812 1785/1785 1896/1896
f 1814/1814 1812/1812 1867/1867
f 1886/1886 1899/1899 1900/1900
f 1886/1886 1888/1888 1857/1857
f 1868/1868 1900/1900 1899/1899
f 1869/1869 1887/1887 1868/1868
f 1760/1760 1837/1837 1838/1838
f 1838/1838 1837/1837 1814/1814
f 1765/1765 1898/1898 1804/1804
f 1804/1804 1898/1898 1842/1842
f 1813/1813 1816/1816 1790/1790
f 1790/1790 1816/1816 1788/1788
f 1811/1811 1808/1808 1782/1782
f 1782/1782 1808/1808 1781/1781
f 1802/1802 1798/1798 1797/1797
f 1870/1870 1802/1802 1895/1895
f 1876/1876 1754/1754 1764/1764
f 1754/1754 1876/1876 1752/1752
f 1865/1865 1746/1746 1863/1863
f 1746/1746 1865/1865 1744/1744
f 1873/1873 1756/1756 1759/1759
f 1759/1759 1796/1796 1873/1873
f 1830/1830 1878/1878 1758/1758
f 1878/1878 1830/1830 1756/1756
f 1824/1824 1845/1845 1844/1844
f 1845/1845 1789/1789 1844/1844
f 1801/1801 1832/1832 1798/1798
f 1832/1832 1775/1775 1798/1798
f 1893/1893 1819/1819 1821/1821
f 1822/1822 1821/1821 1819/1819
f 1751/1751 1822/1822 1818/1818
f 1819/1819 1818/1818 1822/1822
f 1851/1851 1854/1854 1775/1775
f 1854/1854 1851/1851 1853/1853
f 1770/1770 1769/1769 1772/1772
f 1772/1772 1872/1872 1770/1770
f 1769/1769 1875/1875 1773/1773
f 1773/1773 1772/1772 1769/1769
f 1744/1744 1875/1875 1862/1862
f 1875/1875 1744/1744 1865/1865
f 1863/1863 1748/1748 1745/1745
f 1767/1767 1745/1745 1748/1748
f 1743/1743 1893/1893 1747/1747
f 1893/1893 1743/1743 1767/1767
f 1862/1862 1795/1795 1864/1864
f 1864/1864 1863/1863 1862/1862
f 1755/1755 1815/1815 1760/1760
f 1755/1755 1757/1757 1815/1815
f 1766/1766 1843/1843 1765/1765
f 1766/1766 1753/1753 1843/1843
f 1748/1748 1768/1768 1767/1767
f 1831/1831 1767/1767 1768/1768
f 1795/1795 1771/1771 1774/1774
f 1774/1774 1864/1864 1795/1795
f 1761/1761 1825/1825 1891/1891
f 1761/1761 1760/1760 1825/1825
f 1768/1768 1823/1823 1831/1831
f 1820/1820 1831/1831 1823/1823
f 1870/1870 1749/1749 1765/1765
f 1752/1752 1749/1749 1870/1870
f 1796/1796 1774/1774 1771/1771
f 1771/1771 1873/1873 1796/1796
f 1823/1823 1750/1750 1820/1820
f 1877/1877 1820/1820 1750/1750
f 1883/1883 1849/1849 1848/1848
f 1848/1848 1781/1781 1883/1883
f 1855/1855 1788/1788 1888/1888
f 1888/1888 1869/1869 1855/1855
f 1775/1775 1847/1847 1849/1849
f 1775/1775 1781/1781 1847/1847
f 1789/1789 1856/1856 1869/1869
f 1789/1789 1788/1788 1856/1856
f 1850/1850 1853/1853 1851/1851
f 1853/1853 1850/1850 1884/1884
f 1899/1899 1857/1857 1868/1868
f 1857/1857 1899/1899 1886/1886
f 1778/1778 1811/1811 1783/1783
f 1783/1783 1811/1811 1782/1782
f 1789/1789 1846/1846 1793/1793
f 1793/1793 1846/1846 1892/1892
f 1786/1786 1813/1813 1790/1790
f 1785/1785 1813/1813 1786/1786
f 1776/1776 1833/1833 1779/1779
f 1775/1775 1833/1833 1776/1776
f 1900/1900 1868/1868 1887/1887
f 1900/1900 1887/1887 1886/1886
f 1760/1760 1880/1880 1824/1824
f 1824/1824 1880/1880 1762/1762
f 1801/1801 1836/1836 1799/1799
f 1765/1765 1836/1836 1801/1801
f 1809/1809 1860/1860 1897/1897
f 1860/1860 1809/1809 1859/1859
f 1866/1866 1817/1817 1861/1861
f 1817/1817 1866/1866 1896/1896
f 1799/1799 1871/1871 1801/1801
f 1753/1753 1871/1871 1799/1799
f 1757/1757 1828/1828 1762/1762
f 1762/1762 1828/1828 1824/1824
f 1753/1753 1807/1807 1842/1842
f 1842/1842 1807/1807 1804/1804
f 1757/1757 1894/1894 1814/1814
f 1814/1814 1894/1894 1838/1838
f 1779/1779 1882/1882 1776/1776
f 1778/1778 1882/1882 1779/1779
f 1785/1785 1826/1826 1892/1892
f 1892/1892 1826/1826 1793/1793
f 1891/1891 1890/1890 1827/1827
f 1890/1890 1891/1891 1825/1825
f 1797/1797 1895/1895 1802/1802
f 1895/1895 1797/1797 1803/1803
f 1860/1860 1858/1858 1897/1897
f 1810/1810 1897/1897 1858/1858
f 1866/1866 1867/1867 1896/1896
f 1812/1812 1896/1896 1867/1867
f 1764/1764 1751/1751 1876/1876
f 1751/1751 1764/1764 1749/1749
f 1852/1852 1885/1885 1884/1884
f 1885/1885 1852/1852 1851/1851
f 1898/1898 1859/1859 1810/1810
f 1765/1765 1859/1859 1898/1898
f 1760/1760 1861/1861 1837/1837
f 1837/1837 1861/1861 1812/1812
f 1829/1829 1840/1840 1794/1794
f 1840/1840 1829/1829 1787/1787
f 1881/1881 1806/1806 1777/1777
f 1806/1806 1881/1881 1784/1784
f 1874/1874 1800/1800 1784/1784
f 1800/1800 1874/1874 1777/1777
f 1763/1763 1841/1841 1794/1794
f 1841/1841 1763/1763 1787/1787
f 1879/1879 1787/1787 1763/1763
f 1787/1787 1879/1879 1840/1840
f 1794/1794 1839/1839 1763/1763
f 1839/1839 1794/1794 1840/1840
f 1777/1777 1805/1805 1800/1800
f 1805/1805 1777/1777 1806/1806
f 1835/1835 1784/1784 1800/1800
f 1784/1784 1835/1835 1806/1806
f 1872/1872 1758/1758 1878/1878
f 1758/1758 1872/1872 1759/1759
f 1834/1834 1803/1803 1780/1780
f 1803/1803 1834/1834 1832/1832
f 1827/1827 1889/1889 1845/1845
f 1889/1889 1827/1827 1792/1792
f 1901/1901 1902/1902 1903/1903
f 1904/1904 1905/1905 1906/1906
f 1907/1907 1908/1908 1909/1909
f 1910/1910 1911/1911 1912/1912
f 1913/1913 1914/1914 1915/1915
f 1916/1916 1917/1917 1918/1918
f 1919/1919 1920/1920 1921/1921
f 1922/1922 1923/1923 1924/1924
f 1925/1925 1926/1926 1927/1927
f 1928/1928 1929/1929 1930/1930
f 1931/1931 1932/1932 1933/1933
f 1907/1907 1934/1934 1935/1935
f 1936/1936 1937/1937 1938/1938
f 1939/1939 1940/1940 1941/1941
f 1916/1916 1942/1942 1943/1943
f 1923/1923 1944/1944 1924/1924
f 1920/1920 1945/1945 1946/1946
f 1947/1947 1948/1948 1949/1949
f 1950/1950 1951/1951 1952/1952
f 1953/1953 1954/1954 1955/1955
f 1956/1956 1915/1915 1957/1957
f 1919/1919 1956/1956 1920/1920
f 1958/1958 1959/1959 1960/1960
f 1961/1961 1955/1955 1954/1954
f 1962/1962 1963/1963 1964/1964
f 1911/1911 1910/1910 1965/1965
f 1966/1966 1967/1967 1968/1968
f 1969/1969 1970/1970 1971/1971
f 1972/1972 1930/1930 1973/1973
f 1974/1974 1933/1933 1932/1932
f 1975/1975 1976/1976 1977/1977
f 1978/1978 1915/1915 1979/1979
f 1980/1980 1981/1981 1982/1982
f 1983/1983 1912/1912 1936/1936
f 1984/1984 1985/1985 1966/1966
f 1986/1986 1987/1987 1988/1988
f 1989/1989 1990/1990 1925/1925
f 1952/1952 1991/1991 1950/1950
f 1992/1992 1993/1993 1901/1901
f 1946/1946 1945/1945 1994/1994
f 1995/1995 1906/1906 1905/1905
f 1996/1996 1997/1997 1918/1918
f 1971/1971 1998/1998 1969/1969
f 1999/1999 2000/2000 1902/1902
f 1977/1977 2001/2001 2002/2002
f 2003/2003 2004/2004 2005/2005
f 2006/2006 1901/1901 1993/1993
f 2007/2007 2005/2005 2008/2008
f 2009/2009 1972/1972 2010/2010
f 2011/2011 1980/1980 1954/1954
f 1963/1963 1911/1911 2012/2012
f 2013/2013 2014/2014 2015/2015
f 1959/1959 1958/1958 2015/2015
f 2016/2016 2017/2017 1931/1931
f 2018/2018 2019/2019 1947/1947
f 1957/1957 2020/2020 1956/1956
f 2019/2019 2018/2018 1913/1913
f 2020/2020 1957/1957 2021/2021
f 2011/2011 1954/1954 2022/2022
f 2023/2023 2024/2024 2025/2025
f 2026/2026 2027/2027 2028/2028
f 1979/1979 2029/2029 2030/2030
f 1934/1934 1965/1965 1910/1910
f 1941/1941 1964/1964 1963/1963
f 1940/1940 1964/1964 1941/1941
f 1907/1907 1965/1965 1934/1934
f 1998/1998 1971/1971 2031/2031
f 2028/2028 2031/2031 2026/2026
f 1994/1994 1996/1996 1924/1924
f 2032/2032 2033/2033 1996/1996
f 1974/1974 2034/2034 2035/2035
f 1912/1912 1983/1983 2036/2036
f 1993/1993 2037/2037 2038/2038
f 1943/1943 1942/1942 1997/1997
f 1988/1988 2008/2008 1986/1986
f 2004/2004 2003/2003 2001/2001
f 1955/1955 2025/2025 2022/2022
f 2039/2039 1907/1907 1935/1935
f 1951/1951 1950/1950 2040/2040
f 2024/2024 2023/2023 2011/2011
f 2041/2041 1904/1904 1975/1975
f 1975/1975 2005/2005 2041/2041
f 2040/2040 2042/2042 1937/1937
f 1937/1937 2042/2042 2016/2016
f 1961/1961 2010/2010 2043/2043
f 2010/2010 2015/2015 1958/1958
f 1939/1939 2012/2012 1908/1908
f 1926/1926 1960/1960 1959/1959
f 1976/1976 1975/1975 2028/2028
f 2028/2028 2044/2044 1976/1976
f 1968/1968 2045/2045 1999/1999
f 2045/2045 1968/1968 1967/1967
f 1982/1982 2046/2046 1980/1980
f 1929/1929 1928/1928 1982/1982
f 1970/1970 1969/1969 1913/1913
f 1913/1913 1921/1921 2019/2019
f 1927/1927 2017/2017 2016/2016
f 1927/1927 2016/2016 1925/1925
f 1999/1999 2047/2047 2007/2007
f 1999/1999 2048/2048 1968/1968
f 1996/1996 1994/1994 2021/2021
f 1948/1948 2021/2021 1957/1957
f 1903/1903 2037/2037 1993/1993
f 2037/2037 1903/1903 1902/1902
f 1908/1908 2012/2012 1909/1909
f 1909/1909 2012/2012 1911/1911
f 2049/2049 2015/2015 2014/2014
f 2015/2015 2017/2017 2050/2050
f 2035/2035 2051/2051 1974/1974
f 2051/2051 2035/2035 1937/1937
f 1982/1982 2052/2052 1929/1929
f 2052/2052 2053/2053 2013/2013
f 2054/2054 2053/2053 2034/2034
f 2014/2014 2013/2013 2053/2053
f 1920/1920 2055/2055 1945/1945
f 1956/1956 2055/2055 1920/1920
f 1914/1914 1949/1949 1948/1948
f 1913/1913 1949/1949 1914/1914
f 1940/1940 1935/1935 2056/2056
f 1991/1991 1925/1925 1990/1990
f 2034/2034 2036/2036 1938/1938
f 1910/1910 1962/1962 1934/1934
f 1997/1997 2038/2038 2037/2037
f 1946/1946 1947/1947 2019/2019
f 1970/1970 2027/2027 2026/2026
f 2030/2030 2044/2044 1979/1979
f 2042/2042 2057/2057 1991/1991
f 2057/2057 2042/2042 2040/2040
f 2056/2056 1934/1934 1962/1962
f 1935/1935 1934/1934 2056/2056
f 2058/2058 2033/2033 1922/1922
f 2033/2033 2058/2058 1996/1996
f 1918/1918 2032/2032 1996/1996
f 2032/2032 1918/1918 1917/1917
f 2059/2059 2022/2022 1954/1954
f 2022/2022 2059/2059 1955/1955
f 1902/1902 1916/1916 1943/1943
f 2000/2000 2031/2031 1902/1902
f 1999/1999 2007/2007 2048/2048
f 2048/2048 2007/2007 1987/1987
f 2005/2005 2007/2007 2047/2047
f 1923/1923 2006/2006 2060/2060
f 1987/1987 1986/1986 1919/1919
f 2061/2061 1921/1921 1966/1966
f 1930/1930 2062/2062 1928/1928
f 1980/1980 2009/2009 1954/1954
f 2031/2031 2000/2000 2063/2063
f 2063/2063 2000/2000 1967/1967
f 1993/1993 2060/2060 2006/2006
f 1993/1993 2038/2038 1994/1994
f 1981/1981 1936/1936 1912/1912
f 2040/2040 2011/2011 2023/2023
f 1967/1967 1969/1969 2063/2063
f 1921/1921 1913/1913 1969/1969
f 1982/1982 2064/2064 2052/2052
f 2064/2064 1982/1982 1981/1981
f 1974/1974 2054/2054 2034/2034
f 2054/2054 1974/1974 2049/2049
f 2001/2001 1977/1977 1915/1915
f 2029/2029 1979/1979 1915/1915
f 2050/2050 1959/1959 2015/2015
f 1959/1959 2050/2050 1926/1926
f 2023/2023 2025/2025 1952/1952
f 2039/2039 1935/1935 1952/1952
f 2065/2065 1908/1908 1960/1960
f 1955/1955 1961/1961 1908/1908
f 1954/1954 2066/2066 1961/1961
f 2010/2010 1954/1954 2009/2009
f 2005/2005 1975/1975 2003/2003
f 2002/2002 1975/1975 1977/1977
f 1921/1921 1920/1920 2019/2019
f 2019/2019 1920/1920 1946/1946
f 1915/1915 1914/1914 1957/1957
f 1957/1957 1914/1914 1948/1948
f 1960/1960 1926/1926 2065/2065
f 1926/1926 1925/1925 1939/1939
f 2044/2044 2030/2030 1976/1976
f 2067/2067 2030/2030 2029/2029
f 2060/2060 1993/1993 1994/1994
f 1924/1924 1944/1944 1994/1994
f 2068/2068 1909/1909 1911/1911
f 1907/1907 1909/1909 2068/2068
f 1938/1938 1983/1983 1936/1936
f 1983/1983 1938/1938 2036/2036
f 2013/2013 1973/1973 2052/2052
f 1973/1973 2013/2013 1972/1972
f 2021/2021 1948/1948 1996/1996
f 1997/1997 1996/1996 1948/1948
f 1915/1915 1956/1956 2001/2001
f 1956/1956 1919/1919 1986/1986
f 1908/1908 1907/1907 1955/1955
f 2025/2025 1955/1955 1907/1907
f 2037/2037 1943/1943 1997/1997
f 1943/1943 2037/2037 1902/1902
f 1966/1966 1987/1987 2061/2061
f 1987/1987 1966/1966 1985/1985
f 1940/1940 1939/1939 1925/1925
f 1935/1935 1940/1940 1925/1925
f 2028/2028 1975/1975 1904/1904
f 1917/1917 1904/1904 2032/2032
f 2023/2023 1951/1951 2040/2040
f 1951/1951 2023/2023 1952/1952
f 1991/1991 1952/1952 1935/1935
f 1925/1925 1991/1991 1935/1935
f 1937/1937 1931/1931 2051/2051
f 1937/1937 2016/2016 1931/1931
f 2043/2043 1958/1958 1960/1960
f 1958/1958 2043/2043 2010/2010
f 1967/1967 1966/1966 1921/1921
f 1969/1969 1967/1967 1921/1921
f 1912/1912 2036/2036 1910/1910
f 1962/1962 1910/1910 2036/2036
f 2032/2032 1906/1906 1995/1995
f 1906/1906 2032/2032 1904/1904
f 1940/1940 2056/2056 1964/1964
f 1964/1964 2056/2056 1962/1962
f 2004/2004 2008/2008 2005/2005
f 2008/2008 2004/2004 1986/1986
f 2020/2020 2021/2021 1945/1945
f 1945/1945 2021/2021 1994/1994
f 2038/2038 1997/1997 1947/1947
f 1948/1948 1947/1947 1997/1997
f 2026/2026 1971/1971 1970/1970
f 1971/1971 2026/2026 2031/2031
f 2042/2042 1990/1990 2016/2016
f 1990/1990 2042/2042 1991/1991
f 1901/1901 2006/2006 1999/1999
f 1901/1901 1999/1999 1902/1902
f 1911/1911 1963/1963 2052/2052
f 2052/2052 1912/1912 1911/1911
f 1907/1907 2039/2039 2025/2025
f 1952/1952 2025/2025 2039/2039
f 2053/2053 2052/2052 1963/1963
f 1963/1963 1962/1962 2053/2053
f 2015/2015 2010/2010 1972/1972
f 2015/2015 1972/1972 2013/2013
f 1905/1905 1922/1922 1995/1995
f 2041/2041 1923/1923 1922/1922
f 2017/2017 2015/2015 2049/2049
f 1932/1932 1931/1931 2017/2017
f 1924/1924 2058/2058 1922/1922
f 2058/2058 1924/1924 1996/1996
f 1902/1902 2031/2031 1916/1916
f 1917/1917 1916/1916 2031/2031
f 2048/2048 1985/1985 1968/1968
f 1985/1985 2048/2048 1987/1987
f 2029/2029 1977/1977 1976/1976
f 1977/1977 2029/2029 1915/1915
f 1939/1939 2065/2065 1926/1926
f 2065/2065 1939/1939 1908/1908
f 2027/2027 2044/2044 2028/2028
f 2044/2044 2027/2027 1979/1979
f 1993/1993 1992/1992 1903/1903
f 1903/1903 1992/1992 1901/1901
f 1961/1961 1960/1960 1908/1908
f 1960/1960 1961/1961 2043/2043
f 2040/2040 1937/1937 1936/1936
f 2011/2011 2040/2040 1936/1936
f 2034/2034 2053/2053 1962/1962
f 2036/2036 2034/2034 1962/1962
f 2062/2062 1980/1980 2046/2046
f 2062/2062 2009/2009 1980/1980
f 1947/1947 1946/1946 2038/2038
f 1946/1946 1994/1994 2038/2038
f 1989/1989 2016/2016 1990/1990
f 2016/2016 1989/1989 1925/1925
f 2041/2041 2005/2005 1923/1923
f 2047/2047 1923/1923 2005/2005
f 1912/1912 2064/2064 1981/1981
f 2064/2064 1912/1912 2052/2052
f 2059/2059 1953/1953 1955/1955
f 1953/1953 2059/2059 1954/1954
f 2012/2012 1941/1941 1963/1963
f 1941/1941 2012/2012 1939/1939
f 1933/1933 1974/1974 2051/2051
f 1933/1933 2051/2051 1931/1931
f 2046/2046 1928/1928 2062/2062
f 2046/2046 1982/1982 1928/1928
f 1970/1970 1979/1979 2027/2027
f 1979/1979 1970/1970 1978/1978
f 1917/1917 2028/2028 1904/1904
f 2031/2031 2028/2028 1917/1917
f 1995/1995 2033/2033 2032/2032
f 2033/2033 1995/1995 1922/1922
f 1978/1978 1913/1913 1915/1915
f 1913/1913 1978/1978 1970/1970
f 1919/1919 2061/2061 1987/1987
f 2061/2061 1919/1919 1921/1921
f 1968/1968 1984/1984 1966/1966
f 1985/1985 1984/1984 1968/1968
f 2050/2050 1927/1927 1926/1926
f 1927/1927 2050/2050 2017/2017
f 1976/1976 2067/2067 2029/2029
f 2030/2030 2067/2067 1976/1976
f 2024/2024 2022/2022 2025/2025
f 2022/2022 2024/2024 2011/2011
f 2066/2066 2010/2010 1961/1961
f 1954/1954 2010/2010 2066/2066
f 2057/2057 1950/1950 1991/1991
f 1950/1950 2057/2057 2040/2040
f 1965/1965 2068/2068 1911/1911
f 2068/2068 1965/1965 1907/1907
f 1998/1998 2063/2063 1969/1969
f 2063/2063 1998/1998 2031/2031
f 1936/1936 1981/1981 2011/2011
f 1981/1981 1980/1980 2011/2011
f 2006/2006 1923/1923 2047/2047
f 2006/2006 2047/2047 1999/1999
f 2008/2008 1988/1988 2007/2007
f 2007/2007 1988/1988 1987/1987
f 2001/2001 1986/1986 2004/2004
f 1956/1956 1986/1986 2001/2001
f 2062/2062 1930/1930 2009/2009
f 1972/1972 2009/2009 1930/1930
f 2000/2000 2045/2045 1967/1967
f 2045/2045 2000/2000 1999/1999
f 2054/2054 2014/2014 2053/2053
f 2014/2014 2054/2054 2049/2049
f 2020/2020 2055/2055 1956/1956
f 1945/1945 2055/2055 2020/2020
f 1947/1947 1949/1949 2018/2018
f 2018/2018 1949/1949 1913/1913
f 2003/2003 2002/2002 2001/2001
f 2002/2002 2003/2003 1975/1975
f 1938/1938 2035/2035 2034/2034
f 2035/2035 1938/1938 1937/1937
f 1929/1929 1973/1973 1930/1930
f 1973/1973 1929/1929 2052/2052
f 1922/1922 1905/1905 2041/2041
f 1904/1904 2041/2041 1905/1905
f 2049/2049 1932/1932 2017/2017
f 1932/1932 2049/2049 1974/1974
f 2060/2060 1944/1944 1923/1923
f 1944/1944 2060/2060 1994/1994
f 1942/1942 1918/1918 1997/1997
f 1918/1918 1942/1942 1916/1916
f 2069/2069 2070/2070 2071/2071
f 2072/2072 2073/2073 2074/2074
f 2075/2075 2076/2076 2077/2077
f 2078/2078 2079/2079 2080/2080
f 2081/2081 2082/2082 2083/2083
f 2084/2084 2085/2085 2086/2086
f 2087/2087 2088/2088 2070/2070
f 2089/2089 2074/2074 2073/2073
f 2077/2077 2090/2090 2075/2075
f 2080/2080 2091/2091 2078/2078
f 2092/2092 2093/2093 2094/2094
f 2095/2095 2096/2096 2097/2097
f 2084/2084 2098/2098 2099/2099
f 2100/2100 2101/2101 2102/2102
f 2094/2094 2103/2103 2092/2092
f 2071/2071 2097/2097 2069/2069
f 2104/2104 2084/2084 2099/2099
f 2082/2082 2102/2102 2101/2101
f 2105/2105 2075/2075 2090/2090
f 2070/2070 2106/2106 2087/2087
f 2107/2107 2086/2086 2085/2085
f 2083/2083 2108/2108 2081/2081
f 2097/2097 2109/2109 2095/2095
f 2110/2110 2094/2094 2093/2093
f 2073/2073 2095/2095 2089/2089
f 2093/2093 2078/2078 2110/2110
f 2097/2097 2096/2096 2069/2069
f 2076/2076 2092/2092 2103/2103
f 2102/2102 2072/2072 2100/2100
f 2080/2080 2079/2079 2104/2104
f 2085/2085 2105/2105 2107/2107
f 2106/2106 2081/2081 2108/2108
f 2099/2099 2080/2080 2104/2104
f 2074/2074 2100/2100 2072/2072
f 2103/2103 2077/2077 2076/2076
f 2070/2070 2088/2088 2071/2071
f 2101/2101 2083/2083 2082/2082
f 2086/2086 2098/2098 2084/2084
f 2088/2088 2087/2087 2090/2090
f 2087/2087 2083/2083 2107/2107
f 2095/2095 2109/2109 2089/2089
f 2074/2074 2089/2089 2091/2091
f 2087/2087 2107/2107 2090/2090
f 2090/2090 2107/2107 2105/2105
f 2109/2109 2097/2097 2110/2110
f 2110/2110 2089/2089 2109/2109
f 2083/2083 2101/2101 2086/2086
f 2086/2086 2107/2107 2083/2083
f 2073/2073 2072/2072 2078/2078
f 2078/2078 2095/2095 2073/2073
f 2085/2085 2084/2084 2082/2082
f 2082/2082 2084/2084 2104/2104
f 2106/2106 2070/2070 2105/2105
f 2105/2105 2081/2081 2106/2106
f 2096/2096 2095/2095 2093/2093
f 2078/2078 2093/2093 2095/2095
f 2070/2070 2069/2069 2075/2075
f 2075/2075 2105/2105 2070/2070
f 2082/2082 2081/2081 2085/2085
f 2105/2105 2085/2085 2081/2081
f 2076/2076 2075/2075 2069/2069
f 2069/2069 2096/2096 2076/2076
f 2104/2104 2079/2079 2102/2102
f 2102/2102 2082/2082 2104/2104
f 2074/2074 2080/2080 2099/2099
f 2091/2091 2080/2080 2074/2074
f 2097/2097 2071/2071 2094/2094
f 2094/2094 2110/2110 2097/2097
f 2093/2093 2092/2092 2096/2096
f 2096/2096 2092/2092 2076/2076
f 2110/2110 2091/2091 2089/2089
f 2078/2078 2091/2091 2110/2110
f 2099/2099 2098/2098 2100/2100
f 2100/2100 2074/2074 2099/2099
f 2103/2103 2094/2094 2071/2071
f 2071/2071 2088/2088 2103/2103
f 2079/2079 2078/2078 2072/2072
f 2072/2072 2102/2102 2079/2079
f 2090/2090 2077/2077 2088/2088
f 2088/2088 2077/2077 2103/2103
f 2101/2101 2100/2100 2098/2098
f 2098/2098 2086/2086 2101/2101
f 2108/2108 2083/2083 2087/2087
f 2108/2108 2087/2087 2106/2106
f 2111/2111 2112/2112 2113/2113
f 2114/2114 2115/2115 2116/2116
f 2117/2117 2118/2118 2119/2119
f 2120/2120 2121/2121 2122/2122
f 2119/2119 2123/2123 2117/2117
f 2122/2122 2124/2124 2120/2120
f 2125/2125 2126/2126 2127/2127
f 2128/2128 2129/2129 2130/2130
f 2131/2131 2132/2132 2133/2133
f 2134/2134 2135/2135 2136/2136
f 2125/2125 2137/2137 2138/2138
f 2139/2139 2140/2140 2141/2141
f 2142/2142 2143/2143 2144/2144
f 2121/2121 2145/2145 2146/2146
f 2147/2147 2117/2117 2123/2123
f 2148/2148 2149/2149 2150/2150
f 2151/2151 2152/2152 2153/2153
f 2154/2154 2119/2119 2118/2118
f 2155/2155 2130/2130 2129/2129
f 2156/2156 2157/2157 2158/2158
f 2116/2116 2128/2128 2114/2114
f 2159/2159 2160/2160 2161/2161
f 2162/2162 2163/2163 2164/2164
f 2165/2165 2117/2117 2147/2147
f 2166/2166 2167/2167 2168/2168
f 2169/2169 2170/2170 2171/2171
f 2172/2172 2173/2173 2174/2174
f 2175/2175 2176/2176 2177/2177
f 2122/2122 2178/2178 2179/2179
f 2167/2167 2180/2180 2118/2118
f 2145/2145 2121/2121 2181/2181
f 2125/2125 2113/2113 2126/2126
f 2129/2129 2128/2128 2182/2182
f 2183/2183 2184/2184 2134/2134
f 2185/2185 2186/2186 2187/2187
f 2134/2134 2136/2136 2188/2188
f 2189/2189 2159/2159 2190/2190
f 2191/2191 2192/2192 2193/2193
f 2194/2194 2195/2195 2123/2123
f 2123/2123 2195/2195 2196/2196
f 2116/2116 2197/2197 2198/2198
f 2137/2137 2125/2125 2197/2197
f 2199/2199 2200/2200 2155/2155
f 2155/2155 2111/2111 2199/2199
f 2141/2141 2138/2138 2139/2139
f 2115/2115 2114/2114 2201/2201
f 2113/2113 2125/2125 2111/2111
f 2138/2138 2141/2141 2125/2125
f 2202/2202 2191/2191 2193/2193
f 2203/2203 2142/2142 2204/2204
f 2124/2124 2122/2122 2179/2179
f 2205/2205 2119/2119 2124/2124
f 2187/2187 2206/2206 2185/2185
f 2153/2153 2207/2207 2208/2208
f 2128/2128 2116/2116 2198/2198
f 2209/2209 2182/2182 2128/2128
f 2210/2210 2211/2211 2212/2212
f 2213/2213 2210/2210 2212/2212
f 2132/2132 2214/2214 2133/2133
f 2215/2215 2216/2216 2217/2217
f 2121/2121 2218/2218 2196/2196
f 2218/2218 2121/2121 2146/2146
f 2157/2157 2201/2201 2114/2114
f 2130/2130 2155/2155 2200/2200
f 2219/2219 2220/2220 2221/2221
f 2222/2222 2161/2161 2160/2160
f 2144/2144 2143/2143 2223/2223
f 2113/2113 2182/2182 2126/2126
f 2224/2224 2225/2225 2163/2163
f 2226/2226 2227/2227 2189/2189
f 2228/2228 2165/2165 2218/2218
f 2229/2229 2230/2230 2168/2168
f 2164/2164 2231/2231 2232/2232
f 2144/2144 2162/2162 2164/2164
f 2233/2233 2234/2234 2169/2169
f 2235/2235 2236/2236 2237/2237
f 2238/2238 2148/2148 2150/2150
f 2239/2239 2134/2134 2184/2184
f 2119/2119 2205/2205 2240/2240
f 2123/2123 2119/2119 2194/2194
f 2201/2201 2139/2139 2138/2138
f 2156/2156 2158/2158 2241/2241
f 2180/2180 2167/2167 2166/2166
f 2146/2146 2145/2145 2230/2230
f 2242/2242 2140/2140 2241/2241
f 2243/2243 2200/2200 2199/2199
f 2237/2237 2244/2244 2170/2170
f 2202/2202 2193/2193 2225/2225
f 2225/2225 2224/2224 2245/2245
f 2159/2159 2246/2246 2190/2190
f 2212/2212 2247/2247 2246/2246
f 2198/2198 2209/2209 2128/2128
f 2179/2179 2248/2248 2124/2124
f 2249/2249 2240/2240 2205/2205
f 2169/2169 2250/2250 2251/2251
f 2184/2184 2183/2183 2252/2252
f 2253/2253 2254/2254 2238/2238
f 2247/2247 2212/2212 2211/2211
f 2225/2225 2247/2247 2231/2231
f 2134/2134 2239/2239 2255/2255
f 2186/2186 2185/2185 2256/2256
f 2257/2257 2113/2113 2112/2112
f 2129/2129 2182/2182 2113/2113
f 2190/2190 2246/2246 2258/2258
f 2118/2118 2117/2117 2167/2167
f 2117/2117 2165/2165 2167/2167
f 2173/2173 2172/2172 2235/2235
f 2233/2233 2219/2219 2234/2234
f 2229/2229 2146/2146 2230/2230
f 2259/2259 2165/2165 2228/2228
f 2214/2214 2153/2153 2133/2133
f 2260/2260 2153/2153 2214/2214
f 2188/2188 2217/2217 2216/2216
f 2252/2252 2183/2183 2261/2261
f 2139/2139 2201/2201 2262/2262
f 2156/2156 2201/2201 2157/2157
f 2153/2153 2152/2152 2133/2133
f 2148/2148 2238/2238 2254/2254
f 2149/2149 2152/2152 2151/2151
f 2208/2208 2185/2185 2206/2206
f 2236/2236 2235/2235 2172/2172
f 2263/2263 2172/2172 2174/2174
f 2221/2221 2174/2174 2173/2173
f 2158/2158 2200/2200 2243/2243
f 2242/2242 2241/2241 2158/2158
f 2166/2166 2168/2168 2230/2230
f 2230/2230 2145/2145 2264/2264
f 2181/2181 2118/2118 2180/2180
f 2118/2118 2181/2181 2154/2154
f 2218/2218 2177/2177 2176/2176
f 2177/2177 2218/2218 2165/2165
f 2265/2265 2182/2182 2266/2266
f 2189/2189 2224/2224 2267/2267
f 2222/2222 2160/2160 2267/2267
f 2125/2125 2268/2268 2197/2197
f 2268/2268 2269/2269 2197/2197
f 2165/2165 2168/2168 2167/2167
f 2168/2168 2165/2165 2259/2259
f 2164/2164 2232/2232 2144/2144
f 2144/2144 2204/2204 2142/2142
f 2241/2241 2139/2139 2262/2262
f 2140/2140 2139/2139 2241/2241
f 2161/2161 2222/2222 2270/2270
f 2143/2143 2142/2142 2213/2213
f 2196/2196 2195/2195 2178/2178
f 2135/2135 2134/2134 2271/2271
f 2255/2255 2271/2271 2134/2134
f 2145/2145 2180/2180 2264/2264
f 2180/2180 2145/2145 2181/2181
f 2222/2222 2163/2163 2162/2162
f 2272/2272 2223/2223 2143/2143
f 2169/2169 2237/2237 2170/2170
f 2237/2237 2169/2169 2234/2234
f 2240/2240 2194/2194 2119/2119
f 2200/2200 2157/2157 2130/2130
f 2200/2200 2158/2158 2157/2157
f 2273/2273 2274/2274 2186/2186
f 2255/2255 2239/2239 2273/2273
f 2275/2275 2245/2245 2224/2224
f 2224/2224 2189/2189 2227/2227
f 2274/2274 2273/2273 2239/2239
f 2274/2274 2150/2150 2149/2149
f 2122/2122 2196/2196 2178/2178
f 2196/2196 2122/2122 2121/2121
f 2135/2135 2271/2271 2207/2207
f 2153/2153 2260/2260 2207/2207
f 2231/2231 2164/2164 2225/2225
f 2164/2164 2163/2163 2225/2225
f 2169/2169 2251/2251 2233/2233
f 2246/2246 2159/2159 2212/2212
f 2161/2161 2212/2212 2159/2159
f 2127/2127 2126/2126 2276/2276
f 2277/2277 2126/2126 2278/2278
f 2136/2136 2217/2217 2188/2188
f 2217/2217 2214/2214 2215/2215
f 2221/2221 2173/2173 2219/2219
f 2219/2219 2173/2173 2234/2234
f 2231/2231 2247/2247 2211/2211
f 2231/2231 2211/2211 2232/2232
f 2248/2248 2279/2279 2249/2249
f 2280/2280 2249/2249 2279/2279
f 2254/2254 2253/2253 2131/2131
f 2225/2225 2193/2193 2247/2247
f 2247/2247 2193/2193 2192/2192
f 2206/2206 2187/2187 2149/2149
f 2206/2206 2149/2149 2151/2151
f 2276/2276 2268/2268 2281/2281
f 2281/2281 2268/2268 2125/2125
f 2137/2137 2116/2116 2115/2115
f 2197/2197 2116/2116 2137/2137
f 2115/2115 2138/2138 2137/2137
f 2138/2138 2115/2115 2201/2201
f 2216/2216 2261/2261 2188/2188
f 2146/2146 2228/2228 2218/2218
f 2229/2229 2228/2228 2146/2146
f 2278/2278 2126/2126 2182/2182
f 2278/2278 2182/2182 2282/2282
f 2191/2191 2258/2258 2192/2192
f 2179/2179 2178/2178 2279/2279
f 2248/2248 2179/2179 2279/2279
f 2242/2242 2199/2199 2140/2140
f 2140/2140 2199/2199 2111/2111
f 2130/2130 2114/2114 2128/2128
f 2114/2114 2130/2130 2157/2157
f 2154/2154 2124/2124 2119/2119
f 2124/2124 2154/2154 2181/2181
f 2244/2244 2237/2237 2236/2236
f 2283/2283 2284/2284 2195/2195
f 2178/2178 2195/2195 2284/2284
f 2271/2271 2255/2255 2186/2186
f 2255/2255 2273/2273 2186/2186
f 2243/2243 2199/2199 2242/2242
f 2158/2158 2243/2243 2242/2242
f 2262/2262 2201/2201 2156/2156
f 2241/2241 2262/2262 2156/2156
f 2259/2259 2228/2228 2229/2229
f 2168/2168 2259/2259 2229/2229
f 2230/2230 2264/2264 2166/2166
f 2264/2264 2180/2180 2166/2166
f 2213/2213 2270/2270 2143/2143
f 2270/2270 2272/2272 2143/2143
f 2256/2256 2185/2185 2207/2207
f 2185/2185 2208/2208 2207/2207
f 2203/2203 2204/2204 2232/2232
f 2204/2204 2144/2144 2232/2232
f 2214/2214 2132/2132 2215/2215
f 2160/2160 2159/2159 2189/2189
f 2267/2267 2160/2160 2189/2189
f 2190/2190 2226/2226 2189/2189
f 2245/2245 2202/2202 2225/2225
f 2141/2141 2111/2111 2125/2125
f 2111/2111 2141/2141 2140/2140
f 2254/2254 2133/2133 2152/2152
f 2131/2131 2133/2133 2254/2254
f 2270/2270 2213/2213 2161/2161
f 2212/2212 2161/2161 2213/2213
f 2211/2211 2210/2210 2142/2142
f 2210/2210 2213/2213 2142/2142
f 2147/2147 2177/2177 2165/2165
f 2177/2177 2147/2147 2123/2123
f 2184/2184 2150/2150 2239/2239
f 2239/2239 2150/2150 2274/2274
f 2235/2235 2234/2234 2173/2173
f 2237/2237 2234/2234 2235/2235
f 2171/2171 2250/2250 2169/2169
f 2152/2152 2148/2148 2254/2254
f 2149/2149 2148/2148 2152/2152
f 2214/2214 2217/2217 2136/2136
f 2214/2214 2136/2136 2260/2260
f 2112/2112 2111/2111 2155/2155
f 2112/2112 2155/2155 2257/2257
f 2284/2284 2280/2280 2178/2178
f 2280/2280 2279/2279 2178/2178
f 2195/2195 2194/2194 2283/2283
f 2222/2222 2223/2223 2272/2272
f 2270/2270 2222/2222 2272/2272
f 2175/2175 2123/2123 2196/2196
f 2123/2123 2175/2175 2177/2177
f 2129/2129 2257/2257 2155/2155
f 2257/2257 2129/2129 2113/2113
f 2246/2246 2192/2192 2258/2258
f 2192/2192 2246/2246 2247/2247
f 2285/2285 2233/2233 2251/2251
f 2285/2285 2251/2251 2250/2250
f 2198/2198 2197/2197 2269/2269
f 2269/2269 2209/2209 2198/2198
f 2188/2188 2183/2183 2134/2134
f 2183/2183 2188/2188 2261/2261
f 2274/2274 2149/2149 2187/2187
f 2187/2187 2186/2186 2274/2274
f 2265/2265 2282/2282 2182/2182
f 2203/2203 2232/2232 2211/2211
f 2142/2142 2203/2203 2211/2211
f 2220/2220 2219/2219 2233/2233
f 2127/2127 2281/2281 2125/2125
f 2276/2276 2281/2281 2127/2127
f 2256/2256 2207/2207 2271/2271
f 2271/2271 2186/2186 2256/2256
f 2206/2206 2151/2151 2208/2208
f 2208/2208 2151/2151 2153/2153
f 2120/2120 2181/2181 2121/2121
f 2181/2181 2120/2120 2124/2124
f 2150/2150 2184/2184 2238/2238
f 2184/2184 2253/2253 2238/2238
f 2252/2252 2253/2253 2184/2184
f 2252/2252 2131/2131 2253/2253
f 2265/2265 2266/2266 2209/2209
f 2182/2182 2209/2209 2266/2266
f 2176/2176 2196/2196 2218/2218
f 2196/2196 2176/2176 2175/2175
f 2124/2124 2248/2248 2205/2205
f 2249/2249 2205/2205 2248/2248
f 2223/2223 2222/2222 2162/2162
f 2223/2223 2162/2162 2144/2144
f 2263/2263 2286/2286 2236/2236
f 2172/2172 2263/2263 2236/2236
f 2163/2163 2267/2267 2224/2224
f 2267/2267 2163/2163 2222/2222
f 2260/2260 2135/2135 2207/2207
f 2135/2135 2260/2260 2136/2136
f 2277/2277 2276/2276 2126/2126
f 2227/2227 2275/2275 2224/2224
f 2287/2287 2288/2288 2289/2289
f 2290/2290 2291/2291 2292/2292
f 2293/2293 2294/2294 2295/2295
f 2296/2296 2297/2297 2298/2298
f 2299/2299 2300/2300 2301/2301
f 2302/2302 2303/2303 2304/2304
f 2305/2305 2306/2306 2307/2307
f 2308/2308 2309/2309 2310/2310
f 2311/2311 2312/2312 2313/2313
f 2314/2314 2315/2315 2316/2316
f 2292/2292 2317/2317 2318/2318
f 2319/2319 2320/2320 2321/2321
f 2322/2322 2323/2323 2324/2324
f 2325/2325 2326/2326 2327/2327
f 2328/2328 2329/2329 2330/2330
f 2331/2331 2332/2332 2333/2333
f 2334/2334 2335/2335 2336/2336
f 2337/2337 2338/2338 2339/2339
f 2340/2340 2341/2341 2342/2342
f 2330/2330 2343/2343 2328/2328
f 2344/2344 2345/2345 2346/2346
f 2347/2347 2327/2327 2326/2326
f 2348/2348 2349/2349 2350/2350
f 2301/2301 2351/2351 2299/2299
f 2352/2352 2353/2353 2354/2354
f 2355/2355 2289/2289 2288/2288
f 2356/2356 2357/2357 2358/2358
f 2359/2359 2346/2346 2345/2345
f 2360/2360 2361/2361 2358/2358
f 2362/2362 2342/2342 2341/2341
f 2363/2363 2364/2364 2307/2307
f 2365/2365 2366/2366 2367/2367
f 2368/2368 2369/2369 2370/2370
f 2371/2371 2334/2334 2336/2336
f 2372/2372 2324/2324 2323/2323
f 2373/2373 2374/2374 2347/2347
f 2338/2338 2375/2375 2376/2376
f 2377/2377 2378/2378 2379/2379
f 2380/2380 2381/2381 2382/2382
f 2383/2383 2384/2384 2385/2385
f 2317/2317 2292/2292 2386/2386
f 2387/2387 2388/2388 2328/2328
f 2342/2342 2362/2362 2389/2389
f 2390/2390 2391/2391 2344/2344
f 2327/2327 2347/2347 2392/2392
f 2393/2393 2315/2315 2314/2314
f 2303/2303 2302/2302 2394/2394
f 2395/2395 2396/2396 2397/2397
f 2308/2308 2310/2310 2398/2398
f 2399/2399 2304/2304 2400/2400
f 2350/2350 2349/2349 2401/2401
f 2402/2402 2316/2316 2315/2315
f 2357/2357 2333/2333 2332/2332
f 2403/2403 2404/2404 2405/2405
f 2354/2354 2406/2406 2407/2407
f 2408/2408 2409/2409 2410/2410
f 2411/2411 2376/2376 2375/2375
f 2412/2412 2413/2413 2414/2414
f 2414/2414 2415/2415 2412/2412
f 2343/2343 2330/2330 2416/2416
f 2341/2341 2340/2340 2417/2417
f 2418/2418 2351/2351 2301/2301
f 2419/2419 2420/2420 2421/2421
f 2422/2422 2321/2321 2423/2423
f 2424/2424 2295/2295 2294/2294
f 2345/2345 2344/2344 2391/2391
f 2425/2425 2426/2426 2427/2427
f 2428/2428 2331/2331 2429/2429
f 2329/2329 2328/2328 2388/2388
f 2430/2430 2431/2431 2432/2432
f 2346/2346 2433/2433 2344/2344
f 2325/2325 2434/2434 2435/2435
f 2436/2436 2307/2307 2306/2306
f 2437/2437 2438/2438 2439/2439
f 2440/2440 2441/2441 2442/2442
f 2443/2443 2444/2444 2445/2445
f 2446/2446 2447/2447 2448/2448
f 2447/2447 2383/2383 2385/2385
f 2326/2326 2449/2449 2323/2323
f 2326/2326 2325/2325 2435/2435
f 2450/2450 2451/2451 2452/2452
f 2450/2450 2412/2412 2415/2415
f 2453/2453 2454/2454 2455/2455
f 2371/2371 2453/2453 2455/2455
f 2408/2408 2410/2410 2456/2456
f 2289/2289 2408/2408 2287/2287
f 2343/2343 2457/2457 2458/2458
f 2459/2459 2455/2455 2454/2454
f 2381/2381 2380/2380 2460/2460
f 2313/2313 2310/2310 2311/2311
f 2461/2461 2432/2432 2462/2462
f 2288/2288 2287/2287 2463/2463
f 2464/2464 2465/2465 2466/2466
f 2467/2467 2468/2468 2469/2469
f 2449/2449 2470/2470 2323/2323
f 2346/2346 2359/2359 2471/2471
f 2339/2339 2472/2472 2337/2337
f 2370/2370 2473/2473 2368/2368
f 2474/2474 2475/2475 2419/2419
f 2475/2475 2420/2420 2419/2419
f 2348/2348 2476/2476 2413/2413
f 2477/2477 2478/2478 2479/2479
f 2356/2356 2417/2417 2480/2480
f 2357/2357 2356/2356 2480/2480
f 2307/2307 2481/2481 2363/2363
f 2482/2482 2379/2379 2378/2378
f 2483/2483 2353/2353 2445/2445
f 2353/2353 2443/2443 2445/2445
f 2397/2397 2484/2484 2395/2395
f 2442/2442 2485/2485 2486/2486
f 2485/2485 2407/2407 2406/2406
f 2408/2408 2289/2289 2406/2406
f 2289/2289 2355/2355 2406/2406
f 2391/2391 2427/2427 2345/2345
f 2487/2487 2488/2488 2489/2489
f 2361/2361 2389/2389 2358/2358
f 2490/2490 2491/2491 2492/2492
f 2374/2374 2392/2392 2347/2347
f 2493/2493 2489/2489 2488/2488
f 2388/2388 2429/2429 2329/2329
f 2494/2494 2492/2492 2491/2491
f 2357/2357 2404/2404 2403/2403
f 2480/2480 2495/2495 2357/2357
f 2400/2400 2394/2394 2496/2496
f 2398/2398 2400/2400 2496/2496
f 2497/2497 2312/2312 2477/2477
f 2312/2312 2311/2311 2477/2477
f 2498/2498 2299/2299 2351/2351
f 2413/2413 2412/2412 2348/2348
f 2300/2300 2316/2316 2499/2499
f 2367/2367 2363/2363 2481/2481
f 2326/2326 2500/2500 2449/2449
f 2501/2501 2502/2502 2503/2503
f 2443/2443 2504/2504 2444/2444
f 2505/2505 2386/2386 2504/2504
f 2327/2327 2506/2506 2433/2433
f 2506/2506 2327/2327 2392/2392
f 2507/2507 2460/2460 2380/2380
f 2383/2383 2447/2447 2508/2508
f 2371/2371 2370/2370 2369/2369
f 2385/2385 2448/2448 2447/2447
f 2325/2325 2346/2346 2434/2434
f 2471/2471 2509/2509 2346/2346
f 2510/2510 2511/2511 2512/2512
f 2428/2428 2358/2358 2357/2357
f 2358/2358 2428/2428 2360/2360
f 2513/2513 2514/2514 2402/2402
f 2401/2401 2515/2515 2474/2474
f 2516/2516 2517/2517 2518/2518
f 2518/2518 2519/2519 2516/2516
f 2515/2515 2401/2401 2349/2349
f 2520/2520 2515/2515 2349/2349
f 2448/2448 2455/2455 2298/2298
f 2298/2298 2377/2377 2379/2379
f 2366/2366 2475/2475 2520/2520
f 2418/2418 2367/2367 2366/2366
f 2521/2521 2382/2382 2381/2381
f 2454/2454 2453/2453 2521/2521
f 2405/2405 2416/2416 2330/2330
f 2522/2522 2335/2335 2334/2334
f 2369/2369 2368/2368 2465/2465
f 2466/2466 2318/2318 2317/2317
f 2472/2472 2339/2339 2290/2290
f 2523/2523 2302/2302 2304/2304
f 2478/2478 2477/2477 2311/2311
f 2309/2309 2414/2414 2413/2413
f 2415/2415 2496/2496 2394/2394
f 2452/2452 2451/2451 2497/2497
f 2524/2524 2462/2462 2432/2432
f 2525/2525 2526/2526 2467/2467
f 2320/2320 2508/2508 2297/2297
f 2422/2422 2423/2423 2297/2297
f 2492/2492 2387/2387 2527/2527
f 2490/2490 2389/2389 2361/2361
f 2489/2489 2373/2373 2528/2528
f 2487/2487 2427/2427 2391/2391
f 2493/2493 2392/2392 2374/2374
f 2488/2488 2390/2390 2529/2529
f 2494/2494 2429/2429 2388/2388
f 2491/2491 2360/2360 2530/2530
f 2456/2456 2410/2410 2411/2411
f 2411/2411 2463/2463 2456/2456
f 2338/2338 2337/2337 2382/2382
f 2385/2385 2384/2384 2473/2473
f 2460/2460 2507/2507 2294/2294
f 2320/2320 2319/2319 2508/2508
f 2316/2316 2514/2514 2499/2499
f 2316/2316 2402/2402 2514/2514
f 2291/2291 2290/2290 2339/2339
f 2376/2376 2411/2411 2410/2410
f 2479/2479 2393/2393 2477/2477
f 2497/2497 2477/2477 2452/2452
f 2531/2531 2532/2532 2504/2504
f 2532/2532 2486/2486 2504/2504
f 2335/2335 2375/2375 2336/2336
f 2521/2521 2336/2336 2375/2375
f 2406/2406 2354/2354 2408/2408
f 2409/2409 2408/2408 2483/2483
f 2533/2533 2534/2534 2461/2461
f 2431/2431 2430/2430 2535/2535
f 2299/2299 2450/2450 2300/2300
f 2316/2316 2300/2300 2314/2314
f 2346/2346 2509/2509 2434/2434
f 2476/2476 2348/2348 2350/2350
f 2393/2393 2479/2479 2315/2315
f 2414/2414 2309/2309 2308/2308
f 2414/2414 2496/2496 2415/2415
f 2294/2294 2293/2293 2460/2460
f 2378/2378 2377/2377 2459/2459
f 2360/2360 2491/2491 2361/2361
f 2490/2490 2361/2361 2491/2491
f 2487/2487 2391/2391 2488/2488
f 2390/2390 2488/2488 2391/2391
f 2494/2494 2388/2388 2492/2492
f 2387/2387 2492/2492 2388/2388
f 2373/2373 2489/2489 2374/2374
f 2493/2493 2374/2374 2489/2489
f 2306/2306 2305/2305 2513/2513
f 2513/2513 2364/2364 2514/2514
f 2536/2536 2537/2537 2538/2538
f 2516/2516 2539/2539 2484/2484
f 2386/2386 2505/2505 2464/2464
f 2463/2463 2464/2464 2288/2288
f 2297/2297 2296/2296 2540/2540
f 2432/2432 2541/2541 2524/2524
f 2542/2542 2432/2432 2431/2431
f 2400/2400 2398/2398 2543/2543
f 2437/2437 2439/2439 2365/2365
f 2495/2495 2544/2544 2545/2545
f 2546/2546 2547/2547 2548/2548
f 2548/2548 2549/2549 2550/2550
f 2435/2435 2500/2500 2326/2326
f 2551/2551 2552/2552 2503/2503
f 2503/2503 2502/2502 2396/2396
f 2330/2330 2403/2403 2405/2405
f 2403/2403 2330/2330 2331/2331
f 2553/2553 2554/2554 2555/2555
f 2468/2468 2541/2541 2555/2555
f 2483/2483 2445/2445 2409/2409
f 2445/2445 2444/2444 2292/2292
f 2328/2328 2342/2342 2387/2387
f 2342/2342 2556/2556 2340/2340
f 2425/2425 2347/2347 2326/2326
f 2347/2347 2425/2425 2373/2373
f 2365/2365 2439/2439 2366/2366
f 2475/2475 2366/2366 2420/2420
f 2455/2455 2448/2448 2371/2371
f 2370/2370 2371/2371 2448/2448
f 2405/2405 2404/2404 2557/2557
f 2495/2495 2545/2545 2558/2558
f 2549/2549 2470/2470 2559/2559
f 2560/2560 2471/2471 2359/2359
f 2363/2363 2367/2367 2499/2499
f 2418/2418 2301/2301 2367/2367
f 2498/2498 2412/2412 2299/2299
f 2412/2412 2450/2450 2299/2299
f 2464/2464 2463/2463 2465/2465
f 2335/2335 2522/2522 2463/2463
f 2397/2397 2501/2501 2516/2516
f 2484/2484 2397/2397 2516/2516
f 2518/2518 2561/2561 2519/2519
f 2312/2312 2302/2302 2313/2313
f 2302/2302 2312/2312 2497/2497
f 2375/2375 2338/2338 2521/2521
f 2382/2382 2521/2521 2338/2338
f 2364/2364 2363/2363 2514/2514
f 2499/2499 2514/2514 2363/2363
f 2394/2394 2400/2400 2303/2303
f 2303/2303 2400/2400 2304/2304
f 2297/2297 2508/2508 2447/2447
f 2447/2447 2446/2446 2297/2297
f 2473/2473 2370/2370 2385/2385
f 2448/2448 2385/2385 2370/2370
f 2466/2466 2465/2465 2368/2368
f 2318/2318 2466/2466 2472/2472
f 2462/2462 2533/2533 2461/2461
f 2512/2512 2511/2511 2533/2533
f 2453/2453 2371/2371 2336/2336
f 2336/2336 2521/2521 2453/2453
f 2515/2515 2520/2520 2475/2475
f 2475/2475 2474/2474 2515/2515
f 2345/2345 2426/2426 2359/2359
f 2426/2426 2345/2345 2427/2427
f 2532/2532 2531/2531 2562/2562
f 2555/2555 2563/2563 2553/2553
f 2534/2534 2535/2535 2430/2430
f 2441/2441 2564/2564 2485/2485
f 2441/2441 2485/2485 2442/2442
f 2455/2455 2459/2459 2377/2377
f 2377/2377 2298/2298 2455/2455
f 2396/2396 2395/2395 2565/2565
f 2537/2537 2566/2566 2565/2565
f 2409/2409 2292/2292 2291/2291
f 2292/2292 2409/2409 2445/2445
f 2450/2450 2314/2314 2300/2300
f 2314/2314 2450/2450 2452/2452
f 2407/2407 2485/2485 2564/2564
f 2406/2406 2486/2486 2485/2485
f 2486/2486 2406/2406 2355/2355
f 2432/2432 2542/2542 2541/2541
f 2541/2541 2542/2542 2555/2555
f 2326/2326 2322/2322 2425/2425
f 2323/2323 2322/2322 2326/2326
f 2323/2323 2359/2359 2426/2426
f 2359/2359 2323/2323 2560/2560
f 2463/2463 2411/2411 2335/2335
f 2375/2375 2335/2335 2411/2411
f 2435/2435 2434/2434 2547/2547
f 2434/2434 2548/2548 2547/2547
f 2528/2528 2373/2373 2427/2427
f 2425/2425 2427/2427 2373/2373
f 2342/2342 2389/2389 2387/2387
f 2527/2527 2387/2387 2389/2389
f 2392/2392 2390/2390 2344/2344
f 2529/2529 2390/2390 2392/2392
f 2530/2530 2360/2360 2429/2429
f 2428/2428 2429/2429 2360/2360
f 2351/2351 2349/2349 2498/2498
f 2349/2349 2351/2351 2520/2520
f 2433/2433 2346/2346 2325/2325
f 2433/2433 2325/2325 2327/2327
f 2567/2567 2559/2559 2449/2449
f 2470/2470 2449/2449 2559/2559
f 2393/2393 2452/2452 2477/2477
f 2452/2452 2393/2393 2314/2314
f 2310/2310 2309/2309 2311/2311
f 2311/2311 2309/2309 2478/2478
f 2526/2526 2512/2512 2524/2524
f 2524/2524 2467/2467 2526/2526
f 2329/2329 2331/2331 2330/2330
f 2331/2331 2329/2329 2429/2429
f 2308/2308 2496/2496 2414/2414
f 2398/2398 2496/2496 2308/2308
f 2321/2321 2424/2424 2319/2319
f 2507/2507 2508/2508 2319/2319
f 2508/2508 2507/2507 2383/2383
f 2354/2354 2483/2483 2408/2408
f 2483/2483 2354/2354 2353/2353
f 2306/2306 2419/2419 2436/2436
f 2419/2419 2306/2306 2474/2474
f 2288/2288 2504/2504 2355/2355
f 2355/2355 2504/2504 2486/2486
f 2341/2341 2356/2356 2362/2362
f 2356/2356 2341/2341 2417/2417
f 2419/2419 2421/2421 2436/2436
f 2402/2402 2401/2401 2513/2513
f 2401/2401 2402/2402 2350/2350
f 2498/2498 2348/2348 2412/2412
f 2348/2348 2498/2498 2349/2349
f 2380/2380 2383/2383 2507/2507
f 2383/2383 2380/2380 2384/2384
f 2568/2568 2542/2542 2431/2431
f 2431/2431 2535/2535 2555/2555
f 2538/2538 2539/2539 2536/2536
f 2561/2561 2536/2536 2519/2519
f 2480/2480 2417/2417 2569/2569
f 2569/2569 2545/2545 2544/2544
f 2394/2394 2451/2451 2415/2415
f 2415/2415 2451/2451 2450/2450
f 2506/2506 2344/2344 2433/2433
f 2344/2344 2506/2506 2392/2392
f 2528/2528 2427/2427 2487/2487
f 2489/2489 2528/2528 2487/2487
f 2527/2527 2389/2389 2490/2490
f 2492/2492 2527/2527 2490/2490
f 2491/2491 2530/2530 2494/2494
f 2530/2530 2429/2429 2494/2494
f 2488/2488 2529/2529 2493/2493
f 2529/2529 2392/2392 2493/2493
f 2407/2407 2352/2352 2354/2354
f 2352/2352 2407/2407 2564/2564
f 2291/2291 2410/2410 2409/2409
f 2376/2376 2410/2410 2291/2291
f 2350/2350 2315/2315 2479/2479
f 2315/2315 2350/2350 2402/2402
f 2570/2570 2537/2537 2536/2536
f 2566/2566 2537/2537 2570/2570
f 2471/2471 2560/2560 2549/2549
f 2549/2549 2548/2548 2471/2471
f 2539/2539 2538/2538 2484/2484
f 2395/2395 2484/2484 2538/2538
f 2379/2379 2296/2296 2298/2298
f 2416/2416 2571/2571 2458/2458
f 2417/2417 2571/2571 2569/2569
f 2510/2510 2553/2553 2511/2511
f 2563/2563 2511/2511 2553/2553
f 2440/2440 2442/2442 2532/2532
f 2486/2486 2532/2532 2442/2442
f 2473/2473 2337/2337 2472/2472
f 2337/2337 2473/2473 2382/2382
f 2517/2517 2572/2572 2518/2518
f 2570/2570 2551/2551 2566/2566
f 2503/2503 2566/2566 2551/2551
f 2500/2500 2573/2573 2574/2574
f 2449/2449 2500/2500 2567/2567
f 2440/2440 2532/2532 2562/2562
f 2413/2413 2478/2478 2309/2309
f 2478/2478 2413/2413 2476/2476
f 2557/2557 2575/2575 2405/2405
f 2416/2416 2405/2405 2576/2576
f 2404/2404 2558/2558 2557/2557
f 2435/2435 2547/2547 2573/2573
f 2435/2435 2573/2573 2500/2500
f 2517/2517 2516/2516 2501/2501
f 2517/2517 2552/2552 2572/2572
f 2540/2540 2422/2422 2297/2297
f 2497/2497 2394/2394 2302/2302
f 2497/2497 2451/2451 2394/2394
f 2523/2523 2313/2313 2302/2302
f 2397/2397 2502/2502 2501/2501
f 2502/2502 2397/2397 2396/2396
f 2543/2543 2398/2398 2577/2577
f 2577/2577 2398/2398 2310/2310
f 2456/2456 2287/2287 2408/2408
f 2287/2287 2456/2456 2463/2463
f 2578/2578 2538/2538 2537/2537
f 2565/2565 2578/2578 2537/2537
f 2319/2319 2294/2294 2507/2507
f 2319/2319 2424/2424 2294/2294
f 2358/2358 2362/2362 2356/2356
f 2362/2362 2358/2358 2389/2389
f 2400/2400 2543/2543 2399/2399
f 2521/2521 2381/2381 2454/2454
f 2454/2454 2381/2381 2459/2459
f 2368/2368 2472/2472 2466/2466
f 2472/2472 2368/2368 2473/2473
f 2569/2569 2544/2544 2480/2480
f 2495/2495 2480/2480 2544/2544
f 2343/2343 2340/2340 2556/2556
f 2340/2340 2343/2343 2458/2458
f 2495/2495 2404/2404 2357/2357
f 2404/2404 2495/2495 2558/2558
f 2552/2552 2501/2501 2503/2503
f 2552/2552 2517/2517 2501/2501
f 2298/2298 2297/2297 2446/2446
f 2298/2298 2446/2446 2448/2448
f 2293/2293 2378/2378 2459/2459
f 2378/2378 2293/2293 2482/2482
f 2423/2423 2320/2320 2297/2297
f 2320/2320 2423/2423 2321/2321
f 2566/2566 2503/2503 2396/2396
f 2396/2396 2565/2565 2566/2566
f 2533/2533 2462/2462 2512/2512
f 2462/2462 2524/2524 2512/2512
f 2579/2579 2510/2510 2512/2512
f 2512/2512 2526/2526 2579/2579
f 2568/2568 2431/2431 2555/2555
f 2555/2555 2542/2542 2568/2568
f 2420/2420 2439/2439 2438/2438
f 2439/2439 2420/2420 2366/2366
f 2481/2481 2365/2365 2367/2367
f 2386/2386 2292/2292 2444/2444
f 2386/2386 2444/2444 2504/2504
f 2464/2464 2317/2317 2386/2386
f 2317/2317 2464/2464 2466/2466
f 2426/2426 2372/2372 2323/2323
f 2425/2425 2372/2372 2426/2426
f 2520/2520 2418/2418 2366/2366
f 2418/2418 2520/2520 2351/2351
f 2468/2468 2467/2467 2541/2541
f 2467/2467 2524/2524 2541/2541
f 2301/2301 2499/2499 2367/2367
f 2499/2499 2301/2301 2300/2300
f 2372/2372 2425/2425 2324/2324
f 2324/2324 2425/2425 2322/2322
f 2469/2469 2468/2468 2554/2554
f 2554/2554 2468/2468 2555/2555
f 2382/2382 2384/2384 2380/2380
f 2384/2384 2382/2382 2473/2473
f 2561/2561 2580/2580 2536/2536
f 2580/2580 2570/2570 2536/2536
f 2416/2416 2457/2457 2343/2343
f 2457/2457 2416/2416 2458/2458
f 2560/2560 2470/2470 2549/2549
f 2470/2470 2560/2560 2323/2323
f 2305/2305 2364/2364 2513/2513
f 2364/2364 2305/2305 2307/2307
f 2548/2548 2550/2550 2546/2546
f 2556/2556 2328/2328 2343/2343
f 2342/2342 2328/2328 2556/2556
f 2522/2522 2465/2465 2463/2463
f 2522/2522 2369/2369 2465/2465
f 2574/2574 2567/2567 2500/2500
f 2332/2332 2428/2428 2357/2357
f 2331/2331 2428/2428 2332/2332
f 2333/2333 2403/2403 2331/2331
f 2333/2333 2357/2357 2403/2403
f 2459/2459 2460/2460 2293/2293
f 2459/2459 2381/2381 2460/2460
f 2479/2479 2476/2476 2350/2350
f 2476/2476 2479/2479 2478/2478
f 2563/2563 2555/2555 2535/2535
f 2535/2535 2534/2534 2563/2563
f 2339/2339 2376/2376 2291/2291
f 2376/2376 2339/2339 2338/2338
f 2509/2509 2471/2471 2548/2548
f 2434/2434 2509/2509 2548/2548
f 2334/2334 2369/2369 2522/2522
f 2369/2369 2334/2334 2371/2371
f 2575/2575 2576/2576 2405/2405
f 2559/2559 2581/2581 2549/2549
f 2581/2581 2550/2550 2549/2549
f 2318/2318 2290/2290 2292/2292
f 2290/2290 2318/2318 2472/2472
f 2505/2505 2288/2288 2464/2464
f 2504/2504 2288/2288 2505/2505
f 2461/2461 2430/2430 2432/2432
f 2430/2430 2461/2461 2534/2534
f 2538/2538 2578/2578 2395/2395
f 2578/2578 2565/2565 2395/2395
f 2511/2511 2534/2534 2533/2533
f 2511/2511 2563/2563 2534/2534
f 2295/2295 2482/2482 2293/2293
f 2504/2504 2443/2443 2531/2531
f 2467/2467 2469/2469 2525/2525
f 2519/2519 2536/2536 2539/2539
f 2519/2519 2539/2539 2516/2516
f 2340/2340 2458/2458 2417/2417
f 2417/2417 2458/2458 2571/2571
f 2438/2438 2421/2421 2420/2420
f 2513/2513 2474/2474 2306/2306
f 2474/2474 2513/2513 2401/2401
f 2582/2582 2583/2583 2584/2584
f 2585/2585 2586/2586 2587/2587
f 2588/2588 2589/2589 2590/2590
f 2591/2591 2592/2592 2593/2593
f 2594/2594 2595/2595 2596/2596
f 2597/2597 2598/2598 2599/2599
f 2600/2600 2601/2601 2597/2597
f 2602/2602 2603/2603 2604/2604
f 2605/2605 2606/2606 2607/2607
f 2608/2608 2609/2609 2610/2610
f 2611/2611 2612/2612 2613/2613
f 2614/2614 2615/2615 2616/2616
f 2617/2617 2618/2618 2619/2619
f 2620/2620 2621/2621 2622/2622
f 2623/2623 2611/2611 2613/2613
f 2597/2597 2594/2594 2600/2600
f 2624/2624 2625/2625 2626/2626
f 2588/2588 2627/2627 2628/2628
f 2629/2629 2630/2630 2608/2608
f 2614/2614 2616/2616 2631/2631
f 2595/2595 2632/2632 2633/2633
f 2634/2634 2635/2635 2585/2585
f 2636/2636 2637/2637 2609/2609
f 2604/2604 2638/2638 2602/2602
f 2601/2601 2600/2600 2639/2639
f 2640/2640 2633/2633 2632/2632
f 2635/2635 2634/2634 2641/2641
f 2642/2642 2643/2643 2586/2586
f 2599/2599 2644/2644 2587/2587
f 2645/2645 2599/2599 2598/2598
f 2613/2613 2612/2612 2646/2646
f 2647/2647 2612/2612 2610/2610
f 2621/2621 2620/2620 2648/2648
f 2649/2649 2638/2638 2621/2621
f 2650/2650 2596/2596 2595/2595
f 2633/2633 2651/2651 2652/2652
f 2653/2653 2654/2654 2609/2609
f 2595/2595 2585/2585 2635/2635
f 2586/2586 2655/2655 2642/2642
f 2656/2656 2657/2657 2658/2658
f 2636/2636 2619/2619 2618/2618
f 2637/2637 2636/2636 2659/2659
f 2660/2660 2640/2640 2632/2632
f 2593/2593 2640/2640 2660/2660
f 2613/2613 2661/2661 2623/2623
f 2662/2662 2583/2583 2582/2582
f 2644/2644 2641/2641 2634/2634
f 2590/2590 2663/2663 2588/2588
f 2603/2603 2622/2622 2621/2621
f 2601/2601 2664/2664 2597/2597
f 2628/2628 2625/2625 2588/2588
f 2646/2646 2665/2665 2613/2613
f 2582/2582 2666/2666 2647/2647
f 2635/2635 2667/2667 2595/2595
f 2592/2592 2589/2589 2588/2588
f 2651/2651 2639/2639 2600/2600
f 2626/2626 2668/2668 2624/2624
f 2649/2649 2669/2669 2638/2638
f 2619/2619 2670/2670 2617/2617
f 2659/2659 2618/2618 2582/2582
f 2636/2636 2618/2618 2659/2659
f 2609/2609 2608/2608 2653/2653
f 2623/2623 2653/2653 2611/2611
f 2638/2638 2604/2604 2621/2621
f 2671/2671 2672/2672 2603/2603
f 2661/2661 2613/2613 2662/2662
f 2605/2605 2607/2607 2620/2620
f 2610/2610 2631/2631 2673/2673
f 2631/2631 2610/2610 2609/2609
f 2674/2674 2675/2675 2602/2602
f 2609/2609 2654/2654 2676/2676
f 2595/2595 2594/2594 2677/2677
f 2595/2595 2678/2678 2679/2679
f 2680/2680 2587/2587 2586/2586
f 2587/2587 2680/2680 2642/2642
f 2652/2652 2681/2681 2650/2650
f 2681/2681 2652/2652 2594/2594
f 2682/2682 2683/2683 2684/2684
f 2622/2622 2623/2623 2661/2661
f 2664/2664 2601/2601 2628/2628
f 2685/2685 2686/2686 2598/2598
f 2599/2599 2645/2645 2644/2644
f 2588/2588 2644/2644 2645/2645
f 2655/2655 2586/2586 2687/2687
f 2688/2688 2689/2689 2586/2586
f 2582/2582 2615/2615 2659/2659
f 2582/2582 2673/2673 2615/2615
f 2594/2594 2658/2658 2677/2677
f 2594/2594 2656/2656 2658/2658
f 2612/2612 2690/2690 2610/2610
f 2690/2690 2612/2612 2611/2611
f 2679/2679 2585/2585 2595/2595
f 2586/2586 2585/2585 2688/2688
f 2689/2689 2687/2687 2586/2586
f 2594/2594 2597/2597 2656/2656
f 2687/2687 2656/2656 2655/2655
f 2646/2646 2666/2666 2665/2665
f 2584/2584 2583/2583 2665/2665
f 2667/2667 2592/2592 2591/2591
f 2667/2667 2635/2635 2592/2592
f 2582/2582 2648/2648 2606/2606
f 2582/2582 2606/2606 2662/2662
f 2675/2675 2674/2674 2691/2691
f 2609/2609 2676/2676 2674/2674
f 2692/2692 2693/2693 2676/2676
f 2582/2582 2649/2649 2648/2648
f 2648/2648 2649/2649 2621/2621
f 2588/2588 2645/2645 2627/2627
f 2685/2685 2627/2627 2686/2686
f 2588/2588 2651/2651 2640/2640
f 2633/2633 2640/2640 2651/2651
f 2585/2585 2679/2679 2688/2688
f 2590/2590 2589/2589 2694/2694
f 2694/2694 2663/2663 2590/2590
f 2582/2582 2647/2647 2673/2673
f 2673/2673 2647/2647 2610/2610
f 2624/2624 2668/2668 2588/2588
f 2588/2588 2625/2625 2624/2624
f 2613/2613 2583/2583 2662/2662
f 2613/2613 2665/2665 2583/2583
f 2589/2589 2592/2592 2635/2635
f 2635/2635 2694/2694 2589/2589
f 2601/2601 2626/2626 2625/2625
f 2625/2625 2628/2628 2601/2601
f 2603/2603 2602/2602 2675/2675
f 2622/2622 2603/2603 2682/2682
f 2664/2664 2628/2628 2685/2685
f 2685/2685 2628/2628 2627/2627
f 2614/2614 2637/2637 2659/2659
f 2614/2614 2659/2659 2615/2615
f 2605/2605 2662/2662 2606/2606
f 2605/2605 2661/2661 2662/2662
f 2677/2677 2658/2658 2695/2695
f 2696/2696 2654/2654 2653/2653
f 2683/2683 2696/2696 2653/2653
f 2602/2602 2638/2638 2636/2636
f 2636/2636 2638/2638 2669/2669
f 2676/2676 2654/2654 2692/2692
f 2697/2697 2692/2692 2654/2654
f 2696/2696 2697/2697 2654/2654
f 2672/2672 2604/2604 2603/2603
f 2672/2672 2671/2671 2604/2604
f 2630/2630 2690/2690 2611/2611
f 2630/2630 2629/2629 2690/2690
f 2656/2656 2687/2687 2657/2657
f 2687/2687 2689/2689 2698/2698
f 2623/2623 2684/2684 2683/2683
f 2683/2683 2653/2653 2623/2623
f 2631/2631 2637/2637 2614/2614
f 2637/2637 2631/2631 2609/2609
f 2620/2620 2661/2661 2605/2605
f 2661/2661 2620/2620 2622/2622
f 2617/2617 2670/2670 2582/2582
f 2582/2582 2618/2618 2617/2617
f 2588/2588 2593/2593 2592/2592
f 2640/2640 2593/2593 2588/2588
f 2699/2699 2689/2689 2688/2688
f 2688/2688 2700/2700 2699/2699
f 2611/2611 2608/2608 2630/2630
f 2608/2608 2611/2611 2653/2653
f 2595/2595 2677/2677 2678/2678
f 2650/2650 2633/2633 2652/2652
f 2633/2633 2650/2650 2595/2595
f 2599/2599 2642/2642 2655/2655
f 2642/2642 2599/2599 2587/2587
f 2600/2600 2652/2652 2651/2651
f 2652/2652 2600/2600 2594/2594
f 2587/2587 2634/2634 2585/2585
f 2634/2634 2587/2587 2644/2644
f 2674/2674 2676/2676 2693/2693
f 2665/2665 2666/2666 2584/2584
f 2584/2584 2666/2666 2582/2582
f 2603/2603 2675/2675 2682/2682
f 2588/2588 2668/2668 2651/2651
f 2639/2639 2651/2651 2668/2668
f 2609/2609 2602/2602 2636/2636
f 2602/2602 2609/2609 2674/2674
f 2641/2641 2644/2644 2663/2663
f 2588/2588 2663/2663 2644/2644
f 2669/2669 2649/2649 2670/2670
f 2582/2582 2670/2670 2649/2649
f 2641/2641 2663/2663 2694/2694
f 2641/2641 2694/2694 2635/2635
f 2639/2639 2668/2668 2626/2626
f 2639/2639 2626/2626 2601/2601
f 2698/2698 2657/2657 2687/2687
f 2669/2669 2670/2670 2619/2619
f 2669/2669 2619/2619 2636/2636
f 2647/2647 2646/2646 2612/2612
f 2646/2646 2647/2647 2666/2666
f 2700/2700 2688/2688 2679/2679
f 2678/2678 2700/2700 2679/2679
f 2591/2591 2660/2660 2632/2632
f 2591/2591 2593/2593 2660/2660
f 2643/2643 2642/2642 2680/2680
f 2643/2643 2680/2680 2586/2586
f 2596/2596 2681/2681 2594/2594
f 2596/2596 2650/2650 2681/2681
f 2607/2607 2606/2606 2648/2648
f 2607/2607 2648/2648 2620/2620
f 2616/2616 2673/2673 2631/2631
f 2616/2616 2615/2615 2673/2673
f 2686/2686 2627/2627 2645/2645
f 2686/2686 2645/2645 2598/2598
f 2632/2632 2667/2667 2591/2591
f 2667/2667 2632/2632 2595/2595
f 2598/2598 2664/2664 2685/2685
f 2664/2664 2598/2598 2597/2597
f 2682/2682 2684/2684 2622/2622
f 2684/2684 2623/2623 2622/2622
f 2671/2671 2621/2621 2604/2604
f 2621/2621 2671/2671 2603/2603
f 2629/2629 2610/2610 2690/2690
f 2610/2610 2629/2629 2608/2608
f 2597/2597 2655/2655 2656/2656
f 2655/2655 2597/2597 2599/2599
f 2701/2701 2702/2702 2703/2703
f 2704/2704 2705/2705 2706/2706
f 2707/2707 2708/2708 2709/2709
f 2701/2701 2710/2710 2711/2711
f 2712/2712 2706/2706 2705/2705
f 2707/2707 2713/2713 2714/2714
f 2715/2715 2716/2716 2717/2717
f 2705/2705 2704/2704 2718/2718
f 2719/2719 2720/2720 2721/2721
f 2710/2710 2701/2701 2722/2722
f 2707/2707 2714/2714 2708/2708
f 2723/2723 2711/2711 2710/2710
f 2724/2724 2725/2725 2726/2726
f 2705/2705 2727/2727 2712/2712
f 2728/2728 2703/2703 2702/2702
f 2727/2727 2705/2705 2729/2729
f 2705/2705 2718/2718 2730/2730
f 2731/2731 2725/2725 2732/2732
f 2733/2733 2734/2734 2706/2706
f 2717/2717 2718/2718 2734/2734
f 2717/2717 2734/2734 2733/2733
f 2735/2735 2736/2736 2737/2737
f 2723/2723 2737/2737 2736/2736
f 2725/2725 2731/2731 2738/2738
f 2738/2738 2726/2726 2725/2725
f 2730/2730 2739/2739 2740/2740
f 2729/2729 2741/2741 2727/2727
f 2720/2720 2719/2719 2742/2742
f 2737/2737 2720/2720 2743/2743
f 2739/2739 2730/2730 2744/2744
f 2732/2732 2717/2717 2733/2733
f 2733/2733 2731/2731 2732/2732
f 2702/2702 2745/2745 2714/2714
f 2714/2714 2728/2728 2702/2702
f 2711/2711 2723/2723 2745/2745
f 2736/2736 2745/2745 2723/2723
f 2740/2740 2741/2741 2729/2729
f 2721/2721 2703/2703 2719/2719
f 2713/2713 2719/2719 2703/2703
f 2742/2742 2743/2743 2720/2720
f 2726/2726 2738/2738 2727/2727
f 2741/2741 2726/2726 2727/2727
f 2746/2746 2707/2707 2709/2709
f 2736/2736 2709/2709 2745/2745
f 2747/2747 2736/2736 2735/2735
f 2731/2731 2733/2733 2748/2748
f 2748/2748 2712/2712 2731/2731
f 2720/2720 2737/2737 2722/2722
f 2720/2720 2722/2722 2721/2721
f 2749/2749 2737/2737 2723/2723
f 2749/2749 2722/2722 2737/2737
f 2750/2750 2751/2751 2719/2719
f 2719/2719 2751/2751 2742/2742
f 2729/2729 2730/2730 2740/2740
f 2730/2730 2729/2729 2705/2705
f 2704/2704 2706/2706 2734/2734
f 2734/2734 2718/2718 2704/2704
f 2713/2713 2703/2703 2728/2728
f 2728/2728 2714/2714 2713/2713
f 2702/2702 2711/2711 2745/2745
f 2711/2711 2702/2702 2701/2701
f 2726/2726 2741/2741 2724/2724
f 2741/2741 2740/2740 2724/2724
f 2721/2721 2722/2722 2701/2701
f 2703/2703 2721/2721 2701/2701
f 2752/2752 2732/2732 2725/2725
f 2753/2753 2752/2752 2725/2725
f 2712/2712 2727/2727 2738/2738
f 2712/2712 2738/2738 2731/2731
f 2713/2713 2754/2754 2750/2750
f 2719/2719 2713/2713 2750/2750
f 2717/2717 2732/2732 2715/2715
f 2709/2709 2708/2708 2745/2745
f 2745/2745 2708/2708 2714/2714
f 2754/2754 2713/2713 2707/2707
f 2746/2746 2754/2754 2707/2707
f 2747/2747 2746/2746 2709/2709
f 2709/2709 2736/2736 2747/2747
f 2740/2740 2753/2753 2724/2724
f 2725/2725 2724/2724 2753/2753
f 2748/2748 2733/2733 2706/2706
f 2712/2712 2748/2748 2706/2706
f 2743/2743 2735/2735 2737/2737
f 2716/2716 2739/2739 2744/2744
f 2744/2744 2717/2717 2716/2716
f 2717/2717 2744/2744 2718/2718
f 2744/2744 2730/2730 2718/2718
f 2722/2722 2749/2749 2710/2710
f 2723/2723 2710/2710 2749/2749

