# https://github.com/mikedh/trimesh
mtllib material.mtl
usemtl material_0
v 0.29054400 -0.27884701 0.24232800
v 0.31565201 -0.29271999 0.25026101
v 0.31697401 -0.29503500 0.24914999
v 0.28899899 -0.30070400 0.24198000
v 0.28921199 -0.30400699 0.24375500
v 0.27110401 -0.27698201 0.23726700
v 0.31284499 -0.28973800 0.25175700
v 0.29252499 -0.27973199 0.24358600
v 0.31519601 -0.29315799 0.24969900
v 0.29041699 -0.31356099 0.25161999
v 0.29550201 -0.31681800 0.24927101
v 0.27761200 -0.29051900 0.24251001
v 0.28003699 -0.29018000 0.26331800
v 0.28042501 -0.28793201 0.26337299
v 0.26663101 -0.27111599 0.24463999
v 0.28521699 -0.29747301 0.26409301
v 0.28351700 -0.29415900 0.26469800
v 0.28235099 -0.29690000 0.26346400
v 0.28319600 -0.28539899 0.26428401
v 0.28175101 -0.28726199 0.26400200
v 0.26732099 -0.27034599 0.24470800
v 0.29285699 -0.29282701 0.26477301
v 0.28554001 -0.29159001 0.26520100
v 0.28608501 -0.28801799 0.26547101
v 0.31110200 -0.29499501 0.25792101
v 0.30861601 -0.29192701 0.25928000
v 0.31191999 -0.29241201 0.25690299
v 0.31824401 -0.30722499 0.24421400
v 0.31828800 -0.30347300 0.24520200
v 0.27484101 -0.27383599 0.23691800
v 0.31223699 -0.29657301 0.25750101
v 0.31466800 -0.30036801 0.25559899
v 0.31324300 -0.29431999 0.25641799
v 0.26918000 -0.26827800 0.24478400
v 0.28041801 -0.27645001 0.25657299
v 0.28914601 -0.28066301 0.26338401
v 0.31915599 -0.30093899 0.24884100
v 0.31715599 -0.29610199 0.25159299
v 0.31806299 -0.30108401 0.25127700
v 0.29897699 -0.31821600 0.25062200
v 0.30400801 -0.31923601 0.24873701
v 0.30187601 -0.31806901 0.25128201
v 0.27083999 -0.26774800 0.24397901
v 0.27223799 -0.26756799 0.24310800
v 0.29567599 -0.28026599 0.26141000
v 0.27474901 -0.26820201 0.24080101
v 0.27365899 -0.26754901 0.24204899
v 0.28868800 -0.27508500 0.24747200
v 0.27256501 -0.27624100 0.23668300
v 0.27388299 -0.27513501 0.23647800
v 0.31115401 -0.31747901 0.24342000
v 0.28068200 -0.28719699 0.23899300
v 0.28348401 -0.29431301 0.24123600
v 0.30426601 -0.31845200 0.24532101
v 0.30332401 -0.31569901 0.25396401
v 0.30706501 -0.31695500 0.25140700
v 0.30302000 -0.31782600 0.25109601
v 0.31336600 -0.31283900 0.25183299
v 0.31539601 -0.30935901 0.25224301
v 0.31622300 -0.31298599 0.24890301
v 0.26632300 -0.27262101 0.24388000
v 0.26680300 -0.27115300 0.24447200
v 0.27957699 -0.29367301 0.26193100
v 0.26613301 -0.27255201 0.24406500
v 0.27092201 -0.28217599 0.24954499
v 0.27932501 -0.29527101 0.26134399
v 0.29050499 -0.29919800 0.26396400
v 0.28501099 -0.29471800 0.26481101
v 0.31191701 -0.31507501 0.25139999
v 0.31336901 -0.31284201 0.25220299
v 0.31060299 -0.31273901 0.25405100
v 0.31802401 -0.31008601 0.24351300
v 0.31652200 -0.31200501 0.24306400
v 0.31615299 -0.31550899 0.24642301
v 0.31681201 -0.31316301 0.24840000
v 0.31479901 -0.31420800 0.24980800
v 0.27440801 -0.28906399 0.24675301
v 0.28450400 -0.30773199 0.25619400
v 0.28646901 -0.31018400 0.25498700
v 0.28478801 -0.28959700 0.26530701
v 0.28307399 -0.29200599 0.26468199
v 0.28313100 -0.28830400 0.26480600
v 0.29265699 -0.27992901 0.26182199
v 0.28816500 -0.28759399 0.26547900
v 0.29154199 -0.28579301 0.26508600
v 0.31200200 -0.31392699 0.25203800
v 0.31489700 -0.31430101 0.24919200
v 0.31370500 -0.31579399 0.24866401
v 0.30960399 -0.31754199 0.24380800
v 0.31267899 -0.31598300 0.24331200
v 0.27263400 -0.27614799 0.23691399
v 0.29564601 -0.29168200 0.26471400
v 0.29381499 -0.28535801 0.26484701
v 0.29107600 -0.28594300 0.26543701
v 0.29103300 -0.28434899 0.26519901
v 0.29977500 -0.30952901 0.25893599
v 0.29713500 -0.31240299 0.25726601
v 0.29346400 -0.31004599 0.25874299
v 0.30666301 -0.29667100 0.26060399
v 0.26632401 -0.27532300 0.24198601
v 0.27422401 -0.28962600 0.24834201
v 0.28222299 -0.30442601 0.25821799
v 0.28465900 -0.30511001 0.26021200
v 0.28704500 -0.30872199 0.25850600
v 0.28749201 -0.30684301 0.26017901
v 0.30965599 -0.29947799 0.25909600
v 0.31405100 -0.30092999 0.25601199
v 0.31201801 -0.31154999 0.25397900
v 0.30865699 -0.30805200 0.25740099
v 0.30218801 -0.28729099 0.24450199
v 0.31822199 -0.30050701 0.24613100
v 0.28665799 -0.28061301 0.23906800
v 0.29252899 -0.28232199 0.24117599
v 0.31481600 -0.31422400 0.24292199
v 0.31325799 -0.31628501 0.24311100
v 0.31392500 -0.31629100 0.24828400
v 0.30156901 -0.28449500 0.26193601
v 0.30620801 -0.28554299 0.25937900
v 0.30225101 -0.28300101 0.26066801
v 0.30192101 -0.28134099 0.25851199
v 0.30539501 -0.28303400 0.25701201
v 0.28107801 -0.27124101 0.24620700
v 0.29384100 -0.31296599 0.25651401
v 0.29081500 -0.31064400 0.25793099
v 0.28823200 -0.30791599 0.25935400
v 0.29088899 -0.30775699 0.25994000
v 0.30827001 -0.30825400 0.25718901
v 0.31190401 -0.31144300 0.25378001
v 0.30984399 -0.31307501 0.25390401
v 0.31472000 -0.30108601 0.25515801
v 0.31404701 -0.29556900 0.25550899
v 0.31623101 -0.29853800 0.25338101
v 0.31855699 -0.30030099 0.24683399
v 0.29093200 -0.28191099 0.24084200
v 0.26616600 -0.27256900 0.24366400
v 0.26465100 -0.27090400 0.24189200
v 0.27949801 -0.27800500 0.25761199
v 0.27719599 -0.29192299 0.24463300
v 0.28781000 -0.31152999 0.25370201
v 0.29055199 -0.31402600 0.25242001
v 0.30619901 -0.28385901 0.25591400
v 0.30261499 -0.28193900 0.25843599
v 0.28494400 -0.27337900 0.24771000
v 0.30605501 -0.28372699 0.25687501
v 0.28948101 -0.30634499 0.26087400
v 0.29225600 -0.30920199 0.25949100
v 0.29382601 -0.30432799 0.26214400
v 0.29098600 -0.30978000 0.25900099
v 0.26966500 -0.27561301 0.23681600
v 0.27108699 -0.27484199 0.23609300
v 0.27005100 -0.27393001 0.23493800
v 0.26579899 -0.27450401 0.23804399
v 0.26489601 -0.27362999 0.23950100
v 0.26634201 -0.27507299 0.24099800
v 0.30637199 -0.28448501 0.25790799
v 0.30978900 -0.28685099 0.25611001
v 0.30814701 -0.28662199 0.25793499
v 0.28902701 -0.28547400 0.26531100
v 0.29119599 -0.28352299 0.26467201
v 0.26447001 -0.27333301 0.24009700
v 0.26511300 -0.27433300 0.23875700
v 0.26596200 -0.27485001 0.24161500
v 0.28282100 -0.30073899 0.24651800
v 0.28759599 -0.31142700 0.25321400
v 0.26818699 -0.27707300 0.23940100
v 0.28278199 -0.29614201 0.26363000
v 0.28196901 -0.29983500 0.26162699
v 0.28063500 -0.29520300 0.26268899
v 0.28003800 -0.29714000 0.26117399
v 0.31433600 -0.30610400 0.25444400
v 0.31431100 -0.30274600 0.25525901
v 0.31557700 -0.30515900 0.25369400
v 0.31096101 -0.30472299 0.25711501
v 0.27346000 -0.27235600 0.23609300
v 0.27416301 -0.27090099 0.23681800
v 0.27314001 -0.26984999 0.23561400
v 0.27071700 -0.26589999 0.24081101
v 0.27199501 -0.26624200 0.23946500
v 0.27232099 -0.26732001 0.24249500
v 0.26628900 -0.26788101 0.24293800
v 0.26771900 -0.26681599 0.24259099
v 0.26797801 -0.26953101 0.24478300
v 0.27093801 -0.26755601 0.24368200
v 0.27548799 -0.27240700 0.23746300
v 0.27127600 -0.27685100 0.23743500
v 0.31952599 -0.30564001 0.24794900
v 0.31867701 -0.30576000 0.24977000
v 0.31897801 -0.30535999 0.24468599
v 0.31856799 -0.30793801 0.24391600
v 0.28914699 -0.31319201 0.25314400
v 0.28517199 -0.30902001 0.25544399
v 0.29745200 -0.31672600 0.25303400
v 0.29345801 -0.31461799 0.25487599
v 0.29423100 -0.31632501 0.25236100
v 0.26751900 -0.26675200 0.24281199
v 0.26787201 -0.26939601 0.24496999
v 0.26578501 -0.27372101 0.24290800
v 0.26602200 -0.27240101 0.24394400
v 0.26452500 -0.27063599 0.24221100
v 0.31399900 -0.30826801 0.25426999
v 0.31325001 -0.30990800 0.25406301
v 0.31626001 -0.30937099 0.25171700
v 0.27325100 -0.26723799 0.24159101
v 0.27410099 -0.26777801 0.24014001
v 0.27163199 -0.26581401 0.24011099
v 0.27456000 -0.26870900 0.23867799
v 0.27460200 -0.26988700 0.23741999
v 0.27331901 -0.26742101 0.23740999
v 0.28888601 -0.28200200 0.26406899
v 0.28642499 -0.28250200 0.26407599
v 0.28771001 -0.28105199 0.26315400
v 0.28207800 -0.27971399 0.25987700
v 0.26949301 -0.26831099 0.24450500
v 0.26656100 -0.27569199 0.24012101
v 0.27130601 -0.27489299 0.23585799
v 0.26997501 -0.27567500 0.23646399
v 0.27026200 -0.27399901 0.23470500
v 0.30263600 -0.31880999 0.24920300
v 0.30719700 -0.31925300 0.24711099
v 0.30210099 -0.31914201 0.24761400
v 0.28793699 -0.28734899 0.26577300
v 0.28824499 -0.28434101 0.26534900
v 0.28598699 -0.28537899 0.26535699
v 0.28103900 -0.29018199 0.26409000
v 0.28058901 -0.29293600 0.26354301
v 0.28380299 -0.29196000 0.26516199
v 0.31874600 -0.30432001 0.24936800
v 0.31854001 -0.30068401 0.24964800
v 0.31945199 -0.30396000 0.24751601
v 0.31814200 -0.31077501 0.24775800
v 0.31687799 -0.31018400 0.25008601
v 0.31406701 -0.31716001 0.24394999
v 0.31482801 -0.31700999 0.24498600
v 0.31229100 -0.31839699 0.24553400
v 0.30905700 -0.31906700 0.24727900
v 0.30656999 -0.31847399 0.24975400
v 0.26600799 -0.27396399 0.24246299
v 0.26741800 -0.27637699 0.24056800
v 0.27034000 -0.26568201 0.24130200
v 0.31466901 -0.29322401 0.25400400
v 0.31749299 -0.29750401 0.25099301
v 0.31273901 -0.28916401 0.25292099
v 0.27258301 -0.27156800 0.23470500
v 0.27325901 -0.27011800 0.23530100
v 0.27352199 -0.27257299 0.23585699
v 0.27155200 -0.27291000 0.23449600
v 0.29784599 -0.28212699 0.26249900
v 0.29467499 -0.28202099 0.26359001
v 0.29675800 -0.28432700 0.26389500
v 0.29597899 -0.27993801 0.26114199
v 0.29866901 -0.28033400 0.25998601
v 0.28041801 -0.27168199 0.24929900
v 0.28450200 -0.30038601 0.26260999
v 0.29404700 -0.30418199 0.26193801
v 0.28670299 -0.30185199 0.26241699
v 0.29066899 -0.29908499 0.26373601
v 0.30731401 -0.28534099 0.25827599
v 0.30643201 -0.28394601 0.25757101
v 0.31849599 -0.29824901 0.24920700
v 0.31677100 -0.29437801 0.25093201
v 0.31303999 -0.31691101 0.24363200
v 0.31582999 -0.31519300 0.24372400
v 0.31691399 -0.31259200 0.24339700
v 0.31749800 -0.31363800 0.24448200
v 0.29662499 -0.28545299 0.26385799
v 0.30239701 -0.28727901 0.26195800
v 0.29860899 -0.29063699 0.26372200
v 0.29933301 -0.28604001 0.26303300
v 0.29935101 -0.28358200 0.26230600
v 0.30311000 -0.28550100 0.26116201
v 0.30085799 -0.28270799 0.26096800
v 0.29875600 -0.28064299 0.25990799
v 0.28822899 -0.31035399 0.25710699
v 0.29759401 -0.31793901 0.24952801
v 0.29386199 -0.31616899 0.25158799
v 0.29821199 -0.31766501 0.25099200
v 0.26520300 -0.26917699 0.24281099
v 0.26529700 -0.26936001 0.24258600
v 0.28532201 -0.28734401 0.26560801
v 0.28312600 -0.28396100 0.26387799
v 0.28436199 -0.28373900 0.26440799
v 0.31896400 -0.31043899 0.24681100
v 0.31758100 -0.31368199 0.24631999
v 0.31840700 -0.31266600 0.24514000
v 0.31811801 -0.31029400 0.24871001
v 0.30715799 -0.28743401 0.25959101
v 0.30193201 -0.28599700 0.26224700
v 0.30649999 -0.28978601 0.26058301
v 0.30396399 -0.29388100 0.26216099
v 0.30286801 -0.28744501 0.26205799
v 0.30823699 -0.31636599 0.25208101
v 0.30883700 -0.31367400 0.25427401
v 0.29672500 -0.31455499 0.25566500
v 0.30042899 -0.31593600 0.25430200
v 0.29865101 -0.31318301 0.25692701
v 0.27351299 -0.26869601 0.23622499
v 0.27289701 -0.26711601 0.23800801
v 0.27328300 -0.26838201 0.23667100
v 0.27418900 -0.26837000 0.23942100
v 0.28079301 -0.29606101 0.26282999
v 0.28027201 -0.29947501 0.26036501
v 0.31610999 -0.31544900 0.24393301
v 0.31778601 -0.31347901 0.24432400
v 0.31737801 -0.31299499 0.24346399
v 0.31438100 -0.31672201 0.24632800
v 0.31614399 -0.31549200 0.24502000
v 0.31441501 -0.31684801 0.24440099
v 0.30898601 -0.31902501 0.24514200
v 0.30554801 -0.31939700 0.24641000
v 0.31136501 -0.30482200 0.25715700
v 0.28731200 -0.30318701 0.26218399
v 0.28326201 -0.28409299 0.26370600
v 0.30162799 -0.31409699 0.25596300
v 0.30346501 -0.31445101 0.25542599
v 0.29988599 -0.30963701 0.25915101
v 0.27583000 -0.27072001 0.23822300
v 0.27560300 -0.27226400 0.23727299
v 0.27424300 -0.27121300 0.23646000
v 0.28581601 -0.30963400 0.25606099
v 0.28872499 -0.31270900 0.25422999
v 0.28724501 -0.31039399 0.25675401
v 0.28444201 -0.30714101 0.25810900
v 0.26853999 -0.27464399 0.23563300
v 0.26707700 -0.27484500 0.23670000
v 0.26829401 -0.27593300 0.23796500
v 0.26742801 -0.27506399 0.23622800
v 0.26884300 -0.27474299 0.23530000
v 0.26866901 -0.27609399 0.23742500
v 0.27386099 -0.27511600 0.23672800
v 0.31757900 -0.30987400 0.24364200
v 0.30650300 -0.31822300 0.24432600
v 0.30913600 -0.31916699 0.24487400
v 0.30931199 -0.31928799 0.24589500
v 0.30531201 -0.31965199 0.24699000
v 0.29875201 -0.30291101 0.26211199
v 0.30386099 -0.29371899 0.26191199
v 0.28104201 -0.30136001 0.25910401
v 0.27284399 -0.28655899 0.24872801
v 0.26623300 -0.27403101 0.24298599
v 0.28628701 -0.27486801 0.24323100
v 0.31235099 -0.28846100 0.25282401
v 0.27344900 -0.26759401 0.24103400
v 0.27475399 -0.26854399 0.24066900
v 0.30522099 -0.31114200 0.25690600
v 0.30656499 -0.31415901 0.25446799
v 0.30137801 -0.31391099 0.25582701
v 0.30743799 -0.31524900 0.25327599
v 0.26703900 -0.27634501 0.24076000
v 0.26748800 -0.27610499 0.23868801
v 0.31455499 -0.29097101 0.25245401
v 0.31212899 -0.28824899 0.25419000
v 0.31462100 -0.29194099 0.25369900
v 0.31048799 -0.28694600 0.25324100
v 0.30827600 -0.28486401 0.25538900
v 0.28698501 -0.28883800 0.26573601
v 0.28535500 -0.29225799 0.26534200
v 0.29238200 -0.29331300 0.26502800
v 0.31558999 -0.29322100 0.25220600
v 0.31289601 -0.28976399 0.25419399
v 0.31543300 -0.29261801 0.25089499
v 0.30936900 -0.28967401 0.25832099
v 0.31124401 -0.28921100 0.25624400
v 0.31617001 -0.30542099 0.25337800
v 0.31881300 -0.31048301 0.24463400
v 0.31952399 -0.30701301 0.24572200
v 0.31851000 -0.30977300 0.24407600
v 0.31919199 -0.30745199 0.24743600
v 0.31479600 -0.31420401 0.24317600
v 0.27143201 -0.27279499 0.23468900
v 0.27249900 -0.27137399 0.23493201
v 0.27882800 -0.28269899 0.26004899
v 0.28453800 -0.28975800 0.26551601
v 0.28203300 -0.28774399 0.26452601
v 0.31162700 -0.28909999 0.25620401
v 0.30958301 -0.28602400 0.25574899
v 0.30998901 -0.29110101 0.25856999
v 0.28402999 -0.29936200 0.24393700
v 0.29089200 -0.31376001 0.25473800
v 0.29190600 -0.31526300 0.25220501
v 0.26987401 -0.27715099 0.23826700
v 0.26855600 -0.27699199 0.23934200
v 0.26713201 -0.27575299 0.23942700
v 0.26870799 -0.26887101 0.24472100
v 0.29647499 -0.31436199 0.25549999
v 0.29889399 -0.31683600 0.25261801
v 0.29466200 -0.31552801 0.25355700
v 0.29990900 -0.31498599 0.25503400
v 0.30285400 -0.29872701 0.26235199
v 0.30608699 -0.30409500 0.25999600
v 0.31385699 -0.30819699 0.25407299
v 0.30748501 -0.30311900 0.25931501
v 0.30422401 -0.30587801 0.25977001
v 0.30132499 -0.30136001 0.26196799
v 0.28208300 -0.30249500 0.25981101
v 0.28260300 -0.30467799 0.25790101
v 0.28574499 -0.30644900 0.25946200
v 0.28591999 -0.30884901 0.25703400
v 0.27899799 -0.27213901 0.25082201
v 0.27077600 -0.26751399 0.24407700
v 0.27213201 -0.26711199 0.24287300
v 0.26892900 -0.26600400 0.24222700
v 0.28764400 -0.28397301 0.26489499
v 0.28454399 -0.28394401 0.26425600
v 0.28639901 -0.28580999 0.26529399
v 0.29198000 -0.28175300 0.26399401
v 0.29140100 -0.28033701 0.26302999
v 0.28924900 -0.28158799 0.26408800
v 0.29517299 -0.28051901 0.26228899
v 0.29002699 -0.28031200 0.26260000
v 0.29299900 -0.28068599 0.26277199
v 0.29105401 -0.28134599 0.26357099
v 0.29532099 -0.28304601 0.26361099
v 0.29389200 -0.28536999 0.26456699
v 0.31887099 -0.31084201 0.24435601
v 0.31950399 -0.30829999 0.24489400
v 0.26720199 -0.27021301 0.24490100
v 0.28270799 -0.30366999 0.25986201
v 0.28152600 -0.30022201 0.26134899
v 0.26925001 -0.26609701 0.24188299
v 0.31632301 -0.31566301 0.24490599
v 0.31299800 -0.31002101 0.25385100
v 0.31922799 -0.30540699 0.24523599
v 0.26427299 -0.27205801 0.24128400
v 0.26451001 -0.27236599 0.24083801
v 0.30522001 -0.31093499 0.25732499
v 0.30344400 -0.30751500 0.25953901
v 0.30141801 -0.30141199 0.26220000
v 0.31708601 -0.30136999 0.25234401
v 0.31755999 -0.30735701 0.25056300
v 0.27570799 -0.27093700 0.23833799
v 0.27545801 -0.26963201 0.23942900
v 0.27442101 -0.26952001 0.23796301
v 0.28854999 -0.30496201 0.26120001
v 0.28555501 -0.30359000 0.26130500
v 0.28303599 -0.28527299 0.26446399
v 0.31728399 -0.31371599 0.24628501
v 0.31594500 -0.31530100 0.24642700
v 0.28498599 -0.29519501 0.26445100
v 0.28558499 -0.29890400 0.26340601
v 0.28439701 -0.29671901 0.26394501
v 0.28456101 -0.29289299 0.26490200
v 0.26958701 -0.27728400 0.23820400
v 0.26659599 -0.27530000 0.24187300
v 0.27234301 -0.28412399 0.25096899
v 0.31944600 -0.30171901 0.24695300
v 0.31973699 -0.30562800 0.24563500
v 0.31890899 -0.30288699 0.24547701
v 0.31722400 -0.29667401 0.24783701
v 0.28089300 -0.29199600 0.26358199
v 0.28145099 -0.28980601 0.26407999
v 0.28065300 -0.28866699 0.26339799
v 0.27989501 -0.29104999 0.26275599
v 0.28870901 -0.31200099 0.25516301
v 0.31108600 -0.31769699 0.24868999
v 0.31440100 -0.31700900 0.24632700
v 0.29938599 -0.31821600 0.24752800
v 0.31171399 -0.31837901 0.24431400
v 0.30884400 -0.31830800 0.24391299
v 0.28640601 -0.28199601 0.26402000
v 0.28685400 -0.28269601 0.26452500
v 0.31255800 -0.31798300 0.24556500
v 0.31083500 -0.31647500 0.25010499
v 0.29699799 -0.31787199 0.24875800
v 0.30263299 -0.31942600 0.24688400
v 0.29979599 -0.31887400 0.24890301
v 0.29420501 -0.31638700 0.24972001
v 0.29510799 -0.31716299 0.25054100
v 0.31944799 -0.30353701 0.24653600
v 0.31881601 -0.30005801 0.24811600
v 0.31773499 -0.29685199 0.24952300
v 0.27493200 -0.27376100 0.23667800
v 0.27267599 -0.26641101 0.23875900
v 0.30434799 -0.31659001 0.25307301
v 0.31565800 -0.31502700 0.24327999
v 0.26614401 -0.27492499 0.23741800
v 0.28364700 -0.30534899 0.25880101
v 0.28376901 -0.30368000 0.26036099
v 0.29544500 -0.31154901 0.25812599
v 0.29323199 -0.31250501 0.25714201
v 0.29721501 -0.28052700 0.26093099
v 0.30051899 -0.28172100 0.26027200
v 0.29665199 -0.28158000 0.26228300
v 0.29894599 -0.28124699 0.26119101
v 0.30244699 -0.28191400 0.25930300
v 0.29660299 -0.28540999 0.26413000
v 0.29916999 -0.29056400 0.26382601
v 0.29971999 -0.28610599 0.26317400
v 0.28613400 -0.30339801 0.26191700
v 0.28391999 -0.29935399 0.26313701
v 0.30422401 -0.31428200 0.25502500
v 0.30294299 -0.29858899 0.26205200
v 0.29148000 -0.29602399 0.26446700
v 0.29705501 -0.29735601 0.26367199
v 0.30675101 -0.31426001 0.25464699
v 0.30526599 -0.31525099 0.25432399
v 0.30646500 -0.31952700 0.24561401
v 0.30426499 -0.31901699 0.24541400
v 0.30079001 -0.31862801 0.24669801
v 0.30955601 -0.28616801 0.25494999
v 0.30975300 -0.28656000 0.25383401
v 0.28258801 -0.29572701 0.24263000
v 0.29166600 -0.29615599 0.26470399
v 0.29868099 -0.30316201 0.26229301
v 0.29719800 -0.29730299 0.26391700
v 0.28128099 -0.28722900 0.26397300
v 0.27953300 -0.29249001 0.26256499
v 0.31845000 -0.29860100 0.24757200
v 0.31913200 -0.30958700 0.24596401
v 0.29354599 -0.27984500 0.26198801
v 0.31223401 -0.31793901 0.24445900
v 0.29120299 -0.31315500 0.25536299
v 0.29202101 -0.31477001 0.25319201
v 0.30561599 -0.28927600 0.26067200
v 0.30642301 -0.28734601 0.25974301
v 0.30730799 -0.31836101 0.24915500
v 0.31148201 -0.31771201 0.24778099
v 0.31650901 -0.29672000 0.25303301
v 0.31637001 -0.30165499 0.25367901
v 0.31736800 -0.29650500 0.24857900
v 0.31506801 -0.31184101 0.25146300
v 0.31287801 -0.29810199 0.25672901
v 0.30942601 -0.29949501 0.25892699
v 0.29122001 -0.27663600 0.25359201
v 0.30469701 -0.28452301 0.25955999
v 0.30353099 -0.28281701 0.25895399
v 0.27367601 -0.26783201 0.24190700
v 0.28293601 -0.30113399 0.26182401
v 0.29101801 -0.31441501 0.25138900
v 0.28441900 -0.28650600 0.26498500
v 0.27554399 -0.26933300 0.23942800
v 0.27240199 -0.27371699 0.23584101
v 0.27251899 -0.27383399 0.23564900
v 0.31951201 -0.30914700 0.24573900
v 0.31445700 -0.30632499 0.25461701
v 0.31456301 -0.30369201 0.25521699
v 0.29262900 -0.27847099 0.24558200
v 0.26599699 -0.27396700 0.24317101
v 0.27232099 -0.26732001 0.24318901
v 0.28995600 -0.31188101 0.25673899
v 0.31748101 -0.30442801 0.25145799
v 0.31848001 -0.31176499 0.24555799
v 0.30395901 -0.31904101 0.24594399
v 0.31036001 -0.29372799 0.25865501
v 0.30689600 -0.29656199 0.26076800
v 0.28055301 -0.29978201 0.25992700
v 0.31709301 -0.31477201 0.24492800
v 0.29566100 -0.29192200 0.26445401
v 0.31041300 -0.31873900 0.24596900
v 0.31420699 -0.29282701 0.25488099
v 0.31515300 -0.29785699 0.25498399
v 0.27980801 -0.29480401 0.26233301
v 0.31982499 -0.30561000 0.24673100
v 0.30986500 -0.31439301 0.25291899
v 0.28117299 -0.30211800 0.25929099
v 0.29782799 -0.31783801 0.24788199
v 0.30861801 -0.31867099 0.24453001
v 0.28593001 -0.30016601 0.26326400
v 0.29318601 -0.28385001 0.26471400
v 0.31393999 -0.29049501 0.25130701
v 0.28293300 -0.30578601 0.25721699
v 0.28000501 -0.29758099 0.26128301
v 0.29675400 -0.30699500 0.26055199
v 0.29692400 -0.30700499 0.26082999
v 0.31393301 -0.30103201 0.25576001
v 0.08780500 -0.10816800 0.03942700
v 0.08580360 -0.10625700 0.03826300
v 0.09850950 -0.09695850 0.03942700
v 0.09792120 -0.09639670 0.04097800
v 0.09575030 -0.09432360 0.03966200
v 0.08715360 -0.10754600 0.04095000
v 0.09654760 -0.11242200 0.04465300
v 0.09633170 -0.11406500 0.04351900
v 0.09931020 -0.11515700 0.04792400
v 0.11187900 -0.12391400 0.04446820
v 0.11013800 -0.12436300 0.04475830
v 0.10280500 -0.11671000 0.03493570
v 0.09721730 -0.11299800 0.04449730
v 0.09767140 -0.11138600 0.04519110
v 0.09959310 -0.11505300 0.04747170
v 0.11013900 -0.12433100 0.04541700
v 0.11178700 -0.12420900 0.04543920
v 0.10341100 -0.11678200 0.03615570
v 0.10787200 -0.11731800 0.05627400
v 0.10108100 -0.11081400 0.04816700
v 0.10348100 -0.11295700 0.05094750
v 0.09833930 -0.10894800 0.04593300
v 0.10673400 -0.11695600 0.05596770
v 0.10526500 -0.11466100 0.05373690
v 0.10833100 -0.11052900 0.03699390
v 0.10777400 -0.11224100 0.03610880
v 0.11077600 -0.11304400 0.03970150
v 0.10658000 -0.11287600 0.03424950
v 0.10773100 -0.11154500 0.03493530
v 0.11534800 -0.12027500 0.04446760
v 0.10509800 -0.11568900 0.03563200
v 0.11435500 -0.12351000 0.04587600
v 0.11201800 -0.12125800 0.04307600
v 0.10410800 -0.11546000 0.03421520
v 0.10897100 -0.10694800 0.03469200
v 0.10685600 -0.10900600 0.03321700
v 0.10045900 -0.11559600 0.03220300
v 0.10734400 -0.11062900 0.03761600
v 0.10186900 -0.11636400 0.03761600
v 0.09112050 -0.08990290 0.02506100
v 0.09128850 -0.09006330 0.02828500
v 0.08041600 -0.10111300 0.02506200
v 0.07912240 -0.09987760 0.02594500
v 0.07941710 -0.10015900 0.02923300
v 0.08983280 -0.08867330 0.02622400
v 0.10683600 -0.10793800 0.04739400
v 0.11126900 -0.11210100 0.05255800
v 0.10479800 -0.10520400 0.04351400
v 0.10550100 -0.10595500 0.04305090
v 0.11223700 -0.11305100 0.05269200
v 0.10879800 -0.11040000 0.04971910
v 0.08325400 -0.10382300 0.01679500
v 0.08630590 -0.10273100 0.01668700
v 0.09302440 -0.09637900 0.01665200
v 0.08670700 -0.10025400 0.01459520
v 0.08862120 -0.09803170 0.01459700
v 0.08793520 -0.10029100 0.01451900
v 0.10389300 -0.10607100 0.04429980
v 0.10656000 -0.10826900 0.04706190
v 0.10610100 -0.10509500 0.04146100
v 0.11392400 -0.11220000 0.04844670
v 0.11169800 -0.11007400 0.04579530
v 0.10822300 -0.10623400 0.03745200
v 0.10850600 -0.10650500 0.03633200
v 0.09751810 -0.11744400 0.03745200
v 0.10329300 -0.10996800 0.04154500
v 0.10578700 -0.10786500 0.04113700
v 0.09780170 -0.11771500 0.03633200
v 0.09843030 -0.11764900 0.03980580
v 0.10410700 -0.12321300 0.04786050
v 0.10188300 -0.12108800 0.04520700
v 0.08778250 -0.08816940 0.01797490
v 0.08449870 -0.08592250 0.01304100
v 0.08513930 -0.08672530 0.01357600
v 0.08583910 -0.08524990 0.01248300
v 0.08244230 -0.08149730 0.00904200
v 0.08909270 -0.08747880 0.01741200
v 0.10546400 -0.12433000 0.05144000
v 0.10171800 -0.12093200 0.04603680
v 0.10395000 -0.12306300 0.04869240
v 0.10593000 -0.12407300 0.05189700
v 0.10648400 -0.12478100 0.05146100
v 0.09755830 -0.11606000 0.04166550
v 0.08316980 -0.10374300 0.01600300
v 0.09387720 -0.09253560 0.01600320
v 0.09280720 -0.09151380 0.01611150
v 0.09006660 -0.09770840 0.01453640
v 0.08835140 -0.09942670 0.01454000
v 0.07888290 -0.09598700 0.01974190
v 0.07829710 -0.09817960 0.01567520
v 0.07645740 -0.09426530 0.01609100
v 0.07749490 -0.09859850 0.01782180
v 0.07772120 -0.09790460 0.01918160
v 0.07160290 -0.09263410 0.01120200
v 0.10798400 -0.11725500 0.03750800
v 0.11364600 -0.12351700 0.04483950
v 0.11504300 -0.12207200 0.04483250
v 0.11276400 -0.12075100 0.04257060
v 0.11365100 -0.11444700 0.04268800
v 0.10936800 -0.11034700 0.03758600
v 0.11610400 -0.11585200 0.04624060
v 0.11101300 -0.11241700 0.04030300
v 0.11626200 -0.11630000 0.04743750
v 0.07293360 -0.09195220 0.01063200
v 0.07549160 -0.09406820 0.01407200
v 0.07417060 -0.09475930 0.01465400
v 0.09718910 -0.11659000 0.04051740
v 0.09921710 -0.11855300 0.04287500
v 0.09949530 -0.11880900 0.04338410
v 0.09646430 -0.11588100 0.04063880
v 0.10613800 -0.10861800 0.04772420
v 0.11040400 -0.11348000 0.05388600
v 0.10214300 -0.10671800 0.04527850
v 0.10316300 -0.10549500 0.04465200
v 0.10995200 -0.11301600 0.05400430
v 0.10824700 -0.11025500 0.05057800
v 0.11117300 -0.11303600 0.05314500
v 0.10836700 -0.11074500 0.05037960
v 0.08511860 -0.09838290 0.01583570
v 0.08416160 -0.09708690 0.01836740
v 0.08751930 -0.09578740 0.01589090
v 0.08725960 -0.09140060 0.02456400
v 0.09879240 -0.11060200 0.04365050
v 0.09722900 -0.11066300 0.04549090
v 0.10847000 -0.10713500 0.03980520
v 0.10738400 -0.10594900 0.04055500
v 0.11004200 -0.10849300 0.04279580
v 0.11658700 -0.11491200 0.04965400
v 0.08058400 -0.10127300 0.02828500
v 0.09016330 -0.08898880 0.02947500
v 0.09650810 -0.09504730 0.03826200
v 0.08496620 -0.10545800 0.03960000
v 0.11467100 -0.12319700 0.04527840
v 0.11505900 -0.12277300 0.04587600
v 0.10376600 -0.12020800 0.05284980
v 0.10138300 -0.11810500 0.05004800
v 0.10485800 -0.11928800 0.05388600
v 0.10182600 -0.11717900 0.05013670
v 0.10435600 -0.11884100 0.05400770
v 0.09966970 -0.11589100 0.04728640
v 0.10479900 -0.12200500 0.05248250
v 0.11577000 -0.11742700 0.04577200
v 0.11605800 -0.11665700 0.04659810
v 0.11333200 -0.11473500 0.04301930
v 0.11562500 -0.11738200 0.04467400
v 0.11127200 -0.11314300 0.03950400
v 0.10885200 -0.11127400 0.03653300
v 0.11568500 -0.11852400 0.04541700
v 0.11300700 -0.11518100 0.04235970
v 0.08687660 -0.08717930 0.01708900
v 0.08099770 -0.08167490 0.00994901
v 0.08211210 -0.08043750 0.00953900
v 0.08139720 -0.07889910 0.00971001
v 0.08735720 -0.08523310 0.01604700
v 0.07447480 -0.09487730 0.01073100
v 0.07362730 -0.09346330 0.01044400
v 0.07229660 -0.09414520 0.01101400
v 0.07314410 -0.09555920 0.01130100
v 0.07722400 -0.09907370 0.01662100
v 0.10015800 -0.11874100 0.04259300
v 0.10696500 -0.12524000 0.05068900
v 0.09857240 -0.11704300 0.03994020
v 0.08060200 -0.10127000 0.01784390
v 0.08110390 -0.10192200 0.01565400
v 0.08227830 -0.10289100 0.01495930
v 0.08144170 -0.10209300 0.01861700
v 0.08214930 -0.10276800 0.01767200
v 0.09214620 -0.09088260 0.01861700
v 0.07856130 -0.09992300 0.01309570
v 0.07921370 -0.09732140 0.01823870
v 0.08005000 -0.09958530 0.01446590
v 0.08272090 -0.09795010 0.01785680
v 0.10343000 -0.11573900 0.03276100
v 0.09826660 -0.11815800 0.03469200
v 0.09976170 -0.11643500 0.03321800
v 0.07136090 -0.08594650 0.01414500
v 0.07064610 -0.08440810 0.01431600
v 0.07660600 -0.09074220 0.02065200
v 0.06931540 -0.08509000 0.01488600
v 0.07003020 -0.08662840 0.01471500
v 0.07387670 -0.08947440 0.02028900
v 0.09028800 -0.09394580 0.01247370
v 0.08976530 -0.09390900 0.01130300
v 0.08981100 -0.09282380 0.01269280
v 0.08847180 -0.09017210 0.01837600
v 0.08822970 -0.08880530 0.01879350
v 0.08817210 -0.09464450 0.01116880
v 0.08594150 -0.08876210 0.01301300
v 0.08949850 -0.09397830 0.01058500
v 0.08437850 -0.08795430 0.00583800
v 0.10772200 -0.12493100 0.04631490
v 0.10112200 -0.11865200 0.03830440
v 0.10374700 -0.12036200 0.04003400
v 0.10003900 -0.11752000 0.03835160
v 0.10830600 -0.12476000 0.04661100
v 0.10603500 -0.12196000 0.04277760
v 0.10258200 -0.11784000 0.03653300
v 0.10898000 -0.12450000 0.04504090
v 0.10678700 -0.12229700 0.04215800
v 0.10904700 -0.12446700 0.04577300
v 0.10465200 -0.11987900 0.03995030
v 0.08368480 -0.08644320 0.00602599
v 0.08327930 -0.08567940 0.00599300
v 0.08624270 -0.08855920 0.00946700
v 0.08194500 -0.08635620 0.00656100
v 0.08492170 -0.08925030 0.01004800
v 0.08304780 -0.08863610 0.00640800
v 0.10799400 -0.10744700 0.03977340
v 0.11409300 -0.11306200 0.04790000
v 0.11171900 -0.11078800 0.04520640
v 0.10917300 -0.10836400 0.04334300
v 0.11596600 -0.11485200 0.05146000
v 0.10695000 -0.10641700 0.04144710
v 0.10046200 -0.10781600 0.04580190
v 0.10857500 -0.11658100 0.05627400
v 0.10621700 -0.11434900 0.05347500
v 0.10783900 -0.11650100 0.05637380
v 0.10812000 -0.11546600 0.05592760
v 0.10152800 -0.10987200 0.04854700
v 0.10377900 -0.11217000 0.05132600
v 0.08632350 -0.10675400 0.01427500
v 0.09204030 -0.10004600 0.01431100
v 0.09644400 -0.09498660 0.01433400
v 0.09237240 -0.09384650 0.01461750
v 0.09215350 -0.09247210 0.01497600
v 0.09387360 -0.09253210 0.01459700
v 0.11054100 -0.11862500 0.03991830
v 0.10830600 -0.11649900 0.03725820
v 0.10976700 -0.11896200 0.04029700
v 0.10754000 -0.11683300 0.03764070
v 0.10825000 -0.11629100 0.03776800
v 0.11050600 -0.11859400 0.04053960
v 0.11020600 -0.11938100 0.04015900
v 0.07816440 -0.10232700 0.01354070
v 0.07965210 -0.10209000 0.01362700
v 0.07852590 -0.10084300 0.01584860
v 0.07495270 -0.09999850 0.01019450
v 0.07568610 -0.09992730 0.01199290
v 0.07604300 -0.09895870 0.01125260
v 0.07508800 -0.09075890 0.01708800
v 0.07169660 -0.08735270 0.01324600
v 0.07752860 -0.09246580 0.02074400
v 0.07830340 -0.09423520 0.02043600
v 0.07625180 -0.09259980 0.01760300
v 0.07739180 -0.09635420 0.02026600
v 0.07512820 -0.09494430 0.01666800
v 0.07614240 -0.09305470 0.02129600
v 0.07034820 -0.08812630 0.01366500
v 0.07374760 -0.09143160 0.01764700
v 0.11226700 -0.11061800 0.04544780
v 0.11449600 -0.11274600 0.04811050
v 0.11657500 -0.11561200 0.04974500
v 0.11644700 -0.11531100 0.05068900
v 0.08480970 -0.08572880 0.00950701
v 0.08507890 -0.08671830 0.00895200
v 0.08066820 -0.08173870 0.00461153
v 0.07970280 -0.08429790 0.00378900
v 0.08375090 -0.08740720 0.00952000
v 0.08347900 -0.08641070 0.01007700
v 0.10770700 -0.12515700 0.04809000
v 0.10046100 -0.11620000 0.03753650
v 0.10707400 -0.10936000 0.03746590
v 0.10167500 -0.11092100 0.04075690
v 0.10414200 -0.12254600 0.04865100
v 0.10186100 -0.12037600 0.04579600
v 0.07892010 -0.09996390 0.01922930
v 0.08330750 -0.09557960 0.02407000
v 0.08247240 -0.09668550 0.02140390
v 0.07932090 -0.10006700 0.02264080
v 0.10979300 -0.10773300 0.03379100
v 0.10798900 -0.10962300 0.03379100
v 0.10831100 -0.10912700 0.03302390
v 0.09961750 -0.11944900 0.03012300
v 0.11032200 -0.10823900 0.03012300
v 0.10414800 -0.11476200 0.03065830
v 0.09422060 -0.11429500 0.03925600
v 0.09210660 -0.11227600 0.03993500
v 0.10492500 -0.10308500 0.03925600
v 0.09747320 -0.10949600 0.04131910
v 0.10261300 -0.10087700 0.04168000
v 0.09188950 -0.11206900 0.04168300
v 0.09000130 -0.08854260 0.01960920
v 0.08964440 -0.08804910 0.01834700
v 0.08850430 -0.08967510 0.02006220
v 0.08210410 -0.10272500 0.01611010
v 0.09285390 -0.09155830 0.01767100
v 0.10494200 -0.10310100 0.04103500
v 0.10027000 -0.10656200 0.04132730
v 0.10281100 -0.10106600 0.03993400
v 0.06991720 -0.08724970 0.00921578
v 0.07485140 -0.09326000 0.01354500
v 0.07201110 -0.09064730 0.01004000
v 0.06897020 -0.08987790 0.00835300
v 0.07071460 -0.09135150 0.01066300
v 0.07299980 -0.09291620 0.01412500
v 0.09237420 -0.09531410 0.01453500
v 0.09293590 -0.09632720 0.01547930
v 0.09305490 -0.09539910 0.01554980
v 0.09298780 -0.09576660 0.01668500
v 0.09978360 -0.10743700 0.04593200
v 0.10304000 -0.11253700 0.05108380
v 0.10081400 -0.11041000 0.04842890
v 0.08006660 -0.07958100 0.01028000
v 0.08078140 -0.08111930 0.01010900
v 0.08462790 -0.08396540 0.01568400
v 0.08667550 -0.08418280 0.01571200
v 0.09890390 -0.10941300 0.04581410
v 0.10102100 -0.11234700 0.04154500
v 0.11547400 -0.11373900 0.05114330
v 0.11525700 -0.11430800 0.05190270
v 0.08631110 -0.10674300 0.01645400
v 0.09685690 -0.09538090 0.01649800
v 0.08700170 -0.10418200 0.01657600
v 0.09059000 -0.10156400 0.01431100
v 0.08592890 -0.10381000 0.01665200
v 0.08377760 -0.10432300 0.01553800
v 0.08558220 -0.10243400 0.01553800
v 0.08579280 -0.10624800 0.01533200
v 0.10445000 -0.12007600 0.05314600
v 0.07838270 -0.10188100 0.01295890
v 0.08198400 -0.10088900 0.01397580
v 0.08577680 -0.10219500 0.01453680
v 0.08372430 -0.10427200 0.01454100
v 0.10146500 -0.11760000 0.03093100
v 0.10108600 -0.11684700 0.03374460
v 0.09908860 -0.11894300 0.03379100
v 0.10059300 -0.11726300 0.03315490
v 0.08550620 -0.08961150 0.01098100
v 0.08682930 -0.08892810 0.01039400
v 0.08720850 -0.08875630 0.01148500
v 0.08984430 -0.09131210 0.01458100
v 0.10633700 -0.12528400 0.04963370
v 0.10727200 -0.12535401 0.04974490
v 0.08708020 -0.09389870 0.01854700
v 0.07491840 -0.09327470 0.01817500
v 0.07519030 -0.09427120 0.01761800
v 0.07353000 -0.09395650 0.01411900
v 0.07119390 -0.09186520 0.01116700
v 0.07405850 -0.09123790 0.01411200
v 0.07432770 -0.09222740 0.01355700
v 0.07652100 -0.09358930 0.01704800
v 0.10381300 -0.11220200 0.05070450
v 0.10158400 -0.11007600 0.04804890
v 0.10723500 -0.10540200 0.03980890
v 0.10993900 -0.10787300 0.03677720
v 0.10963400 -0.10758100 0.03615600
v 0.11051400 -0.10842200 0.03371700
v 0.10871000 -0.11031200 0.03371700
v 0.09079020 -0.08995000 0.01728680
v 0.08956770 -0.08936460 0.01626460
v 0.10467500 -0.12306600 0.05196940
v 0.09628480 -0.11538100 0.04145900
v 0.09441710 -0.11447100 0.04094930
v 0.10539500 -0.10749000 0.04051570
v 0.10647900 -0.11261500 0.03340800
v 0.10681800 -0.11217700 0.03263000
v 0.10329600 -0.11362800 0.03072500
v 0.10467700 -0.11218200 0.03072500
v 0.10484300 -0.11234000 0.03382000
v 0.07649210 -0.10187800 0.01355060
v 0.07658780 -0.10107700 0.01277200
v 0.07702900 -0.10182000 0.01236130
v 0.07986270 -0.10092200 0.01297530
v 0.08531730 -0.09259380 0.00697229
v 0.08579940 -0.09312580 0.00746100
v 0.08243310 -0.09067960 0.00252900
v 0.08528430 -0.09338010 0.00595500
v 0.08399110 -0.09185230 0.00476300
v 0.08726990 -0.09209420 0.00766169
v 0.08618290 -0.09106260 0.00634798
v 0.08646310 -0.09305830 0.00461691
v 0.08755130 -0.09408540 0.00593278
v 0.08504730 -0.09194320 0.00262801
v 0.08688410 -0.10199300 0.01448800
v 0.08630300 -0.10417900 0.01544210
v 0.08694170 -0.10415500 0.01540140
v 0.07921110 -0.10013300 0.01967280
v 0.08062910 -0.09789670 0.01941990
v 0.08402120 -0.10455500 0.03655100
v 0.08243010 -0.10303600 0.03417300
v 0.09472570 -0.09334530 0.03655100
v 0.08140770 -0.10206000 0.03521200
v 0.08302280 -0.10360200 0.03765900
v 0.09219500 -0.09092880 0.03536400
v 0.09313460 -0.09182600 0.03417200
v 0.09381420 -0.09247490 0.03776500
v 0.09984580 -0.11966600 0.03439000
v 0.10161400 -0.11774200 0.03371700
v 0.07080760 -0.08769180 0.01076500
v 0.07151740 -0.08767100 0.01244700
v 0.07412220 -0.09056180 0.01507000
v 0.07018670 -0.08835290 0.01301700
v 0.06947690 -0.08837360 0.01133500
v 0.07278990 -0.09124660 0.01563300
v 0.10080000 -0.10768500 0.04123540
v 0.10305500 -0.10700700 0.04155000
v 0.10589900 -0.10468400 0.04097730
v 0.10947500 -0.10795200 0.04315260
v 0.07394750 -0.09820920 0.00998943
v 0.07517250 -0.09815440 0.01027720
v 0.07406000 -0.09613160 0.00826200
v 0.07318720 -0.09473590 0.00789400
v 0.07272930 -0.09681340 0.00883200
v 0.07504420 -0.09636120 0.01028500
v 0.07487800 -0.09564990 0.01074800
v 0.07429610 -0.09745220 0.00723400
v 0.07303390 -0.09554260 0.00657200
v 0.07619430 -0.09867480 0.01020200
v 0.07692900 -0.10029000 0.00998499
v 0.07464090 -0.09752240 0.01242710
v 0.07399670 -0.09739330 0.01109700
v 0.07518390 -0.09765580 0.01099800
v 0.09975650 -0.11695700 0.03891300
v 0.10045300 -0.11704500 0.03825800
v 0.09893280 -0.11656300 0.03915760
v 0.10150500 -0.11592200 0.03717800
v 0.10054700 -0.11866500 0.03565180
v 0.09891840 -0.11878100 0.03617450
v 0.09884810 -0.11871300 0.03468780
v 0.08316910 -0.10374200 0.01459700
v 0.07782550 -0.09987400 0.01686910
v 0.07566470 -0.10128800 0.01594600
v 0.07657530 -0.10050800 0.01565980
v 0.07590340 -0.10228200 0.01415250
v 0.09395850 -0.09261320 0.01679400
v 0.09340140 -0.09530080 0.01668700
v 0.09649740 -0.09503760 0.01533100
v 0.09469280 -0.09692730 0.01533100
v 0.09448220 -0.09311330 0.01553800
v 0.09443530 -0.09560640 0.01544080
v 0.09397560 -0.09518520 0.01549100
v 0.08155880 -0.08218270 0.00616000
v 0.08226850 -0.08216200 0.00784100
v 0.08487330 -0.08505280 0.01046400
v 0.08093780 -0.08284390 0.00841100
v 0.08022810 -0.08286460 0.00673000
v 0.08354110 -0.08573760 0.01102700
v 0.08109940 -0.08261730 0.00906000
v 0.08525260 -0.08488100 0.01155500
v 0.08826040 -0.09272110 0.01709190
v 0.08826190 -0.09050390 0.02190090
v 0.08859650 -0.09483410 0.01238560
v 0.11055000 -0.10845700 0.03439000
v 0.10243200 -0.12092000 0.04545050
v 0.10226100 -0.12076800 0.04608800
v 0.10424600 -0.12266400 0.04780900
v 0.10214700 -0.12135100 0.04571400
v 0.09963390 -0.11824900 0.04313780
v 0.10664300 -0.11408300 0.03560490
v 0.10949000 -0.10865900 0.04255210
v 0.11210600 -0.11045400 0.04608900
v 0.11155600 -0.11063100 0.04603700
v 0.11199300 -0.11103900 0.04571700
v 0.11351700 -0.11249300 0.04818000
v 0.10161700 -0.11747000 0.05064510
v 0.09906730 -0.11579400 0.04733270
v 0.10448500 -0.12115400 0.05270360
v 0.10191300 -0.11801900 0.04996800
v 0.11131100 -0.11231200 0.03985300
v 0.11362100 -0.11527600 0.04233350
v 0.10380900 -0.11982800 0.04011250
v 0.10687800 -0.12200800 0.04260750
v 0.10437000 -0.12010000 0.03943720
v 0.10616200 -0.12256900 0.04274900
v 0.10600600 -0.11430200 0.05398510
v 0.10570500 -0.11508300 0.05360010
v 0.11273200 -0.12071800 0.04319250
v 0.11243900 -0.12150700 0.04281800
v 0.10907600 -0.11017700 0.05022910
v 0.10600900 -0.10800800 0.04774930
v 0.08560260 -0.08775100 0.00893899
v 0.08280250 -0.08516480 0.00549600
v 0.07933360 -0.08238830 0.00521100
v 0.09847680 -0.11534600 0.03988730
v 0.09851230 -0.11493300 0.04063260
v 0.09903520 -0.11493600 0.04113700
v 0.10583500 -0.11115100 0.03242100
v 0.10568600 -0.11121800 0.03159000
v 0.10676000 -0.11213500 0.03168100
v 0.10840200 -0.11033900 0.03096820
v 0.10633000 -0.11250300 0.03091500
v 0.07438810 -0.09223440 0.01818200
v 0.07450140 -0.09039000 0.01616100
v 0.07034570 -0.09128230 0.00988401
v 0.07030090 -0.08919600 0.00778300
v 0.08998480 -0.08881850 0.02294700
v 0.09034640 -0.08916390 0.02084510
v 0.10876700 -0.10675400 0.03041860
v 0.09805550 -0.11795700 0.03056850
v 0.10724000 -0.10844700 0.03175400
v 0.10783900 -0.10948100 0.03100400
v 0.10964400 -0.10759100 0.03100400
v 0.10810300 -0.10923700 0.03164450
v 0.10755400 -0.10816600 0.03220000
v 0.10841500 -0.10895600 0.03210780
v 0.07190290 -0.08425800 0.01742900
v 0.07352010 -0.08669390 0.01829100
v 0.06920890 -0.08157000 0.01435600
v 0.07218940 -0.08737580 0.01886100
v 0.09109570 -0.09743630 0.01449500
v 0.09211500 -0.10011700 0.01570800
v 0.09737820 -0.11175600 0.04112300
v 0.09805000 -0.11224900 0.04155000
v 0.10031800 -0.10937200 0.04165900
v 0.08522600 -0.08936830 0.00612499
v 0.08426550 -0.09073960 0.00673500
v 0.08445470 -0.09140950 0.00637499
v 0.08481110 -0.09062250 0.00365699
v 0.08393840 -0.08922680 0.00328901
v 0.08348040 -0.09130440 0.00422700
v 0.08370120 -0.09260400 0.00318699
v 0.08561650 -0.09384930 0.00616900
v 0.10247900 -0.11673400 0.03275900
v 0.10350000 -0.11549800 0.03120300
v 0.10243600 -0.11668700 0.03190000
v 0.07610270 -0.10156100 0.01664300
v 0.07739490 -0.10067300 0.01636730
v 0.07672360 -0.10065700 0.01613700
v 0.07775950 -0.10119400 0.01574500
v 0.07621770 -0.10198400 0.01640500
v 0.07980180 -0.10052500 0.02029660
v 0.10014600 -0.11587600 0.03175500
v 0.10654300 -0.10928600 0.03277000
v 0.09944800 -0.11671600 0.03277300
v 0.09893940 -0.11880100 0.03100500
v 0.10027700 -0.11754100 0.03269210
v 0.10074400 -0.11691100 0.03100500
v 0.10034600 -0.11733500 0.03177860
v 0.07592430 -0.08969180 0.02031700
v 0.07686420 -0.09472930 0.02097800
v 0.07321280 -0.09734290 0.00932800
v 0.07358710 -0.09742520 0.01010300
v 0.07491430 -0.09674540 0.00952200
v 0.10163900 -0.11739800 0.03710260
v 0.09447420 -0.09567350 0.01661000
v 0.09409720 -0.09675170 0.01657600
v 0.08738010 -0.10310700 0.01661000
v 0.08842610 -0.09949800 0.01593700
v 0.08987640 -0.09797920 0.01593700
v 0.09044780 -0.10180000 0.01571090
v 0.08766610 -0.10252300 0.01441900
v 0.08810310 -0.10122700 0.01446200
v 0.08294060 -0.08186680 0.01425500
v 0.08265400 -0.07874890 0.01282400
v 0.08427130 -0.08118490 0.01368500
v 0.07996010 -0.07606090 0.00975058
v 0.09107330 -0.08986310 0.01833140
v 0.09219270 -0.09095490 0.01587150
v 0.09067780 -0.09039250 0.01656140
v 0.09145870 -0.09089400 0.01619580
v 0.09139120 -0.09260640 0.01499650
v 0.10617000 -0.12511800 0.05087270
v 0.10465700 -0.12304500 0.04810210
v 0.11378000 -0.11275600 0.04869010
v 0.11634500 -0.11457900 0.05078140
v 0.08146580 -0.08584250 0.00605700
v 0.08235410 -0.08712510 0.00659601
v 0.07989500 -0.09728570 0.01900730
v 0.07925540 -0.09676900 0.01930270
v 0.08727220 -0.08808030 0.01244300
v 0.08700300 -0.08709080 0.01299800
v 0.08566950 -0.08776560 0.01357000
v 0.09147800 -0.09024440 0.02186000
v 0.08077350 -0.10145400 0.02186000
v 0.09165140 -0.09041000 0.02087700
v 0.11563300 -0.12016700 0.04543800
v 0.11571700 -0.11852100 0.04473370
v 0.10716800 -0.10750900 0.04026300
v 0.10760000 -0.10787600 0.03960700
v 0.10879100 -0.11401800 0.05498460
v 0.10144300 -0.10625300 0.04548800
v 0.10969100 -0.11449500 0.05497740
v 0.10903200 -0.11576100 0.05594600
v 0.10144300 -0.12067900 0.04552900
v 0.09992090 -0.11922500 0.04306100
v 0.10202000 -0.12053800 0.04515500
v 0.10026600 -0.11886400 0.04306000
v 0.09965330 -0.11896000 0.04255220
v 0.11129100 -0.11036700 0.04552600
v 0.10953300 -0.10869000 0.04343600
v 0.11186900 -0.11022800 0.04515400
v 0.10988000 -0.10832800 0.04343500
v 0.08584260 -0.10375700 0.01548410
v 0.08735310 -0.10304500 0.01543180
v 0.08737280 -0.10368100 0.01541070
v 0.08563070 -0.09235770 0.00614832
v 0.08604150 -0.09236500 0.00700100
v 0.08562920 -0.09014080 0.00614200
v 0.08510070 -0.09283220 0.00618099
v 0.08566540 -0.09123640 0.00491700
v 0.08529130 -0.09114960 0.00414700
v 0.07727340 -0.09979150 0.01139030
v 0.07648460 -0.09880120 0.01072900
v 0.10583500 -0.11852900 0.05496900
v 0.10531700 -0.11765400 0.05498170
v 0.07663890 -0.10051800 0.01378370
v 0.07644330 -0.09932170 0.01450200
v 0.07354510 -0.09632590 0.01132000
v 0.10825100 -0.10676700 0.03923300
v 0.10894200 -0.10800700 0.03849230
v 0.10947300 -0.10935400 0.03558370
v 0.10936000 -0.10840600 0.03731000
v 0.08040580 -0.07699380 0.00967500
v 0.08132330 -0.07943080 0.01339400
v 0.07862230 -0.07678890 0.01024890
v 0.07907520 -0.07767570 0.01024500
v 0.07057220 -0.08493980 0.01799900
v 0.06787110 -0.08229780 0.01485460
v 0.06832400 -0.08318470 0.01485100
v 0.06965470 -0.08250280 0.01428100
v 0.09710940 -0.11468800 0.04311140
v 0.10531800 -0.12311800 0.05218400
v 0.10376900 -0.12129700 0.05226070
v 0.09637990 -0.11524900 0.04210700
v 0.10587200 -0.10520200 0.04231000
v 0.11235800 -0.11242500 0.05242290
v 0.10042100 -0.10946700 0.04256700
v 0.10161600 -0.10766700 0.04364840
v 0.10315500 -0.10707800 0.04247800
v 0.10721600 -0.10754700 0.03912970
v 0.10758300 -0.10881000 0.03787380
v 0.10781700 -0.10841600 0.03899200
v 0.10736700 -0.10984400 0.03729590
v 0.10132900 -0.11638100 0.03211650
v 0.10134300 -0.11643500 0.03275430
v 0.10024000 -0.09861040 0.04166000
v 0.10064000 -0.09899300 0.03999200
v 0.08993560 -0.11020300 0.03999300
v 0.11393800 -0.11280900 0.05163040
v 0.11376200 -0.11353800 0.05231700
v 0.08115460 -0.08689020 0.00407699
v 0.08182120 -0.08841610 0.00380800
v 0.08248530 -0.08620830 0.00350700
v 0.08172700 -0.08578200 0.00224701
v 0.08105210 -0.08368700 0.00317801
v 0.08109690 -0.08577330 0.00527901
v 0.08243100 -0.08508910 0.00471901
v 0.10765800 -0.10970000 0.03161410
v 0.10735000 -0.11005800 0.03204770
v 0.10728300 -0.11009200 0.03127500
v 0.10769900 -0.11124700 0.03257400
v 0.10807200 -0.11094500 0.03339100
v 0.09587710 -0.11520600 0.04098090
v 0.09696290 -0.11691300 0.03834800
v 0.09621080 -0.11619500 0.03890500
v 0.10766700 -0.10570400 0.03834800
v 0.08107180 -0.10238700 0.01420790
v 0.08225640 -0.10294500 0.01454400
v 0.08417240 -0.10069800 0.01450970
v 0.08949310 -0.10978000 0.04165400
v 0.07607810 -0.09443720 0.01500000
v 0.07475510 -0.09512060 0.01558600
v 0.08858610 -0.10178700 0.01581100
v 0.08937070 -0.10210700 0.01575300
v 0.08879110 -0.10189000 0.01439100
v 0.08126590 -0.10192400 0.03137000
v 0.08018940 -0.10089600 0.03236400
v 0.09096150 -0.08975090 0.03256300
v 0.09197040 -0.09071440 0.03137000
v 0.08768020 -0.09478140 0.00537900
v 0.08774850 -0.09340810 0.00718201
v 0.08634950 -0.09546320 0.00594900
v 0.08590580 -0.09397360 0.00669599
v 0.08635750 -0.09371870 0.00620783
v 0.10672700 -0.12511900 0.04781960
v 0.07316310 -0.09107030 0.01671500
v 0.07272780 -0.09191970 0.01468200
v 0.07586260 -0.09820500 0.00999000
v 0.07604780 -0.09748590 0.01128200
v 0.07652970 -0.10143800 0.01156460
v 0.07840280 -0.10081700 0.01180930
v 0.07568250 -0.10102300 0.01065640
v 0.07429010 -0.09974970 0.00896401
v 0.09463950 -0.09687630 0.01433400
v 0.09229340 -0.09587820 0.01551300
v 0.09255550 -0.09678670 0.01545300
v 0.09228480 -0.09627980 0.01449100
v 0.09805290 -0.11744800 0.03923300
v 0.09845260 -0.11833400 0.03777460
v 0.09936980 -0.11810700 0.03856780
v 0.10147900 -0.11790200 0.03622400
v 0.10018900 -0.11831800 0.03778940
v 0.08884000 -0.09655300 0.01438340
v 0.09189200 -0.09452990 0.01433900
v 0.09264890 -0.09492620 0.01454000
v 0.11654500 -0.11542400 0.04811500
v 0.10841200 -0.10879300 0.03830720
v 0.11647800 -0.11589000 0.04861300
v 0.08772470 -0.09194130 0.02035450
v 0.08784220 -0.09409840 0.01685280
v 0.09004520 -0.08883220 0.02206200
v 0.09166370 -0.09764810 0.01585800
v 0.09072030 -0.09752370 0.01591500
v 0.10566300 -0.11141600 0.03321000
v 0.10346200 -0.11378600 0.03382000
v 0.10429800 -0.11500200 0.03366420
v 0.08265570 -0.08793770 0.00183599
v 0.08315190 -0.08773420 0.00323800
v 0.08037270 -0.08640090 0.00283701
v 0.08130060 -0.08856910 0.00241000
v 0.08260770 -0.08990870 0.00385901
v 0.10652300 -0.10924100 0.03215800
v 0.10769000 -0.10983300 0.03315420
v 0.10736900 -0.11012300 0.03268150
v 0.10267800 -0.11430700 0.03102500
v 0.07164760 -0.09062440 0.00921800
v 0.07040340 -0.09239920 0.00868300
v 0.07107000 -0.09392510 0.00841399
v 0.07169900 -0.09161210 0.00815674
v 0.06964520 -0.09197290 0.00742301
v 0.07097590 -0.09129100 0.00685299
v 0.07190450 -0.09344680 0.00644200
v 0.07170320 -0.09622450 0.00714200
v 0.07185650 -0.09541770 0.00846400
v 0.07057380 -0.09412860 0.00701200
v 0.07240070 -0.09324320 0.00784401
v 0.07527530 -0.09142400 0.02122200
v 0.08781550 -0.10272700 0.01540300
v 0.08719110 -0.10213500 0.01546700
v 0.08754400 -0.10430700 0.01433400
v 0.08573940 -0.10619700 0.01433400
v 0.08759730 -0.10435800 0.01533200
v 0.09535850 -0.11538100 0.03904600
v 0.09812640 -0.11234700 0.04247800
v 0.07599200 -0.10331600 0.01428430
v 0.07686060 -0.10244100 0.01326460
v 0.07296540 -0.09813410 0.00780400
v 0.10782300 -0.10991300 0.03778800
v 0.10795100 -0.10909000 0.03834080
v 0.10104300 -0.11680300 0.03318670
v 0.10019000 -0.11598900 0.03323900
v 0.10100800 -0.11666800 0.03164430
v 0.09971630 -0.11632300 0.03173400
v 0.08820730 -0.08649750 0.01651900
v 0.08885030 -0.09550710 0.01364330
v 0.09124530 -0.09423050 0.01384590
v 0.08378510 -0.09003360 0.00196601
v 0.06858610 -0.08792770 0.00978931
v 0.08599770 -0.09173620 0.00509401
v 0.08602650 -0.08591500 0.01661700
v 0.08598410 -0.09367580 0.00723500
v 0.08644070 -0.09315890 0.00717611
v 0.08398940 -0.09938640 0.01528120
v 0.10955200 -0.10750300 0.03468380
v 0.07570470 -0.09799670 0.01171790
v 0.07541000 -0.09873900 0.01278700
v 0.07562280 -0.09897020 0.01045000
v 0.07568020 -0.09765940 0.01021700
v 0.07454010 -0.09665860 0.00875301
v 0.07656360 -0.09850300 0.01127000
v 0.07638000 -0.09795510 0.01149700
v 0.08391420 -0.08556130 0.01210900
v 0.09876080 -0.11630600 0.04026990
v 0.09874500 -0.11553200 0.04090200
v 0.09843170 -0.11606000 0.03993320
v 0.07862950 -0.09974990 0.01887950
v 0.07821170 -0.10025400 0.01678400
v 0.07925450 -0.10086800 0.01612920
v 0.07941070 -0.10112100 0.01547600
v 0.08692500 -0.10269800 0.01665600
v 0.08638500 -0.10421700 0.01660700
v 0.08596040 -0.10282800 0.01554980
v 0.08589230 -0.10319700 0.01668500
v 0.09432510 -0.09654020 0.01541310
v 0.09451080 -0.09628590 0.01657700
v 0.09401810 -0.09526640 0.01665600
v 0.09348050 -0.09678610 0.01660700
v 0.10697300 -0.11049200 0.03197300
v 0.10775800 -0.11108700 0.03164200
v 0.09709520 -0.09560840 0.01643250
v 0.09073200 -0.09407240 0.01312900
v 0.08974620 -0.09057690 0.01523100
v 0.10536300 -0.10352400 0.04081830
v 0.08006620 -0.09944350 0.02108600
v 0.07943670 -0.10019200 0.02108500
v 0.10046400 -0.11667300 0.03755820
v 0.10606300 -0.10417100 0.03904600
v 0.10691500 -0.10498500 0.03890500
v 0.08174800 -0.07745160 0.01226100
v 0.08082030 -0.07648990 0.01124500
v 0.08041730 -0.07813350 0.01283100
v 0.07099680 -0.08296060 0.01686600
v 0.07006910 -0.08199900 0.01585100
v 0.06966620 -0.08364250 0.01743600
v 0.10238700 -0.11479800 0.03275700
v 0.10281600 -0.11443100 0.03352500
v 0.10381200 -0.11540800 0.03340800
v 0.09652320 -0.11649400 0.03967500
v 0.07371320 -0.09703530 0.01086400
v 0.09243850 -0.09928660 0.01432900
v 0.09283790 -0.09706350 0.01442100
v 0.09376740 -0.09730220 0.01435900
v 0.09188030 -0.09775690 0.01443700
v 0.09237640 -0.09844060 0.01437500
v 0.09235730 -0.09830490 0.01578700
v 0.08062160 -0.09743690 0.01909600
v 0.07813940 -0.09915470 0.01870900
v 0.09702800 -0.09554430 0.01427400
v 0.09267770 -0.09500300 0.01553800
v 0.07752280 -0.10061300 0.01078300
v 0.08792820 -0.10343200 0.01435800
v 0.09339860 -0.09674840 0.01544210
v 0.08436850 -0.09189310 0.00559600
v 0.11044000 -0.10835100 0.03547300
v 0.10757500 -0.10820900 0.03281200
v 0.10728500 -0.10855800 0.03323900
v 0.10681200 -0.10889300 0.03173400
v 0.10047900 -0.11564000 0.03281400
v 0.09942650 -0.11667300 0.03216000
v 0.08688240 -0.10261200 0.01548360
v 0.08634180 -0.10202300 0.01551800
v 0.09980980 -0.11963200 0.03371700
v 0.10175400 -0.11597600 0.03214800
v 0.07719170 -0.09980490 0.01626170
v 0.07680170 -0.09972050 0.01547580
v 0.09634480 -0.11449100 0.04313500
v 0.09178680 -0.09053930 0.01988400
v 0.08108230 -0.10174900 0.01988400
v 0.10702100 -0.11053400 0.03283300
v 0.10740700 -0.11020300 0.03352500
v 0.10181400 -0.11084000 0.04133740
v 0.08230870 -0.08548500 0.00396001
v 0.10616200 -0.11303600 0.03365310
v 0.10524000 -0.11410100 0.03370900
v 0.08232840 -0.08099300 0.00937899
v 0.09973550 -0.11956100 0.03547400
v 0.10997000 -0.11896100 0.03975300
v 0.10855600 -0.11692600 0.03765900
v 0.11007300 -0.11837800 0.04013100
v 0.10832000 -0.11670000 0.03803800
v 0.11078200 -0.11905200 0.04031300
v 0.11219600 -0.12108600 0.04240700
v 0.11020700 -0.11918300 0.04069300
v 0.11196000 -0.12086200 0.04278600
v 0.10323800 -0.11252800 0.05055000
v 0.10182100 -0.11049800 0.04845900
v 0.10347000 -0.11275400 0.05149000
v 0.10334200 -0.11194700 0.05093000
v 0.10158600 -0.11027000 0.04883700
v 0.10148000 -0.11085400 0.04845700
v 0.07459360 -0.09037370 0.02088700
v 0.09293980 -0.09164040 0.01497600
v 0.09949670 -0.11559000 0.04807900
v 0.09936120 -0.11545300 0.04698600
v 0.09990850 -0.11549700 0.04781000
v 0.10158700 -0.11757800 0.04964000
v 0.09902670 -0.11514100 0.04751800
v 0.11122100 -0.11284500 0.04044300
v 0.11114600 -0.11325500 0.04018000
v 0.11297600 -0.11452300 0.04253400
v 0.11155600 -0.11316000 0.03991000
v 0.11108600 -0.11271100 0.03935000
v 0.11075000 -0.11239800 0.03988000
v 0.09966070 -0.11949000 0.03093100
v 0.10138200 -0.11627800 0.03133100
v 0.10964300 -0.10810300 0.04250000
v 0.10906500 -0.10824200 0.04287200
v 0.10401500 -0.12244300 0.04818400
v 0.10448700 -0.12289400 0.04874200
v 0.10569600 -0.11487900 0.05414400
v 0.10580500 -0.11429800 0.05320500
v 0.10556800 -0.11407200 0.05358400
v 0.10627300 -0.11475000 0.05376600
v 0.11422000 -0.11316400 0.04837100
v 0.11375000 -0.11271600 0.04780800
v 0.09979420 -0.11841300 0.04250100
v 0.11243300 -0.12130800 0.04334700
v 0.11300800 -0.12117700 0.04296700
v 0.10784700 -0.11625300 0.03747700
v 0.10774400 -0.11683500 0.03709900
v 0.10213500 -0.11762200 0.05046400
v 0.10164600 -0.11812600 0.05046700
v 0.10117600 -0.11767800 0.04990700
v 0.10642100 -0.12171500 0.04227200
v 0.10426400 -0.12013400 0.04044300
v 0.10634700 -0.12213100 0.04200400
v 0.10649000 -0.12226000 0.04309600
v 0.10681600 -0.12258000 0.04256400
v 0.08503350 -0.09423220 0.00435000
v 0.10821800 -0.10997200 0.05017200
v 0.10814200 -0.11038600 0.04990200
v 0.10679100 -0.10861700 0.04754800
v 0.10901700 -0.11074200 0.05020200
v 0.10868800 -0.11042100 0.05073200
v 0.10101200 -0.11040200 0.04789600
v 0.10111600 -0.10982100 0.04827600
v 0.11385800 -0.11487400 0.04282900
v 0.11337200 -0.11538000 0.04283400
v 0.11338800 -0.11442500 0.04226900
v 0.10419500 -0.11959000 0.03961800
v 0.10418300 -0.12054900 0.04017500
v 0.10371300 -0.12010100 0.03961500
v 0.10639900 -0.10775100 0.04725300
v 0.10686900 -0.10820000 0.04781300
v 0.10591600 -0.10826100 0.04724800
v 0.09010550 -0.08884590 0.02117700
v 0.11346800 -0.12392000 0.04569010
v 0.11192800 -0.12418900 0.04488630
v 0.07562080 -0.09906780 0.00839399
v 0.11543500 -0.12186800 0.04569750
v 0.11561400 -0.12036000 0.04489320
v 0.10568700 -0.11314600 0.03062200
v 0.10709100 -0.11783300 0.05592190
v 0.10556000 -0.11806000 0.05516390
v 0.09333750 -0.09731700 0.01538400
v 0.09436220 -0.09717740 0.01533630
v 0.08637200 -0.09355880 0.00378800
v 0.08821930 -0.09544370 0.01513100
v 0.08838740 -0.09432300 0.01479880
v 0.08840570 -0.09366780 0.01367340
v 0.07948960 -0.07717180 0.01181500
v 0.06873840 -0.08268080 0.01642100
v 0.08111160 -0.08217910 0.00961200
v 0.08243010 -0.08193540 0.00849000
v 0.08582380 -0.09922300 0.01492880
v 0.10949800 -0.10923700 0.03866050
v 0.09968720 -0.11852600 0.03721800
v 0.07036050 -0.08768820 0.01421800
v 0.07575850 -0.09736160 0.01075600
v 0.07572810 -0.09156720 0.01761600
v 0.11401900 -0.11311000 0.05202960
v 0.07250750 -0.09115900 0.01058600
v 0.08647930 -0.08605810 0.01301000
v 0.07565060 -0.10293800 0.01394020
v 0.07605410 -0.10255300 0.01379820
v 0.07556070 -0.10244600 0.01431900
v 0.08428120 -0.08844750 0.00951300
v 0.08579540 -0.09085220 0.00568000
v 0.08355310 -0.09614280 0.02115450
v 0.08699530 -0.09236480 0.02160090
v 0.10437300 -0.12347700 0.04836800
v 0.10366900 -0.12280500 0.04818300
v 0.11409500 -0.11235400 0.04780800
v 0.11433200 -0.11258000 0.04874300
v 0.08094680 -0.10162000 0.02087800
v 0.09253210 -0.09924570 0.01573000
v 0.07164010 -0.08672950 0.01386000
v 0.08534480 -0.08486470 0.01628200
v 0.10233300 -0.11475200 0.03180100
v 0.10922500 -0.11421200 0.05514980
v 0.10404700 -0.11262400 0.05111300
v 0.07961040 -0.10038700 0.01997600
v 0.09912980 -0.11674500 0.03960800
v 0.10169600 -0.11613700 0.03308000
v 0.10216700 -0.11713500 0.03345100
v 0.10512800 -0.11203500 0.03375670
v 0.10715000 -0.12530400 0.04803220
v 0.08595860 -0.08328350 0.01511400
v 0.08064630 -0.07780350 0.00926801
v 0.07520740 -0.08879260 0.01971900
v 0.06989510 -0.08331250 0.01387400
v 0.10124400 -0.11062800 0.04883700
v 0.09004970 -0.08869920 0.02039810
v 0.11585700 -0.11716700 0.04529080
v 0.08978870 -0.08904100 0.01702840
v 0.07582670 -0.10121200 0.01641500
v 0.07958450 -0.10160000 0.01441400
v 0.10331600 -0.11577100 0.03195200
v 0.09478200 -0.11483100 0.03907300
v 0.10003500 -0.11864200 0.04343400
v 0.10660100 -0.10714800 0.04026120
v 0.10670600 -0.10743400 0.03933110
v 0.09942030 -0.11600100 0.04781400
v 0.11163200 -0.11274900 0.04017500
v 0.10546400 -0.11465300 0.05320400
v 0.10976700 -0.10891300 0.04306300
v 0.11229900 -0.12050400 0.04278400
v 0.08802790 -0.10025700 0.01591900
v 0.08809000 -0.10110300 0.01587300
v 0.10459000 -0.12045400 0.03991000
v 0.10862500 -0.10987700 0.04990700
v 0.10125300 -0.11726700 0.05017200
v 0.10593900 -0.12222600 0.04226900
v 0.11331200 -0.11483700 0.04200300
v 0.10646200 -0.10829500 0.04807900
v 0.10798100 -0.11705700 0.03803900
v 0.11036500 -0.10828000 0.03093100
v 0.08793970 -0.09682100 0.01499800
v 0.08585570 -0.09308300 0.00570900
v 0.09442880 -0.09306230 0.01454000
v 0.09217540 -0.09170280 0.01541300
v 0.08273170 -0.09705270 0.01992400
v 0.08154890 -0.09726990 0.01979150
v 0.08389530 -0.09005010 0.00669501
v 0.08587940 -0.08943520 0.01206200
v 0.10886300 -0.11017000 0.03622500
v 0.10923400 -0.10892200 0.03785000
v 0.07971430 -0.07896000 0.01020100
v 0.07931560 -0.07848540 0.00983799
v 0.08104500 -0.07827810 0.00963100
v 0.06896320 -0.08446900 0.01480700
v 0.06856440 -0.08399440 0.01444400
v 0.07029380 -0.08378720 0.01423700
v 0.08797280 -0.10357400 0.01535200
v 0.07022710 -0.09168030 0.00913099
v 0.07156700 -0.09110250 0.00845801
v 0.09926560 -0.11911200 0.03673900
v 0.08973890 -0.10202100 0.01433400
v 0.08097820 -0.08617130 0.00452600
v 0.10525900 -0.11159800 0.03096100
v 0.07024660 -0.08718390 0.01455500
v 0.08212860 -0.09955000 0.01511940
v 0.10650900 -0.10750500 0.04082000
v 0.10205000 -0.11701600 0.03120100
v 0.08983100 -0.09190720 0.01383800
v 0.10117500 -0.11687500 0.03778800
v 0.08741450 -0.10371900 0.01657700
v 0.10548600 -0.10362100 0.03907200
v 0.09874630 -0.11611800 0.03910530
v 0.07668810 -0.09889810 0.01558000
v 0.07668770 -0.09889870 0.01557800
v 0.10770000 -0.10573500 0.03039100
v 0.09699570 -0.11694500 0.03039200
v 0.10171900 -0.11197800 0.03055480
v 0.10846800 -0.10646800 0.03613500
v 0.09776360 -0.11767800 0.03613600
v 0.10689300 -0.10780700 0.03333370
v 0.09077870 -0.10032300 0.01806940
v 0.08946960 -0.10149800 0.01819020
v 0.09051860 -0.10087600 0.01975300
v 0.09300000 -0.09169790 0.01769500
v 0.09309940 -0.09678960 0.01744100
v 0.08700980 -0.10262900 0.01745850
v 0.08229550 -0.10290800 0.01769500
v 0.08603010 -0.10285900 0.01749910
v 0.09068340 -0.10201800 0.01809730
v 0.08989760 -0.10261600 0.01969700
v 0.08869570 -0.10332400 0.01972510
v 0.09999650 -0.11387400 0.03118510
v 0.09999820 -0.11498400 0.03285950
v 0.10585700 -0.10884200 0.03293760
v 0.10669200 -0.10700900 0.03363290
v 0.10693800 -0.10666400 0.03287580
v 0.10550300 -0.10583200 0.03357190
v 0.10446000 -0.10669500 0.03143070
v 0.10500100 -0.10613200 0.03147320
v 0.10618700 -0.10709000 0.03133520
v 0.10801000 -0.10603100 0.03618200
v 0.10589000 -0.10799800 0.03420210
v 0.10205100 -0.11171700 0.03188530
v 0.09730570 -0.11724100 0.03618200
v 0.09912240 -0.11500000 0.03402290
v 0.09816910 -0.11603400 0.03380700
v 0.09863780 -0.11495300 0.03122060
v 0.09808190 -0.11570500 0.03156000
v 0.09755050 -0.11392600 0.03138940
v 0.10100900 -0.11245600 0.03092600
v 0.09942260 -0.11398900 0.03153120
v 0.09953890 -0.11182300 0.03119100
v 0.09848730 -0.11542900 0.03392660
v 0.09778610 -0.11396500 0.03404990
v 0.10106300 -0.11268400 0.03205480
v 0.09979630 -0.11165500 0.03214600
v 0.09914510 -0.11236700 0.03242100
v 0.09875140 -0.11622100 0.03223010
v 0.09746590 -0.11739400 0.03074690
v 0.10818500 -0.10619800 0.03084300
v 0.09954940 -0.11530100 0.03162250
v 0.10332100 -0.11035000 0.03196400
v 0.10465100 -0.10883100 0.03253370
v 0.10254600 -0.10877600 0.03214600
v 0.10375000 -0.10759800 0.03291500
v 0.10339100 -0.10793400 0.03253670
v 0.09489810 -0.09464720 0.01808290
v 0.09722200 -0.09572950 0.01789900
v 0.09303390 -0.09173020 0.01832800
v 0.08232940 -0.10294000 0.01832800
v 0.09217220 -0.09538240 0.01819130
v 0.09528410 -0.09601770 0.01808010
v 0.09498190 -0.09713700 0.01800090
v 0.09256520 -0.10020400 0.01797890
v 0.10627800 -0.10826300 0.03160230
v 0.09247550 -0.09800010 0.01819100
v 0.09205760 -0.09903270 0.01976400
v 0.09269180 -0.09776920 0.01979530
v 0.09500200 -0.09692200 0.01836070
v 0.09524560 -0.09642720 0.01972700
v 0.08718720 -0.10491600 0.01807060
v 0.08809390 -0.10404100 0.01807940
v 0.08785870 -0.10448000 0.01971100
v 0.08651750 -0.10693900 0.01790000
v 0.09055180 -0.10256300 0.01790480
v 0.08600760 -0.10421700 0.01744510
v 0.08612300 -0.10656300 0.01730300
v 0.08736290 -0.10413600 0.01736290
v 0.08559600 -0.10490900 0.01805390
v 0.08528870 -0.10330100 0.01824450
v 0.08680190 -0.10202500 0.01818650
v 0.09689860 -0.09542070 0.01730870
v 0.09445790 -0.09670670 0.01736200
v 0.09448360 -0.09534980 0.01744480
v 0.10615900 -0.10734400 0.03108960
v 0.10485000 -0.10830200 0.03153230
v 0.10031300 -0.11099000 0.03099300
v 0.08551440 -0.10428000 0.01825380
v 0.08554210 -0.10397500 0.01986090
v 0.08830730 -0.10233400 0.01979670
v 0.08957910 -0.10162800 0.01976500
v 0.08790370 -0.10233500 0.01823800
v 0.09785750 -0.11613600 0.03239740
v 0.09853930 -0.11535400 0.03100970
v 0.09272440 -0.09968330 0.01835740
v 0.09377640 -0.09777340 0.01835820
v 0.09305930 -0.09930520 0.01969700
v 0.09368520 -0.09811460 0.01972430
v 0.09750500 -0.11417200 0.03324140
v 0.09784850 -0.11381300 0.03324880
v 0.09929720 -0.11533500 0.03318660
v 0.09819020 -0.11352300 0.03388100
v 0.09762800 -0.11392600 0.03214250
v 0.09731580 -0.11427700 0.03237050
v 0.09903620 -0.11547600 0.03194690
v 0.09718970 -0.11431600 0.03150500
v 0.09397440 -0.09464760 0.01823710
v 0.09310140 -0.09488010 0.01833170
v 0.09247720 -0.09565300 0.01833240
v 0.09303000 -0.09520310 0.01990780
v 0.09465060 -0.09507690 0.01982760
v 0.09516010 -0.09569940 0.01976880
v 0.09489690 -0.09515120 0.01822000
v 0.09449320 -0.09613490 0.01978210
v 0.09417850 -0.09567520 0.01982230
v 0.09431890 -0.09574710 0.01771470
v 0.09326750 -0.09578350 0.01776570
v 0.09342260 -0.09590090 0.01985130
v 0.09342370 -0.09648020 0.01982160
v 0.08585260 -0.10271400 0.01990860
v 0.08637720 -0.10234800 0.01989900
v 0.08651080 -0.10219800 0.01850090
v 0.08711910 -0.10411200 0.01976910
v 0.08739830 -0.10359300 0.01978060
v 0.08725220 -0.10381100 0.01767740
v 0.08818490 -0.10390200 0.01972310
v 0.08708130 -0.10310400 0.01982240
v 0.08650410 -0.10314200 0.01985150
v 0.08671550 -0.10291000 0.01776760
v 0.10016500 -0.11383900 0.03270860
v 0.09994240 -0.11376800 0.03254610
v 0.10681700 -0.10671100 0.03195520
v 0.10185400 -0.10948300 0.03197900
v 0.10110600 -0.11015400 0.03092600
v 0.10190500 -0.10932400 0.03099300
v 0.10309000 -0.11038700 0.03078750
v 0.10509800 -0.10867300 0.03319710
v 0.10546400 -0.10817400 0.03385630
v 0.10403400 -0.10736000 0.03348210
v 0.10440200 -0.10685800 0.03238840
v 0.10462600 -0.10659700 0.03214300
v 0.10613100 -0.10804500 0.03194690
v 0.10567300 -0.10557100 0.03279530
v 0.10501600 -0.10629700 0.03314760
v 0.10513000 -0.10611600 0.03257530
v 0.10665700 -0.10748900 0.03242890
v 0.08802870 -0.10471000 0.01793500
v 0.10364800 -0.10756000 0.03157170
v 0.10549500 -0.10804800 0.03124190
v 0.08838310 -0.10341400 0.01835790
v 0.09808260 -0.11338400 0.03153570
v 0.09866550 -0.11277700 0.03156090
v 0.09805110 -0.11355900 0.03285710
v 0.09795180 -0.11361100 0.03236660
v 0.09956160 -0.11491900 0.03243120
v 0.08603650 -0.10469200 0.01979790
v 0.08656380 -0.10413200 0.01979780
v 0.08671060 -0.10411600 0.01770640
v 0.09380530 -0.09486490 0.01988420
v 0.09261000 -0.09595890 0.01989190
v 0.08578750 -0.10242300 0.01826730
v 0.09390780 -0.09676370 0.01978140
v 0.09435060 -0.09659710 0.01976600
v 0.09434790 -0.09638020 0.01767740
v 0.09496080 -0.09701310 0.01971250
v 0.09423190 -0.09755400 0.01972390
v 0.10506700 -0.10633600 0.03400210
v 0.10449200 -0.10693300 0.03396620
v 0.10618500 -0.10734800 0.03394140
v 0.10437000 -0.10694400 0.03287110
v 0.10461700 -0.10672600 0.03325200
v 0.10581100 -0.10840600 0.03270980
v 0.09726600 -0.11449100 0.03388330
v 0.09684030 -0.11487000 0.03326330
v 0.09793200 -0.11592100 0.03326540
v 0.09134970 -0.10000600 0.01975300
v 0.09241760 -0.10026400 0.01968200
v 0.09166990 -0.10114400 0.01967700
v 0.09877380 -0.11279400 0.03277490
v 0.09845220 -0.11320600 0.03347980
v 0.10270100 -0.10851200 0.03119100
v 0.09871440 -0.11583600 0.03270860
v 0.09917860 -0.11588400 0.03346910
v 0.10488200 -0.10633400 0.03219080
v 0.10703500 -0.10754200 0.03218510
v 0.10639200 -0.10790500 0.03318680
v 0.09243590 -0.09668750 0.01814810
v 0.09274040 -0.09740820 0.01845290
v 0.09329690 -0.09641720 0.01773510
v 0.08617210 -0.10321400 0.01776570
v 0.09673160 -0.11490300 0.03250110
v 0.09271820 -0.09690310 0.01983770
v 0.10548800 -0.10568000 0.03200740
v 0.08624940 -0.10364000 0.01983970
v 0.08551110 -0.10331700 0.01989600
v 0.09380980 -0.09547970 0.01776770
v 0.09374980 -0.09561900 0.01984800
v 0.09312670 -0.09542770 0.01749960
v 0.09391580 -0.09776290 0.01807320
v 0.09445980 -0.09755960 0.01796230
v 0.09690240 -0.11465600 0.03186190
v 0.09727330 -0.11437400 0.03286570
v 0.09939340 -0.11444200 0.03370300
v 0.09980730 -0.11419600 0.03321270
v 0.08689170 -0.10494700 0.01973870
v 0.08751660 -0.10477400 0.01971400
v 0.10404900 -0.10714300 0.03159700
v 0.10477800 -0.10886200 0.03115960
v 0.08892180 -0.10331500 0.01796540
v 0.10115900 -0.11020500 0.03192400
v 0.10047000 -0.11093200 0.03197900
v 0.09921170 -0.11463100 0.03122360
v 0.08833040 -0.10201400 0.01808440
v 0.08706220 -0.10231100 0.01986420
v 0.08736610 -0.10323700 0.01752650
v 0.08620130 -0.10384700 0.01773510
v 0.08626420 -0.10488500 0.01818380
v 0.08769370 -0.10242800 0.01982500
v 0.10470800 -0.10907000 0.03267010
v 0.09082620 -0.10193100 0.01968200
v 0.10809700 -0.10611400 0.03045130
v 0.09735710 -0.11729000 0.03035500
v 0.08641600 -0.10684300 0.01736580
v 0.09719530 -0.09570400 0.01740000
v 0.09380730 -0.09668580 0.01770630
v 0.08838860 -0.10355100 0.01807500
v 0.09359230 -0.09823540 0.01808160
v 0.10516700 -0.09733710 0.01858000
v 0.10357900 -0.09671640 0.01795600
v 0.08796780 -0.11367100 0.01810000
v 0.10440000 -0.09724640 0.01744800
v 0.10600100 -0.09792150 0.01818300
v 0.08887430 -0.11516100 0.01794200
v 0.09605390 -0.11907000 0.02697330
v 0.09425500 -0.11941800 0.02451500
v 0.10998000 -0.10382700 0.02580000
v 0.09602140 -0.11840400 0.02830800
v 0.09747390 -0.11736700 0.03042380
v 0.10905600 -0.10480400 0.02846400
v 0.08645100 -0.10688700 0.01727100
v 0.08678210 -0.10958600 0.01729400
v 0.09711440 -0.09566040 0.01727320
v 0.10031200 -0.09631110 0.01655300
v 0.08763890 -0.11186000 0.01682900
v 0.08688810 -0.10681000 0.01644530
v 0.10816400 -0.10616700 0.03038210
v 0.10956700 -0.10514500 0.02758200
v 0.10847900 -0.10696600 0.03000720
v 0.09050070 -0.11758700 0.02076700
v 0.09147480 -0.11834300 0.02196900
v 0.10844400 -0.09964060 0.02130400
v 0.09220970 -0.11891000 0.02181000
v 0.09128560 -0.11830300 0.02065400
v 0.10919700 -0.10048000 0.02131000
v 0.09705870 -0.09608990 0.01644860
v 0.09419540 -0.09673230 0.01737370
v 0.08741320 -0.10312000 0.01741000
v 0.10963700 -0.10252200 0.02520800
v 0.10948200 -0.10148700 0.02376700
v 0.09360630 -0.11902600 0.02482800
v 0.10975100 -0.10149900 0.02264900
v 0.11002400 -0.10261200 0.02414600
v 0.09319700 -0.11928900 0.02309500
v 0.09900280 -0.11747900 0.03546480
v 0.10013200 -0.11604700 0.03321220
v 0.10653100 -0.10929300 0.03271900
v 0.10777500 -0.10718900 0.03563200
v 0.09927060 -0.11579200 0.03326920
v 0.09831520 -0.11682200 0.03353700
v 0.10833000 -0.10771900 0.03546410
v 0.10691400 -0.10894300 0.03319620
v 0.10637100 -0.10835800 0.03327120
v 0.09991880 -0.11506200 0.03277800
v 0.08334650 -0.10252900 0.01762450
v 0.08631160 -0.10285000 0.01748290
v 0.09309360 -0.09646200 0.01744600
v 0.08338480 -0.10256600 0.01684140
v 0.09270840 -0.09280210 0.01684620
v 0.08631310 -0.10278600 0.01668370
v 0.09248820 -0.09259180 0.01755940
v 0.09418850 -0.09421550 0.01750200
v 0.09308440 -0.09567150 0.01668490
v 0.08701610 -0.10274100 0.01664900
v 0.08874170 -0.11526400 0.01882200
v 0.08820740 -0.11364200 0.01730600
v 0.09817870 -0.11684300 0.03240100
v 0.09884950 -0.11733200 0.03268000
v 0.09947560 -0.11542000 0.03179380
v 0.10592700 -0.10871700 0.03228800
v 0.09976720 -0.11627000 0.03173760
v 0.09870950 -0.11735600 0.03152800
v 0.09883180 -0.11614700 0.03228800
v 0.10610700 -0.10848600 0.03188400
v 0.10750400 -0.10829500 0.03291620
v 0.10817300 -0.10756900 0.03268000
v 0.10699600 -0.10761600 0.03246520
v 0.10683500 -0.10786200 0.03318100
v 0.10686900 -0.10883300 0.03173460
v 0.10650500 -0.10926600 0.03222200
v 0.10047000 -0.11558700 0.03222900
v 0.08622510 -0.10410700 0.01742330
v 0.08590720 -0.10340400 0.01747600
v 0.08709630 -0.10416500 0.01737380
v 0.08613200 -0.10576500 0.01734400
v 0.08591040 -0.10361300 0.01666340
v 0.08539950 -0.10448900 0.01664600
v 0.10758300 -0.09880890 0.02026300
v 0.10732200 -0.09869160 0.01907700
v 0.10838600 -0.09954540 0.02012000
v 0.09042130 -0.11747700 0.01962300
v 0.09443650 -0.09639040 0.01657590
v 0.09563430 -0.09543930 0.01656000
v 0.09300280 -0.09597310 0.01747600
v 0.09450880 -0.09568960 0.01741000
v 0.09459960 -0.09617850 0.01738000
v 0.09304780 -0.09641530 0.01664900
v 0.09967260 -0.09584760 0.01728100
v 0.09250570 -0.11882700 0.02331700
v 0.09885990 -0.11617100 0.03278400
v 0.09989080 -0.11503800 0.03228100
v 0.10024700 -0.11577700 0.03182500
v 0.09942000 -0.11670700 0.03242070
v 0.09965750 -0.11653400 0.03312200
v 0.08733690 -0.10382900 0.01657570
v 0.08737370 -0.10308500 0.01661200
v 0.09340530 -0.09675960 0.01661200
v 0.08705280 -0.10277900 0.01744700
v 0.08680240 -0.10425800 0.01658200
v 0.10657400 -0.10798700 0.03179510
v 0.10781200 -0.10664700 0.03138700
v 0.09472280 -0.09472570 0.01664600
v 0.09432630 -0.09551710 0.01662640
v 0.09361910 -0.09524220 0.01667800
v 0.09897550 -0.11745300 0.03469000
v 0.10829900 -0.10768900 0.03469000
v 0.09951340 -0.11796600 0.03468690
v 0.10860100 -0.10797800 0.03614790
v 0.09895400 -0.11743300 0.03624060
v 0.09950460 -0.11795800 0.03586860
v 0.10814700 -0.10754400 0.03623600
v 0.09851280 -0.11701100 0.03585060
v 0.08394330 -0.10309900 0.01676900
v 0.09326660 -0.09333510 0.01676900
v 0.08285990 -0.10206400 0.01720500
v 0.10765300 -0.10692200 0.03240400
v 0.10756500 -0.10815700 0.03222800
v 0.10819000 -0.10742800 0.03152800
v 0.08630980 -0.10419000 0.01661200
v 0.08958840 -0.11656200 0.01971500
v 0.08961600 -0.11643300 0.01871800
v 0.08615470 -0.10536700 0.01656000
v 0.08560970 -0.10484100 0.01741900
v 0.09318990 -0.09326200 0.01603290
v 0.09216280 -0.09228110 0.01714200
v 0.09827850 -0.11765100 0.03005170
v 0.09901110 -0.11591600 0.03188400
v 0.08729930 -0.11177500 0.01758000
v 0.10250300 -0.09669350 0.01689500
v 0.10595500 -0.10874100 0.03278400
v 0.10907700 -0.10053000 0.02246900
v 0.10950600 -0.10362900 0.02678300
v 0.09477930 -0.11890200 0.02650100
v 0.10174100 -0.09620780 0.01751600
v 0.09389790 -0.09682780 0.01658200
v 0.09345400 -0.09680330 0.01741000
v 0.10049500 -0.11561400 0.03272500
v 0.09973950 -0.11529200 0.03318100
v 0.10884600 -0.10821200 0.03469370
v 0.10890000 -0.10826400 0.03559420
v 0.09959390 -0.11804300 0.03540400
v 0.08320750 -0.10239600 0.01607990
v 0.09266470 -0.09276040 0.01602800
v 0.08386040 -0.10302000 0.01602100
v 0.09508630 -0.09492120 0.01741800
v 0.09603440 -0.09539970 0.01734300
v 0.09414830 -0.09534830 0.01744700
v 0.09341280 -0.09541600 0.01748270
v 0.10649600 -0.09803930 0.01935500
v 0.08750410 -0.10360900 0.01738000
v 0.09791110 -0.11701500 0.03138500
v 0.08486520 -0.10397900 0.01750300
v 0.10763900 -0.10705900 0.03353700
v 0.10734300 -0.10834700 0.03182500
v 0.08286230 -0.10206600 0.01655010
v 0.09223380 -0.09234900 0.01642940
v 0.07683010 -0.09861120 0.00941960
v 0.07727090 -0.09895240 0.01027120
v 0.07643930 -0.09916820 0.01018370
v 0.07727650 -0.09600030 0.01093450
v 0.07818720 -0.09722430 0.01159390
v 0.07757930 -0.09693020 0.01053140
v 0.08412380 -0.09285720 0.00615912
v 0.08426850 -0.09244140 0.00684542
v 0.08485610 -0.09229750 0.00625016
v 0.08393350 -0.09488550 0.00599792
v 0.08376920 -0.09382170 0.00688084
v 0.08330690 -0.09260470 0.00726283
v 0.07805000 -0.09745180 0.01203660
v 0.07742100 -0.09642380 0.01184100
v 0.07729880 -0.09696140 0.01212090
v 0.07606360 -0.09668350 0.01017880
v 0.07608350 -0.09715230 0.00947278
v 0.07542500 -0.09715500 0.01022400
v 0.08570220 -0.09417740 0.00784328
v 0.08558950 -0.09468280 0.00708171
v 0.08622860 -0.09421070 0.00716581
v 0.08488710 -0.09539800 0.00761638
v 0.08432500 -0.09452810 0.00733331
v 0.07670890 -0.09847100 0.01079600
v 0.07649970 -0.09768920 0.01122210
v 0.07790700 -0.09754280 0.01056370
v 0.07681880 -0.09900740 0.01126200
v 0.07674370 -0.09917060 0.01089190
v 0.07749020 -0.09866760 0.01111470
v 0.07603960 -0.09743290 0.01047520
v 0.07626120 -0.09820880 0.01004360
v 0.07729390 -0.09710430 0.00965633
v 0.07550010 -0.09699180 0.01059510
v 0.08436270 -0.09240080 0.00741210
v 0.08484660 -0.09274380 0.00803032
v 0.08545930 -0.09235420 0.00759021
v 0.08460640 -0.09381140 0.00885979
v 0.08435860 -0.09420230 0.00780133
v 0.08624290 -0.09396320 0.00749499
v 0.08617580 -0.09363350 0.00773222
v 0.08387060 -0.09283250 0.00830098
v 0.08380260 -0.09349530 0.00734942
v 0.07733330 -0.09681830 0.01009060
v 0.07695020 -0.09729090 0.00862247
v 0.07786760 -0.09782890 0.01012950
v 0.07776980 -0.09849330 0.00910336
v 0.08412410 -0.09366720 0.00556358
v 0.08379210 -0.09204380 0.00677925
v 0.08480590 -0.09465180 0.00594448
v 0.08462670 -0.09403610 0.00578140
v 0.08558540 -0.09346760 0.00739203
v 0.08549100 -0.09395860 0.00662763
v 0.08500200 -0.09329510 0.00623677
v 0.08507070 -0.09281740 0.00701211
v 0.07776410 -0.09915390 0.00937543
v 0.07821200 -0.09915700 0.01039760
v 0.07779060 -0.09935930 0.01040020
v 0.07759600 -0.09750230 0.01216780
v 0.07785000 -0.09816250 0.01197060
v 0.07631930 -0.09583780 0.00995885
v 0.07624140 -0.09665450 0.00880613
v 0.07591020 -0.09617230 0.00982328
v 0.07653300 -0.09608500 0.01138100
v 0.07688500 -0.09641400 0.01180940
v 0.07680140 -0.09581900 0.01111760
v 0.07681320 -0.09873670 0.01157250
v 0.07733010 -0.09788420 0.01164600
v 0.07698690 -0.09722380 0.01165650
v 0.07643440 -0.09661640 0.01108320
v 0.07608540 -0.09723020 0.01167620
v 0.07731610 -0.09925480 0.00941800
v 0.07696410 -0.09892580 0.00898959
v 0.07625300 -0.09783720 0.00863177
v 0.07599910 -0.09717720 0.00882841
v 0.08327200 -0.09351370 0.00609132
v 0.08371450 -0.09277010 0.00572904
v 0.08526110 -0.09366460 0.00556015
v 0.08562560 -0.09415400 0.00582548
v 0.08521720 -0.09461240 0.00621589
v 0.08411170 -0.09444000 0.00694036
v 0.08528260 -0.09554590 0.00729019
v 0.08472360 -0.09543830 0.00612279
v 0.08546580 -0.09538170 0.00669373
v 0.08576500 -0.09456040 0.00837453
v 0.08561910 -0.09400440 0.00869881
v 0.08545510 -0.09480780 0.00857281
v 0.08485950 -0.09327860 0.00900303
v 0.08402760 -0.09226590 0.00829305
v 0.08474550 -0.09246230 0.00850388
v 0.07587000 -0.09854790 0.00959732
v 0.07557440 -0.09794390 0.00962952
v 0.07629920 -0.09787660 0.00924700
v 0.07564440 -0.09765920 0.01013050
v 0.07660090 -0.09850170 0.01135620
v 0.07637380 -0.09761450 0.01188970
v 0.07666940 -0.09821860 0.01185740
v 0.08390390 -0.09441990 0.00540743
v 0.08330260 -0.09289180 0.00584046
v 0.08386050 -0.09332650 0.00540461
v 0.08473510 -0.09486980 0.00560003
v 0.08516280 -0.09526610 0.00612470
v 0.08401590 -0.09358320 0.00774164
v 0.08582380 -0.09284370 0.00785559
v 0.07605850 -0.09598050 0.01039890
v 0.07623320 -0.09633110 0.01047400
v 0.07587170 -0.09652760 0.00930802
v 0.08431680 -0.09206460 0.00797940
v 0.08347380 -0.09215520 0.00712258
v 0.07793900 -0.09916750 0.01097640
v 0.07749030 -0.09757380 0.01187700
v 0.07777630 -0.09870680 0.01121100
v 0.07797750 -0.09881610 0.01148660
v 0.08560980 -0.09453770 0.00795611
v 0.07780230 -0.09725770 0.01066010
v 0.07762190 -0.09771720 0.00968917
v 0.07739850 -0.09738940 0.00955986
v 0.07639010 -0.09789310 0.00894321
v 0.08484190 -0.09254490 0.00592100
v 0.08490890 -0.09287460 0.00568280
v 0.08568660 -0.09528760 0.00732168
v 0.08578820 -0.09499420 0.00790977
v 0.07742540 -0.09904310 0.01000410
v 0.07690170 -0.09821570 0.00845677
v 0.07685120 -0.09666900 0.01150730
v 0.07630880 -0.09597420 0.01099080
v 0.07580260 -0.09727280 0.01096090
v 0.07629710 -0.09775610 0.01153970
v 0.07580440 -0.09699410 0.01130270
v 0.07644350 -0.09888810 0.01052410
v 0.07594720 -0.09840520 0.00994661
v 0.08533180 -0.09496720 0.00669945
v 0.08369120 -0.09233640 0.00619327
v 0.08401370 -0.09194890 0.00741028
v 0.08525220 -0.09333410 0.00826453
v 0.08512280 -0.09296640 0.00878199
v 0.08612110 -0.09437680 0.00671545
v 0.08519880 -0.09334440 0.00582517
v 0.08496370 -0.09213120 0.00669960
v 0.08586910 -0.09317180 0.00759730
v 0.07844590 -0.09865890 0.01047380
v 0.07835530 -0.09866290 0.01135810
v 0.07615830 -0.09893210 0.00981075
v 0.08435670 -0.09436430 0.00532100
v 0.07676870 -0.09609560 0.00963532
v 0.08390990 -0.09416790 0.00679529
v 0.08421780 -0.09385540 0.00788770
v 0.08512650 -0.09247500 0.00667218
v 0.08595630 -0.09403410 0.00674463
v 0.07543070 -0.09742590 0.00991372
v 0.08435960 -0.09348960 0.00579301
v 0.07655020 -0.09837830 0.00867806
v 0.08412020 -0.09393840 0.00527883
v 0.08502510 -0.09321350 0.00554899
v 0.08605970 -0.09329450 0.00786700
v 0.08535930 -0.09339250 0.00882464
v 0.08519880 -0.09215280 0.00722317
v 0.08588590 -0.09435530 0.00619287
v 0.07754030 -0.09936570 0.00980814
v 0.07662100 -0.09923010 0.01053400
v 0.07562280 -0.09693230 0.01095300
v 0.10118000 -0.11761400 0.03803500
v 0.10460500 -0.11628800 0.03622400
v 0.29115900 -0.29680899 0.26398501
v 0.10475200 -0.10673600 0.04375100
v 0.10727900 -0.10751900 0.04100500
v 0.29022300 -0.28564399 0.26460499
v 0.10445400 -0.11601700 0.03656800
v 0.10128500 -0.11722500 0.03825900
v 0.29107699 -0.29619399 0.26402101
v 0.10759700 -0.10718600 0.04100500
v 0.10485700 -0.10634600 0.04397500
v 0.29381800 -0.28722200 0.26433200
v 0.09786080 -0.11393100 0.04376900
v 0.09894670 -0.11069000 0.04545400
v 0.28483999 -0.28825101 0.26475999
v 0.09861460 -0.11064000 0.04577300
v 0.09747470 -0.11410100 0.04395700
v 0.28420401 -0.28795201 0.26481000
v 0.29439801 -0.29649299 0.26382801
v 0.28749099 -0.28547600 0.26475999
v 0.29397899 -0.29591000 0.26388001
v 0.28716001 -0.28485501 0.26481000
v 0.29020801 -0.28504199 0.26463699
v 0.10742300 -0.11332100 0.03623700
v 0.10856300 -0.10985900 0.03805300
v 0.29633000 -0.29139599 0.26398501
v 0.10817700 -0.11003000 0.03824100
v 0.10709100 -0.11327000 0.03655600
v 0.29571101 -0.29133901 0.26402101
v 0.28513300 -0.29097301 0.26460600
v 0.28723499 -0.29411700 0.26433301
v 0.28687501 -0.29449299 0.26433301
v 0.28453201 -0.29098800 0.26463699
v 0.09844050 -0.11677500 0.04100500
v 0.29345900 -0.28759801 0.26433200
v 0.09875860 -0.11644200 0.04100500
v 0.10143200 -0.10767300 0.04578600
v 0.10158400 -0.10794400 0.04544200
v 0.28572801 -0.28644601 0.26480499
v 0.28519499 -0.28593701 0.26486000
v 0.29616299 -0.29464400 0.26382801
v 0.29556200 -0.29425201 0.26388001
v 0.08743580 -0.10249300 0.01542290
v 0.08781940 -0.10346000 0.01534440
v 0.08760710 -0.10275800 0.01391950
v 0.08563820 -0.10248400 0.01403910
v 0.08531170 -0.10334400 0.01402370
v 0.08542890 -0.10308000 0.01549550
v 0.09482840 -0.09559630 0.01537860
v 0.09484690 -0.09635870 0.01533570
v 0.09482960 -0.09596800 0.01388570
v 0.09246410 -0.09571520 0.01549340
v 0.09327760 -0.09478530 0.01550250
v 0.09255680 -0.09522520 0.01412240
v 0.09334010 -0.09705740 0.01390370
v 0.09425020 -0.09690680 0.01386060
v 0.09367330 -0.09720010 0.01533760
v 0.09432330 -0.09491030 0.01395030
v 0.10011500 -0.11781400 0.03295510
v 0.10000800 -0.11780500 0.03195080
v 0.10113300 -0.11875600 0.03296610
v 0.10140200 -0.11630500 0.03156230
v 0.10168700 -0.11609800 0.03249490
v 0.10266800 -0.11717700 0.03189710
v 0.10810100 -0.10950300 0.03358990
v 0.10758600 -0.11003500 0.03347350
v 0.10871500 -0.11099300 0.03340020
v 0.10809400 -0.10925900 0.03118290
v 0.10863500 -0.10876600 0.03181320
v 0.10959600 -0.10979400 0.03154310
v 0.10893500 -0.11051200 0.03106970
v 0.10827000 -0.11126100 0.03157840
v 0.10726100 -0.11016700 0.03154310
v 0.10946100 -0.11018200 0.03334170
v 0.10981900 -0.10974100 0.03249550
v 0.10854800 -0.10900200 0.03328760
v 0.10233400 -0.11767500 0.03336940
v 0.10266300 -0.11714700 0.03279750
v 0.10128000 -0.11663700 0.03349390
v 0.10217500 -0.11760100 0.03119900
v 0.08685290 -0.10289700 0.01545490
v 0.08718100 -0.10322500 0.01541150
v 0.08668110 -0.10464500 0.01534520
v 0.08572790 -0.10426600 0.01541720
v 0.08565190 -0.10417700 0.01394880
v 0.08681090 -0.10451300 0.01387190
v 0.08662090 -0.10211100 0.01401130
v 0.08679580 -0.10264400 0.01393400
v 0.10457200 -0.10623800 0.03213470
v 0.10427100 -0.10654000 0.03230470
v 0.10463600 -0.10615700 0.03329290
v 0.10446700 -0.10705400 0.03214520
v 0.10451300 -0.10712300 0.03300800
v 0.10430900 -0.10720100 0.03266710
v 0.09277050 -0.09678960 0.01542410
v 0.10144600 -0.11836700 0.03120820
v 0.10099400 -0.11879600 0.03194350
v 0.10170300 -0.11834400 0.03340350
v 0.10186100 -0.11816800 0.03300400
v 0.10232600 -0.11765500 0.03276300
v 0.09761410 -0.11353100 0.03219660
v 0.09728180 -0.11385000 0.03221940
v 0.09741330 -0.11372600 0.03332610
v 0.10863900 -0.11104200 0.03273700
v 0.10912400 -0.11056300 0.03300900
v 0.09404670 -0.09536430 0.01394750
v 0.09281060 -0.09677540 0.01394010
v 0.09342850 -0.09659890 0.01388800
v 0.08694790 -0.10390200 0.01386100
v 0.08723530 -0.10322800 0.01388100
v 0.08759520 -0.10381600 0.01386820
v 0.08578150 -0.10340800 0.01394900
v 0.10059000 -0.11737100 0.03353240
v 0.09713670 -0.11429900 0.03313010
v 0.09704370 -0.11437600 0.03261520
v 0.09725420 -0.11434300 0.03282320
v 0.09812610 -0.11381600 0.03309620
v 0.09814960 -0.11362600 0.03272380
v 0.09817470 -0.11344600 0.03302820
v 0.10710600 -0.11044500 0.03270570
v 0.09332760 -0.09470610 0.01401530
v 0.09240090 -0.09607280 0.01399510
v 0.09307600 -0.09538150 0.01396900
v 0.10464900 -0.10659700 0.03329070
v 0.10434900 -0.10695000 0.03268910
v 0.10448600 -0.10701900 0.03331350
v 0.10197400 -0.11789600 0.03156700
v 0.10150900 -0.11840900 0.03180700
v 0.10115700 -0.11885700 0.03252620
v 0.09413190 -0.09639340 0.01386100
v 0.09430720 -0.09568200 0.01388800
v 0.09290060 -0.09609300 0.01394200
v 0.08749510 -0.10418300 0.01532840
v 0.09440530 -0.09496450 0.01542770
v 0.08622100 -0.10399200 0.01389600
v 0.08586160 -0.10239800 0.01550470
v 0.08650910 -0.10218800 0.01549140
v 0.10881100 -0.10946700 0.03262800
v 0.10843700 -0.10990700 0.03307900
v 0.10821600 -0.10998400 0.03163200
v 0.10890300 -0.11064000 0.03156100
v 0.10852900 -0.11108000 0.03201300
v 0.10938700 -0.11016100 0.03183400
v 0.10949800 -0.11012300 0.03255700
v 0.10492000 -0.10603700 0.03244000
v 0.10502000 -0.10607200 0.03298340
v 0.10526000 -0.10594700 0.03257300
v 0.10456000 -0.10632200 0.03217510
v 0.10493200 -0.10617200 0.03199970
v 0.10430000 -0.10678600 0.03207980
v 0.10876900 -0.10868500 0.03252340
v 0.08541670 -0.10366700 0.01547310
v 0.08639880 -0.10411700 0.01540800
v 0.08586750 -0.10342000 0.01547920
v 0.10820400 -0.11143400 0.03258810
v 0.09812620 -0.11338300 0.03244320
v 0.09775240 -0.11389700 0.03215730
v 0.10047200 -0.11725700 0.03125790
v 0.10042800 -0.11736600 0.03216150
v 0.10064000 -0.11710000 0.03174310
v 0.10092500 -0.11676400 0.03121460
v 0.09295140 -0.09614150 0.01489200
v 0.09312680 -0.09543010 0.01491900
v 0.09377930 -0.09517600 0.01394200
v 0.09752720 -0.11402000 0.03329270
v 0.09719820 -0.11463900 0.03274230
v 0.09739810 -0.11441500 0.03333250
v 0.09776670 -0.11329800 0.03275390
v 0.09790510 -0.11352200 0.03301430
v 0.09787850 -0.11387900 0.03349370
v 0.10482700 -0.10665000 0.03349920
v 0.10483200 -0.10588000 0.03257280
v 0.10465300 -0.10666100 0.03218440
v 0.10535000 -0.10619900 0.03251240
v 0.10519100 -0.10632700 0.03215800
v 0.10511800 -0.10626800 0.03234480
v 0.10776400 -0.10974000 0.03288710
v 0.10750300 -0.10997900 0.03235640
v 0.09428040 -0.09576360 0.01541300
v 0.09432040 -0.09627360 0.01538430
v 0.09430710 -0.09699650 0.01533630
v 0.09379670 -0.09671120 0.01539040
v 0.09336000 -0.09649840 0.01549650
v 0.08606890 -0.10273400 0.01396800
v 0.08583230 -0.10345600 0.01489900
v 0.08611970 -0.10278200 0.01491800
v 0.10415300 -0.10695700 0.03285550
v 0.08716680 -0.10380200 0.01538260
v 0.08694770 -0.10404700 0.01538250
v 0.09298050 -0.09608420 0.01546750
v 0.09329420 -0.09557030 0.01549590
v 0.10779500 -0.10959900 0.03167100
v 0.10802500 -0.10935900 0.03167520
v 0.10762100 -0.10979700 0.03181910
v 0.10163900 -0.11699900 0.03283400
v 0.10117400 -0.11751200 0.03307400
v 0.10128700 -0.11724000 0.03163700
v 0.10238300 -0.11751900 0.03204500
v 0.10145200 -0.11854500 0.03252600
v 0.10082200 -0.11775300 0.03187800
v 0.09729270 -0.11409500 0.03200280
v 0.09735580 -0.11425900 0.03237100
v 0.09758990 -0.11362500 0.03221010
v 0.09435810 -0.09573050 0.01483700
v 0.09418270 -0.09644200 0.01481000
v 0.10826500 -0.10912900 0.03187830
v 0.10832100 -0.10906100 0.03239290
v 0.10056100 -0.11727200 0.03278100
v 0.09363260 -0.09542640 0.01547390
v 0.09804340 -0.11380500 0.03204700
v 0.09747050 -0.11433800 0.03201380
v 0.09412170 -0.09554700 0.01543260
v 0.09747840 -0.11450900 0.03308850
v 0.09785030 -0.11415900 0.03325800
v 0.08699880 -0.10395100 0.01481100
v 0.10127500 -0.11647000 0.03208160
v 0.08650020 -0.10285000 0.01548130
v 0.10520800 -0.10616000 0.03328070
v 0.10784200 -0.11042400 0.03208300
v 0.10795200 -0.11038600 0.03280700
v 0.08728610 -0.10327700 0.01483000
v 0.08684660 -0.10269200 0.01488400
v 0.10129600 -0.11646600 0.03250960
v 0.10820500 -0.10929500 0.03290490
v 0.09786160 -0.11343900 0.03255810
v 0.09782850 -0.11359200 0.03203560
v 0.10100900 -0.11681700 0.03297500
v 0.10520200 -0.10641800 0.03308230
v 0.10488800 -0.10674800 0.03328600
v 0.10409000 -0.10687100 0.03270230
v 0.10424000 -0.10661500 0.03310520
v 0.10413800 -0.10670300 0.03268000
v 0.09826980 -0.11360700 0.03255860
v 0.09707020 -0.11410600 0.03295130
v 0.09706760 -0.11408800 0.03250700
v 0.09768780 -0.11368500 0.03336310
v 0.10103800 -0.11668400 0.03175940
v 0.10169600 -0.11686300 0.03211500
v 0.10076500 -0.11788900 0.03259600
v 0.08728630 -0.10369400 0.01547930
v 0.08682540 -0.10398600 0.01550880
v 0.08698780 -0.10408900 0.01542090
v 0.10870000 -0.10950500 0.03190400
v 0.08627190 -0.10404100 0.01484600
v 0.10524200 -0.10627600 0.03294390
v 0.08612120 -0.10311500 0.01553050
v 0.09701790 -0.11425400 0.03247670
v 0.09383010 -0.09522460 0.01489200
v 0.09347940 -0.09664750 0.01483800
v 0.10490600 -0.10611700 0.03326250
v 0.10435400 -0.10676000 0.03330440
v 0.10462400 -0.10646100 0.03343360
v 0.09737290 -0.11405000 0.03338560
v 0.09791320 -0.11338200 0.03303040
v 0.09366390 -0.09522350 0.01558260
v 0.10488200 -0.10597400 0.03237280
v 0.10802400 -0.10928400 0.03306400
v 0.10814000 -0.10927500 0.03287430
v 0.10822300 -0.10900700 0.03241800
v 0.09411310 -0.09657950 0.01538000
v 0.09404800 -0.09648170 0.01551190
v 0.09786040 -0.11334600 0.03255350
v 0.10074600 -0.11690100 0.03160950
v 0.10035700 -0.11723000 0.03181970
v 0.10091600 -0.11667100 0.03179650
v 0.08602300 -0.10299000 0.01564300
v 0.08652820 -0.10265600 0.01559980
v 0.08724620 -0.10302600 0.01549390
v 0.08654730 -0.10395500 0.01554300
v 0.09321610 -0.09544800 0.01562500
v 0.09311820 -0.09600280 0.01557250
v 0.10024700 -0.11743300 0.03272170
v 0.10063400 -0.11706300 0.03308120
v 0.10504100 -0.10589600 0.03282130
v 0.10796100 -0.10925800 0.03187170
v 0.10483800 -0.10671600 0.03194700
v 0.09406050 -0.09530520 0.01559400
v 0.09447910 -0.09584080 0.01546700
v 0.10737000 -0.10993800 0.03203000
v 0.10739800 -0.10997100 0.03278800
v 0.10767400 -0.10968100 0.03310110
v 0.09432770 -0.09614220 0.01552900
v 0.09756650 -0.11432800 0.03201410
v 0.09733110 -0.11459500 0.03269820
v 0.08734910 -0.10343100 0.01549050
v 0.08603840 -0.10352900 0.01558440
v 0.10752600 -0.10976400 0.03177300
v 0.10113400 -0.11652900 0.03250900
v 0.10021300 -0.11745300 0.03233700
v 0.09441900 -0.09574190 0.01552760
v 0.08733150 -0.10394500 0.02001310
v 0.08666110 -0.10417300 0.01998330
v 0.08718100 -0.10435300 0.01983210
v 0.09375330 -0.09675720 0.01997680
v 0.09335640 -0.09614450 0.01996910
v 0.09316980 -0.09643920 0.01982000
v 0.09443890 -0.09593820 0.01978240
v 0.09402200 -0.09549930 0.02000590
v 0.09450540 -0.09571660 0.01994430
v 0.09362580 -0.09694130 0.01981570
v 0.09441910 -0.09682850 0.01983170
v 0.08650300 -0.10419900 0.01959290
v 0.08720420 -0.10425900 0.01957330
v 0.08685120 -0.10418700 0.01968490
v 0.08735640 -0.10340900 0.01978450
v 0.08748130 -0.10325000 0.01993580
v 0.08761000 -0.10374000 0.01987900
v 0.08703310 -0.10295300 0.01999920
v 0.08640140 -0.10401700 0.02019400
v 0.08734220 -0.10393100 0.02007610
v 0.08711910 -0.10315300 0.02017920
v 0.09936880 -0.11518700 0.03183480
v 0.09969790 -0.11492400 0.03222390
v 0.09966210 -0.11511700 0.03226650
v 0.08626010 -0.10366200 0.01998120
v 0.08652460 -0.10316100 0.01993590
v 0.08616160 -0.10316700 0.01982150
v 0.08603950 -0.10371300 0.01983000
v 0.08635240 -0.10427700 0.01982830
v 0.09321940 -0.09575540 0.01982080
v 0.09446770 -0.09643650 0.02001260
v 0.09441920 -0.09593070 0.02013460
v 0.09413360 -0.09568390 0.02018480
v 0.09428940 -0.09667940 0.02005510
v 0.08728200 -0.10390800 0.01971810
v 0.08680650 -0.10280400 0.01975260
v 0.08742680 -0.10310200 0.01965890
v 0.08684540 -0.10300800 0.01953320
v 0.09464090 -0.09635880 0.01953410
v 0.09433950 -0.09552330 0.01962560
v 0.09464220 -0.09587800 0.01962320
v 0.09433330 -0.09656440 0.01970120
v 0.09377670 -0.09672950 0.01967490
v 0.09435770 -0.09679720 0.01956620
v 0.10597500 -0.10821400 0.03327470
v 0.10647500 -0.10753800 0.03316580
v 0.10590900 -0.10805200 0.03302250
v 0.10595600 -0.10843400 0.03237140
v 0.10599000 -0.10845900 0.03273370
v 0.10567800 -0.10853400 0.03263440
v 0.09950340 -0.11475300 0.03283970
v 0.09944430 -0.11473000 0.03218490
v 0.09929000 -0.11477100 0.03268760
v 0.09868340 -0.11519900 0.03204250
v 0.09900550 -0.11489700 0.03208970
v 0.09896880 -0.11511100 0.03178220
v 0.09405160 -0.09537710 0.01972020
v 0.09379260 -0.09563630 0.01990170
v 0.08719800 -0.10401000 0.01939010
v 0.08734370 -0.10342600 0.01946040
v 0.08761550 -0.10363000 0.01958140
v 0.09977220 -0.11499600 0.03294680
v 0.09975620 -0.11510000 0.03269420
v 0.09941450 -0.11520800 0.03304940
v 0.09949890 -0.11495800 0.03251090
v 0.09951380 -0.11490800 0.03296990
v 0.09966130 -0.11530200 0.03298900
v 0.09356260 -0.09665210 0.02018700
v 0.09351060 -0.09585970 0.02022630
v 0.09328230 -0.09614630 0.02006470
v 0.10620800 -0.10815600 0.03310550
v 0.10646900 -0.10776400 0.03311410
v 0.10633200 -0.10780000 0.03334140
v 0.09916140 -0.11541500 0.03322280
v 0.08648040 -0.10302600 0.02005140
v 0.08620410 -0.10347400 0.02006880
v 0.08647840 -0.10322400 0.02022660
v 0.08691170 -0.10307600 0.01988090
v 0.09409330 -0.09562700 0.01922360
v 0.09353580 -0.09573240 0.01929790
v 0.09378450 -0.09542270 0.01945590
v 0.08662320 -0.10302700 0.01964980
v 0.08630170 -0.10339200 0.01962900
v 0.08629540 -0.10385200 0.01967850
v 0.09332540 -0.09637030 0.01962350
v 0.10574700 -0.10820600 0.03247270
v 0.08738150 -0.10352900 0.02011820
v 0.08747100 -0.10331600 0.02002740
v 0.09471520 -0.09616190 0.01989160
v 0.09930290 -0.11504600 0.03215040
v 0.09885600 -0.11536400 0.03199240
v 0.08733920 -0.10418700 0.01952330
v 0.09348380 -0.09566020 0.02005280
v 0.09398590 -0.09536690 0.01910680
v 0.09332300 -0.09561740 0.01914610
v 0.09450780 -0.09578750 0.02003550
v 0.09927360 -0.11487300 0.03291080
v 0.09344510 -0.09582270 0.01965870
v 0.09328350 -0.09632840 0.01928020
v 0.09334900 -0.09610780 0.01933120
v 0.09312880 -0.09618990 0.01920030
v 0.09342910 -0.09558120 0.01949410
v 0.09346520 -0.09664980 0.02005570
v 0.09387330 -0.09681310 0.02004860
v 0.09940850 -0.11560000 0.03320400
v 0.09937900 -0.11551500 0.03333720
v 0.09907640 -0.11583700 0.03320360
v 0.09315140 -0.09595620 0.01949310
v 0.08667610 -0.10422500 0.02005490
v 0.08630670 -0.10400400 0.02006370
v 0.09914660 -0.11471600 0.03216060
v 0.08752520 -0.10380100 0.01927480
v 0.10591500 -0.10824400 0.03193460
v 0.09431610 -0.09553940 0.01908130
v 0.09416480 -0.09546090 0.01940810
v 0.09442790 -0.09591320 0.01916850
v 0.09854910 -0.11551100 0.03199890
v 0.08720290 -0.10295700 0.01939580
v 0.08752850 -0.10332200 0.01932710
v 0.09918000 -0.11523300 0.03195320
v 0.10593100 -0.10837100 0.03212600
v 0.08711270 -0.10416100 0.02005690
v 0.08625430 -0.10395800 0.01959100
v 0.09448930 -0.09633120 0.02008680
v 0.09902850 -0.11570200 0.03306360
v 0.08681750 -0.10426800 0.01943010
v 0.09365410 -0.09678550 0.01958500
v 0.08705420 -0.10414000 0.01933730
v 0.09454010 -0.09649080 0.01949900
v 0.09848420 -0.11556900 0.03219790
v 0.07546520 -0.09806120 0.01116760
v 0.07501170 -0.09817660 0.01208220
v 0.07480820 -0.09833910 0.01158000
v 0.08612680 -0.09244050 0.00483373
v 0.08634070 -0.09291290 0.00476802
v 0.08590340 -0.09295560 0.00548159
v 0.08745300 -0.09278900 0.00751325
v 0.08723910 -0.09231660 0.00757899
v 0.08657320 -0.09268400 0.00738295
v 0.08630300 -0.09307900 0.00675926
v 0.08703190 -0.09244550 0.00710814
v 0.08701540 -0.09269680 0.00660186
v 0.08642600 -0.09369090 0.00582278
v 0.08656470 -0.09328990 0.00483999
v 0.07539320 -0.09907240 0.01028370
v 0.07581790 -0.09933810 0.01095770
v 0.07530750 -0.10004400 0.01070660
v 0.07589440 -0.09819780 0.01084100
v 0.07573710 -0.09849360 0.01128520
v 0.07518240 -0.09847730 0.01218960
v 0.08655600 -0.09141510 0.00706199
v 0.08628580 -0.09127440 0.00659982
v 0.08591560 -0.09199510 0.00665767
v 0.08576990 -0.09313750 0.00661000
v 0.08603090 -0.09264680 0.00664056
v 0.08686890 -0.09213010 0.00703607
v 0.08679220 -0.09365660 0.00671673
v 0.08758910 -0.09325000 0.00727930
v 0.08678150 -0.09357030 0.00501031
v 0.08709110 -0.09386110 0.00538569
v 0.07563300 -0.09868830 0.01081020
v 0.07481340 -0.09923270 0.01042290
v 0.07494050 -0.09910190 0.01097600
v 0.07536150 -0.09825560 0.01069270
v 0.07462450 -0.09893370 0.01034090
v 0.07492600 -0.09823370 0.01019430
v 0.07432400 -0.09881480 0.00988031
v 0.07413050 -0.09830600 0.01003680
v 0.07549800 -0.09788670 0.01193390
v 0.07491380 -0.09760010 0.01092600
v 0.07444120 -0.09739730 0.01184940
v 0.07542470 -0.09862590 0.01267530
v 0.07561820 -0.09913490 0.01251820
v 0.07471850 -0.09759310 0.01226280
v 0.07500870 -0.09792200 0.01254630
v 0.08571460 -0.09224440 0.00589027
v 0.08599070 -0.09197950 0.00506770
v 0.08684300 -0.09299710 0.00584049
v 0.08624510 -0.09329540 0.00635844
v 0.08705850 -0.09317990 0.00612401
v 0.08656450 -0.09253280 0.00574513
v 0.08604350 -0.09232670 0.00603921
v 0.08592730 -0.09284220 0.00616567
v 0.07524350 -0.09871900 0.01035920
v 0.07558970 -0.09905810 0.01075800
v 0.07460580 -0.09815540 0.01132700
v 0.07404250 -0.09785890 0.01036620
v 0.07407540 -0.09751800 0.01085130
v 0.07474000 -0.09951890 0.01000870
v 0.07503020 -0.09984780 0.01029320
v 0.07514290 -0.09928550 0.01122900
v 0.07570620 -0.09958200 0.01218880
v 0.07567330 -0.09992290 0.01170470
v 0.07594520 -0.09897010 0.01169520
v 0.08713820 -0.09303000 0.00649000
v 0.08735620 -0.09397520 0.00586819
v 0.08755010 -0.09389010 0.00642236
v 0.07450390 -0.09916470 0.00988199
v 0.08595740 -0.09157430 0.00547450
v 0.07442070 -0.09783450 0.01120270
v 0.07437790 -0.09798160 0.01086580
v 0.07545430 -0.09941340 0.01165260
v 0.07537420 -0.09958200 0.01134080
v 0.08665250 -0.09312920 0.00533583
v 0.08644730 -0.09283540 0.00528365
v 0.08724410 -0.09350730 0.00622026
v 0.08731140 -0.09337310 0.00655994
v 0.08652140 -0.09204970 0.00622300
v 0.08628490 -0.09176780 0.00615347
v 0.08679830 -0.09165920 0.00733601
v 0.08622000 -0.09188120 0.00581247
v 0.08644160 -0.09219960 0.00585701
v 0.07509930 -0.09877990 0.01173160
v 0.07522270 -0.09913570 0.01159400
v 0.08701510 -0.09193960 0.00750700
v 0.07494080 -0.09792810 0.01111720
v 0.07555660 -0.09912900 0.01111770
v 0.07452610 -0.09830530 0.01096100
v 0.07464940 -0.09866090 0.01082440
v 0.07524490 -0.09827620 0.01267400
v 0.08678760 -0.09328660 0.00662846
v 0.07563820 -0.09852090 0.01151720
v 0.07577760 -0.09873460 0.01146060
v 0.08589040 -0.09259870 0.00588099
v 0.08602080 -0.09235050 0.00660638
v 0.08619830 -0.09248220 0.00673384
v 0.07531190 -0.09792000 0.01141830
v 0.07509140 -0.09777130 0.01103700
v 0.07501730 -0.09793150 0.01077290
v 0.07554400 -0.10006700 0.01123010
v 0.08762250 -0.09365530 0.00687247
v 0.07420480 -0.09737370 0.01132580
v 0.08673680 -0.09223240 0.00650648
v 0.08664310 -0.09343230 0.00673593
v 0.08628060 -0.09347040 0.00599120
v 0.08646950 -0.09353780 0.00610433
v 0.08619310 -0.09327570 0.00577249
v 0.08602970 -0.09133950 0.00592390
v 0.08634320 -0.09268690 0.00707201
v 0.08655430 -0.09303300 0.00696086
v 0.07559740 -0.09812720 0.01164820
v 0.07499800 -0.09806810 0.01056400
v 0.07504670 -0.09829840 0.01040200
v 0.07528070 -0.09849540 0.01044450
v 0.07567340 -0.09890020 0.01073560
v 0.07511590 -0.09803170 0.01057760
v 0.08588050 -0.09254960 0.00617600
v 0.08591590 -0.09276580 0.00596926
v 0.08659300 -0.09350500 0.00643109
v 0.07766460 -0.09729250 0.01066370
v 0.07783260 -0.09774980 0.01042090
v 0.07740640 -0.09758720 0.00960002
v 0.08420890 -0.09365170 0.00774274
v 0.08389890 -0.09345960 0.00733767
v 0.08402090 -0.09419390 0.00676461
v 0.07729180 -0.09689000 0.01031490
v 0.07710680 -0.09720100 0.00978141
v 0.07684900 -0.09694090 0.00986162
v 0.08448580 -0.09423340 0.00765451
v 0.08441860 -0.09439460 0.00703446
v 0.08473640 -0.09456830 0.00721068
v 0.08446340 -0.09388740 0.00787287
v 0.07762060 -0.09742940 0.01088170
v 0.07703040 -0.09677030 0.01043100
v 0.07737130 -0.09704450 0.01081870
v 0.07730850 -0.09684980 0.01061280
v 0.07770890 -0.09799580 0.01029260
v 0.07750860 -0.09794260 0.00981560
v 0.07731850 -0.09779430 0.00974850
v 0.07696170 -0.09747550 0.00955500
v 0.08412470 -0.09395640 0.00668927
v 0.08443090 -0.09437020 0.00665099
v 0.08393070 -0.09338580 0.00704513
v 0.08395170 -0.09377610 0.00670091
v 0.08470070 -0.09433130 0.00763342
v 0.07695670 -0.09699750 0.01030370
v 0.07725070 -0.09720390 0.01074910
v 0.07753090 -0.09707290 0.01061200
v 0.07755410 -0.09773900 0.01077690
v 0.07753160 -0.09809260 0.01022100
v 0.07760110 -0.09794050 0.01036230
v 0.08406270 -0.09339550 0.00708786
v 0.08405380 -0.09339100 0.00686899
v 0.08428450 -0.09326820 0.00747449
v 0.08448910 -0.09444190 0.00735281
v 0.08439230 -0.09446150 0.00705523
v 0.08415550 -0.09420370 0.00673696
v 0.07712880 -0.09714270 0.00973988
v 0.07727060 -0.09757890 0.00962334
v 0.07714920 -0.09694210 0.00998006
v 0.07685630 -0.09708830 0.00994000
v 0.07773620 -0.09774590 0.01072260
v 0.08478090 -0.09428060 0.00747950
v 0.08469850 -0.09390080 0.00769336
v 0.08460770 -0.09383500 0.00790296
v 0.08430690 -0.09341140 0.00777521
v 0.08436240 -0.09342920 0.00757568
v 0.08409660 -0.09327290 0.00749994
v 0.08460480 -0.09451170 0.00686074
v 0.07749510 -0.09754260 0.01076160
v 0.07732460 -0.09797980 0.00976103
v 0.08409600 -0.09381260 0.00657431
vt 0.46723790 0.34821429
vt 0.46723790 0.34821429
vt 0.46723790 0.34821429
vt 0.46723790 0.34821429
vt 0.46723790 0.34821429
vt 0.46723790 0.34821429
vt 0.46723790 0.34821429
vt 0.46723790 0.34821429
vt 0.46723790 0.34821429
vt 0.46723790 0.34821429
vt 0.46723790 0.34821429
vt 0.46723790 0.34821429
vt 0.46723790 0.34821429
vt 0.46723790 0.34821429
vt 0.46723790 0.34821429
vt 0.46723790 0.34821429
vt 0.46723790 0.34821429
vt 0.46723790 0.34821429
vt 0.46723790 0.34821429
vt 0.46723790 0.34821429
vt 0.46723790 0.34821429
vt 0.46723790 0.34821429
vt 0.46723790 0.34821429
vt 0.46723790 0.34821429
vt 0.46723790 0.34821429
vt 0.46723790 0.34821429
vt 0.46723790 0.34821429
vt 0.46723790 0.34821429
vt 0.46723790 0.34821429
vt 0.46723790 0.34821429
vt 0.46723790 0.34821429
vt 0.46723790 0.34821429
vt 0.46723790 0.34821429
vt 0.46723790 0.34821429
vt 0.46723790 0.34821429
vt 0.46723790 0.34821429
vt 0.46723790 0.34821429
vt 0.46723790 0.34821429
vt 0.46723790 0.34821429
vt 0.46723790 0.34821429
vt 0.46723790 0.34821429
vt 0.46723790 0.34821429
vt 0.46723790 0.34821429
vt 0.46723790 0.34821429
vt 0.46723790 0.34821429
vt 0.46723790 0.34821429
vt 0.46723790 0.34821429
vt 0.46723790 0.34821429
vt 0.46723790 0.34821429
vt 0.46723790 0.34821429
vt 0.46723790 0.34821429
vt 0.46723790 0.34821429
vt 0.46723790 0.34821429
vt 0.46723790 0.34821429
vt 0.46723790 0.34821429
vt 0.46723790 0.34821429
vt 0.46723790 0.34821429
vt 0.46723790 0.34821429
vt 0.46723790 0.34821429
vt 0.46723790 0.34821429
vt 0.46723790 0.34821429
vt 0.46723790 0.34821429
vt 0.46723790 0.34821429
vt 0.46723790 0.34821429
vt 0.46723790 0.34821429
vt 0.46723790 0.34821429
vt 0.46723790 0.34821429
vt 0.46723790 0.34821429
vt 0.46723790 0.34821429
vt 0.46723790 0.34821429
vt 0.46723790 0.34821429
vt 0.46723790 0.34821429
vt 0.46723790 0.34821429
vt 0.46723790 0.34821429
vt 0.46723790 0.34821429
vt 0.46723790 0.34821429
vt 0.46723790 0.34821429
vt 0.46723790 0.34821429
vt 0.46723790 0.34821429
vt 0.46723790 0.34821429
vt 0.46723790 0.34821429
vt 0.46723790 0.34821429
vt 0.46723790 0.34821429
vt 0.46723790 0.34821429
vt 0.46723790 0.34821429
vt 0.46723790 0.34821429
vt 0.46723790 0.34821429
vt 0.46723790 0.34821429
vt 0.46723790 0.34821429
vt 0.46723790 0.34821429
vt 0.46723790 0.34821429
vt 0.46723790 0.34821429
vt 0.46723790 0.34821429
vt 0.46723790 0.34821429
vt 0.46723790 0.34821429
vt 0.46723790 0.34821429
vt 0.46723790 0.34821429
vt 0.46723790 0.34821429
vt 0.46723790 0.34821429
vt 0.46723790 0.34821429
vt 0.46723790 0.34821429
vt 0.46723790 0.34821429
vt 0.46723790 0.34821429
vt 0.46723790 0.34821429
vt 0.46723790 0.34821429
vt 0.46723790 0.34821429
vt 0.46723790 0.34821429
vt 0.46723790 0.34821429
vt 0.46723790 0.34821429
vt 0.46723790 0.34821429
vt 0.46723790 0.34821429
vt 0.46723790 0.34821429
vt 0.46723790 0.34821429
vt 0.46723790 0.34821429
vt 0.46723790 0.34821429
vt 0.46723790 0.34821429
vt 0.46723790 0.34821429
vt 0.46723790 0.34821429
vt 0.46723790 0.34821429
vt 0.46723790 0.34821429
vt 0.46723790 0.34821429
vt 0.46723790 0.34821429
vt 0.46723790 0.34821429
vt 0.46723790 0.34821429
vt 0.46723790 0.34821429
vt 0.46723790 0.34821429
vt 0.46723790 0.34821429
vt 0.46723790 0.34821429
vt 0.46723790 0.34821429
vt 0.46723790 0.34821429
vt 0.46723790 0.34821429
vt 0.46723790 0.34821429
vt 0.46723790 0.34821429
vt 0.46723790 0.34821429
vt 0.46723790 0.34821429
vt 0.46723790 0.34821429
vt 0.46723790 0.34821429
vt 0.46723790 0.34821429
vt 0.46723790 0.34821429
vt 0.46723790 0.34821429
vt 0.46723790 0.34821429
vt 0.46723790 0.34821429
vt 0.46723790 0.34821429
vt 0.46723790 0.34821429
vt 0.46723790 0.34821429
vt 0.46723790 0.34821429
vt 0.46723790 0.34821429
vt 0.46723790 0.34821429
vt 0.46723790 0.34821429
vt 0.46723790 0.34821429
vt 0.46723790 0.34821429
vt 0.46723790 0.34821429
vt 0.46723790 0.34821429
vt 0.46723790 0.34821429
vt 0.46723790 0.34821429
vt 0.46723790 0.34821429
vt 0.46723790 0.34821429
vt 0.46723790 0.34821429
vt 0.46723790 0.34821429
vt 0.46723790 0.34821429
vt 0.46723790 0.34821429
vt 0.46723790 0.34821429
vt 0.46723790 0.34821429
vt 0.46723790 0.34821429
vt 0.46723790 0.34821429
vt 0.46723790 0.34821429
vt 0.46723790 0.34821429
vt 0.46723790 0.34821429
vt 0.46723790 0.34821429
vt 0.46723790 0.34821429
vt 0.46723790 0.34821429
vt 0.46723790 0.34821429
vt 0.46723790 0.34821429
vt 0.46723790 0.34821429
vt 0.46723790 0.34821429
vt 0.46723790 0.34821429
vt 0.46723790 0.34821429
vt 0.46723790 0.34821429
vt 0.46723790 0.34821429
vt 0.46723790 0.34821429
vt 0.46723790 0.34821429
vt 0.46723790 0.34821429
vt 0.46723790 0.34821429
vt 0.46723790 0.34821429
vt 0.46723790 0.34821429
vt 0.46723790 0.34821429
vt 0.46723790 0.34821429
vt 0.46723790 0.34821429
vt 0.46723790 0.34821429
vt 0.46723790 0.34821429
vt 0.46723790 0.34821429
vt 0.46723790 0.34821429
vt 0.46723790 0.34821429
vt 0.46723790 0.34821429
vt 0.46723790 0.34821429
vt 0.46723790 0.34821429
vt 0.46723790 0.34821429
vt 0.46723790 0.34821429
vt 0.46723790 0.34821429
vt 0.46723790 0.34821429
vt 0.46723790 0.34821429
vt 0.46723790 0.34821429
vt 0.46723790 0.34821429
vt 0.46723790 0.34821429
vt 0.46723790 0.34821429
vt 0.46723790 0.34821429
vt 0.46723790 0.34821429
vt 0.46723790 0.34821429
vt 0.46723790 0.34821429
vt 0.46723790 0.34821429
vt 0.46723790 0.34821429
vt 0.46723790 0.34821429
vt 0.46723790 0.34821429
vt 0.46723790 0.34821429
vt 0.46723790 0.34821429
vt 0.46723790 0.34821429
vt 0.46723790 0.34821429
vt 0.46723790 0.34821429
vt 0.46723790 0.34821429
vt 0.46723790 0.34821429
vt 0.46723790 0.34821429
vt 0.46723790 0.34821429
vt 0.46723790 0.34821429
vt 0.46723790 0.34821429
vt 0.46723790 0.34821429
vt 0.46723790 0.34821429
vt 0.46723790 0.34821429
vt 0.46723790 0.34821429
vt 0.46723790 0.34821429
vt 0.46723790 0.34821429
vt 0.46723790 0.34821429
vt 0.46723790 0.34821429
vt 0.46723790 0.34821429
vt 0.46723790 0.34821429
vt 0.46723790 0.34821429
vt 0.46723790 0.34821429
vt 0.46723790 0.34821429
vt 0.46723790 0.34821429
vt 0.46723790 0.34821429
vt 0.46723790 0.34821429
vt 0.46723790 0.34821429
vt 0.46723790 0.34821429
vt 0.46723790 0.34821429
vt 0.46723790 0.34821429
vt 0.46723790 0.34821429
vt 0.46723790 0.34821429
vt 0.46723790 0.34821429
vt 0.46723790 0.34821429
vt 0.46723790 0.34821429
vt 0.46723790 0.34821429
vt 0.46723790 0.34821429
vt 0.46723790 0.34821429
vt 0.46723790 0.34821429
vt 0.46723790 0.34821429
vt 0.46723790 0.34821429
vt 0.46723790 0.34821429
vt 0.46723790 0.34821429
vt 0.46723790 0.34821429
vt 0.46723790 0.34821429
vt 0.46723790 0.34821429
vt 0.46723790 0.34821429
vt 0.46723790 0.34821429
vt 0.46723790 0.34821429
vt 0.46723790 0.34821429
vt 0.46723790 0.34821429
vt 0.46723790 0.34821429
vt 0.46723790 0.34821429
vt 0.46723790 0.34821429
vt 0.46723790 0.34821429
vt 0.46723790 0.34821429
vt 0.46723790 0.34821429
vt 0.46723790 0.34821429
vt 0.46723790 0.34821429
vt 0.46723790 0.34821429
vt 0.46723790 0.34821429
vt 0.46723790 0.34821429
vt 0.46723790 0.34821429
vt 0.46723790 0.34821429
vt 0.46723790 0.34821429
vt 0.46723790 0.34821429
vt 0.46723790 0.34821429
vt 0.46723790 0.34821429
vt 0.46723790 0.34821429
vt 0.46723790 0.34821429
vt 0.46723790 0.34821429
vt 0.46723790 0.34821429
vt 0.46723790 0.34821429
vt 0.46723790 0.34821429
vt 0.46723790 0.34821429
vt 0.46723790 0.34821429
vt 0.46723790 0.34821429
vt 0.46723790 0.34821429
vt 0.46723790 0.34821429
vt 0.46723790 0.34821429
vt 0.46723790 0.34821429
vt 0.46723790 0.34821429
vt 0.46723790 0.34821429
vt 0.46723790 0.34821429
vt 0.46723790 0.34821429
vt 0.46723790 0.34821429
vt 0.46723790 0.34821429
vt 0.46723790 0.34821429
vt 0.46723790 0.34821429
vt 0.46723790 0.34821429
vt 0.46723790 0.34821429
vt 0.46723790 0.34821429
vt 0.46723790 0.34821429
vt 0.46723790 0.34821429
vt 0.46723790 0.34821429
vt 0.46723790 0.34821429
vt 0.46723790 0.34821429
vt 0.46723790 0.34821429
vt 0.46723790 0.34821429
vt 0.46723790 0.34821429
vt 0.46723790 0.34821429
vt 0.46723790 0.34821429
vt 0.46723790 0.34821429
vt 0.46723790 0.34821429
vt 0.46723790 0.34821429
vt 0.46723790 0.34821429
vt 0.46723790 0.34821429
vt 0.46723790 0.34821429
vt 0.46723790 0.34821429
vt 0.46723790 0.34821429
vt 0.46723790 0.34821429
vt 0.46723790 0.34821429
vt 0.46723790 0.34821429
vt 0.46723790 0.34821429
vt 0.46723790 0.34821429
vt 0.46723790 0.34821429
vt 0.46723790 0.34821429
vt 0.46723790 0.34821429
vt 0.46723790 0.34821429
vt 0.46723790 0.34821429
vt 0.46723790 0.34821429
vt 0.46723790 0.34821429
vt 0.46723790 0.34821429
vt 0.46723790 0.34821429
vt 0.46723790 0.34821429
vt 0.46723790 0.34821429
vt 0.46723790 0.34821429
vt 0.46723790 0.34821429
vt 0.46723790 0.34821429
vt 0.46723790 0.34821429
vt 0.46723790 0.34821429
vt 0.46723790 0.34821429
vt 0.46723790 0.34821429
vt 0.46723790 0.34821429
vt 0.46723790 0.34821429
vt 0.46723790 0.34821429
vt 0.46723790 0.34821429
vt 0.46723790 0.34821429
vt 0.46723790 0.34821429
vt 0.46723790 0.34821429
vt 0.46723790 0.34821429
vt 0.46723790 0.34821429
vt 0.46723790 0.34821429
vt 0.46723790 0.34821429
vt 0.46723790 0.34821429
vt 0.46723790 0.34821429
vt 0.46723790 0.34821429
vt 0.46723790 0.34821429
vt 0.46723790 0.34821429
vt 0.46723790 0.34821429
vt 0.46723790 0.34821429
vt 0.46723790 0.34821429
vt 0.46723790 0.34821429
vt 0.46723790 0.34821429
vt 0.46723790 0.34821429
vt 0.46723790 0.34821429
vt 0.46723790 0.34821429
vt 0.46723790 0.34821429
vt 0.46723790 0.34821429
vt 0.46723790 0.34821429
vt 0.46723790 0.34821429
vt 0.46723790 0.34821429
vt 0.46723790 0.34821429
vt 0.46723790 0.34821429
vt 0.46723790 0.34821429
vt 0.46723790 0.34821429
vt 0.46723790 0.34821429
vt 0.46723790 0.34821429
vt 0.46723790 0.34821429
vt 0.46723790 0.34821429
vt 0.46723790 0.34821429
vt 0.46723790 0.34821429
vt 0.46723790 0.34821429
vt 0.46723790 0.34821429
vt 0.46723790 0.34821429
vt 0.46723790 0.34821429
vt 0.46723790 0.34821429
vt 0.46723790 0.34821429
vt 0.46723790 0.34821429
vt 0.46723790 0.34821429
vt 0.46723790 0.34821429
vt 0.46723790 0.34821429
vt 0.46723790 0.34821429
vt 0.46723790 0.34821429
vt 0.46723790 0.34821429
vt 0.46723790 0.34821429
vt 0.46723790 0.34821429
vt 0.46723790 0.34821429
vt 0.46723790 0.34821429
vt 0.46723790 0.34821429
vt 0.46723790 0.34821429
vt 0.46723790 0.34821429
vt 0.46723790 0.34821429
vt 0.46723790 0.34821429
vt 0.46723790 0.34821429
vt 0.46723790 0.34821429
vt 0.46723790 0.34821429
vt 0.46723790 0.34821429
vt 0.46723790 0.34821429
vt 0.46723790 0.34821429
vt 0.46723790 0.34821429
vt 0.46723790 0.34821429
vt 0.46723790 0.34821429
vt 0.46723790 0.34821429
vt 0.46723790 0.34821429
vt 0.46723790 0.34821429
vt 0.46723790 0.34821429
vt 0.46723790 0.34821429
vt 0.46723790 0.34821429
vt 0.46723790 0.34821429
vt 0.46723790 0.34821429
vt 0.46723790 0.34821429
vt 0.46723790 0.34821429
vt 0.46723790 0.34821429
vt 0.46723790 0.34821429
vt 0.46723790 0.34821429
vt 0.46723790 0.34821429
vt 0.46723790 0.34821429
vt 0.46723790 0.34821429
vt 0.46723790 0.34821429
vt 0.46723790 0.34821429
vt 0.46723790 0.34821429
vt 0.46723790 0.34821429
vt 0.46723790 0.34821429
vt 0.46723790 0.34821429
vt 0.46723790 0.34821429
vt 0.46723790 0.34821429
vt 0.46723790 0.34821429
vt 0.46723790 0.34821429
vt 0.46723790 0.34821429
vt 0.46723790 0.34821429
vt 0.46723790 0.34821429
vt 0.46723790 0.34821429
vt 0.46723790 0.34821429
vt 0.46723790 0.34821429
vt 0.46723790 0.34821429
vt 0.46723790 0.34821429
vt 0.46723790 0.34821429
vt 0.46723790 0.34821429
vt 0.46723790 0.34821429
vt 0.46723790 0.34821429
vt 0.46723790 0.34821429
vt 0.46723790 0.34821429
vt 0.46723790 0.34821429
vt 0.46723790 0.34821429
vt 0.46723790 0.34821429
vt 0.46723790 0.34821429
vt 0.46723790 0.34821429
vt 0.46723790 0.34821429
vt 0.46723790 0.34821429
vt 0.46723790 0.34821429
vt 0.46723790 0.34821429
vt 0.46723790 0.34821429
vt 0.46723790 0.34821429
vt 0.46723790 0.34821429
vt 0.46723790 0.34821429
vt 0.46723790 0.34821429
vt 0.46723790 0.34821429
vt 0.46723790 0.34821429
vt 0.46723790 0.34821429
vt 0.46723790 0.34821429
vt 0.46723790 0.34821429
vt 0.46723790 0.34821429
vt 0.46723790 0.34821429
vt 0.46723790 0.34821429
vt 0.46723790 0.34821429
vt 0.46723790 0.34821429
vt 0.46723790 0.34821429
vt 0.46723790 0.34821429
vt 0.46723790 0.34821429
vt 0.46723790 0.34821429
vt 0.46723790 0.34821429
vt 0.46723790 0.34821429
vt 0.46723790 0.34821429
vt 0.46723790 0.34821429
vt 0.46723790 0.34821429
vt 0.46723790 0.34821429
vt 0.46723790 0.34821429
vt 0.46723790 0.34821429
vt 0.46723790 0.34821429
vt 0.46723790 0.34821429
vt 0.46723790 0.34821429
vt 0.46723790 0.34821429
vt 0.46723790 0.34821429
vt 0.46723790 0.34821429
vt 0.46723790 0.34821429
vt 0.46723790 0.34821429
vt 0.46723790 0.34821429
vt 0.46723790 0.34821429
vt 0.46723790 0.34821429
vt 0.46723790 0.34821429
vt 0.46723790 0.34821429
vt 0.46723790 0.34821429
vt 0.46723790 0.34821429
vt 0.46723790 0.34821429
vt 0.46723790 0.34821429
vt 0.46723790 0.34821429
vt 0.46723790 0.34821429
vt 0.46723790 0.34821429
vt 0.46723790 0.34821429
vt 0.46723790 0.34821429
vt 0.46723790 0.34821429
vt 0.46723790 0.34821429
vt 0.46723790 0.34821429
vt 0.46723790 0.34821429
vt 0.46723790 0.34821429
vt 0.46723790 0.34821429
vt 0.46723790 0.34821429
vt 0.46723790 0.34821429
vt 0.46723790 0.34821429
vt 0.46723790 0.34821429
vt 0.46723790 0.34821429
vt 0.46723790 0.34821429
vt 0.46723790 0.34821429
vt 0.46723790 0.34821429
vt 0.46723790 0.34821429
vt 0.46723790 0.34821429
vt 0.46723790 0.34821429
vt 0.46723790 0.34821429
vt 0.46723790 0.34821429
vt 0.46723790 0.34821429
vt 0.46723790 0.34821429
vt 0.46723790 0.34821429
vt 0.46723790 0.34821429
vt 0.46723790 0.34821429
vt 0.46723790 0.34821429
vt 0.46723790 0.34821429
vt 0.46723790 0.34821429
vt 0.46723790 0.34821429
vt 0.46723790 0.34821429
vt 0.46723790 0.34821429
vt 0.46723790 0.34821429
vt 0.46723790 0.34821429
vt 0.46723790 0.34821429
vt 0.46723790 0.34821429
vt 0.46723790 0.34821429
vt 0.46723790 0.34821429
vt 0.46723790 0.34821429
vt 0.46723790 0.34821429
vt 0.46723790 0.34821429
vt 0.46723790 0.34821429
vt 0.46723790 0.34821429
vt 0.46723790 0.34821429
vt 0.46723790 0.34821429
vt 0.46723790 0.34821429
vt 0.46723790 0.34821429
vt 0.46723790 0.34821429
vt 0.46723790 0.34821429
vt 0.46723790 0.34821429
vt 0.46723790 0.34821429
vt 0.46723790 0.34821429
vt 0.46723790 0.34821429
vt 0.46723790 0.34821429
vt 0.46723790 0.34821429
vt 0.46723790 0.34821429
vt 0.46723790 0.34821429
vt 0.46723790 0.34821429
vt 0.46723790 0.34821429
vt 0.46723790 0.34821429
vt 0.46723790 0.34821429
vt 0.46723790 0.34821429
vt 0.46723790 0.34821429
vt 0.46723790 0.34821429
vt 0.46723790 0.34821429
vt 0.46723790 0.34821429
vt 0.46723790 0.34821429
vt 0.46723790 0.34821429
vt 0.46723790 0.34821429
vt 0.46723790 0.34821429
vt 0.46723790 0.34821429
vt 0.46723790 0.34821429
vt 0.46723790 0.34821429
vt 0.46723790 0.34821429
vt 0.46723790 0.34821429
vt 0.46723790 0.34821429
vt 0.46723790 0.34821429
vt 0.46723790 0.34821429
vt 0.46723790 0.34821429
vt 0.46723790 0.34821429
vt 0.46723790 0.34821429
vt 0.46723790 0.34821429
vt 0.46723790 0.34821429
vt 0.46723790 0.34821429
vt 0.46723790 0.34821429
vt 0.46723790 0.34821429
vt 0.46723790 0.34821429
vt 0.46723790 0.34821429
vt 0.46723790 0.34821429
vt 0.46723790 0.34821429
vt 0.46723790 0.34821429
vt 0.46723790 0.34821429
vt 0.46723790 0.34821429
vt 0.46723790 0.34821429
vt 0.46723790 0.34821429
vt 0.46723790 0.34821429
vt 0.46723790 0.34821429
vt 0.46723790 0.34821429
vt 0.46723790 0.34821429
vt 0.46723790 0.34821429
vt 0.46723790 0.34821429
vt 0.46723790 0.34821429
vt 0.46723790 0.34821429
vt 0.46723790 0.34821429
vt 0.46723790 0.34821429
vt 0.46723790 0.34821429
vt 0.46723790 0.34821429
vt 0.46723790 0.34821429
vt 0.46723790 0.34821429
vt 0.46723790 0.34821429
vt 0.46723790 0.34821429
vt 0.46723790 0.34821429
vt 0.46723790 0.34821429
vt 0.46723790 0.34821429
vt 0.46723790 0.34821429
vt 0.46723790 0.34821429
vt 0.46723790 0.34821429
vt 0.46723790 0.34821429
vt 0.46723790 0.34821429
vt 0.46723790 0.34821429
vt 0.46723790 0.34821429
vt 0.46723790 0.34821429
vt 0.46723790 0.34821429
vt 0.46723790 0.34821429
vt 0.46723790 0.34821429
vt 0.46723790 0.34821429
vt 0.46723790 0.34821429
vt 0.46723790 0.34821429
vt 0.46723790 0.34821429
vt 0.46723790 0.34821429
vt 0.46723790 0.34821429
vt 0.46723790 0.34821429
vt 0.46723790 0.34821429
vt 0.46723790 0.34821429
vt 0.46723790 0.34821429
vt 0.46723790 0.34821429
vt 0.46723790 0.34821429
vt 0.46723790 0.34821429
vt 0.46723790 0.34821429
vt 0.46723790 0.34821429
vt 0.46723790 0.34821429
vt 0.46723790 0.34821429
vt 0.46723790 0.34821429
vt 0.46723790 0.34821429
vt 0.46723790 0.34821429
vt 0.46723790 0.34821429
vt 0.46723790 0.34821429
vt 0.46723790 0.34821429
vt 0.46723790 0.34821429
vt 0.46723790 0.34821429
vt 0.46723790 0.34821429
vt 0.46723790 0.34821429
vt 0.46723790 0.34821429
vt 0.46723790 0.34821429
vt 0.46723790 0.34821429
vt 0.46723790 0.34821429
vt 0.46723790 0.34821429
vt 0.46723790 0.34821429
vt 0.46723790 0.34821429
vt 0.46723790 0.34821429
vt 0.46723790 0.34821429
vt 0.46723790 0.34821429
vt 0.46723790 0.34821429
vt 0.46723790 0.34821429
vt 0.46723790 0.34821429
vt 0.46723790 0.34821429
vt 0.46723790 0.34821429
vt 0.46723790 0.34821429
vt 0.46723790 0.34821429
vt 0.46723790 0.34821429
vt 0.46723790 0.34821429
vt 0.46723790 0.34821429
vt 0.46723790 0.34821429
vt 0.46723790 0.34821429
vt 0.46723790 0.34821429
vt 0.46723790 0.34821429
vt 0.46723790 0.34821429
vt 0.46723790 0.34821429
vt 0.46723790 0.34821429
vt 0.46723790 0.34821429
vt 0.46723790 0.34821429
vt 0.46723790 0.34821429
vt 0.46723790 0.34821429
vt 0.46723790 0.34821429
vt 0.46723790 0.34821429
vt 0.46723790 0.34821429
vt 0.46723790 0.34821429
vt 0.46723790 0.34821429
vt 0.46723790 0.34821429
vt 0.46723790 0.34821429
vt 0.46723790 0.34821429
vt 0.46723790 0.34821429
vt 0.46723790 0.34821429
vt 0.46723790 0.34821429
vt 0.46723790 0.34821429
vt 0.46723790 0.34821429
vt 0.46723790 0.34821429
vt 0.46723790 0.34821429
vt 0.46723790 0.34821429
vt 0.46723790 0.34821429
vt 0.46723790 0.34821429
vt 0.46723790 0.34821429
vt 0.46723790 0.34821429
vt 0.46723790 0.34821429
vt 0.46723790 0.34821429
vt 0.46723790 0.34821429
vt 0.46723790 0.34821429
vt 0.46723790 0.34821429
vt 0.46723790 0.34821429
vt 0.46723790 0.34821429
vt 0.46723790 0.34821429
vt 0.46723790 0.34821429
vt 0.46723790 0.34821429
vt 0.46723790 0.34821429
vt 0.46723790 0.34821429
vt 0.46723790 0.34821429
vt 0.46723790 0.34821429
vt 0.46723790 0.34821429
vt 0.46723790 0.34821429
vt 0.46723790 0.34821429
vt 0.46723790 0.34821429
vt 0.46723790 0.34821429
vt 0.46723790 0.34821429
vt 0.46723790 0.34821429
vt 0.46723790 0.34821429
vt 0.46723790 0.34821429
vt 0.46723790 0.34821429
vt 0.46723790 0.34821429
vt 0.46723790 0.34821429
vt 0.46723790 0.34821429
vt 0.46723790 0.34821429
vt 0.46723790 0.34821429
vt 0.46723790 0.34821429
vt 0.46723790 0.34821429
vt 0.46723790 0.34821429
vt 0.46723790 0.34821429
vt 0.46723790 0.34821429
vt 0.46723790 0.34821429
vt 0.46723790 0.34821429
vt 0.46723790 0.34821429
vt 0.46723790 0.34821429
vt 0.46723790 0.34821429
vt 0.46723790 0.34821429
vt 0.46723790 0.34821429
vt 0.46723790 0.34821429
vt 0.46723790 0.34821429
vt 0.46723790 0.34821429
vt 0.46723790 0.34821429
vt 0.46723790 0.34821429
vt 0.46723790 0.34821429
vt 0.46723790 0.34821429
vt 0.46723790 0.34821429
vt 0.46723790 0.34821429
vt 0.46723790 0.34821429
vt 0.46723790 0.34821429
vt 0.46723790 0.34821429
vt 0.46723790 0.34821429
vt 0.46723790 0.34821429
vt 0.46723790 0.34821429
vt 0.46723790 0.34821429
vt 0.46723790 0.34821429
vt 0.46723790 0.34821429
vt 0.46723790 0.34821429
vt 0.46723790 0.34821429
vt 0.46723790 0.34821429
vt 0.46723790 0.34821429
vt 0.46723790 0.34821429
vt 0.46723790 0.34821429
vt 0.46723790 0.34821429
vt 0.46723790 0.34821429
vt 0.46723790 0.34821429
vt 0.46723790 0.34821429
vt 0.46723790 0.34821429
vt 0.46723790 0.34821429
vt 0.46723790 0.34821429
vt 0.46723790 0.34821429
vt 0.46723790 0.34821429
vt 0.46723790 0.34821429
vt 0.46723790 0.34821429
vt 0.46723790 0.34821429
vt 0.46723790 0.34821429
vt 0.46723790 0.34821429
vt 0.46723790 0.34821429
vt 0.46723790 0.34821429
vt 0.46723790 0.34821429
vt 0.46723790 0.34821429
vt 0.46723790 0.34821429
vt 0.46723790 0.34821429
vt 0.46723790 0.34821429
vt 0.46723790 0.34821429
vt 0.46723790 0.34821429
vt 0.46723790 0.34821429
vt 0.46723790 0.34821429
vt 0.46723790 0.34821429
vt 0.46723790 0.34821429
vt 0.46723790 0.34821429
vt 0.46723790 0.34821429
vt 0.46723790 0.34821429
vt 0.46723790 0.34821429
vt 0.46723790 0.34821429
vt 0.46723790 0.34821429
vt 0.46723790 0.34821429
vt 0.46723790 0.34821429
vt 0.46723790 0.34821429
vt 0.46723790 0.34821429
vt 0.46723790 0.34821429
vt 0.46723790 0.34821429
vt 0.46723790 0.34821429
vt 0.46723790 0.34821429
vt 0.46723790 0.34821429
vt 0.46723790 0.34821429
vt 0.46723790 0.34821429
vt 0.46723790 0.34821429
vt 0.46723790 0.34821429
vt 0.46723790 0.34821429
vt 0.46723790 0.34821429
vt 0.46723790 0.34821429
vt 0.46723790 0.34821429
vt 0.46723790 0.34821429
vt 0.46723790 0.34821429
vt 0.46723790 0.34821429
vt 0.46723790 0.34821429
vt 0.46723790 0.34821429
vt 0.46723790 0.34821429
vt 0.46723790 0.34821429
vt 0.46723790 0.34821429
vt 0.46723790 0.34821429
vt 0.46723790 0.34821429
vt 0.46723790 0.34821429
vt 0.46723790 0.34821429
vt 0.46723790 0.34821429
vt 0.46723790 0.34821429
vt 0.46723790 0.34821429
vt 0.46723790 0.34821429
vt 0.46723790 0.34821429
vt 0.46723790 0.34821429
vt 0.46723790 0.34821429
vt 0.46723790 0.34821429
vt 0.46723790 0.34821429
vt 0.46723790 0.34821429
vt 0.46723790 0.34821429
vt 0.46723790 0.34821429
vt 0.46723790 0.34821429
vt 0.46723790 0.34821429
vt 0.46723790 0.34821429
vt 0.46723790 0.34821429
vt 0.46723790 0.34821429
vt 0.46723790 0.34821429
vt 0.46723790 0.34821429
vt 0.46723790 0.34821429
vt 0.46723790 0.34821429
vt 0.46723790 0.34821429
vt 0.46723790 0.34821429
vt 0.46723790 0.34821429
vt 0.46723790 0.34821429
vt 0.46723790 0.34821429
vt 0.46723790 0.34821429
vt 0.46723790 0.34821429
vt 0.46723790 0.34821429
vt 0.46723790 0.34821429
vt 0.46723790 0.34821429
vt 0.46723790 0.34821429
vt 0.46723790 0.34821429
vt 0.46723790 0.34821429
vt 0.46723790 0.34821429
vt 0.46723790 0.34821429
vt 0.46723790 0.34821429
vt 0.46723790 0.34821429
vt 0.46723790 0.34821429
vt 0.46723790 0.34821429
vt 0.46723790 0.34821429
vt 0.46723790 0.34821429
vt 0.46723790 0.34821429
vt 0.46723790 0.34821429
vt 0.46723790 0.34821429
vt 0.46723790 0.34821429
vt 0.46723790 0.34821429
vt 0.46723790 0.34821429
vt 0.46723790 0.34821429
vt 0.46723790 0.34821429
vt 0.46723790 0.34821429
vt 0.46723790 0.34821429
vt 0.46723790 0.34821429
vt 0.46723790 0.34821429
vt 0.46723790 0.34821429
vt 0.46723790 0.34821429
vt 0.46723790 0.34821429
vt 0.46723790 0.34821429
vt 0.46723790 0.34821429
vt 0.46723790 0.34821429
vt 0.46723790 0.34821429
vt 0.46723790 0.34821429
vt 0.46723790 0.34821429
vt 0.46723790 0.34821429
vt 0.46723790 0.34821429
vt 0.46723790 0.34821429
vt 0.46723790 0.34821429
vt 0.46723790 0.34821429
vt 0.46723790 0.34821429
vt 0.46723790 0.34821429
vt 0.46723790 0.34821429
vt 0.46723790 0.34821429
vt 0.46723790 0.34821429
vt 0.46723790 0.34821429
vt 0.46723790 0.34821429
vt 0.46723790 0.34821429
vt 0.46723790 0.34821429
vt 0.46723790 0.34821429
vt 0.46723790 0.34821429
vt 0.46723790 0.34821429
vt 0.46723790 0.34821429
vt 0.46723790 0.34821429
vt 0.46723790 0.34821429
vt 0.46723790 0.34821429
vt 0.46723790 0.34821429
vt 0.46723790 0.34821429
vt 0.46723790 0.34821429
vt 0.46723790 0.34821429
vt 0.46723790 0.34821429
vt 0.46723790 0.34821429
vt 0.46723790 0.34821429
vt 0.46723790 0.34821429
vt 0.46723790 0.34821429
vt 0.46723790 0.34821429
vt 0.46723790 0.34821429
vt 0.46723790 0.34821429
vt 0.46723790 0.34821429
vt 0.46723790 0.34821429
vt 0.46723790 0.34821429
vt 0.46723790 0.34821429
vt 0.46723790 0.34821429
vt 0.46723790 0.34821429
vt 0.46723790 0.34821429
vt 0.46723790 0.34821429
vt 0.46723790 0.34821429
vt 0.46723790 0.34821429
vt 0.46723790 0.34821429
vt 0.46723790 0.34821429
vt 0.46723790 0.34821429
vt 0.46723790 0.34821429
vt 0.46723790 0.34821429
vt 0.46723790 0.34821429
vt 0.46723790 0.34821429
vt 0.46723790 0.34821429
vt 0.46723790 0.34821429
vt 0.46723790 0.34821429
vt 0.46723790 0.34821429
vt 0.46723790 0.34821429
vt 0.46723790 0.34821429
vt 0.46723790 0.34821429
vt 0.46723790 0.34821429
vt 0.46723790 0.34821429
vt 0.46723790 0.34821429
vt 0.46723790 0.34821429
vt 0.46723790 0.34821429
vt 0.46723790 0.34821429
vt 0.46723790 0.34821429
vt 0.46723790 0.34821429
vt 0.46723790 0.34821429
vt 0.46723790 0.34821429
vt 0.46723790 0.34821429
vt 0.46723790 0.34821429
vt 0.46723790 0.34821429
vt 0.46723790 0.34821429
vt 0.46723790 0.34821429
vt 0.46723790 0.34821429
vt 0.46723790 0.34821429
vt 0.46723790 0.34821429
vt 0.46723790 0.34821429
vt 0.46723790 0.34821429
vt 0.46723790 0.34821429
vt 0.46723790 0.34821429
vt 0.46723790 0.34821429
vt 0.46723790 0.34821429
vt 0.46723790 0.34821429
vt 0.46723790 0.34821429
vt 0.46723790 0.34821429
vt 0.46723790 0.34821429
vt 0.46723790 0.34821429
vt 0.46723790 0.34821429
vt 0.46723790 0.34821429
vt 0.46723790 0.34821429
vt 0.46723790 0.34821429
vt 0.46723790 0.34821429
vt 0.46723790 0.34821429
vt 0.46723790 0.34821429
vt 0.46723790 0.34821429
vt 0.46723790 0.34821429
vt 0.46723790 0.34821429
vt 0.46723790 0.34821429
vt 0.46723790 0.34821429
vt 0.46723790 0.34821429
vt 0.46723790 0.34821429
vt 0.46723790 0.34821429
vt 0.46723790 0.34821429
vt 0.46723790 0.34821429
vt 0.46723790 0.34821429
vt 0.46723790 0.34821429
vt 0.46723790 0.34821429
vt 0.46723790 0.34821429
vt 0.46723790 0.34821429
vt 0.46723790 0.34821429
vt 0.46723790 0.34821429
vt 0.46723790 0.34821429
vt 0.46723790 0.34821429
vt 0.46723790 0.34821429
vt 0.46723790 0.34821429
vt 0.46723790 0.34821429
vt 0.46723790 0.34821429
vt 0.46723790 0.34821429
vt 0.46723790 0.34821429
vt 0.46723790 0.34821429
vt 0.46723790 0.34821429
vt 0.46723790 0.34821429
vt 0.46723790 0.34821429
vt 0.46723790 0.34821429
vt 0.46723790 0.34821429
vt 0.46723790 0.34821429
vt 0.46723790 0.34821429
vt 0.46723790 0.34821429
vt 0.46723790 0.34821429
vt 0.46723790 0.34821429
vt 0.46723790 0.34821429
vt 0.46723790 0.34821429
vt 0.46723790 0.34821429
vt 0.46723790 0.34821429
vt 0.46723790 0.34821429
vt 0.46723790 0.34821429
vt 0.46723790 0.34821429
vt 0.46723790 0.34821429
vt 0.46723790 0.34821429
vt 0.46723790 0.34821429
vt 0.46723790 0.34821429
vt 0.46723790 0.34821429
vt 0.46723790 0.34821429
vt 0.46723790 0.34821429
vt 0.46723790 0.34821429
vt 0.46723790 0.34821429
vt 0.46723790 0.34821429
vt 0.46723790 0.34821429
vt 0.46723790 0.34821429
vt 0.46723790 0.34821429
vt 0.46723790 0.34821429
vt 0.46723790 0.34821429
vt 0.46723790 0.34821429
vt 0.46723790 0.34821429
vt 0.46723790 0.34821429
vt 0.46723790 0.34821429
vt 0.46723790 0.34821429
vt 0.46723790 0.34821429
vt 0.46723790 0.34821429
vt 0.46723790 0.34821429
vt 0.46723790 0.34821429
vt 0.46723790 0.34821429
vt 0.46723790 0.34821429
vt 0.46723790 0.34821429
vt 0.46723790 0.34821429
vt 0.46723790 0.34821429
vt 0.46723790 0.34821429
vt 0.46723790 0.34821429
vt 0.46723790 0.34821429
vt 0.46723790 0.34821429
vt 0.46723790 0.34821429
vt 0.46723790 0.34821429
vt 0.46723790 0.34821429
vt 0.46723790 0.34821429
vt 0.46723790 0.34821429
vt 0.46723790 0.34821429
vt 0.46723790 0.34821429
vt 0.46723790 0.34821429
vt 0.46723790 0.34821429
vt 0.46723790 0.34821429
vt 0.46723790 0.34821429
vt 0.46723790 0.34821429
vt 0.46723790 0.34821429
vt 0.46723790 0.34821429
vt 0.46723790 0.34821429
vt 0.46723790 0.34821429
vt 0.46723790 0.34821429
vt 0.46723790 0.34821429
vt 0.46723790 0.34821429
vt 0.46723790 0.34821429
vt 0.46723790 0.34821429
vt 0.46723790 0.34821429
vt 0.46723790 0.34821429
vt 0.46723790 0.34821429
vt 0.46723790 0.34821429
vt 0.46723790 0.34821429
vt 0.46723790 0.34821429
vt 0.46723790 0.34821429
vt 0.46723790 0.34821429
vt 0.46723790 0.34821429
vt 0.46723790 0.34821429
vt 0.46723790 0.34821429
vt 0.46723790 0.34821429
vt 0.46723790 0.34821429
vt 0.46723790 0.34821429
vt 0.46723790 0.34821429
vt 0.46723790 0.34821429
vt 0.46723790 0.34821429
vt 0.46723790 0.34821429
vt 0.46723790 0.34821429
vt 0.46723790 0.34821429
vt 0.46723790 0.34821429
vt 0.46723790 0.34821429
vt 0.46723790 0.34821429
vt 0.46723790 0.34821429
vt 0.46723790 0.34821429
vt 0.46723790 0.34821429
vt 0.46723790 0.34821429
vt 0.46723790 0.34821429
vt 0.46723790 0.34821429
vt 0.46723790 0.34821429
vt 0.46723790 0.34821429
vt 0.46723790 0.34821429
vt 0.46723790 0.34821429
vt 0.46723790 0.34821429
vt 0.46723790 0.34821429
vt 0.46723790 0.34821429
vt 0.46723790 0.34821429
vt 0.46723790 0.34821429
vt 0.46723790 0.34821429
vt 0.46723790 0.34821429
vt 0.46723790 0.34821429
vt 0.46723790 0.34821429
vt 0.46723790 0.34821429
vt 0.46723790 0.34821429
vt 0.46723790 0.34821429
vt 0.46723790 0.34821429
vt 0.46723790 0.34821429
vt 0.46723790 0.34821429
vt 0.46723790 0.34821429
vt 0.46723790 0.34821429
vt 0.46723790 0.34821429
vt 0.46723790 0.34821429
vt 0.46723790 0.34821429
vt 0.46723790 0.34821429
vt 0.46723790 0.34821429
vt 0.46723790 0.34821429
vt 0.46723790 0.34821429
vt 0.46723790 0.34821429
vt 0.46723790 0.34821429
vt 0.46723790 0.34821429
vt 0.46723790 0.34821429
vt 0.46723790 0.34821429
vt 0.46723790 0.34821429
vt 0.46723790 0.34821429
vt 0.46723790 0.34821429
vt 0.46723790 0.34821429
vt 0.46723790 0.34821429
vt 0.46723790 0.34821429
vt 0.46723790 0.34821429
vt 0.46723790 0.34821429
vt 0.46723790 0.34821429
vt 0.46723790 0.34821429
vt 0.46723790 0.34821429
vt 0.46723790 0.34821429
vt 0.46723790 0.34821429
vt 0.46723790 0.34821429
vt 0.46723790 0.34821429
vt 0.46723790 0.34821429
vt 0.46723790 0.34821429
vt 0.46723790 0.34821429
vt 0.46723790 0.34821429
vt 0.46723790 0.34821429
vt 0.46723790 0.34821429
vt 0.46723790 0.34821429
vt 0.46723790 0.34821429
vt 0.46723790 0.34821429
vt 0.46723790 0.34821429
vt 0.46723790 0.34821429
vt 0.46723790 0.34821429
vt 0.46723790 0.34821429
vt 0.46723790 0.34821429
vt 0.46723790 0.34821429
vt 0.46723790 0.34821429
vt 0.46723790 0.34821429
vt 0.46723790 0.34821429
vt 0.46723790 0.34821429
vt 0.46723790 0.34821429
vt 0.46723790 0.34821429
vt 0.46723790 0.34821429
vt 0.46723790 0.34821429
vt 0.46723790 0.34821429
vt 0.46723790 0.34821429
vt 0.46723790 0.34821429
vt 0.46723790 0.34821429
vt 0.46723790 0.34821429
vt 0.46723790 0.34821429
vt 0.46723790 0.34821429
vt 0.46723790 0.34821429
vt 0.46723790 0.34821429
vt 0.46723790 0.34821429
vt 0.46723790 0.34821429
vt 0.46723790 0.34821429
vt 0.46723790 0.34821429
vt 0.46723790 0.34821429
vt 0.46723790 0.34821429
vt 0.46723790 0.34821429
vt 0.46723790 0.34821429
vt 0.46723790 0.34821429
vt 0.46723790 0.34821429
vt 0.46723790 0.34821429
vt 0.46723790 0.34821429
vt 0.46723790 0.34821429
vt 0.46723790 0.34821429
vt 0.46723790 0.34821429
vt 0.46723790 0.34821429
vt 0.46723790 0.34821429
vt 0.46723790 0.34821429
vt 0.46723790 0.34821429
vt 0.46723790 0.34821429
vt 0.46723790 0.34821429
vt 0.46723790 0.34821429
vt 0.46723790 0.34821429
vt 0.46723790 0.34821429
vt 0.46723790 0.34821429
vt 0.46723790 0.34821429
vt 0.46723790 0.34821429
vt 0.46723790 0.34821429
vt 0.46723790 0.34821429
vt 0.46723790 0.34821429
vt 0.46723790 0.34821429
vt 0.46723790 0.34821429
vt 0.46723790 0.34821429
vt 0.46723790 0.34821429
vt 0.46723790 0.34821429
vt 0.46723790 0.34821429
vt 0.46723790 0.34821429
vt 0.46723790 0.34821429
vt 0.46723790 0.34821429
vt 0.46723790 0.34821429
vt 0.46723790 0.34821429
vt 0.46723790 0.34821429
vt 0.46723790 0.34821429
vt 0.46723790 0.34821429
vt 0.46723790 0.34821429
vt 0.46723790 0.34821429
vt 0.46723790 0.34821429
vt 0.46723790 0.34821429
vt 0.46723790 0.34821429
vt 0.46723790 0.34821429
vt 0.46723790 0.34821429
vt 0.46723790 0.34821429
vt 0.46723790 0.34821429
vt 0.46723790 0.34821429
vt 0.46723790 0.34821429
vt 0.46723790 0.34821429
vt 0.46723790 0.34821429
vt 0.46723790 0.34821429
vt 0.46723790 0.34821429
vt 0.46723790 0.34821429
vt 0.46723790 0.34821429
vt 0.46723790 0.34821429
vt 0.46723790 0.34821429
vt 0.46723790 0.34821429
vt 0.46723790 0.34821429
vt 0.46723790 0.34821429
vt 0.46723790 0.34821429
vt 0.46723790 0.34821429
vt 0.46723790 0.34821429
vt 0.46723790 0.34821429
vt 0.46723790 0.34821429
vt 0.46723790 0.34821429
vt 0.46723790 0.34821429
vt 0.46723790 0.34821429
vt 0.46723790 0.34821429
vt 0.46723790 0.34821429
vt 0.46723790 0.34821429
vt 0.46723790 0.34821429
vt 0.46723790 0.34821429
vt 0.46723790 0.34821429
vt 0.46723790 0.34821429
vt 0.46723790 0.34821429
vt 0.46723790 0.34821429
vt 0.46723790 0.34821429
vt 0.46723790 0.34821429
vt 0.46723790 0.34821429
vt 0.46723790 0.34821429
vt 0.46723790 0.34821429
vt 0.46723790 0.34821429
vt 0.46723790 0.34821429
vt 0.46723790 0.34821429
vt 0.46723790 0.34821429
vt 0.46723790 0.34821429
vt 0.46723790 0.34821429
vt 0.46723790 0.34821429
vt 0.46723790 0.34821429
vt 0.46723790 0.34821429
vt 0.46723790 0.34821429
vt 0.46723790 0.34821429
vt 0.46723790 0.34821429
vt 0.46723790 0.34821429
vt 0.46723790 0.34821429
vt 0.46723790 0.34821429
vt 0.46723790 0.34821429
vt 0.46723790 0.34821429
vt 0.46723790 0.34821429
vt 0.46723790 0.34821429
vt 0.46723790 0.34821429
vt 0.46723790 0.34821429
vt 0.46723790 0.34821429
vt 0.46723790 0.34821429
vt 0.46723790 0.34821429
vt 0.46723790 0.34821429
vt 0.46723790 0.34821429
vt 0.46723790 0.34821429
vt 0.46723790 0.34821429
vt 0.46723790 0.34821429
vt 0.46723790 0.34821429
vt 0.46723790 0.34821429
vt 0.46723790 0.34821429
vt 0.46723790 0.34821429
vt 0.46723790 0.34821429
vt 0.46723790 0.34821429
vt 0.46723790 0.34821429
vt 0.46723790 0.34821429
vt 0.46723790 0.34821429
vt 0.46723790 0.34821429
vt 0.46723790 0.34821429
vt 0.46723790 0.34821429
vt 0.46723790 0.34821429
vt 0.46723790 0.34821429
vt 0.46723790 0.34821429
vt 0.46723790 0.34821429
vt 0.46723790 0.34821429
vt 0.46723790 0.34821429
vt 0.46723790 0.34821429
vt 0.46723790 0.34821429
vt 0.46723790 0.34821429
vt 0.46723790 0.34821429
vt 0.46723790 0.34821429
vt 0.46723790 0.34821429
vt 0.46723790 0.34821429
vt 0.46723790 0.34821429
vt 0.46723790 0.34821429
vt 0.46723790 0.34821429
vt 0.46723790 0.34821429
vt 0.46723790 0.34821429
vt 0.46723790 0.34821429
vt 0.46723790 0.34821429
vt 0.46723790 0.34821429
vt 0.46723790 0.34821429
vt 0.46723790 0.34821429
vt 0.46723790 0.34821429
vt 0.46723790 0.34821429
vt 0.46723790 0.34821429
vt 0.46723790 0.34821429
vt 0.46723790 0.34821429
vt 0.46723790 0.34821429
vt 0.46723790 0.34821429
vt 0.46723790 0.34821429
vt 0.46723790 0.34821429
vt 0.46723790 0.34821429
vt 0.46723790 0.34821429
vt 0.46723790 0.34821429
vt 0.46723790 0.34821429
vt 0.46723790 0.34821429
vt 0.46723790 0.34821429
vt 0.46723790 0.34821429
vt 0.46723790 0.34821429
vt 0.46723790 0.34821429
vt 0.46723790 0.34821429
vt 0.46723790 0.34821429
vt 0.46723790 0.34821429
vt 0.46723790 0.34821429
vt 0.46723790 0.34821429
vt 0.46723790 0.34821429
vt 0.46723790 0.34821429
vt 0.46723790 0.34821429
vt 0.46723790 0.34821429
vt 0.46723790 0.34821429
vt 0.46723790 0.34821429
vt 0.46723790 0.34821429
vt 0.46723790 0.34821429
vt 0.46723790 0.34821429
vt 0.46723790 0.34821429
vt 0.46723790 0.34821429
vt 0.46723790 0.34821429
vt 0.46723790 0.34821429
vt 0.46723790 0.34821429
vt 0.46723790 0.34821429
vt 0.46723790 0.34821429
vt 0.46723790 0.34821429
vt 0.46723790 0.34821429
vt 0.46723790 0.34821429
vt 0.46723790 0.34821429
vt 0.46723790 0.34821429
vt 0.46723790 0.34821429
vt 0.46723790 0.34821429
vt 0.46723790 0.34821429
vt 0.46723790 0.34821429
vt 0.46723790 0.34821429
vt 0.46723790 0.34821429
vt 0.46723790 0.34821429
vt 0.46723790 0.34821429
vt 0.46723790 0.34821429
vt 0.46723790 0.34821429
vt 0.46723790 0.34821429
vt 0.46723790 0.34821429
vt 0.46723790 0.34821429
vt 0.46723790 0.34821429
vt 0.46723790 0.34821429
vt 0.46723790 0.34821429
vt 0.46723790 0.34821429
vt 0.46723790 0.34821429
vt 0.46723790 0.34821429
vt 0.46723790 0.34821429
vt 0.46723790 0.34821429
vt 0.46723790 0.34821429
vt 0.46723790 0.34821429
vt 0.46723790 0.34821429
vt 0.46723790 0.34821429
vt 0.46723790 0.34821429
vt 0.46723790 0.34821429
vt 0.46723790 0.34821429
vt 0.46723790 0.34821429
vt 0.46723790 0.34821429
vt 0.46723790 0.34821429
vt 0.46723790 0.34821429
vt 0.46723790 0.34821429
vt 0.46723790 0.34821429
vt 0.46723790 0.34821429
vt 0.46723790 0.34821429
vt 0.46723790 0.34821429
vt 0.46723790 0.34821429
vt 0.46723790 0.34821429
vt 0.46723790 0.34821429
vt 0.46723790 0.34821429
vt 0.46723790 0.34821429
vt 0.46723790 0.34821429
vt 0.46723790 0.34821429
vt 0.46723790 0.34821429
vt 0.46723790 0.34821429
vt 0.46723790 0.34821429
vt 0.46723790 0.34821429
vt 0.46723790 0.34821429
vt 0.46723790 0.34821429
vt 0.46723790 0.34821429
vt 0.46723790 0.34821429
vt 0.46723790 0.34821429
vt 0.46723790 0.34821429
vt 0.46723790 0.34821429
vt 0.46723790 0.34821429
vt 0.46723790 0.34821429
vt 0.46723790 0.34821429
vt 0.46723790 0.34821429
vt 0.46723790 0.34821429
vt 0.46723790 0.34821429
vt 0.46723790 0.34821429
vt 0.46723790 0.34821429
vt 0.46723790 0.34821429
vt 0.46723790 0.34821429
vt 0.46723790 0.34821429
vt 0.46723790 0.34821429
vt 0.46723790 0.34821429
vt 0.46723790 0.34821429
vt 0.46723790 0.34821429
vt 0.46723790 0.34821429
vt 0.46723790 0.34821429
vt 0.46723790 0.34821429
vt 0.46723790 0.34821429
vt 0.46723790 0.34821429
vt 0.46723790 0.34821429
vt 0.46723790 0.34821429
vt 0.46723790 0.34821429
vt 0.46723790 0.34821429
vt 0.46723790 0.34821429
vt 0.46723790 0.34821429
vt 0.46723790 0.34821429
vt 0.46723790 0.34821429
vt 0.46723790 0.34821429
vt 0.46723790 0.34821429
vt 0.46723790 0.34821429
vt 0.46723790 0.34821429
vt 0.46723790 0.34821429
vt 0.46723790 0.34821429
vt 0.46723790 0.34821429
vt 0.46723790 0.34821429
vt 0.46723790 0.34821429
vt 0.46723790 0.34821429
vt 0.46723790 0.34821429
vt 0.46723790 0.34821429
vt 0.46723790 0.34821429
vt 0.46723790 0.34821429
vt 0.46723790 0.34821429
vt 0.46723790 0.34821429
vt 0.46723790 0.34821429
vt 0.46723790 0.34821429
vt 0.46723790 0.34821429
vt 0.46723790 0.34821429
vt 0.46723790 0.34821429
vt 0.46723790 0.34821429
vt 0.46723790 0.34821429
vt 0.46723790 0.34821429
vt 0.46723790 0.34821429
vt 0.46723790 0.34821429
vt 0.46723790 0.34821429
vt 0.46723790 0.34821429
vt 0.46723790 0.34821429
vt 0.46723790 0.34821429
vt 0.46723790 0.34821429
vt 0.46723790 0.34821429
vt 0.46723790 0.34821429
vt 0.46723790 0.34821429
vt 0.46723790 0.34821429
vt 0.46723790 0.34821429
vt 0.46723790 0.34821429
vt 0.46723790 0.34821429
vt 0.46723790 0.34821429
vt 0.46723790 0.34821429
vt 0.46723790 0.34821429
vt 0.46723790 0.34821429
vt 0.46723790 0.34821429
vt 0.46723790 0.34821429
vt 0.46723790 0.34821429
vt 0.46723790 0.34821429
vt 0.46723790 0.34821429
vt 0.46723790 0.34821429
vt 0.46723790 0.34821429
vt 0.46723790 0.34821429
vt 0.46723790 0.34821429
vt 0.46723790 0.34821429
vt 0.46723790 0.34821429
vt 0.46723790 0.34821429
vt 0.46723790 0.34821429
vt 0.46723790 0.34821429
vt 0.46723790 0.34821429
vt 0.46723790 0.34821429
vt 0.46723790 0.34821429
vt 0.46723790 0.34821429
vt 0.46723790 0.34821429
vt 0.46723790 0.34821429
vt 0.46723790 0.34821429
vt 0.46723790 0.34821429
vt 0.46723790 0.34821429
vt 0.46723790 0.34821429
vt 0.46723790 0.34821429
vt 0.46723790 0.34821429
vt 0.46723790 0.34821429
vt 0.46723790 0.34821429
vt 0.46723790 0.34821429
vt 0.46723790 0.34821429
vt 0.46723790 0.34821429
vt 0.46723790 0.34821429
vt 0.46723790 0.34821429
vt 0.46723790 0.34821429
vt 0.46723790 0.34821429
vt 0.46723790 0.34821429
vt 0.46723790 0.34821429
vt 0.46723790 0.34821429
vt 0.46723790 0.34821429
vt 0.46723790 0.34821429
vt 0.46723790 0.34821429
vt 0.46723790 0.34821429
vt 0.46723790 0.34821429
vt 0.46723790 0.34821429
vt 0.46723790 0.34821429
vt 0.46723790 0.34821429
vt 0.46723790 0.34821429
vt 0.46723790 0.34821429
vt 0.46723790 0.34821429
vt 0.46723790 0.34821429
vt 0.46723790 0.34821429
vt 0.46723790 0.34821429
vt 0.46723790 0.34821429
vt 0.46723790 0.34821429
vt 0.46723790 0.34821429
vt 0.46723790 0.34821429
vt 0.46723790 0.34821429
vt 0.46723790 0.34821429
vt 0.46723790 0.34821429
vt 0.46723790 0.34821429
vt 0.46723790 0.34821429
vt 0.46723790 0.34821429
vt 0.46723790 0.34821429
vt 0.46723790 0.34821429
vt 0.46723790 0.34821429
vt 0.46723790 0.34821429
vt 0.46723790 0.34821429
vt 0.46723790 0.34821429
vt 0.46723790 0.34821429
vt 0.46723790 0.34821429
vt 0.46723790 0.34821429
vt 0.46723790 0.34821429
vt 0.46723790 0.34821429
vt 0.46723790 0.34821429
vt 0.46723790 0.34821429
vt 0.46723790 0.34821429
vt 0.46723790 0.34821429
vt 0.46723790 0.34821429
vt 0.46723790 0.34821429
vt 0.46723790 0.34821429
vt 0.46723790 0.34821429
vt 0.46723790 0.34821429
vt 0.46723790 0.34821429
vt 0.46723790 0.34821429
vt 0.46723790 0.34821429
vt 0.46723790 0.34821429
vt 0.46723790 0.34821429
vt 0.46723790 0.34821429
vt 0.46723790 0.34821429
vt 0.46723790 0.34821429
vt 0.46723790 0.34821429
vt 0.46723790 0.34821429
vt 0.46723790 0.34821429
vt 0.46723790 0.34821429
vt 0.46723790 0.34821429
vt 0.46723790 0.34821429
vt 0.46723790 0.34821429
vt 0.46723790 0.34821429
vt 0.46723790 0.34821429
vt 0.46723790 0.34821429
vt 0.46723790 0.34821429
vt 0.46723790 0.34821429
vt 0.46723790 0.34821429
vt 0.46723790 0.34821429
vt 0.46723790 0.34821429
vt 0.46723790 0.34821429
vt 0.46723790 0.34821429
vt 0.46723790 0.34821429
vt 0.46723790 0.34821429
vt 0.46723790 0.34821429
vt 0.46723790 0.34821429
vt 0.46723790 0.34821429
vt 0.46723790 0.34821429
vt 0.46723790 0.34821429
vt 0.46723790 0.34821429
vt 0.46723790 0.34821429
vt 0.46723790 0.34821429
vt 0.46723790 0.34821429
vt 0.46723790 0.34821429
vt 0.46723790 0.34821429
vt 0.46723790 0.34821429
vt 0.46723790 0.34821429
vt 0.46723790 0.34821429
vt 0.46723790 0.34821429
vt 0.46723790 0.34821429
vt 0.46723790 0.34821429
vt 0.46723790 0.34821429
vt 0.46723790 0.34821429
vt 0.46723790 0.34821429
vt 0.46723790 0.34821429
vt 0.46723790 0.34821429
vt 0.46723790 0.34821429
vt 0.46723790 0.34821429
vt 0.46723790 0.34821429
vt 0.46723790 0.34821429
vt 0.46723790 0.34821429
vt 0.46723790 0.34821429
vt 0.46723790 0.34821429
vt 0.46723790 0.34821429
vt 0.46723790 0.34821429
vt 0.46723790 0.34821429
vt 0.46723790 0.34821429
vt 0.46723790 0.34821429
vt 0.46723790 0.34821429
vt 0.46723790 0.34821429
vt 0.46723790 0.34821429
vt 0.46723790 0.34821429
vt 0.46723790 0.34821429
vt 0.46723790 0.34821429
vt 0.46723790 0.34821429
vt 0.46723790 0.34821429
vt 0.46723790 0.34821429
vt 0.46723790 0.34821429
vt 0.46723790 0.34821429
vt 0.46723790 0.34821429
vt 0.46723790 0.34821429
vt 0.46723790 0.34821429
vt 0.46723790 0.34821429
vt 0.46723790 0.34821429
vt 0.46723790 0.34821429
vt 0.46723790 0.34821429
vt 0.46723790 0.34821429
vt 0.46723790 0.34821429
vt 0.46723790 0.34821429
vt 0.46723790 0.34821429
vt 0.46723790 0.34821429
vt 0.46723790 0.34821429
vt 0.46723790 0.34821429
vt 0.46723790 0.34821429
vt 0.46723790 0.34821429
vt 0.46723790 0.34821429
vt 0.46723790 0.34821429
vt 0.46723790 0.34821429
vt 0.46723790 0.34821429
vt 0.46723790 0.34821429
vt 0.46723790 0.34821429
vt 0.46723790 0.34821429
vt 0.46723790 0.34821429
vt 0.46723790 0.34821429
vt 0.46723790 0.34821429
vt 0.46723790 0.34821429
vt 0.46723790 0.34821429
vt 0.46723790 0.34821429
vt 0.46723790 0.34821429
vt 0.46723790 0.34821429
vt 0.46723790 0.34821429
vt 0.46723790 0.34821429
vt 0.46723790 0.34821429
vt 0.46723790 0.34821429
vt 0.46723790 0.34821429
vt 0.46723790 0.34821429
vt 0.46723790 0.34821429
vt 0.46723790 0.34821429
vt 0.46723790 0.34821429
vt 0.46723790 0.34821429
vt 0.46723790 0.34821429
vt 0.46723790 0.34821429
vt 0.46723790 0.34821429
vt 0.46723790 0.34821429
vt 0.46723790 0.34821429
vt 0.46723790 0.34821429
vt 0.46723790 0.34821429
vt 0.46723790 0.34821429
vt 0.46723790 0.34821429
vt 0.46723790 0.34821429
vt 0.46723790 0.34821429
vt 0.46723790 0.34821429
vt 0.46723790 0.34821429
vt 0.46723790 0.34821429
vt 0.46723790 0.34821429
vt 0.46723790 0.34821429
vt 0.46723790 0.34821429
vt 0.46723790 0.34821429
vt 0.46723790 0.34821429
vt 0.46723790 0.34821429
vt 0.46723790 0.34821429
vt 0.46723790 0.34821429
vt 0.46723790 0.34821429
vt 0.46723790 0.34821429
vt 0.46723790 0.34821429
vt 0.46723790 0.34821429
vt 0.46723790 0.34821429
vt 0.46723790 0.34821429
vt 0.46723790 0.34821429
vt 0.46723790 0.34821429
vt 0.46723790 0.34821429
vt 0.46723790 0.34821429
vt 0.46723790 0.34821429
vt 0.46723790 0.34821429
vt 0.46723790 0.34821429
vt 0.46723790 0.34821429
vt 0.46723790 0.34821429
vt 0.46723790 0.34821429
vt 0.46723790 0.34821429
vt 0.46723790 0.34821429
vt 0.46723790 0.34821429
vt 0.46723790 0.34821429
vt 0.46723790 0.34821429
vt 0.46723790 0.34821429
vt 0.46723790 0.34821429
vt 0.46723790 0.34821429
vt 0.46723790 0.34821429
vt 0.46723790 0.34821429
vt 0.46723790 0.34821429
vt 0.46723790 0.34821429
vt 0.46723790 0.34821429
vt 0.46723790 0.34821429
vt 0.46723790 0.34821429
vt 0.46723790 0.34821429
vt 0.46723790 0.34821429
vt 0.46723790 0.34821429
vt 0.46723790 0.34821429
vt 0.46723790 0.34821429
vt 0.46723790 0.34821429
vt 0.46723790 0.34821429
vt 0.46723790 0.34821429
vt 0.46723790 0.34821429
vt 0.46723790 0.34821429
vt 0.46723790 0.34821429
vt 0.46723790 0.34821429
vt 0.46723790 0.34821429
vt 0.46723790 0.34821429
vt 0.46723790 0.34821429
vt 0.46723790 0.34821429
vt 0.46723790 0.34821429
vt 0.46723790 0.34821429
vt 0.46723790 0.34821429
vt 0.46723790 0.34821429
vt 0.46723790 0.34821429
vt 0.46723790 0.34821429
vt 0.46723790 0.34821429
vt 0.46723790 0.34821429
vt 0.46723790 0.34821429
vt 0.46723790 0.34821429
vt 0.46723790 0.34821429
vt 0.46723790 0.34821429
vt 0.46723790 0.34821429
vt 0.46723790 0.34821429
vt 0.46723790 0.34821429
vt 0.46723790 0.34821429
vt 0.46723790 0.34821429
vt 0.46723790 0.34821429
vt 0.46723790 0.34821429
vt 0.46723790 0.34821429
vt 0.46723790 0.34821429
vt 0.46723790 0.34821429
vt 0.46723790 0.34821429
vt 0.46723790 0.34821429
vt 0.46723790 0.34821429
vt 0.46723790 0.34821429
vt 0.46723790 0.34821429
vt 0.46723790 0.34821429
vt 0.46723790 0.34821429
vt 0.46723790 0.34821429
vt 0.46723790 0.34821429
vt 0.46723790 0.34821429
vt 0.46723790 0.34821429
vt 0.46723790 0.34821429
vt 0.46723790 0.34821429
vt 0.46723790 0.34821429
vt 0.46723790 0.34821429
vt 0.46723790 0.34821429
vt 0.46723790 0.34821429
vt 0.46723790 0.34821429
vt 0.46723790 0.34821429
vt 0.46723790 0.34821429
vt 0.46723790 0.34821429
vt 0.46723790 0.34821429
vt 0.46723790 0.34821429
vt 0.46723790 0.34821429
vt 0.46723790 0.34821429
vt 0.46723790 0.34821429
vt 0.46723790 0.34821429
vt 0.46723790 0.34821429
vt 0.46723790 0.34821429
vt 0.46723790 0.34821429
vt 0.46723790 0.34821429
vt 0.46723790 0.34821429
vt 0.46723790 0.34821429
vt 0.46723790 0.34821429
vt 0.46723790 0.34821429
vt 0.46723790 0.34821429
vt 0.46723790 0.34821429
vt 0.46723790 0.34821429
vt 0.46723790 0.34821429
vt 0.46723790 0.34821429
vt 0.46723790 0.34821429
vt 0.46723790 0.34821429
vt 0.46723790 0.34821429
vt 0.46723790 0.34821429
vt 0.46723790 0.34821429
vt 0.46723790 0.34821429
vt 0.46723790 0.34821429
vt 0.46723790 0.34821429
vt 0.46723790 0.34821429
vt 0.46723790 0.34821429
vt 0.46723790 0.34821429
vt 0.46723790 0.34821429
vt 0.46723790 0.34821429
vt 0.46723790 0.34821429
vt 0.46723790 0.34821429
vt 0.46723790 0.34821429
vt 0.46723790 0.34821429
vt 0.46723790 0.34821429
vt 0.46723790 0.34821429
vt 0.46723790 0.34821429
vt 0.46723790 0.34821429
vt 0.46723790 0.34821429
vt 0.46723790 0.34821429
vt 0.46723790 0.34821429
vt 0.46723790 0.34821429
vt 0.46723790 0.34821429
vt 0.46723790 0.34821429
vt 0.46723790 0.34821429
vt 0.46723790 0.34821429
vt 0.46723790 0.34821429
vt 0.46723790 0.34821429
vt 0.46723790 0.34821429
vt 0.46723790 0.34821429
vt 0.46723790 0.34821429
vt 0.46723790 0.34821429
vt 0.46723790 0.34821429
vt 0.46723790 0.34821429
vt 0.46723790 0.34821429
vt 0.46723790 0.34821429
vt 0.46723790 0.34821429
vt 0.46723790 0.34821429
vt 0.46723790 0.34821429
vt 0.46723790 0.34821429
vt 0.46723790 0.34821429
vt 0.46723790 0.34821429
vt 0.46723790 0.34821429
vt 0.46723790 0.34821429
vt 0.46723790 0.34821429
vt 0.46723790 0.34821429
vt 0.46723790 0.34821429
vt 0.46723790 0.34821429
vt 0.46723790 0.34821429
vt 0.46723790 0.34821429
vt 0.46723790 0.34821429
vt 0.46723790 0.34821429
vt 0.46723790 0.34821429
vt 0.46723790 0.34821429
vt 0.46723790 0.34821429
vt 0.46723790 0.34821429
vt 0.46723790 0.34821429
vt 0.46723790 0.34821429
vt 0.46723790 0.34821429
vt 0.46723790 0.34821429
vt 0.46723790 0.34821429
vt 0.46723790 0.34821429
vt 0.46723790 0.34821429
vt 0.46723790 0.34821429
vt 0.46723790 0.34821429
vt 0.46723790 0.34821429
vt 0.46723790 0.34821429
vt 0.46723790 0.34821429
vt 0.46723790 0.34821429
vt 0.46723790 0.34821429
vt 0.46723790 0.34821429
vt 0.46723790 0.34821429
vt 0.46723790 0.34821429
vt 0.46723790 0.34821429
vt 0.46723790 0.34821429
vt 0.46723790 0.34821429
vt 0.46723790 0.34821429
vt 0.46723790 0.34821429
vt 0.46723790 0.34821429
vt 0.46723790 0.34821429
vt 0.46723790 0.34821429
vt 0.46723790 0.34821429
vt 0.46723790 0.34821429
vt 0.46723790 0.34821429
vt 0.46723790 0.34821429
vt 0.46723790 0.34821429
vt 0.46723790 0.34821429
vt 0.46723790 0.34821429
vt 0.46723790 0.34821429
vt 0.46723790 0.34821429
vt 0.46723790 0.34821429
vt 0.46723790 0.34821429
vt 0.46723790 0.34821429
vt 0.46723790 0.34821429
vt 0.46723790 0.34821429
vt 0.46723790 0.34821429
vt 0.46723790 0.34821429
vt 0.46723790 0.34821429
vt 0.46723790 0.34821429
vt 0.46723790 0.34821429
vt 0.46723790 0.34821429
vt 0.46723790 0.34821429
vt 0.46723790 0.34821429
vt 0.46723790 0.34821429
vt 0.46723790 0.34821429
vt 0.46723790 0.34821429
vt 0.46723790 0.34821429
vt 0.46723790 0.34821429
vt 0.46723790 0.34821429
vt 0.46723790 0.34821429
vt 0.46723790 0.34821429
vt 0.46723790 0.34821429
vt 0.46723790 0.34821429
vt 0.46723790 0.34821429
vt 0.46723790 0.34821429
vt 0.46723790 0.34821429
vt 0.46723790 0.34821429
vt 0.46723790 0.34821429
vt 0.46723790 0.34821429
vt 0.46723790 0.34821429
vt 0.46723790 0.34821429
vt 0.46723790 0.34821429
vt 0.46723790 0.34821429
vt 0.46723790 0.34821429
vt 0.46723790 0.34821429
vt 0.46723790 0.34821429
vt 0.46723790 0.34821429
vt 0.46723790 0.34821429
vt 0.46723790 0.34821429
vt 0.46723790 0.34821429
vt 0.46723790 0.34821429
vt 0.46723790 0.34821429
vt 0.46723790 0.34821429
vt 0.46723790 0.34821429
vt 0.46723790 0.34821429
vt 0.46723790 0.34821429
vt 0.46723790 0.34821429
vt 0.46723790 0.34821429
vt 0.46723790 0.34821429
vt 0.46723790 0.34821429
vt 0.46723790 0.34821429
vt 0.46723790 0.34821429
vt 0.46723790 0.34821429
vt 0.46723790 0.34821429
vt 0.46723790 0.34821429
vt 0.46723790 0.34821429
vt 0.46723790 0.34821429
vt 0.46723790 0.34821429
vt 0.46723790 0.34821429
vt 0.46723790 0.34821429
vt 0.46723790 0.34821429
vt 0.46723790 0.34821429
vt 0.46723790 0.34821429
vt 0.46723790 0.34821429
vt 0.46723790 0.34821429
vt 0.46723790 0.34821429
vt 0.46723790 0.34821429
vt 0.46723790 0.34821429
vt 0.46723790 0.34821429
vt 0.46723790 0.34821429
vt 0.46723790 0.34821429
vt 0.46723790 0.34821429
vt 0.46723790 0.34821429
vt 0.46723790 0.34821429
vt 0.46723790 0.34821429
vt 0.46723790 0.34821429
vt 0.46723790 0.34821429
vt 0.46723790 0.34821429
vt 0.46723790 0.34821429
vt 0.46723790 0.34821429
vt 0.46723790 0.34821429
vt 0.46723790 0.34821429
vt 0.46723790 0.34821429
vt 0.46723790 0.34821429
vt 0.46723790 0.34821429
vt 0.46723790 0.34821429
vt 0.46723790 0.34821429
vt 0.46723790 0.34821429
vt 0.46723790 0.34821429
vt 0.46723790 0.34821429
vt 0.46723790 0.34821429
vt 0.46723790 0.34821429
vt 0.46723790 0.34821429
vt 0.46723790 0.34821429
vt 0.46723790 0.34821429
vt 0.46723790 0.34821429
vt 0.46723790 0.34821429
vt 0.46723790 0.34821429
vt 0.46723790 0.34821429
vt 0.46723790 0.34821429
vt 0.46723790 0.34821429
vt 0.46723790 0.34821429
vt 0.46723790 0.34821429
vt 0.46723790 0.34821429
vt 0.46723790 0.34821429
vt 0.46723790 0.34821429
vt 0.46723790 0.34821429
vt 0.46723790 0.34821429
vt 0.46723790 0.34821429
vt 0.46723790 0.34821429
vt 0.46723790 0.34821429
vt 0.46723790 0.34821429
vt 0.46723790 0.34821429
vt 0.46723790 0.34821429
vt 0.46723790 0.34821429
vt 0.46723790 0.34821429
vt 0.46723790 0.34821429
vt 0.46723790 0.34821429
vt 0.46723790 0.34821429
vt 0.46723790 0.34821429
vt 0.46723790 0.34821429
vt 0.46723790 0.34821429
vt 0.46723790 0.34821429
vt 0.46723790 0.34821429
vt 0.46723790 0.34821429
vt 0.46723790 0.34821429
vt 0.46723790 0.34821429
vt 0.46723790 0.34821429
vt 0.46723790 0.34821429
vt 0.46723790 0.34821429
vt 0.46723790 0.34821429
vt 0.46723790 0.34821429
vt 0.46723790 0.34821429
vt 0.46723790 0.34821429
vt 0.46723790 0.34821429
vt 0.46723790 0.34821429
vt 0.46723790 0.34821429
vt 0.46723790 0.34821429
vt 0.46723790 0.34821429
vt 0.46723790 0.34821429
vt 0.46723790 0.34821429
vt 0.46723790 0.34821429
vt 0.46723790 0.34821429
vt 0.46723790 0.34821429
vt 0.46723790 0.34821429
vt 0.46723790 0.34821429
vt 0.46723790 0.34821429
vt 0.46723790 0.34821429
vt 0.46723790 0.34821429
vt 0.46723790 0.34821429
vt 0.46723790 0.34821429
vt 0.46723790 0.34821429
vt 0.46723790 0.34821429
vt 0.46723790 0.34821429
vt 0.46723790 0.34821429
vt 0.46723790 0.34821429
vt 0.46723790 0.34821429
vt 0.46723790 0.34821429
vt 0.46723790 0.34821429
vt 0.46723790 0.34821429
vt 0.46723790 0.34821429
vt 0.46723790 0.34821429
vt 0.46723790 0.34821429
vt 0.46723790 0.34821429
vt 0.46723790 0.34821429
vt 0.46723790 0.34821429
vt 0.46723790 0.34821429
vt 0.46723790 0.34821429
vt 0.46723790 0.34821429
vt 0.46723790 0.34821429
vt 0.46723790 0.34821429
vt 0.27368952 0.34821429
vt 0.27368952 0.34821429
vt 0.27368952 0.34821429
vt 0.27368952 0.34821429
vt 0.27368952 0.34821429
vt 0.27368952 0.34821429
vt 0.27368952 0.34821429
vt 0.27368952 0.34821429
vt 0.27368952 0.34821429
vt 0.27368952 0.34821429
vt 0.27368952 0.34821429
vt 0.27368952 0.34821429
vt 0.27368952 0.34821429
vt 0.27368952 0.34821429
vt 0.27368952 0.34821429
vt 0.27368952 0.34821429
vt 0.27368952 0.34821429
vt 0.27368952 0.34821429
vt 0.27368952 0.34821429
vt 0.27368952 0.34821429
vt 0.27368952 0.34821429
vt 0.27368952 0.34821429
vt 0.27368952 0.34821429
vt 0.27368952 0.34821429
vt 0.27368952 0.34821429
vt 0.27368952 0.34821429
vt 0.27368952 0.34821429
vt 0.27368952 0.34821429
vt 0.27368952 0.34821429
vt 0.27368952 0.34821429
vt 0.27368952 0.34821429
vt 0.27368952 0.34821429
vt 0.27368952 0.34821429
vt 0.27368952 0.34821429
vt 0.27368952 0.34821429
vt 0.27368952 0.34821429
vt 0.27368952 0.34821429
vt 0.27368952 0.34821429
vt 0.27368952 0.34821429
vt 0.27368952 0.34821429
vt 0.27368952 0.34821429
vt 0.27368952 0.34821429
vt 0.46723790 0.34821429
vt 0.46723790 0.34821429
vt 0.46723790 0.34821429
vt 0.46723790 0.34821429
vt 0.46723790 0.34821429
vt 0.46723790 0.34821429
vt 0.46723790 0.34821429
vt 0.46723790 0.34821429
vt 0.46723790 0.34821429
vt 0.46723790 0.34821429
vt 0.46723790 0.34821429
vt 0.46723790 0.34821429
vt 0.46723790 0.34821429
vt 0.46723790 0.34821429
vt 0.46723790 0.34821429
vt 0.46723790 0.34821429
vt 0.46723790 0.34821429
vt 0.46723790 0.34821429
vt 0.46723790 0.34821429
vt 0.46723790 0.34821429
vt 0.46723790 0.34821429
vt 0.46723790 0.34821429
vt 0.46723790 0.34821429
vt 0.46723790 0.34821429
vt 0.46723790 0.34821429
vt 0.46723790 0.34821429
vt 0.46723790 0.34821429
vt 0.46723790 0.34821429
vt 0.46723790 0.34821429
vt 0.46723790 0.34821429
vt 0.46723790 0.34821429
vt 0.46723790 0.34821429
vt 0.46723790 0.34821429
vt 0.46723790 0.34821429
vt 0.46723790 0.34821429
vt 0.46723790 0.34821429
vt 0.46723790 0.34821429
vt 0.46723790 0.34821429
vt 0.46723790 0.34821429
vt 0.46723790 0.34821429
vt 0.46723790 0.34821429
vt 0.46723790 0.34821429
vt 0.46723790 0.34821429
vt 0.46723790 0.34821429
vt 0.46723790 0.34821429
vt 0.46723790 0.34821429
vt 0.46723790 0.34821429
vt 0.46723790 0.34821429
vt 0.46723790 0.34821429
vt 0.46723790 0.34821429
vt 0.46723790 0.34821429
vt 0.46723790 0.34821429
vt 0.46723790 0.34821429
vt 0.46723790 0.34821429
vt 0.46723790 0.34821429
vt 0.46723790 0.34821429
vt 0.46723790 0.34821429
vt 0.46723790 0.34821429
vt 0.46723790 0.34821429
vt 0.46723790 0.34821429
vt 0.46723790 0.34821429
vt 0.46723790 0.34821429
vt 0.46723790 0.34821429
vt 0.46723790 0.34821429
vt 0.46723790 0.34821429
vt 0.46723790 0.34821429
vt 0.46723790 0.34821429
vt 0.46723790 0.34821429
vt 0.46723790 0.34821429
vt 0.46723790 0.34821429
vt 0.46723790 0.34821429
vt 0.46723790 0.34821429
vt 0.46723790 0.34821429
vt 0.46723790 0.34821429
vt 0.46723790 0.34821429
vt 0.46723790 0.34821429
vt 0.46723790 0.34821429
vt 0.46723790 0.34821429
vt 0.46723790 0.34821429
vt 0.46723790 0.34821429
vt 0.46723790 0.34821429
vt 0.46723790 0.34821429
vt 0.46723790 0.34821429
vt 0.46723790 0.34821429
vt 0.46723790 0.34821429
vt 0.46723790 0.34821429
vt 0.46723790 0.34821429
vt 0.46723790 0.34821429
vt 0.46723790 0.34821429
vt 0.46723790 0.34821429
vt 0.46723790 0.34821429
vt 0.46723790 0.34821429
vt 0.46723790 0.34821429
vt 0.46723790 0.34821429
vt 0.46723790 0.34821429
vt 0.46723790 0.34821429
vt 0.46723790 0.34821429
vt 0.46723790 0.34821429
vt 0.46723790 0.34821429
vt 0.46723790 0.34821429
vt 0.46723790 0.34821429
vt 0.46723790 0.34821429
vt 0.46723790 0.34821429
vt 0.46723790 0.34821429
vt 0.46723790 0.34821429
vt 0.46723790 0.34821429
vt 0.46723790 0.34821429
vt 0.46723790 0.34821429
vt 0.46723790 0.34821429
vt 0.46723790 0.34821429
vt 0.46723790 0.34821429
vt 0.46723790 0.34821429
vt 0.46723790 0.34821429
vt 0.46723790 0.34821429
vt 0.46723790 0.34821429
vt 0.46723790 0.34821429
vt 0.46723790 0.34821429
vt 0.46723790 0.34821429
vt 0.46723790 0.34821429
vt 0.46723790 0.34821429
vt 0.46723790 0.34821429
vt 0.46723790 0.34821429
vt 0.46723790 0.34821429
vt 0.46723790 0.34821429
vt 0.46723790 0.34821429
vt 0.46723790 0.34821429
vt 0.46723790 0.34821429
vt 0.46723790 0.34821429
vt 0.46723790 0.34821429
vt 0.46723790 0.34821429
vt 0.46723790 0.34821429
vt 0.46723790 0.34821429
vt 0.46723790 0.34821429
vt 0.46723790 0.34821429
vt 0.46723790 0.34821429
vt 0.46723790 0.34821429
vt 0.46723790 0.34821429
vt 0.46723790 0.34821429
vt 0.46723790 0.34821429
vt 0.46723790 0.34821429
vt 0.46723790 0.34821429
vt 0.46723790 0.34821429
vt 0.46723790 0.34821429
vt 0.46723790 0.34821429
vt 0.46723790 0.34821429
vt 0.46723790 0.34821429
vt 0.46723790 0.34821429
vt 0.46723790 0.34821429
vt 0.46723790 0.34821429
vt 0.46723790 0.34821429
vt 0.46723790 0.34821429
vt 0.46723790 0.34821429
vt 0.46723790 0.34821429
vt 0.46723790 0.34821429
vt 0.46723790 0.34821429
vt 0.46723790 0.34821429
vt 0.46723790 0.34821429
vt 0.46723790 0.34821429
vt 0.46723790 0.34821429
vt 0.46723790 0.34821429
vt 0.46723790 0.34821429
vt 0.46723790 0.34821429
vt 0.46723790 0.34821429
vt 0.46723790 0.34821429
vt 0.46723790 0.34821429
vt 0.46723790 0.34821429
vt 0.46723790 0.34821429
vt 0.46723790 0.34821429
vt 0.46723790 0.34821429
vt 0.46723790 0.34821429
vt 0.46723790 0.34821429
vt 0.46723790 0.34821429
vt 0.46723790 0.34821429
vt 0.46723790 0.34821429
vt 0.46723790 0.34821429
vt 0.46723790 0.34821429
vt 0.46723790 0.34821429
vt 0.46723790 0.34821429
vt 0.46723790 0.34821429
vt 0.46723790 0.34821429
vt 0.46723790 0.34821429
vt 0.46723790 0.34821429
vt 0.46723790 0.34821429
vt 0.46723790 0.34821429
vt 0.46723790 0.34821429
vt 0.46723790 0.34821429
vt 0.46723790 0.34821429
vt 0.46723790 0.34821429
vt 0.46723790 0.34821429
vt 0.46723790 0.34821429
vt 0.46723790 0.34821429
vt 0.46723790 0.34821429
vt 0.46723790 0.34821429
vt 0.46723790 0.34821429
vt 0.46723790 0.34821429
vt 0.46723790 0.34821429
vt 0.46723790 0.34821429
vt 0.46723790 0.34821429
vt 0.46723790 0.34821429
vt 0.46723790 0.34821429
vt 0.46723790 0.34821429
vt 0.46723790 0.34821429
vt 0.46723790 0.34821429
vt 0.46723790 0.34821429
vt 0.46723790 0.34821429
vt 0.46723790 0.34821429
vt 0.46723790 0.34821429
vt 0.46723790 0.34821429
vt 0.46723790 0.34821429
vt 0.46723790 0.34821429
vt 0.46723790 0.34821429
vt 0.46723790 0.34821429
vt 0.46723790 0.34821429
vt 0.46723790 0.34821429
vt 0.46723790 0.34821429
vt 0.46723790 0.34821429
vt 0.46723790 0.34821429
vt 0.46723790 0.34821429
vt 0.46723790 0.34821429
vt 0.46723790 0.34821429
vt 0.46723790 0.34821429
vt 0.46723790 0.34821429
vt 0.46723790 0.34821429
vt 0.46723790 0.34821429
vt 0.46723790 0.34821429
vt 0.46723790 0.34821429
vt 0.46723790 0.34821429
vt 0.46723790 0.34821429
vt 0.46723790 0.34821429
vt 0.46723790 0.34821429
vt 0.46723790 0.34821429
vt 0.46723790 0.34821429
vt 0.46723790 0.34821429
vt 0.46723790 0.34821429
vt 0.46723790 0.34821429
vt 0.46723790 0.34821429
vt 0.46723790 0.34821429
vt 0.46723790 0.34821429
vt 0.46723790 0.34821429
vt 0.46723790 0.34821429
vt 0.46723790 0.34821429
vt 0.46723790 0.34821429
vt 0.46723790 0.34821429
vt 0.46723790 0.34821429
vt 0.46723790 0.34821429
vt 0.46723790 0.34821429
vt 0.46723790 0.34821429
vt 0.46723790 0.34821429
vt 0.46723790 0.34821429
vt 0.46723790 0.34821429
vt 0.46723790 0.34821429
vt 0.46723790 0.34821429
vt 0.46723790 0.34821429
vt 0.46723790 0.34821429
vt 0.46723790 0.34821429
vt 0.46723790 0.34821429
vt 0.46723790 0.34821429
vt 0.46723790 0.34821429
vt 0.46723790 0.34821429
vt 0.46723790 0.34821429
vt 0.46723790 0.34821429
vt 0.46723790 0.34821429
vt 0.46723790 0.34821429
vt 0.46723790 0.34821429
vt 0.46723790 0.34821429
vt 0.46723790 0.34821429
vt 0.46723790 0.34821429
vt 0.46723790 0.34821429
vt 0.46723790 0.34821429
vt 0.46723790 0.34821429
vt 0.46723790 0.34821429
vt 0.46723790 0.34821429
vt 0.46723790 0.34821429
vt 0.46723790 0.34821429
vt 0.46723790 0.34821429
vt 0.46723790 0.34821429
vt 0.46723790 0.34821429
vt 0.46723790 0.34821429
vt 0.46723790 0.34821429
vt 0.46723790 0.34821429
vt 0.46723790 0.34821429
vt 0.46723790 0.34821429
vt 0.46723790 0.34821429
vt 0.46723790 0.34821429
vt 0.46723790 0.34821429
vt 0.46723790 0.34821429
vt 0.46723790 0.34821429
vt 0.46723790 0.34821429
vt 0.46723790 0.34821429
vt 0.46723790 0.34821429
vt 0.46723790 0.34821429
vt 0.46723790 0.34821429
vt 0.46723790 0.34821429
vt 0.46723790 0.34821429
vt 0.46723790 0.34821429
vt 0.46723790 0.34821429
vt 0.46723790 0.34821429
vt 0.46723790 0.34821429
vt 0.46723790 0.34821429
vt 0.46723790 0.34821429
vt 0.46723790 0.34821429
vt 0.46723790 0.34821429
vt 0.46723790 0.34821429
vt 0.46723790 0.34821429
vt 0.46723790 0.34821429
vt 0.46723790 0.34821429
vt 0.46723790 0.34821429
vt 0.46723790 0.34821429
vt 0.46723790 0.34821429
vt 0.46723790 0.34821429
vt 0.46723790 0.34821429
vt 0.46723790 0.34821429
vt 0.46723790 0.34821429
vt 0.46723790 0.34821429
vt 0.46723790 0.34821429
vt 0.46723790 0.34821429
vt 0.46723790 0.34821429
vt 0.46723790 0.34821429
vt 0.46723790 0.34821429
vt 0.46723790 0.34821429
vt 0.46723790 0.34821429
vt 0.46723790 0.34821429
vt 0.46723790 0.34821429
vt 0.46723790 0.34821429
vt 0.46723790 0.34821429
vt 0.46723790 0.34821429
vt 0.46723790 0.34821429
vt 0.46723790 0.34821429
vt 0.46723790 0.34821429
vt 0.46723790 0.34821429
vt 0.46723790 0.34821429
vt 0.46723790 0.34821429
vt 0.46723790 0.34821429
vt 0.46723790 0.34821429
vt 0.46723790 0.34821429
vt 0.46723790 0.34821429
vt 0.46723790 0.34821429
vt 0.46723790 0.34821429
vt 0.46723790 0.34821429
vt 0.46723790 0.34821429
vt 0.46723790 0.34821429
vt 0.46723790 0.34821429
vt 0.46723790 0.34821429
vt 0.46723790 0.34821429
vt 0.46723790 0.34821429
vt 0.46723790 0.34821429
vt 0.46723790 0.34821429
vt 0.46723790 0.34821429
vt 0.46723790 0.34821429
vt 0.46723790 0.34821429
vt 0.46723790 0.34821429
vt 0.46723790 0.34821429
vt 0.46723790 0.34821429
vt 0.46723790 0.34821429
vt 0.46723790 0.34821429
vt 0.46723790 0.34821429
vt 0.46723790 0.34821429
vt 0.46723790 0.34821429
vt 0.46723790 0.34821429
vt 0.46723790 0.34821429
vt 0.46723790 0.34821429
vt 0.46723790 0.34821429
vt 0.46723790 0.34821429
vt 0.46723790 0.34821429
vt 0.46723790 0.34821429
vt 0.46723790 0.34821429
vt 0.46723790 0.34821429
vt 0.46723790 0.34821429
vt 0.46723790 0.34821429
vt 0.46723790 0.34821429
vt 0.46723790 0.34821429
vt 0.46723790 0.34821429
vt 0.46723790 0.34821429
vt 0.46723790 0.34821429
vt 0.46723790 0.34821429
vt 0.46723790 0.34821429
vt 0.46723790 0.34821429
vt 0.46723790 0.34821429
vt 0.08014113 0.34821429
vt 0.08014113 0.34821429
vt 0.08014113 0.34821429
vt 0.08014113 0.34821429
vt 0.08014113 0.34821429
vt 0.08014113 0.34821429
vt 0.08014113 0.34821429
vt 0.08014113 0.34821429
vt 0.08014113 0.34821429
vt 0.08014113 0.34821429
vt 0.08014113 0.34821429
vt 0.08014113 0.34821429
vt 0.08014113 0.34821429
vt 0.08014113 0.34821429
vt 0.08014113 0.34821429
vt 0.08014113 0.34821429
vt 0.08014113 0.34821429
vt 0.08014113 0.34821429
vt 0.08014113 0.34821429
vt 0.08014113 0.34821429
vt 0.08014113 0.34821429
vt 0.08014113 0.34821429
vt 0.08014113 0.34821429
vt 0.08014113 0.34821429
vt 0.08014113 0.34821429
vt 0.08014113 0.34821429
vt 0.08014113 0.34821429
vt 0.08014113 0.34821429
vt 0.08014113 0.34821429
vt 0.08014113 0.34821429
vt 0.08014113 0.34821429
vt 0.08014113 0.34821429
vt 0.08014113 0.34821429
vt 0.08014113 0.34821429
vt 0.08014113 0.34821429
vt 0.08014113 0.34821429
vt 0.08014113 0.34821429
vt 0.08014113 0.34821429
vt 0.08014113 0.34821429
vt 0.08014113 0.34821429
vt 0.08014113 0.34821429
vt 0.08014113 0.34821429
vt 0.08014113 0.34821429
vt 0.08014113 0.34821429
vt 0.08014113 0.34821429
vt 0.08014113 0.34821429
vt 0.08014113 0.34821429
vt 0.08014113 0.34821429
vt 0.08014113 0.34821429
vt 0.08014113 0.34821429
vt 0.08014113 0.34821429
vt 0.08014113 0.34821429
vt 0.08014113 0.34821429
vt 0.08014113 0.34821429
vt 0.08014113 0.34821429
vt 0.08014113 0.34821429
vt 0.08014113 0.34821429
vt 0.08014113 0.34821429
vt 0.08014113 0.34821429
vt 0.08014113 0.34821429
vt 0.08014113 0.34821429
vt 0.08014113 0.34821429
vt 0.08014113 0.34821429
vt 0.08014113 0.34821429
vt 0.08014113 0.34821429
vt 0.08014113 0.34821429
vt 0.08014113 0.34821429
vt 0.08014113 0.34821429
vt 0.08014113 0.34821429
vt 0.08014113 0.34821429
vt 0.08014113 0.34821429
vt 0.08014113 0.34821429
vt 0.08014113 0.34821429
vt 0.08014113 0.34821429
vt 0.08014113 0.34821429
vt 0.08014113 0.34821429
vt 0.08014113 0.34821429
vt 0.08014113 0.34821429
vt 0.08014113 0.34821429
vt 0.08014113 0.34821429
vt 0.08014113 0.34821429
vt 0.08014113 0.34821429
vt 0.08014113 0.34821429
vt 0.08014113 0.34821429
vt 0.08014113 0.34821429
vt 0.08014113 0.34821429
vt 0.08014113 0.34821429
vt 0.08014113 0.34821429
vt 0.08014113 0.34821429
vt 0.08014113 0.34821429
vt 0.08014113 0.34821429
vt 0.08014113 0.34821429
vt 0.08014113 0.34821429
vt 0.08014113 0.34821429
vt 0.08014113 0.34821429
vt 0.08014113 0.34821429
vt 0.08014113 0.34821429
vt 0.08014113 0.34821429
vt 0.08014113 0.34821429
vt 0.08014113 0.34821429
vt 0.08014113 0.34821429
vt 0.08014113 0.34821429
vt 0.08014113 0.34821429
vt 0.08014113 0.34821429
vt 0.08014113 0.34821429
vt 0.08014113 0.34821429
vt 0.08014113 0.34821429
vt 0.08014113 0.34821429
vt 0.08014113 0.34821429
vt 0.08014113 0.34821429
vt 0.08014113 0.34821429
vt 0.08014113 0.34821429
vt 0.08014113 0.34821429
vt 0.08014113 0.34821429
vt 0.08014113 0.34821429
vt 0.08014113 0.34821429
vt 0.08014113 0.34821429
vt 0.08014113 0.34821429
vt 0.08014113 0.34821429
vt 0.08014113 0.34821429
vt 0.08014113 0.34821429
vt 0.08014113 0.34821429
vt 0.08014113 0.34821429
vt 0.08014113 0.34821429
vt 0.08014113 0.34821429
vt 0.08014113 0.34821429
vt 0.08014113 0.34821429
vt 0.08014113 0.34821429
vt 0.08014113 0.34821429
vt 0.08014113 0.34821429
vt 0.08014113 0.34821429
vt 0.08014113 0.34821429
vt 0.08014113 0.34821429
vt 0.08014113 0.34821429
vt 0.08014113 0.34821429
vt 0.08014113 0.34821429
vt 0.08014113 0.34821429
vt 0.08014113 0.34821429
vt 0.08014113 0.34821429
vt 0.08014113 0.34821429
vt 0.08014113 0.34821429
vt 0.08014113 0.34821429
vt 0.08014113 0.34821429
vt 0.08014113 0.34821429
vt 0.08014113 0.34821429
vt 0.08014113 0.34821429
vt 0.08014113 0.34821429
vt 0.08014113 0.34821429
vt 0.08014113 0.34821429
vt 0.08014113 0.34821429
vt 0.08014113 0.34821429
vt 0.08014113 0.34821429
vt 0.08014113 0.34821429
vt 0.08014113 0.34821429
vt 0.08014113 0.34821429
vt 0.08014113 0.34821429
vt 0.08014113 0.34821429
vt 0.08014113 0.34821429
vt 0.08014113 0.34821429
vt 0.08014113 0.34821429
vt 0.08014113 0.34821429
vt 0.08014113 0.34821429
vt 0.08014113 0.34821429
vt 0.08014113 0.34821429
vt 0.08014113 0.34821429
vt 0.08014113 0.34821429
vt 0.08014113 0.34821429
vt 0.08014113 0.34821429
vt 0.08014113 0.34821429
vt 0.08014113 0.34821429
vt 0.08014113 0.34821429
vt 0.08014113 0.34821429
f 1/1 2/2 3/3
f 4/4 5/5 6/6
f 7/7 8/8 9/9
f 10/10 11/11 12/12
f 13/13 14/14 15/15
f 16/16 17/17 18/18
f 19/19 20/20 21/21
f 22/22 23/23 24/24
f 25/25 26/26 27/27
f 28/28 29/29 30/30
f 31/31 32/32 33/33
f 34/34 35/35 36/36
f 37/37 38/38 39/39
f 40/40 41/41 42/42
f 43/43 44/44 45/45
f 46/46 47/47 48/48
f 49/49 50/50 51/51
f 52/52 53/53 54/54
f 55/55 56/56 57/57
f 58/58 59/59 60/60
f 61/61 62/62 63/63
f 64/64 65/65 66/66
f 67/67 68/68 16/16
f 69/69 70/70 71/71
f 50/50 72/72 73/73
f 74/74 75/75 76/76
f 77/77 78/78 79/79
f 80/80 81/81 82/82
f 43/43 45/45 83/83
f 22/22 84/84 85/85
f 86/86 87/87 88/88
f 89/89 90/90 91/91
f 92/92 93/93 94/94
f 95/95 94/94 93/93
f 96/96 97/97 98/98
f 26/26 25/25 99/99
f 100/100 101/101 102/102
f 103/103 104/104 105/105
f 106/106 107/107 31/31
f 108/108 109/109 71/71
f 8/8 110/110 9/9
f 111/111 112/112 113/113
f 114/114 115/115 50/50
f 116/116 74/74 76/76
f 117/117 118/118 119/119
f 120/120 121/121 122/122
f 98/98 97/97 123/123
f 124/124 125/125 126/126
f 127/127 128/128 129/129
f 87/87 86/86 58/58
f 130/130 131/131 132/132
f 29/29 133/133 134/134
f 62/62 135/135 136/136
f 137/137 35/35 34/34
f 138/138 139/139 10/10
f 140/140 11/11 10/10
f 141/141 142/142 143/143
f 142/142 141/141 144/144
f 145/145 146/146 147/147
f 146/146 145/145 148/148
f 149/149 150/150 151/151
f 152/152 153/153 154/154
f 155/155 156/156 157/157
f 85/85 158/158 159/159
f 160/160 161/161 162/162
f 163/163 164/164 165/165
f 166/166 167/167 168/168
f 61/61 63/63 169/169
f 170/170 171/171 172/172
f 170/170 173/173 171/171
f 174/174 175/175 176/176
f 177/177 178/178 179/179
f 180/180 181/181 182/182
f 179/179 183/183 177/177
f 175/175 174/174 184/184
f 150/150 149/149 185/185
f 186/186 37/37 187/187
f 188/188 189/189 112/112
f 190/190 191/191 164/164
f 192/192 193/193 194/194
f 195/195 180/180 196/196
f 197/197 198/198 199/199
f 109/109 108/108 200/200
f 200/200 201/201 202/202
f 203/203 204/204 205/205
f 206/206 207/207 208/208
f 209/209 210/210 211/211
f 211/211 212/212 213/213
f 214/214 162/162 161/161
f 215/215 216/216 217/217
f 54/54 89/89 52/52
f 218/218 219/219 220/220
f 221/221 222/222 223/223
f 224/224 225/225 226/226
f 227/227 228/228 229/229
f 230/230 60/60 231/231
f 232/232 233/233 234/234
f 41/41 235/235 236/236
f 237/237 154/154 153/153
f 139/139 138/138 238/238
f 196/196 34/34 195/195
f 205/205 239/239 203/203
f 132/132 240/240 241/241
f 7/7 9/9 242/242
f 243/243 244/244 245/245
f 217/217 246/246 215/215
f 247/247 248/248 249/249
f 250/250 251/251 252/252
f 167/167 166/166 253/253
f 254/254 255/255 256/256
f 119/119 257/257 258/258
f 259/259 260/260 38/38
f 261/261 262/262 90/90
f 263/263 262/262 264/264
f 265/265 266/266 267/267
f 268/268 265/265 269/269
f 270/270 269/269 271/271
f 272/272 45/45 44/44
f 125/125 124/124 273/273
f 274/274 275/275 276/276
f 277/277 199/199 198/198
f 136/136 278/278 62/62
f 221/221 223/223 279/279
f 137/137 280/280 281/281
f 282/282 283/283 284/284
f 187/187 285/285 186/186
f 286/286 287/287 288/288
f 289/289 288/288 290/290
f 291/291 69/69 292/292
f 293/293 294/294 295/295
f 207/207 296/296 208/208
f 297/297 298/298 299/299
f 18/18 17/17 300/300
f 65/65 301/301 66/66
f 232/232 302/302 233/233
f 303/303 302/302 304/304
f 305/305 306/306 307/307
f 308/308 309/309 219/219
f 107/107 106/106 310/310
f 311/311 147/147 67/67
f 84/84 22/22 24/24
f 21/21 312/312 19/19
f 313/313 295/295 294/294
f 314/314 315/315 295/295
f 50/50 49/49 245/245
f 316/316 317/317 318/318
f 319/319 320/320 321/321
f 104/104 103/103 322/322
f 323/323 324/324 325/325
f 326/326 327/327 328/328
f 329/329 30/30 150/150
f 30/30 329/329 330/330
f 331/331 4/4 6/6
f 332/332 333/333 334/334
f 254/254 256/256 335/335
f 266/266 336/336 267/267
f 337/337 338/338 339/339
f 169/169 168/168 167/167
f 340/340 46/46 341/341
f 316/316 207/207 206/206
f 299/299 342/342 297/297
f 141/141 143/143 343/343
f 344/344 345/345 346/346
f 56/56 55/55 347/347
f 216/216 215/215 6/6
f 165/165 348/348 349/349
f 350/350 351/351 352/352
f 341/341 353/353 354/354
f 221/221 355/355 356/356
f 357/357 221/221 356/356
f 358/358 359/359 360/360
f 27/27 361/361 362/362
f 31/31 107/107 32/32
f 202/202 363/363 200/200
f 100/100 348/348 101/101
f 162/162 214/214 348/348
f 364/364 365/365 366/366
f 229/229 367/367 227/227
f 329/329 368/368 263/263
f 262/262 263/263 368/368
f 269/269 270/270 268/268
f 361/361 27/27 26/26
f 369/369 151/151 150/150
f 176/176 370/370 174/174
f 196/196 371/371 280/280
f 372/372 279/279 373/373
f 257/257 374/374 375/375
f 33/33 376/376 31/31
f 377/377 163/163 165/165
f 378/378 379/379 194/194
f 380/380 185/185 149/149
f 238/238 381/381 382/382
f 383/383 182/182 181/181
f 182/182 383/383 312/312
f 384/384 385/385 386/386
f 385/385 384/384 387/387
f 92/92 94/94 357/357
f 388/388 389/389 106/106
f 173/173 390/390 127/127
f 391/391 392/392 393/393
f 394/394 395/395 337/337
f 396/396 273/273 397/397
f 252/252 398/398 250/250
f 399/399 400/400 401/401
f 210/210 209/209 402/402
f 403/403 404/404 19/19
f 405/405 406/406 407/407
f 248/248 247/247 408/408
f 409/409 410/410 411/411
f 159/159 412/412 413/413
f 414/414 415/415 284/284
f 189/189 188/188 415/415
f 416/416 196/196 180/180
f 371/371 196/196 416/416
f 322/322 417/417 102/102
f 301/301 418/418 300/300
f 401/401 195/195 399/399
f 181/181 419/419 183/183
f 302/302 303/303 420/420
f 283/283 74/74 284/284
f 127/127 390/390 421/421
f 59/59 58/58 390/390
f 348/348 165/165 164/164
f 164/164 191/191 348/348
f 330/330 28/28 30/30
f 366/366 422/422 28/28
f 423/423 160/160 162/162
f 153/153 424/424 237/237
f 425/425 292/292 109/109
f 426/426 389/389 427/427
f 428/428 172/172 130/130
f 429/429 227/227 367/367
f 430/430 431/431 432/432
f 342/342 299/299 343/343
f 255/255 254/254 433/433
f 125/125 434/434 433/433
f 279/279 223/223 435/435
f 435/435 373/373 279/279
f 48/48 353/353 46/46
f 353/353 341/341 46/46
f 436/436 437/437 60/60
f 305/305 87/87 437/437
f 438/438 439/439 440/440
f 441/441 80/80 23/23
f 442/442 6/6 5/5
f 6/6 442/442 216/216
f 154/154 237/237 443/443
f 444/444 339/339 61/61
f 445/445 446/446 447/447
f 448/448 111/111 113/113
f 449/449 450/450 81/81
f 62/62 451/451 452/452
f 11/11 140/140 275/275
f 397/397 453/453 79/79
f 454/454 236/236 235/235
f 455/455 234/234 233/233
f 220/220 274/274 218/218
f 53/53 456/456 54/54
f 332/332 457/457 333/333
f 51/51 458/458 49/49
f 281/281 459/459 137/137
f 460/460 281/281 222/222
f 307/307 461/461 305/305
f 462/462 56/56 347/347
f 463/463 464/464 465/465
f 466/466 463/463 467/467
f 468/468 469/469 133/133
f 360/360 470/470 358/358
f 318/318 245/245 244/244
f 245/245 318/318 317/317
f 72/72 50/50 471/471
f 245/245 471/471 50/50
f 178/178 297/297 342/342
f 472/472 205/205 204/204
f 294/294 473/473 313/313
f 236/236 42/42 41/41
f 150/150 91/91 329/329
f 329/329 91/91 90/90
f 474/474 115/115 114/114
f 73/73 304/304 474/474
f 324/324 152/152 382/382
f 349/349 475/475 326/326
f 397/397 476/476 396/396
f 434/434 396/396 477/477
f 19/19 312/312 403/403
f 212/212 312/312 383/383
f 378/378 321/321 320/320
f 478/478 148/148 479/479
f 480/480 481/481 482/482
f 412/412 159/159 410/410
f 251/251 250/250 483/483
f 258/258 484/484 119/119
f 346/346 96/96 344/344
f 335/335 392/392 96/96
f 485/485 486/486 487/487
f 249/249 117/117 247/247
f 488/488 16/16 489/489
f 488/488 148/148 145/145
f 55/55 490/490 345/345
f 97/97 387/387 384/384
f 267/267 336/336 491/491
f 335/335 492/492 493/493
f 494/494 425/425 314/314
f 494/494 314/314 495/495
f 486/486 289/289 290/290
f 289/289 486/486 388/388
f 496/496 464/464 497/497
f 464/464 463/463 498/498
f 325/325 382/382 381/381
f 382/382 325/325 324/324
f 242/242 499/499 500/500
f 156/156 155/155 499/499
f 376/376 33/33 374/374
f 352/352 38/38 260/260
f 185/185 380/380 53/53
f 11/11 501/501 12/12
f 502/502 503/503 504/504
f 67/67 147/147 503/503
f 505/505 373/373 435/435
f 505/505 13/13 224/224
f 225/225 300/300 17/17
f 506/506 13/13 64/64
f 260/260 259/259 3/3
f 447/447 507/507 445/445
f 365/365 508/508 367/367
f 60/60 230/230 436/436
f 408/408 406/406 248/248
f 406/406 509/509 398/398
f 261/261 90/90 89/89
f 510/510 308/308 461/461
f 386/386 511/511 123/123
f 275/275 140/140 512/512
f 302/302 420/420 233/233
f 455/455 233/233 420/420
f 336/336 266/266 513/513
f 513/513 266/266 514/514
f 347/347 55/55 345/345
f 86/86 129/129 128/128
f 515/515 516/516 219/219
f 219/219 218/218 515/515
f 371/371 435/435 280/280
f 280/280 435/435 281/281
f 147/147 311/311 145/145
f 145/145 311/311 488/488
f 362/362 240/240 27/27
f 240/240 132/132 131/131
f 363/363 202/202 187/187
f 39/39 517/517 518/518
f 9/9 110/110 519/519
f 470/470 360/360 519/519
f 317/317 316/316 113/113
f 1/1 340/340 2/2
f 201/201 70/70 520/520
f 71/71 70/70 108/108
f 17/17 16/16 68/68
f 372/372 356/356 355/355
f 131/131 130/130 521/521
f 171/171 522/522 521/521
f 375/375 258/258 257/257
f 341/341 354/354 351/351
f 492/492 23/23 22/22
f 256/256 439/439 438/438
f 142/142 523/523 143/143
f 524/524 271/271 525/525
f 133/133 422/422 468/468
f 367/367 229/229 365/365
f 343/343 526/526 342/342
f 183/183 179/179 44/44
f 488/488 489/489 527/527
f 300/300 418/418 18/18
f 184/184 430/430 175/175
f 29/29 134/134 184/184
f 467/467 379/379 466/466
f 164/164 528/528 190/190
f 24/24 529/529 404/404
f 82/82 529/529 80/80
f 315/315 314/314 425/425
f 426/426 503/503 315/315
f 522/522 171/171 173/173
f 391/391 491/491 522/522
f 46/46 530/530 204/204
f 204/204 203/203 46/46
f 370/370 369/369 531/531
f 246/246 243/243 532/532
f 180/180 277/277 416/416
f 278/278 180/180 182/182
f 182/182 21/21 278/278
f 312/312 21/21 182/182
f 118/118 117/117 286/286
f 286/286 374/374 257/257
f 415/415 533/533 284/284
f 282/282 186/186 285/285
f 3/3 2/2 260/260
f 351/351 350/350 341/341
f 94/94 95/95 222/222
f 407/407 222/222 95/95
f 298/298 176/176 432/432
f 244/244 296/296 318/318
f 285/285 187/187 202/202
f 520/520 76/76 75/75
f 310/310 534/534 107/107
f 363/363 535/535 534/534
f 253/253 440/440 439/439
f 255/255 433/433 434/434
f 199/199 423/423 197/197
f 424/424 136/136 135/135
f 239/239 401/401 400/400
f 419/419 177/177 183/183
f 369/369 150/150 531/531
f 30/30 531/531 150/150
f 328/328 349/349 326/326
f 349/349 328/328 165/165
f 151/151 323/323 149/149
f 327/327 217/217 216/216
f 476/476 397/397 395/395
f 443/443 338/338 78/78
f 234/234 455/455 454/454
f 116/116 76/76 69/69
f 8/8 431/431 430/430
f 536/536 500/500 343/343
f 198/198 197/197 537/537
f 348/348 100/100 162/162
f 400/400 399/399 538/538
f 47/47 46/46 203/203
f 499/499 242/242 156/156
f 240/240 362/362 359/359
f 264/264 262/262 306/306
f 262/262 307/307 306/306
f 212/212 403/403 312/312
f 403/403 210/210 404/404
f 270/270 514/514 266/266
f 157/157 362/362 361/361
f 290/290 288/288 287/287
f 287/287 249/249 487/487
f 479/479 148/148 539/539
f 148/148 105/105 104/104
f 228/228 227/227 428/428
f 172/172 428/428 540/540
f 457/457 332/332 51/51
f 115/115 474/474 232/232
f 264/264 364/364 263/263
f 541/541 436/436 230/230
f 309/309 308/308 542/542
f 542/542 456/456 220/220
f 101/101 348/348 191/191
f 322/322 319/319 321/321
f 158/158 85/85 84/84
f 402/402 404/404 210/210
f 415/415 414/414 189/189
f 304/304 73/73 72/72
f 443/443 238/238 154/154
f 78/78 77/77 443/443
f 543/543 288/288 544/544
f 376/376 288/288 543/543
f 465/465 467/467 463/463
f 194/194 40/40 192/192
f 43/43 409/409 213/213
f 183/183 213/213 181/181
f 459/459 281/281 460/460
f 36/36 459/459 407/407
f 34/34 399/399 195/195
f 36/36 398/398 34/34
f 97/97 346/346 387/387
f 96/96 346/346 97/97
f 477/477 167/167 434/434
f 167/167 394/394 545/545
f 390/390 172/172 59/59
f 540/540 429/429 172/172
f 545/545 169/169 167/167
f 339/339 444/444 337/337
f 452/452 63/63 62/62
f 168/168 449/449 166/166
f 42/42 236/236 473/473
f 292/292 495/495 291/291
f 74/74 420/420 546/546
f 455/455 420/420 74/74
f 138/138 381/381 238/238
f 12/12 501/501 380/380
f 15/15 64/64 13/13
f 198/198 15/15 277/277
f 440/440 441/441 438/438
f 81/81 166/166 449/449
f 153/153 152/152 161/161
f 161/161 475/475 214/214
f 499/499 141/141 500/500
f 343/343 500/500 141/141
f 134/134 430/430 184/184
f 110/110 8/8 430/430
f 547/547 85/85 413/413
f 413/413 85/85 159/159
f 458/458 51/51 332/332
f 497/497 458/458 496/496
f 222/222 221/221 94/94
f 357/357 94/94 221/221
f 206/206 208/208 472/472
f 297/297 178/178 472/472
f 219/219 548/548 308/308
f 548/548 219/219 516/516
f 517/517 549/549 550/550
f 550/550 518/518 517/517
f 29/29 28/28 422/422
f 422/422 133/133 29/29
f 539/539 193/193 479/479
f 193/193 192/192 293/293
f 64/64 66/66 506/506
f 300/300 225/225 551/551
f 511/511 273/273 124/124
f 453/453 512/512 140/140
f 258/258 375/375 354/354
f 121/121 48/48 122/122
f 410/410 409/409 83/83
f 83/83 409/409 43/43
f 275/275 274/274 11/11
f 274/274 220/220 456/456
f 446/446 445/445 552/552
f 446/446 552/552 533/533
f 123/123 124/124 98/98
f 124/124 123/123 511/511
f 347/347 553/553 462/462
f 553/553 347/347 129/129
f 478/478 295/295 315/315
f 295/295 478/478 293/293
f 427/427 504/504 503/503
f 503/503 426/426 427/427
f 65/65 554/554 301/301
f 301/301 554/554 418/418
f 363/363 32/32 535/535
f 518/518 363/363 39/39
f 393/393 493/493 491/491
f 491/491 391/391 393/393
f 245/245 532/532 243/243
f 49/49 532/532 245/245
f 516/516 305/305 461/461
f 88/88 462/462 86/86
f 57/57 385/385 55/55
f 276/276 218/218 274/274
f 538/538 47/47 400/400
f 120/120 122/122 538/538
f 555/555 466/466 377/377
f 5/5 498/498 555/555
f 482/482 410/410 45/45
f 410/410 83/83 45/45
f 139/139 140/140 10/10
f 140/140 79/79 453/453
f 404/404 158/158 84/84
f 404/404 84/84 24/24
f 237/237 135/135 339/339
f 135/135 237/237 424/424
f 556/556 261/261 89/89
f 89/89 54/54 556/556
f 259/259 445/445 507/507
f 37/37 552/552 445/445
f 432/432 299/299 298/298
f 299/299 432/432 431/431
f 16/16 311/311 67/67
f 16/16 488/488 557/557
f 405/405 407/407 558/558
f 248/248 558/558 249/249
f 483/483 484/484 251/251
f 251/251 120/120 252/252
f 92/92 388/388 486/486
f 486/486 93/93 92/92
f 58/58 86/86 128/128
f 421/421 390/390 58/58
f 271/271 524/524 270/270
f 514/514 270/270 524/524
f 481/481 480/480 272/272
f 272/272 142/142 481/481
f 344/344 129/129 345/345
f 347/347 345/345 129/129
f 433/433 126/126 125/125
f 126/126 433/433 254/254
f 100/100 537/537 197/197
f 537/537 100/100 554/554
f 491/491 547/547 267/267
f 413/413 267/267 547/547
f 241/241 358/358 470/470
f 469/469 229/229 228/228
f 457/457 234/234 333/333
f 235/235 234/234 454/454
f 417/417 418/418 554/554
f 527/527 103/103 488/488
f 464/464 334/334 465/465
f 464/464 496/496 334/334
f 425/425 109/109 389/389
f 310/310 106/106 389/389
f 344/344 96/96 392/392
f 173/173 127/127 392/392
f 341/341 559/559 340/340
f 559/559 341/341 350/350
f 412/412 269/269 265/265
f 410/410 482/482 412/412
f 285/285 75/75 282/282
f 75/75 285/285 520/520
f 441/441 23/23 438/438
f 492/492 438/438 23/23
f 119/119 247/247 117/117
f 484/484 483/483 119/119
f 485/485 487/487 249/249
f 249/249 558/558 93/93
f 307/307 262/262 261/261
f 261/261 556/556 510/510
f 142/142 144/144 525/525
f 142/142 525/525 481/481
f 411/411 410/410 159/159
f 159/159 402/402 209/209
f 473/473 294/294 42/42
f 42/42 192/192 40/40
f 44/44 526/526 523/523
f 526/526 44/44 179/179
f 450/450 82/82 81/81
f 21/21 20/20 451/451
f 165/165 442/442 377/377
f 442/442 165/165 328/328
f 71/71 292/292 69/69
f 109/109 292/292 71/71
f 549/549 374/374 33/33
f 374/374 352/352 351/351
f 498/498 497/497 464/464
f 4/4 331/331 497/497
f 322/322 102/102 560/560
f 560/560 319/319 322/322
f 366/366 263/263 364/364
f 263/263 330/330 329/329
f 303/303 414/414 284/284
f 74/74 546/546 284/284
f 544/544 106/106 543/543
f 106/106 544/544 388/388
f 530/530 1/1 316/316
f 530/530 316/316 206/206
f 551/551 561/561 300/300
f 561/561 301/301 300/300
f 379/379 190/190 528/528
f 320/320 379/379 378/378
f 503/503 502/502 67/67
f 68/68 67/67 502/502
f 519/519 133/133 470/470
f 133/133 519/519 110/110
f 279/279 372/372 355/355
f 221/221 279/279 355/355
f 69/69 291/291 454/454
f 454/454 116/116 69/69
f 562/562 96/96 98/98
f 96/96 562/562 335/335
f 39/39 187/187 37/37
f 187/187 39/39 363/363
f 501/501 11/11 456/456
f 456/456 11/11 274/274
f 315/315 563/563 478/478
f 563/563 315/315 503/503
f 226/226 372/372 224/224
f 372/372 226/226 356/356
f 99/99 522/522 491/491
f 522/522 99/99 25/25
f 436/436 541/541 264/264
f 264/264 306/306 436/436
f 14/14 371/371 416/416
f 505/505 435/435 371/371
f 374/374 286/286 376/376
f 288/288 376/376 286/286
f 80/80 24/24 23/23
f 24/24 80/80 529/529
f 329/329 90/90 368/368
f 368/368 90/90 262/262
f 275/275 512/512 386/386
f 386/386 276/276 275/275
f 447/447 188/188 112/112
f 188/188 447/447 446/446
f 225/225 224/224 13/13
f 225/225 13/13 506/506
f 395/395 78/78 338/338
f 338/338 337/337 395/395
f 414/414 304/304 72/72
f 304/304 414/414 303/303
f 499/499 144/144 141/141
f 144/144 499/499 155/155
f 364/364 264/264 541/541
f 508/508 365/365 364/364
f 1/1 113/113 316/316
f 448/448 113/113 1/1
f 130/130 172/172 171/171
f 130/130 564/564 521/521
f 231/231 429/429 230/230
f 429/429 59/59 172/172
f 163/163 528/528 164/164
f 163/163 377/377 466/466
f 359/359 156/156 242/242
f 242/242 360/360 359/359
f 232/232 457/457 115/115
f 457/457 232/232 234/234
f 507/507 3/3 259/259
f 507/507 111/111 448/448
f 398/398 36/36 406/406
f 407/407 406/406 36/36
f 169/169 444/444 61/61
f 444/444 169/169 545/545
f 78/78 395/395 397/397
f 79/79 78/78 397/397
f 236/236 454/454 291/291
f 291/291 473/473 236/236
f 178/178 177/177 205/205
f 205/205 472/472 178/178
f 317/317 471/471 245/245
f 471/471 112/112 189/189
f 387/387 55/55 385/385
f 55/55 387/387 346/346
f 179/179 342/342 526/526
f 342/342 179/179 178/178
f 169/169 63/63 168/168
f 63/63 452/452 168/168
f 443/443 339/339 338/338
f 339/339 443/443 237/237
f 424/424 153/153 160/160
f 161/161 160/160 153/153
f 49/49 6/6 215/215
f 6/6 49/49 331/331
f 538/538 399/399 252/252
f 538/538 252/252 120/120
f 87/87 60/60 437/437
f 60/60 87/87 58/58
f 108/108 201/201 200/200
f 70/70 201/201 108/108
f 223/223 281/281 435/435
f 223/223 222/222 281/281
f 321/321 378/378 539/539
f 104/104 539/539 148/148
f 260/260 350/350 352/352
f 2/2 350/350 260/260
f 399/399 34/34 398/398
f 398/398 252/252 399/399
f 200/200 310/310 109/109
f 310/310 389/389 109/109
f 344/344 392/392 127/127
f 129/129 344/344 127/127
f 434/434 125/125 396/396
f 273/273 396/396 125/125
f 7/7 500/500 536/536
f 242/242 500/500 7/7
f 138/138 12/12 381/381
f 12/12 138/138 10/10
f 358/358 241/241 240/240
f 359/359 358/358 240/240
f 211/211 409/409 209/209
f 213/213 409/409 211/211
f 131/131 27/27 240/240
f 27/27 131/131 25/25
f 497/497 498/498 4/4
f 5/5 4/4 498/498
f 220/220 309/309 542/542
f 309/309 220/220 219/219
f 547/547 491/491 493/493
f 492/492 22/22 493/493
f 475/475 161/161 152/152
f 152/152 324/324 475/475
f 379/379 467/467 194/194
f 40/40 194/194 467/467
f 21/21 62/62 278/278
f 451/451 62/62 21/21
f 177/177 419/419 239/239
f 239/239 205/205 177/177
f 105/105 488/488 103/103
f 148/148 488/488 105/105
f 472/472 208/208 297/297
f 298/298 297/297 208/208
f 65/65 64/64 537/537
f 554/554 65/65 537/537
f 269/269 412/412 482/482
f 482/482 271/271 269/269
f 388/388 92/92 504/504
f 92/92 357/357 504/504
f 230/230 367/367 508/508
f 367/367 230/230 429/429
f 232/232 474/474 302/302
f 304/304 302/302 474/474
f 128/128 421/421 58/58
f 128/128 127/127 421/421
f 365/365 468/468 422/422
f 422/422 366/366 365/365
f 154/154 382/382 152/152
f 382/382 154/154 238/238
f 160/160 423/423 424/424
f 136/136 424/424 423/423
f 184/184 30/30 29/29
f 30/30 184/184 174/174
f 373/373 224/224 372/372
f 224/224 373/373 505/505
f 319/319 560/560 191/191
f 191/191 320/320 319/319
f 354/354 353/353 48/48
f 48/48 121/121 354/354
f 181/181 180/180 195/195
f 195/195 401/401 181/181
f 394/394 167/167 477/477
f 395/395 394/394 476/476
f 8/8 536/536 431/431
f 536/536 8/8 7/7
f 26/26 513/513 361/361
f 513/513 26/26 336/336
f 536/536 343/343 431/431
f 431/431 343/343 299/299
f 149/149 325/325 380/380
f 325/325 149/149 323/323
f 484/484 121/121 120/120
f 120/120 251/251 484/484
f 361/361 514/514 157/157
f 514/514 361/361 513/513
f 531/531 174/174 370/370
f 174/174 531/531 30/30
f 320/320 191/191 190/190
f 190/190 379/379 320/320
f 370/370 176/176 244/244
f 296/296 244/244 176/176
f 192/192 42/42 294/294
f 294/294 293/293 192/192
f 374/374 351/351 375/375
f 375/375 351/351 354/354
f 265/265 268/268 266/266
f 266/266 268/268 270/270
f 343/343 143/143 526/526
f 143/143 523/523 526/526
f 9/9 519/519 360/360
f 360/360 242/242 9/9
f 137/137 34/34 196/196
f 280/280 137/137 196/196
f 434/434 253/253 255/255
f 253/253 434/434 167/167
f 265/265 413/413 412/412
f 267/267 413/413 265/265
f 516/516 515/515 462/462
f 462/462 88/88 516/516
f 282/282 533/533 552/552
f 282/282 284/284 533/533
f 326/326 475/475 324/324
f 324/324 323/323 326/326
f 468/468 365/365 229/229
f 229/229 469/469 468/468
f 61/61 339/339 135/135
f 135/135 62/62 61/61
f 428/428 132/132 228/228
f 132/132 428/428 130/130
f 38/38 37/37 259/259
f 259/259 37/37 445/445
f 115/115 51/51 50/50
f 51/51 115/115 457/457
f 470/470 469/469 241/241
f 469/469 470/470 133/133
f 504/504 427/427 388/388
f 388/388 427/427 389/389
f 123/123 384/384 386/386
f 384/384 123/123 97/97
f 408/408 483/483 250/250
f 509/509 406/406 408/408
f 493/493 393/393 335/335
f 335/335 393/393 392/392
f 25/25 521/521 522/522
f 521/521 25/25 131/131
f 380/380 381/381 12/12
f 381/381 380/380 325/325
f 278/278 136/136 199/199
f 423/423 199/199 136/136
f 554/554 102/102 417/417
f 102/102 554/554 100/100
f 512/512 453/453 511/511
f 511/511 386/386 512/512
f 465/465 334/334 41/41
f 235/235 41/41 334/334
f 56/56 462/462 515/515
f 515/515 57/57 56/56
f 283/283 282/282 75/75
f 75/75 74/74 283/283
f 502/502 356/356 68/68
f 17/17 68/68 356/356
f 247/247 483/483 408/408
f 247/247 119/119 483/483
f 524/524 157/157 514/514
f 157/157 524/524 155/155
f 53/53 501/501 456/456
f 501/501 53/53 380/380
f 496/496 332/332 334/334
f 332/332 496/496 458/458
f 208/208 296/296 298/298
f 176/176 298/298 296/296
f 162/162 197/197 423/423
f 197/197 162/162 100/100
f 88/88 87/87 305/305
f 305/305 516/516 88/88
f 206/206 204/204 530/530
f 204/204 206/206 472/472
f 244/244 243/243 370/370
f 369/369 370/370 243/243
f 199/199 277/277 278/278
f 180/180 278/278 277/277
f 446/446 415/415 188/188
f 415/415 446/446 533/533
f 528/528 466/466 379/379
f 466/466 528/528 163/163
f 81/81 80/80 441/441
f 441/441 440/440 81/81
f 113/113 112/112 317/317
f 112/112 471/471 317/317
f 91/91 52/52 89/89
f 53/53 52/52 185/185
f 47/47 538/538 122/122
f 122/122 48/48 47/47
f 510/510 307/307 261/261
f 461/461 307/307 510/510
f 323/323 151/151 327/327
f 327/327 326/326 323/323
f 308/308 510/510 556/556
f 556/556 542/542 308/308
f 255/255 439/439 256/256
f 255/255 253/253 439/439
f 478/478 146/146 148/148
f 146/146 478/478 563/563
f 256/256 438/438 492/492
f 492/492 335/335 256/256
f 202/202 520/520 285/285
f 520/520 202/202 201/201
f 315/315 425/425 426/426
f 426/426 425/425 389/389
f 114/114 73/73 474/474
f 50/50 73/73 114/114
f 391/391 173/173 392/392
f 522/522 173/173 391/391
f 542/542 54/54 456/456
f 542/542 556/556 54/54
f 134/134 110/110 430/430
f 133/133 110/110 134/134
f 306/306 305/305 437/437
f 437/437 436/436 306/306
f 453/453 397/397 273/273
f 273/273 511/511 453/453
f 362/362 157/157 156/156
f 156/156 359/359 362/362
f 235/235 333/333 234/234
f 334/334 333/333 235/235
f 314/314 313/313 495/495
f 218/218 276/276 57/57
f 57/57 515/515 218/218
f 32/32 363/363 518/518
f 518/518 550/550 32/32
f 559/559 2/2 340/340
f 350/350 2/2 559/559
f 203/203 400/400 47/47
f 400/400 203/203 239/239
f 86/86 553/553 129/129
f 553/553 86/86 462/462
f 76/76 520/520 70/70
f 70/70 69/69 76/76
f 537/537 64/64 198/198
f 198/198 64/64 15/15
f 33/33 550/550 549/549
f 550/550 33/33 32/32
f 432/432 175/175 430/430
f 175/175 432/432 176/176
f 257/257 119/119 118/118
f 257/257 118/118 286/286
f 479/479 293/293 478/478
f 293/293 479/479 193/193
f 455/455 74/74 116/116
f 116/116 454/454 455/455
f 166/166 81/81 440/440
f 440/440 253/253 166/166
f 183/183 43/43 213/213
f 44/44 43/43 183/183
f 72/72 189/189 414/414
f 471/471 189/189 72/72
f 246/246 217/217 369/369
f 243/243 246/246 369/369
f 41/41 40/40 465/465
f 467/467 465/465 40/40
f 411/411 209/209 409/409
f 209/209 411/411 159/159
f 450/450 449/449 451/451
f 451/451 20/20 450/450
f 458/458 331/331 49/49
f 458/458 497/497 331/331
f 93/93 485/485 249/249
f 486/486 485/485 93/93
f 117/117 249/249 287/287
f 287/287 286/286 117/117
f 460/460 407/407 459/459
f 222/222 407/407 460/460
f 495/495 292/292 494/494
f 425/425 494/494 292/292
f 173/173 170/170 390/390
f 390/390 170/170 172/172
f 19/19 404/404 529/529
f 529/529 82/82 19/19
f 419/419 181/181 401/401
f 401/401 239/239 419/419
f 79/79 140/140 139/139
f 79/79 139/139 77/77
f 318/318 207/207 316/316
f 207/207 318/318 296/296
f 563/563 147/147 146/146
f 503/503 147/147 563/563
f 311/311 557/557 488/488
f 16/16 557/557 311/311
f 121/121 484/484 258/258
f 354/354 121/121 258/258
f 491/491 336/336 99/99
f 99/99 336/336 26/26
f 534/534 535/535 107/107
f 107/107 535/535 32/32
f 303/303 546/546 420/420
f 303/303 284/284 546/546
f 466/466 555/555 463/463
f 555/555 498/498 463/463
f 276/276 386/386 385/385
f 385/385 57/57 276/276
f 539/539 104/104 321/321
f 322/322 321/321 104/104
f 340/340 530/530 46/46
f 340/340 1/1 530/530
f 551/551 506/506 66/66
f 506/506 551/551 225/225
f 449/449 168/168 452/452
f 452/452 451/451 449/449
f 289/289 544/544 288/288
f 388/388 544/544 289/289
f 558/558 248/248 405/405
f 405/405 248/248 406/406
f 227/227 429/429 540/540
f 540/540 428/428 227/227
f 348/348 214/214 349/349
f 349/349 214/214 475/475
f 212/212 211/211 210/210
f 210/210 403/403 212/212
f 213/213 383/383 181/181
f 383/383 213/213 212/212
f 328/328 216/216 442/442
f 216/216 328/328 327/327
f 378/378 194/194 193/193
f 193/193 539/539 378/378
f 3/3 448/448 1/1
f 3/3 507/507 448/448
f 77/77 238/238 443/443
f 238/238 77/77 139/139
f 241/241 228/228 132/132
f 228/228 241/241 469/469
f 335/335 562/562 254/254
f 254/254 562/562 126/126
f 476/476 394/394 477/477
f 477/477 396/396 476/476
f 525/525 155/155 524/524
f 155/155 525/525 144/144
f 337/337 444/444 545/545
f 337/337 545/545 394/394
f 290/290 487/487 486/486
f 487/487 290/290 287/287
f 20/20 19/19 82/82
f 82/82 450/450 20/20
f 45/45 272/272 480/480
f 45/45 480/480 482/482
f 217/217 327/327 151/151
f 151/151 369/369 217/217
f 507/507 447/447 111/111
f 112/112 111/111 447/447
f 18/18 527/527 489/489
f 18/18 489/489 16/16
f 532/532 215/215 246/246
f 215/215 532/532 49/49
f 66/66 301/301 561/561
f 561/561 551/551 66/66
f 98/98 126/126 562/562
f 126/126 98/98 124/124
f 541/541 508/508 364/364
f 508/508 541/541 230/230
f 28/28 330/330 366/366
f 263/263 366/366 330/330
f 31/31 543/543 106/106
f 31/31 376/376 543/543
f 15/15 14/14 416/416
f 15/15 416/416 277/277
f 363/363 534/534 200/200
f 310/310 200/200 534/534
f 548/548 461/461 308/308
f 461/461 548/548 516/516
f 13/13 505/505 14/14
f 371/371 14/14 505/505
f 473/473 291/291 495/495
f 495/495 313/313 473/473
f 271/271 482/482 481/481
f 481/481 525/525 271/271
f 59/59 429/429 231/231
f 231/231 60/60 59/59
f 558/558 95/95 93/93
f 95/95 558/558 407/407
f 91/91 185/185 52/52
f 185/185 91/91 150/150
f 509/509 250/250 398/398
f 250/250 509/509 408/408
f 549/549 517/517 352/352
f 352/352 374/374 549/549
f 158/158 404/404 402/402
f 402/402 159/159 158/158
f 523/523 142/142 272/272
f 44/44 523/523 272/272
f 517/517 39/39 38/38
f 38/38 352/352 517/517
f 5/5 377/377 442/442
f 377/377 5/5 555/555
f 459/459 36/36 35/35
f 35/35 137/137 459/459
f 356/356 502/502 357/357
f 502/502 504/504 357/357
f 85/85 547/547 22/22
f 547/547 493/493 22/22
f 191/191 560/560 101/101
f 560/560 102/102 101/101
f 417/417 322/322 103/103
f 103/103 527/527 417/417
f 346/346 490/490 55/55
f 345/345 490/490 346/346
f 226/226 17/17 356/356
f 17/17 226/226 225/225
f 418/418 417/417 527/527
f 527/527 18/18 418/418
f 186/186 282/282 552/552
f 186/186 552/552 37/37
f 171/171 564/564 130/130
f 565/565 566/566 567/567
f 568/568 569/569 570/570
f 571/571 572/572 573/573
f 574/574 575/575 576/576
f 577/577 578/578 579/579
f 580/580 581/581 582/582
f 583/583 584/584 585/585
f 586/586 587/587 588/588
f 589/589 590/590 591/591
f 592/592 593/593 594/594
f 595/595 596/596 597/597
f 576/576 598/598 574/574
f 599/599 600/600 601/601
f 602/602 603/603 590/590
f 604/604 605/605 606/606
f 607/607 608/608 609/609
f 610/610 611/611 612/612
f 613/613 614/614 615/615
f 616/616 617/617 618/618
f 619/619 620/620 621/621
f 622/622 613/613 623/623
f 624/624 625/625 626/626
f 627/627 628/628 629/629
f 630/630 631/631 622/622
f 632/632 629/629 628/628
f 633/633 634/634 635/635
f 636/636 637/637 638/638
f 639/639 640/640 641/641
f 642/642 643/643 644/644
f 645/645 646/646 647/647
f 648/648 649/649 650/650
f 651/651 652/652 620/620
f 653/653 654/654 655/655
f 656/656 657/657 658/658
f 659/659 660/660 598/598
f 592/592 661/661 662/662
f 663/663 664/664 665/665
f 589/589 666/666 667/667
f 654/654 668/668 669/669
f 657/657 670/670 658/658
f 671/671 633/633 672/672
f 673/673 642/642 674/674
f 675/675 676/676 677/677
f 678/678 679/679 680/680
f 681/681 676/676 682/682
f 679/679 611/611 680/680
f 683/683 684/684 685/685
f 686/686 607/607 609/609
f 687/687 572/572 688/688
f 612/612 678/678 610/610
f 689/689 690/690 691/691
f 691/691 692/692 689/689
f 693/693 606/606 605/605
f 694/694 609/609 608/608
f 695/695 567/567 566/566
f 696/696 570/570 569/569
f 661/661 697/697 662/662
f 596/596 698/698 597/597
f 572/572 699/699 700/700
f 578/578 701/701 702/702
f 573/573 703/703 571/571
f 577/577 704/704 705/705
f 706/706 707/707 708/708
f 665/665 709/709 663/663
f 710/710 709/709 711/711
f 590/590 712/712 713/713
f 636/636 714/714 715/715
f 716/716 717/717 718/718
f 654/654 719/719 720/720
f 721/721 722/722 723/723
f 724/724 725/725 726/726
f 647/647 726/726 578/578
f 727/727 728/728 729/729
f 730/730 731/731 732/732
f 733/733 734/734 735/735
f 684/684 683/683 736/736
f 598/598 576/576 737/737
f 738/738 599/599 739/739
f 740/740 741/741 742/742
f 743/743 744/744 745/745
f 746/746 747/747 748/748
f 749/749 750/750 636/636
f 751/751 636/636 752/752
f 748/748 753/753 754/754
f 755/755 756/756 757/757
f 758/758 759/759 760/760
f 761/761 762/762 763/763
f 762/762 755/755 763/763
f 759/759 764/764 760/760
f 765/765 580/580 582/582
f 766/766 767/767 768/768
f 769/769 767/767 766/766
f 748/748 766/766 768/768
f 751/751 770/770 771/771
f 772/772 773/773 774/774
f 775/775 776/776 777/777
f 778/778 779/779 780/780
f 779/779 583/583 780/780
f 587/587 781/781 588/588
f 782/782 783/783 784/784
f 785/785 786/786 787/787
f 788/788 789/789 790/790
f 592/592 791/791 792/792
f 595/595 793/793 794/794
f 698/698 795/795 796/796
f 660/660 659/659 797/797
f 798/798 799/799 800/800
f 801/801 802/802 803/803
f 804/804 805/805 806/806
f 807/807 653/653 808/808
f 657/657 809/809 810/810
f 811/811 812/812 813/813
f 692/692 814/814 815/815
f 816/816 817/817 772/772
f 818/818 819/819 820/820
f 821/821 822/822 823/823
f 758/758 726/726 824/824
f 825/825 826/826 827/827
f 726/726 647/647 724/724
f 647/647 828/828 829/829
f 830/830 728/728 727/727
f 831/831 832/832 833/833
f 834/834 835/835 836/836
f 837/837 838/838 839/839
f 840/840 841/841 842/842
f 843/843 844/844 845/845
f 846/846 847/847 848/848
f 849/849 650/650 850/850
f 851/851 844/844 852/852
f 853/853 842/842 841/841
f 854/854 855/855 856/856
f 857/857 858/858 859/859
f 620/620 860/860 651/651
f 861/861 862/862 863/863
f 687/687 688/688 864/864
f 586/586 865/865 866/866
f 867/867 868/868 869/869
f 717/717 870/870 718/718
f 584/584 583/583 871/871
f 778/778 871/871 872/872
f 624/624 873/873 625/625
f 776/776 874/874 777/777
f 875/875 876/876 877/877
f 785/785 878/878 786/786
f 616/616 875/875 879/879
f 880/880 881/881 882/882
f 699/699 703/703 700/700
f 701/701 883/883 702/702
f 799/799 884/884 885/885
f 619/619 886/886 887/887
f 839/839 888/888 837/837
f 889/889 890/890 891/891
f 751/751 892/892 770/770
f 893/893 894/894 895/895
f 633/633 896/896 634/634
f 725/725 897/897 726/726
f 898/898 685/685 684/684
f 607/607 686/686 831/831
f 899/899 900/900 809/809
f 670/670 901/901 902/902
f 903/903 904/904 854/854
f 653/653 905/905 808/808
f 871/871 778/778 584/584
f 778/778 906/906 907/907
f 908/908 909/909 910/910
f 911/911 912/912 834/834
f 846/846 913/913 847/847
f 641/641 914/914 639/639
f 915/915 916/916 674/674
f 845/845 917/917 843/843
f 777/777 772/772 775/775
f 826/826 918/918 827/827
f 593/593 919/919 920/920
f 921/921 922/922 923/923
f 924/924 925/925 926/926
f 927/927 885/885 884/884
f 751/751 928/928 929/929
f 930/930 931/931 932/932
f 933/933 934/934 753/753
f 935/935 936/936 937/937
f 619/619 938/938 886/886
f 882/882 939/939 940/940
f 654/654 653/653 734/734
f 941/941 942/942 830/830
f 943/943 944/944 945/945
f 946/946 947/947 948/948
f 949/949 945/945 944/944
f 950/950 948/948 947/947
f 576/576 951/951 952/952
f 756/756 761/761 757/757
f 953/953 954/954 955/955
f 956/956 957/957 958/958
f 959/959 960/960 961/961
f 690/690 624/624 962/962
f 963/963 801/801 964/964
f 965/965 966/966 967/967
f 968/968 969/969 654/654
f 970/970 971/971 972/972
f 973/973 970/970 972/972
f 974/974 975/975 976/976
f 977/977 978/978 979/979
f 603/603 602/602 980/980
f 576/576 981/981 951/951
f 982/982 910/910 983/983
f 984/984 849/849 727/727
f 881/881 880/880 887/887
f 656/656 985/985 657/657
f 986/986 987/987 988/988
f 989/989 616/616 990/990
f 991/991 992/992 993/993
f 992/992 994/994 993/993
f 993/993 995/995 862/862
f 996/996 997/997 998/998
f 999/999 1000/1000 1001/1001
f 636/636 1002/1002 637/637
f 1003/1003 998/998 997/997
f 1004/1004 1005/1005 749/749
f 1006/1006 751/751 746/746
f 711/711 664/664 710/710
f 1007/1007 593/593 912/912
f 1008/1008 1009/1009 1010/1010
f 642/642 673/673 643/643
f 1011/1011 635/635 634/634
f 647/647 829/829 1012/1012
f 1013/1013 595/595 795/795
f 795/795 698/698 1013/1013
f 692/692 691/691 814/814
f 772/772 774/774 1014/1014
f 1015/1015 626/626 625/625
f 1016/1016 1017/1017 1018/1018
f 703/703 573/573 1019/1019
f 572/572 700/700 1020/1020
f 578/578 702/702 579/579
f 1021/1021 704/704 1022/1022
f 664/664 663/663 1023/1023
f 707/707 666/666 708/708
f 590/590 713/713 591/591
f 709/709 710/710 1024/1024
f 758/758 760/760 1025/1025
f 580/580 765/765 1026/1026
f 761/761 763/763 1027/1027
f 755/755 757/757 1028/1028
f 864/864 586/586 783/783
f 783/783 782/782 864/864
f 778/778 780/780 906/906
f 586/586 588/588 865/865
f 782/782 784/784 1029/1029
f 583/583 585/585 1030/1030
f 592/592 662/662 791/791
f 698/698 796/796 1031/1031
f 595/595 597/597 793/793
f 660/660 797/797 1032/1032
f 611/611 610/610 1033/1033
f 678/678 680/680 1034/1034
f 613/613 615/615 623/623
f 676/676 675/675 682/682
f 820/820 1035/1035 1036/1036
f 1037/1037 821/821 823/823
f 1038/1038 827/827 1039/1039
f 1040/1040 872/872 871/871
f 1041/1041 1042/1042 1043/1043
f 838/838 1044/1044 1045/1045
f 811/811 813/813 1046/1046
f 1047/1047 955/955 954/954
f 1048/1048 858/858 857/857
f 1049/1049 854/854 856/856
f 609/609 1050/1050 686/686
f 650/650 1051/1051 732/732
f 1052/1052 1053/1053 1054/1054
f 1055/1055 1056/1056 1057/1057
f 1058/1058 599/599 1052/1052
f 1056/1056 834/834 1059/1059
f 1060/1060 1061/1061 1062/1062
f 745/745 1063/1063 743/743
f 860/860 1064/1064 651/651
f 786/786 878/878 1065/1065
f 1066/1066 1067/1067 959/959
f 959/959 1068/1068 960/960
f 753/753 1069/1069 754/754
f 1070/1070 1071/1071 751/751
f 1072/1072 1073/1073 1074/1074
f 930/930 1075/1075 1076/1076
f 737/737 576/576 1077/1077
f 839/839 1078/1078 1079/1079
f 1080/1080 1081/1081 1082/1082
f 798/798 1083/1083 1084/1084
f 833/833 607/607 831/831
f 731/731 730/730 1085/1085
f 1053/1053 1086/1086 1087/1087
f 1088/1088 1053/1053 738/738
f 890/890 1089/1089 1090/1090
f 1089/1089 1091/1091 1092/1092
f 741/741 1093/1093 742/742
f 1094/1094 811/811 1046/1046
f 976/976 975/975 963/963
f 1095/1095 1096/1096 1097/1097
f 603/603 595/595 1013/1013
f 1098/1098 758/758 1025/1025
f 876/876 989/989 1099/1099
f 876/876 1100/1100 1101/1101
f 1102/1102 1103/1103 1104/1104
f 1105/1105 619/619 1106/1106
f 869/869 1107/1107 867/867
f 1108/1108 1109/1109 1110/1110
f 1111/1111 1112/1112 913/913
f 1113/1113 1114/1114 1115/1115
f 647/647 646/646 828/828
f 1116/1116 642/642 644/644
f 725/725 1008/1008 1117/1117
f 896/896 1116/1116 634/634
f 776/776 1016/1016 1118/1118
f 772/772 817/817 773/773
f 1119/1119 692/692 815/815
f 873/873 1119/1119 625/625
f 821/821 1120/1120 822/822
f 770/770 1121/1121 771/771
f 653/653 807/807 657/657
f 657/657 1122/1122 1123/1123
f 895/895 1124/1124 1125/1125
f 636/636 1126/1126 752/752
f 1127/1127 604/604 1128/1128
f 1050/1050 609/609 1129/1129
f 1130/1130 712/712 590/590
f 1131/1131 594/594 593/593
f 631/631 613/613 622/622
f 777/777 1132/1132 1133/1133
f 1134/1134 679/679 1135/1135
f 677/677 1136/1136 1137/1137
f 627/627 908/908 910/910
f 844/844 851/851 842/842
f 725/725 724/724 1008/1008
f 635/635 1138/1138 1139/1139
f 1140/1140 1008/1008 1141/1141
f 633/633 635/635 1142/1142
f 624/624 626/626 962/962
f 1143/1143 1016/1016 1144/1144
f 626/626 1145/1145 1146/1146
f 776/776 775/775 1016/1016
f 881/881 1147/1147 882/882
f 1148/1148 1149/1149 1101/1101
f 1150/1150 1151/1151 928/928
f 1071/1071 1070/1070 1152/1152
f 1153/1153 931/931 1150/1150
f 1154/1154 1155/1155 932/932
f 1156/1156 973/973 1157/1157
f 734/734 733/733 654/654
f 1158/1158 701/701 578/578
f 703/703 1159/1159 688/688
f 1160/1160 924/924 987/987
f 974/974 1161/1161 1162/1162
f 1163/1163 1164/1164 909/909
f 1165/1165 909/909 1166/1166
f 1109/1109 1167/1167 1110/1110
f 1168/1168 1169/1169 1170/1170
f 1171/1171 1172/1172 1173/1173
f 1061/1061 1174/1174 1062/1062
f 1175/1175 1176/1176 645/645
f 915/915 1177/1177 1178/1178
f 1179/1179 612/612 1180/1180
f 1181/1181 1182/1182 1183/1183
f 1184/1184 1185/1185 1186/1186
f 1187/1187 980/980 602/602
f 1188/1188 1189/1189 601/601
f 1077/1077 1079/1079 737/737
f 844/844 1190/1190 845/845
f 1191/1191 853/853 1192/1192
f 1180/1180 1193/1193 1179/1179
f 1194/1194 614/614 613/613
f 1195/1195 1196/1196 1197/1197
f 1198/1198 1199/1199 1197/1197
f 1199/1199 820/820 1036/1036
f 1120/1120 1200/1200 1201/1201
f 1202/1202 1203/1203 1204/1204
f 593/593 1205/1205 1206/1206
f 674/674 916/916 1207/1207
f 1208/1208 1209/1209 1210/1210
f 1211/1211 1212/1212 728/728
f 1212/1212 1211/1211 1213/1213
f 606/606 1128/1128 604/604
f 607/607 833/833 1128/1128
f 1214/1214 845/845 1190/1190
f 841/841 1192/1192 853/853
f 654/654 1215/1215 655/655
f 810/810 1216/1216 657/657
f 1104/1104 1065/1065 878/878
f 1217/1217 1218/1218 1219/1219
f 944/944 1220/1220 949/949
f 1221/1221 946/946 1222/1222
f 1223/1223 949/949 1220/1220
f 948/948 1222/1222 946/946
f 753/753 1224/1224 1225/1225
f 1226/1226 751/751 1227/1227
f 1076/1076 1075/1075 1226/1226
f 936/936 935/935 1228/1228
f 824/824 759/759 758/758
f 1229/1229 896/896 633/633
f 955/955 1047/1047 1230/1230
f 857/857 859/859 1231/1231
f 965/965 1232/1232 971/971
f 1233/1233 968/968 654/654
f 884/884 1234/1234 1235/1235
f 1236/1236 1237/1237 973/973
f 786/786 1238/1238 787/787
f 1239/1239 1240/1240 1241/1241
f 1242/1242 1243/1243 1244/1244
f 1245/1245 1246/1246 981/981
f 1247/1247 1248/1248 1249/1249
f 1115/1115 789/789 788/788
f 692/692 1250/1250 689/689
f 1251/1251 1252/1252 816/816
f 1253/1253 1254/1254 898/898
f 1255/1255 1005/1005 686/686
f 1256/1256 1257/1257 1064/1064
f 1065/1065 1104/1104 1257/1257
f 920/920 919/919 1258/1258
f 1259/1259 923/923 1260/1260
f 1261/1261 1073/1073 1072/1072
f 1197/1197 1262/1262 1198/1198
f 1263/1263 1264/1264 1196/1196
f 930/930 1074/1074 1265/1265
f 1266/1266 1203/1203 1202/1202
f 1267/1267 1268/1268 600/600
f 1078/1078 839/839 1269/1269
f 923/923 1259/1259 921/921
f 1270/1270 856/856 1048/1048
f 1271/1271 1272/1272 1273/1273
f 1274/1274 857/857 1275/1275
f 1275/1275 1276/1276 1274/1274
f 1277/1277 967/967 1278/1278
f 1274/1274 1279/1279 1272/1272
f 1276/1276 966/966 965/965
f 1276/1276 1275/1275 1280/1280
f 1063/1063 745/745 1061/1061
f 742/742 1093/1093 1281/1281
f 1282/1282 1283/1283 1105/1105
f 1284/1284 1285/1285 1286/1286
f 631/631 630/630 918/918
f 1133/1133 1132/1132 1184/1184
f 1209/1209 1208/1208 917/917
f 917/917 845/845 1287/1287
f 868/868 867/867 716/716
f 997/997 996/996 999/999
f 1207/1207 916/916 1067/1067
f 687/687 1288/1288 572/572
f 1289/1289 798/798 1084/1084
f 926/926 1290/1290 924/924
f 1291/1291 801/801 963/963
f 1277/1277 1291/1291 963/963
f 1251/1251 589/589 667/667
f 1292/1292 1293/1293 1187/1187
f 1294/1294 891/891 1295/1295
f 1092/1092 1296/1296 1297/1297
f 1298/1298 714/714 636/636
f 636/636 750/750 641/641
f 685/685 898/898 1254/1254
f 1247/1247 1299/1299 1300/1300
f 1075/1075 930/930 1301/1301
f 937/937 1301/1301 935/935
f 954/954 953/953 956/956
f 744/744 743/743 740/740
f 854/854 1049/1049 1302/1302
f 957/957 956/956 953/953
f 720/720 719/719 721/721
f 902/902 658/658 670/670
f 1155/1155 1154/1154 1303/1303
f 1151/1151 1150/1150 934/934
f 1199/1199 1198/1198 1263/1263
f 1200/1200 1120/1120 821/821
f 922/922 921/921 839/839
f 1045/1045 1043/1043 1042/1042
f 1107/1107 869/869 1109/1109
f 718/718 870/870 1304/1304
f 807/807 809/809 657/657
f 811/811 1094/1094 806/806
f 751/751 929/929 1305/1305
f 1228/1228 1306/1306 936/936
f 1213/1213 619/619 1212/1212
f 1307/1307 736/736 683/683
f 1308/1308 983/983 910/910
f 1308/1308 910/910 911/911
f 770/770 892/892 893/893
f 822/822 819/819 818/818
f 1309/1309 803/803 1310/1310
f 1311/1311 964/964 801/801
f 1312/1312 1232/1232 1313/1313
f 1156/1156 1314/1314 1315/1315
f 823/823 822/822 818/818
f 998/998 1003/1003 1316/1316
f 578/578 1317/1317 1318/1318
f 1319/1319 1039/1039 1317/1317
f 1320/1320 1321/1321 1322/1322
f 1323/1323 800/800 799/799
f 751/751 1226/1226 753/753
f 747/747 746/746 751/751
f 1324/1324 1101/1101 618/618
f 877/877 1325/1325 875/875
f 1101/1101 1324/1324 1148/1148
f 1147/1147 1326/1326 1327/1327
f 994/994 1328/1328 1329/1329
f 990/990 1330/1330 989/989
f 1331/1331 618/618 1101/1101
f 861/861 618/618 1331/1331
f 1044/1044 1043/1043 1045/1045
f 1204/1204 1332/1332 1333/1333
f 1334/1334 875/875 785/785
f 875/875 616/616 882/882
f 914/914 895/895 1125/1125
f 1335/1335 1336/1336 914/914
f 1337/1337 908/908 1210/1210
f 961/961 624/624 690/690
f 925/925 802/802 801/801
f 1160/1160 1161/1161 1310/1310
f 833/833 1085/1085 730/730
f 1338/1338 1339/1339 833/833
f 1231/1231 859/859 903/903
f 859/859 904/904 903/903
f 1261/1261 1301/1301 930/930
f 1264/1264 1263/1263 1198/1198
f 838/838 837/837 1052/1052
f 1052/1052 599/599 1056/1056
f 827/827 1038/1038 825/825
f 1340/1340 979/979 978/978
f 608/608 1221/1221 694/694
f 1220/1220 693/693 1223/1223
f 1341/1341 1342/1342 1287/1287
f 1342/1342 1341/1341 851/851
f 899/899 808/808 905/905
f 1046/1046 813/813 804/804
f 605/605 1223/1223 693/693
f 1222/1222 694/694 1221/1221
f 947/947 696/696 950/950
f 566/566 943/943 695/695
f 1343/1343 1344/1344 1345/1345
f 1110/1110 1167/1167 1169/1169
f 1346/1346 1347/1347 1348/1348
f 1062/1062 1174/1174 1172/1172
f 569/569 950/950 696/696
f 945/945 695/695 943/943
f 901/901 670/670 669/669
f 655/655 1215/1215 1216/1216
f 1192/1192 565/565 1191/1191
f 570/570 1214/1214 568/568
f 648/648 849/849 887/887
f 650/650 849/849 648/648
f 567/567 1191/1191 565/565
f 1190/1190 568/568 1214/1214
f 1349/1349 1350/1350 737/737
f 1260/1260 1351/1351 1350/1350
f 754/754 1069/1069 771/771
f 771/771 1121/1121 754/754
f 1053/1053 1052/1052 837/837
f 738/738 1053/1053 1089/1089
f 638/638 637/637 639/639
f 1126/1126 1125/1125 1124/1124
f 1173/1173 1172/1172 1174/1174
f 741/741 740/740 743/743
f 1170/1170 1169/1169 1167/1167
f 717/717 716/716 867/867
f 572/572 571/571 688/688
f 688/688 571/571 703/703
f 858/858 1048/1048 856/856
f 658/658 902/902 668/668
f 1352/1352 917/917 1208/1208
f 982/982 1352/1352 1208/1208
f 969/969 968/968 1353/1353
f 722/722 721/721 719/719
f 1135/1135 678/678 1182/1182
f 678/678 1135/1135 679/679
f 1225/1225 936/936 1306/1306
f 934/934 933/933 1151/1151
f 1354/1354 1355/1355 1356/1356
f 1357/1357 1358/1358 1359/1359
f 735/735 1360/1360 736/736
f 1361/1361 942/942 1360/1360
f 785/785 1362/1362 1334/1334
f 989/989 876/876 991/991
f 971/971 970/970 1277/1277
f 1279/1279 1274/1274 1276/1276
f 993/993 1363/1363 1249/1249
f 1241/1241 860/860 1239/1239
f 1156/1156 1235/1235 1364/1364
f 1364/1364 1235/1235 1234/1234
f 785/785 1284/1284 1219/1219
f 1365/1365 1106/1106 1219/1219
f 992/992 991/991 1238/1238
f 1328/1328 1366/1366 1100/1100
f 772/772 777/777 1133/1133
f 589/589 1251/1251 1293/1293
f 931/931 1153/1153 932/932
f 932/932 1367/1367 1154/1154
f 1348/1348 1171/1171 1346/1346
f 1061/1061 1060/1060 1063/1063
f 1345/1345 1168/1168 1343/1343
f 1109/1109 1108/1108 1107/1107
f 856/856 1270/1270 1049/1049
f 1273/1273 1280/1280 1275/1275
f 1219/1219 1106/1106 1217/1217
f 1103/1103 1102/1102 652/652
f 1007/1007 1368/1368 593/593
f 1368/1368 1007/1007 910/910
f 1361/1361 657/657 985/985
f 1122/1122 657/657 1361/1361
f 599/599 1369/1369 1370/1370
f 1371/1371 1266/1266 1202/1202
f 1370/1370 1369/1369 836/836
f 1053/1053 1266/1266 1371/1371
f 599/599 1372/1372 1295/1295
f 1297/1297 1373/1373 1092/1092
f 1053/1053 1373/1373 1297/1297
f 1295/1295 1372/1372 1294/1294
f 991/991 993/993 989/989
f 650/650 649/649 790/790
f 1326/1326 1374/1374 617/617
f 886/886 938/938 1375/1375
f 952/952 1376/1376 889/889
f 1079/1079 1077/1077 1377/1377
f 985/985 723/723 1378/1378
f 1160/1160 1379/1379 1161/1161
f 982/982 983/983 951/951
f 890/890 889/889 1376/1376
f 1178/1178 1380/1380 1288/1288
f 1380/1380 1178/1178 1177/1177
f 1325/1325 877/877 939/939
f 940/940 939/939 877/877
f 862/862 995/995 990/990
f 1330/1330 990/990 995/995
f 1129/1129 1381/1381 1050/1050
f 1381/1381 1129/1129 1382/1382
f 1206/1206 1205/1205 1383/1383
f 835/835 1384/1384 1267/1267
f 1385/1385 872/872 1040/1040
f 1385/1385 918/918 630/630
f 821/821 1037/1037 820/820
f 1000/1000 999/999 996/996
f 1386/1386 1201/1201 1200/1200
f 1199/1199 1201/1201 1386/1386
f 1387/1387 1388/1388 923/923
f 1388/1388 592/592 792/792
f 1059/1059 836/836 1369/1369
f 836/836 1059/1059 834/834
f 1298/1298 641/641 1389/1389
f 641/641 1298/1298 636/636
f 951/951 1390/1390 982/982
f 1243/1243 1352/1352 982/982
f 894/894 893/893 892/892
f 752/752 1126/1126 1124/1124
f 857/857 1302/1302 1049/1049
f 1302/1302 857/857 1231/1231
f 791/791 1391/1391 1392/1392
f 1393/1393 796/796 1394/1394
f 797/797 1395/1395 1396/1396
f 1397/1397 793/793 1398/1398
f 906/906 1399/1399 1400/1400
f 1401/1401 865/865 588/588
f 1402/1402 784/784 1403/1403
f 1399/1399 585/585 1404/1404
f 744/744 1281/1281 1405/1405
f 1405/1405 1281/1281 1093/1093
f 1112/1112 1111/1111 1406/1406
f 789/789 1406/1406 790/790
f 573/573 1407/1407 1019/1019
f 579/579 1408/1408 577/577
f 704/704 1409/1409 1410/1410
f 572/572 1020/1020 1411/1411
f 1412/1412 1413/1413 1414/1414
f 710/710 1415/1415 1024/1024
f 664/664 1023/1023 1416/1416
f 591/591 1417/1417 589/589
f 1418/1418 888/888 1091/1091
f 1377/1377 1419/1419 1079/1079
f 691/691 1146/1146 1145/1145
f 775/775 1144/1144 1016/1016
f 690/690 962/962 1420/1420
f 772/772 1014/1014 1421/1421
f 828/828 1422/1422 829/829
f 725/725 1117/1117 1423/1423
f 1029/1029 1424/1424 781/781
f 780/780 1425/1425 906/906
f 588/588 1426/1426 1401/1401
f 583/583 1030/1030 1427/1427
f 776/776 1118/1118 1428/1428
f 773/773 1429/1429 774/774
f 673/673 1139/1139 1138/1138
f 633/633 1142/1142 672/672
f 647/647 1012/1012 1430/1430
f 724/724 1141/1141 1008/1008
f 698/698 1031/1031 1431/1431
f 662/662 1396/1396 1395/1395
f 1032/1032 1432/1432 697/697
f 597/597 1398/1398 793/793
f 595/595 794/794 1433/1433
f 795/795 1394/1394 796/796
f 792/792 1434/1434 1388/1388
f 659/659 1392/1392 1391/1391
f 702/702 1410/1410 1409/1409
f 1022/1022 1435/1435 883/883
f 703/703 1019/1019 1436/1436
f 700/700 1437/1437 1020/1020
f 760/760 1438/1438 1439/1439
f 763/763 1440/1440 1027/1027
f 1026/1026 1441/1441 764/764
f 755/755 1028/1028 1442/1442
f 1226/1226 1443/1443 1224/1224
f 1224/1224 753/753 1226/1226
f 680/680 1444/1444 1034/1034
f 615/615 1445/1445 1446/1446
f 682/682 1447/1447 681/681
f 611/611 1033/1033 1448/1448
f 783/783 1403/1403 784/784
f 778/778 907/907 1449/1449
f 586/586 866/866 1450/1450
f 1400/1400 907/907 906/906
f 713/713 1414/1414 1413/1413
f 709/709 1024/1024 1451/1451
f 708/708 1452/1452 706/706
f 663/663 1453/1453 1023/1023
f 1025/1025 1454/1454 1098/1098
f 757/757 1455/1455 1028/1028
f 765/765 1439/1439 1438/1438
f 761/761 1027/1027 1456/1456
f 678/678 1034/1034 1457/1457
f 610/610 1458/1458 1033/1033
f 623/623 1459/1459 622/622
f 675/675 1446/1446 1445/1445
f 1005/1005 1255/1255 1460/1460
f 1051/1051 1050/1050 732/732
f 1461/1461 1462/1462 660/660
f 698/698 596/596 697/697
f 1291/1291 1277/1277 970/970
f 1463/1463 973/973 1237/1237
f 1464/1464 697/697 661/661
f 661/661 1465/1465 1464/1464
f 839/839 1466/1466 922/922
f 838/838 1466/1466 839/839
f 1280/1280 1273/1273 1272/1272
f 1278/1278 967/967 966/966
f 1262/1262 1197/1197 1196/1196
f 1265/1265 1074/1074 1073/1073
f 583/583 1467/1467 871/871
f 1159/1159 703/703 1468/1468
f 1356/1356 1355/1355 1469/1469
f 1469/1469 1470/1470 1356/1356
f 1443/1443 1471/1471 1224/1224
f 1301/1301 937/937 1075/1075
f 1247/1247 1472/1472 1299/1299
f 1299/1299 1473/1473 1474/1474
f 1168/1168 1345/1345 1169/1169
f 1169/1169 1475/1475 1110/1110
f 1171/1171 1348/1348 1172/1172
f 1172/1172 1476/1476 1062/1062
f 704/704 1021/1021 705/705
f 915/915 705/705 1021/1021
f 1001/1001 1316/1316 999/999
f 1316/1316 1001/1001 998/998
f 1002/1002 1477/1477 1478/1478
f 636/636 1477/1477 1002/1002
f 1213/1213 1307/1307 1479/1479
f 927/927 735/735 885/885
f 758/758 1098/1098 978/978
f 978/978 977/977 758/758
f 958/958 1230/1230 956/956
f 1230/1230 958/958 955/955
f 666/666 707/707 667/667
f 1252/1252 1250/1250 692/692
f 806/806 807/807 804/804
f 807/807 806/806 1094/1094
f 665/665 1480/1480 1164/1164
f 1164/1164 1166/1166 909/909
f 857/857 1274/1274 1048/1048
f 1272/1272 1271/1271 1274/1274
f 1229/1229 1244/1244 756/756
f 1244/1244 1243/1243 1481/1481
f 1175/1175 577/577 705/705
f 578/578 577/577 1175/1175
f 900/900 899/899 905/905
f 1216/1216 810/810 655/655
f 812/812 1482/1482 805/805
f 811/811 1482/1482 812/812
f 1321/1321 800/800 1322/1322
f 1080/1080 1083/1083 1081/1081
f 590/590 589/589 602/602
f 1293/1293 1292/1292 589/589
f 1115/1115 1335/1335 1113/1113
f 1335/1335 1300/1300 1299/1299
f 968/968 1233/1233 1483/1483
f 976/976 1309/1309 974/974
f 651/651 1064/1064 1257/1257
f 652/652 651/651 1103/1103
f 821/821 1263/1263 1200/1200
f 1196/1196 1195/1195 1263/1263
f 925/925 1236/1236 1234/1234
f 1234/1234 1236/1236 1364/1364
f 612/612 1182/1182 678/678
f 612/612 1179/1179 1182/1182
f 984/984 619/619 887/887
f 849/849 984/984 887/887
f 807/807 1484/1484 804/804
f 804/804 1484/1484 1046/1046
f 639/639 1478/1478 640/640
f 640/640 1478/1478 1477/1477
f 874/874 1119/1119 873/873
f 1193/1193 1180/1180 1485/1485
f 668/668 1486/1486 669/669
f 1486/1486 668/668 902/902
f 639/639 1487/1487 638/638
f 914/914 1487/1487 639/639
f 1488/1488 1489/1489 1290/1290
f 1490/1490 986/986 988/988
f 1035/1035 768/768 1036/1036
f 768/768 1035/1035 1491/1491
f 1152/1152 1492/1492 1071/1071
f 1152/1152 753/753 934/934
f 855/855 669/669 856/856
f 669/669 855/855 901/901
f 831/831 1493/1493 832/832
f 1493/1493 831/831 1494/1494
f 697/697 1464/1464 698/698
f 698/698 1464/1464 1013/1013
f 1423/1423 1117/1117 1495/1495
f 1496/1496 634/634 1010/1010
f 634/634 1496/1496 1011/1011
f 644/644 1495/1495 1116/1116
f 1497/1497 625/625 1018/1018
f 1428/1428 1118/1118 1498/1498
f 815/815 1498/1498 1119/1119
f 625/625 1497/1497 1015/1015
f 1353/1353 1162/1162 969/969
f 1162/1162 1353/1353 974/974
f 1190/1190 844/844 853/853
f 842/842 853/853 844/844
f 833/833 1382/1382 1499/1499
f 1499/1499 1382/1382 1129/1129
f 1009/1009 829/829 1422/1422
f 643/643 1011/1011 1496/1496
f 814/814 1015/1015 1497/1497
f 1017/1017 774/774 1429/1429
f 1257/1257 1256/1256 1065/1065
f 1500/1500 1359/1359 1358/1358
f 1501/1501 805/805 1482/1482
f 805/805 1501/1501 806/806
f 1502/1502 1304/1304 870/870
f 868/868 1304/1304 1502/1502
f 1269/1269 1503/1503 1078/1078
f 1503/1503 1269/1269 1259/1259
f 608/608 607/607 606/606
f 1128/1128 606/606 607/607
f 1096/1096 1095/1095 963/963
f 963/963 1095/1095 1277/1277
f 820/820 1199/1199 821/821
f 1263/1263 821/821 1199/1199
f 583/583 779/779 781/781
f 1137/1137 1504/1504 782/782
f 834/834 1056/1056 599/599
f 983/983 1308/1308 599/599
f 1105/1105 1365/1365 1282/1282
f 1365/1365 1105/1105 1106/1106
f 1505/1505 906/906 1425/1425
f 784/784 1401/1401 1426/1426
f 1085/1085 727/727 849/849
f 830/830 727/727 1506/1506
f 726/726 758/758 1507/1507
f 1317/1317 578/578 726/726
f 604/604 1127/1127 609/609
f 609/609 694/694 604/604
f 1189/1189 1188/1188 1508/1508
f 889/889 1508/1508 1509/1509
f 630/630 872/872 1385/1385
f 872/872 630/630 778/778
f 616/616 1327/1327 617/617
f 617/617 1327/1327 1326/1326
f 799/799 798/798 884/884
f 1289/1289 884/884 798/798
f 1100/1100 1329/1329 1328/1328
f 876/876 1329/1329 1100/1100
f 841/841 840/840 845/845
f 845/845 1214/1214 841/841
f 1313/1313 1097/1097 1312/1312
f 1097/1097 1313/1313 1095/1095
f 1510/1510 1258/1258 1387/1387
f 1258/1258 1510/1510 922/922
f 896/896 1511/1511 897/897
f 897/897 725/725 896/896
f 751/751 1071/1071 928/928
f 1367/1367 932/932 1153/1153
f 935/935 1301/1301 1155/1155
f 1301/1301 1261/1261 1072/1072
f 1109/1109 1512/1512 1513/1513
f 1512/1512 1109/1109 869/869
f 1061/1061 1514/1514 1515/1515
f 1514/1514 1061/1061 745/745
f 584/584 1404/1404 585/585
f 1516/1516 866/866 865/865
f 1375/1375 881/881 886/886
f 887/887 886/886 881/881
f 848/848 1005/1005 1517/1517
f 749/749 1005/1005 848/848
f 694/694 1222/1222 605/605
f 605/605 604/604 694/694
f 1518/1518 709/709 665/665
f 712/712 706/706 713/713
f 606/606 693/693 608/608
f 1221/1221 608/608 693/693
f 1222/1222 948/948 1223/1223
f 1223/1223 605/605 1222/1222
f 693/693 1220/1220 1221/1221
f 946/946 1221/1221 1220/1220
f 944/944 943/943 947/947
f 696/696 947/947 943/943
f 1220/1220 944/944 946/946
f 947/947 946/946 944/944
f 914/914 1519/1519 1335/1335
f 914/914 641/641 1519/1519
f 950/950 569/569 945/945
f 945/945 949/949 950/950
f 948/948 950/950 949/949
f 949/949 1223/1223 948/948
f 1044/1044 1333/1333 1043/1043
f 1205/1205 593/593 1043/1043
f 943/943 566/566 696/696
f 696/696 566/566 565/565
f 567/567 695/695 569/569
f 569/569 695/695 945/945
f 565/565 1192/1192 570/570
f 570/570 696/696 565/565
f 1191/1191 567/567 568/568
f 569/569 568/568 567/567
f 764/764 580/580 1026/1026
f 575/575 762/762 761/761
f 1285/1285 1284/1284 785/785
f 785/785 875/875 882/882
f 1120/1120 1491/1491 822/822
f 822/822 1491/1491 1035/1035
f 1214/1214 570/570 1192/1192
f 1192/1192 841/841 1214/1214
f 853/853 1191/1191 1190/1190
f 568/568 1190/1190 1191/1191
f 986/986 1490/1490 1084/1084
f 1520/1520 1080/1080 1082/1082
f 728/728 830/830 1323/1323
f 728/728 1323/1323 1521/1521
f 737/737 1522/1522 1349/1349
f 1522/1522 737/737 1079/1079
f 803/803 1311/1311 801/801
f 973/973 972/972 1157/1157
f 860/860 1241/1241 1357/1357
f 1241/1241 1358/1358 1357/1357
f 1333/1333 1044/1044 1204/1204
f 1056/1056 1055/1055 1044/1044
f 1494/1494 686/686 1005/1005
f 686/686 1494/1494 831/831
f 630/630 677/677 778/778
f 778/778 677/677 1137/1137
f 595/595 582/582 1461/1461
f 603/603 582/582 595/595
f 1460/1460 1517/1517 1005/1005
f 913/913 846/846 1111/1111
f 1177/1177 699/699 572/572
f 883/883 1021/1021 1022/1022
f 910/910 982/982 628/628
f 910/910 628/628 627/627
f 1287/1287 1523/1523 1341/1341
f 845/845 1523/1523 1287/1287
f 672/672 673/673 671/671
f 1524/1524 1012/1012 829/829
f 681/681 1180/1180 679/679
f 614/614 681/681 615/615
f 1132/1132 1525/1525 1184/1184
f 1526/1526 918/918 826/826
f 1409/1409 704/704 1527/1527
f 1527/1527 1020/1020 1437/1437
f 1413/1413 1412/1412 1528/1528
f 1528/1528 1023/1023 1453/1453
f 1426/1426 588/588 1529/1529
f 1427/1427 1030/1030 1424/1424
f 1146/1146 691/691 1530/1530
f 1421/1421 1014/1014 1420/1420
f 1431/1431 1031/1031 1432/1432
f 1396/1396 662/662 1531/1531
f 1532/1532 1533/1533 621/621
f 1218/1218 1217/1217 1532/1532
f 1439/1439 765/765 1534/1534
f 1534/1534 1027/1027 1440/1440
f 1445/1445 615/615 1535/1535
f 1535/1535 1033/1033 1458/1458
f 1536/1536 1019/1019 1407/1407
f 1410/1410 702/702 1536/1536
f 1438/1438 760/760 1537/1537
f 1537/1537 1028/1028 1455/1455
f 1538/1538 1024/1024 1415/1415
f 1414/1414 713/713 1538/1538
f 1539/1539 1034/1034 1444/1444
f 1446/1446 675/675 1539/1539
f 1540/1540 794/794 793/793
f 1388/1388 1434/1434 659/659
f 838/838 1052/1052 1056/1056
f 1044/1044 1541/1541 1056/1056
f 781/781 587/587 583/583
f 1467/1467 583/583 587/587
f 850/850 650/650 732/732
f 850/850 732/732 731/731
f 1542/1542 620/620 1479/1479
f 1472/1472 1247/1247 1542/1542
f 880/880 882/882 616/616
f 616/616 989/989 648/648
f 1228/1228 1543/1543 1076/1076
f 1227/1227 1076/1076 1226/1226
f 1543/1543 1228/1228 935/935
f 1303/1303 934/934 1150/1150
f 1089/1089 890/890 738/738
f 599/599 738/738 983/983
f 993/993 1544/1544 649/649
f 1249/1249 1544/1544 993/993
f 796/796 1397/1397 1531/1531
f 1395/1395 791/791 662/662
f 829/829 1140/1140 1524/1524
f 1138/1138 643/643 673/673
f 774/774 1143/1143 1530/1530
f 1145/1145 814/814 691/691
f 1391/1391 797/797 659/659
f 793/793 1393/1393 1540/1540
f 1112/1112 1406/1406 789/789
f 1115/1115 1114/1114 1545/1545
f 930/930 1264/1264 1261/1261
f 1264/1264 930/930 1265/1265
f 1168/1168 1107/1107 1108/1108
f 1107/1107 1168/1168 1170/1170
f 1063/1063 1171/1171 1173/1173
f 1171/1171 1063/1063 1060/1060
f 1546/1546 832/832 1493/1493
f 1547/1547 736/736 1360/1360
f 1275/1275 1049/1049 1273/1273
f 1049/1049 1275/1275 857/857
f 1277/1277 1279/1279 971/971
f 1279/1279 1277/1277 1278/1278
f 1161/1161 974/974 1310/1310
f 1310/1310 974/974 1309/1309
f 1286/1286 1149/1149 1148/1148
f 1286/1286 882/882 940/940
f 850/850 731/731 849/849
f 849/849 731/731 1085/1085
f 1211/1211 799/799 885/885
f 1521/1521 1211/1211 728/728
f 1548/1548 771/771 1069/1069
f 751/751 771/771 1548/1548
f 959/959 852/852 1066/1066
f 959/959 851/851 852/852
f 752/752 1549/1549 751/751
f 894/894 1549/1549 752/752
f 1090/1090 1088/1088 739/739
f 739/739 1088/1088 738/738
f 1059/1059 1058/1058 1054/1054
f 1054/1054 1058/1058 1052/1052
f 1090/1090 1092/1092 1373/1373
f 1092/1092 1090/1090 1089/1089
f 837/837 1089/1089 1053/1053
f 1091/1091 1089/1089 1418/1418
f 835/835 834/834 912/912
f 1206/1206 1384/1384 835/835
f 1086/1086 601/601 1087/1087
f 601/601 1086/1086 1188/1188
f 1087/1087 600/600 1268/1268
f 600/600 1087/1087 601/601
f 1276/1276 971/971 1279/1279
f 971/971 1276/1276 965/965
f 864/864 1135/1135 687/687
f 1135/1135 864/864 1134/1134
f 1261/1261 1198/1198 1262/1262
f 1198/1198 1261/1261 1264/1264
f 582/582 581/581 1461/1461
f 1462/1462 1461/1461 581/581
f 619/619 1213/1213 1479/1479
f 619/619 1479/1479 620/620
f 1384/1384 1268/1268 1267/1267
f 1332/1332 1204/1204 1268/1268
f 1550/1550 1166/1166 664/664
f 1551/1551 1164/1164 1480/1480
f 676/676 1136/1136 677/677
f 1504/1504 1137/1137 1136/1136
f 1116/1116 896/896 725/725
f 646/646 725/725 828/828
f 1552/1552 1553/1553 1554/1554
f 1107/1107 1553/1553 1552/1552
f 1555/1555 1556/1556 1557/1557
f 1063/1063 1556/1556 1555/1555
f 586/586 688/688 1159/1159
f 688/688 586/586 864/864
f 664/664 711/711 1550/1550
f 1368/1368 1165/1165 593/593
f 1515/1515 1557/1557 1556/1556
f 1514/1514 1557/1557 1515/1515
f 1512/1512 1554/1554 1513/1513
f 1513/1513 1554/1554 1553/1553
f 1119/1119 874/874 776/776
f 817/817 776/776 773/773
f 1342/1342 1210/1210 1209/1209
f 1210/1210 1342/1342 1337/1337
f 1085/1085 833/833 1339/1339
f 1506/1506 941/941 830/830
f 873/873 1485/1485 874/874
f 777/777 874/874 1194/1194
f 755/755 762/762 759/759
f 759/759 824/824 755/755
f 636/636 751/751 1474/1474
f 1006/1006 1474/1474 751/751
f 1374/1374 1326/1326 1375/1375
f 1148/1148 1283/1283 1558/1558
f 1419/1419 1508/1508 1188/1188
f 1296/1296 1092/1092 1091/1091
f 1363/1363 993/993 862/862
f 1363/1363 862/862 861/861
f 1115/1115 788/788 1248/1248
f 1335/1335 1115/1115 1300/1300
f 1274/1274 1271/1271 1559/1559
f 1559/1559 1271/1271 1560/1560
f 1235/1235 927/927 884/884
f 735/735 927/927 733/733
f 707/707 1518/1518 665/665
f 1250/1250 667/667 707/707
f 1561/1561 981/981 1481/1481
f 1390/1390 1243/1243 982/982
f 1562/1562 1219/1219 1218/1218
f 785/785 1219/1219 1562/1562
f 656/656 723/723 985/985
f 723/723 656/656 721/721
f 952/952 1509/1509 576/576
f 1509/1509 952/952 889/889
f 587/587 1468/1468 1467/1467
f 871/871 1467/1467 1158/1158
f 1106/1106 621/621 1533/1533
f 621/621 1106/1106 619/619
f 1508/1508 889/889 1189/1189
f 891/891 1294/1294 889/889
f 861/861 1469/1469 1239/1239
f 1469/1469 1366/1366 1328/1328
f 1426/1426 1425/1425 780/780
f 1424/1424 1029/1029 1427/1427
f 1459/1459 623/623 1457/1457
f 1446/1446 1458/1458 610/610
f 1409/1409 1407/1407 573/573
f 1408/1408 579/579 1411/1411
f 1498/1498 815/815 1428/1428
f 1497/1497 1429/1429 773/773
f 1432/1432 1032/1032 1431/1431
f 1396/1396 1398/1398 597/597
f 1496/1496 1422/1422 828/828
f 1495/1495 644/644 1423/1423
f 1454/1454 1025/1025 1456/1456
f 1439/1439 1455/1455 757/757
f 1417/1417 591/591 1416/1416
f 1413/1413 1415/1415 710/710
f 1441/1441 1026/1026 1442/1442
f 1438/1438 1440/1440 763/763
f 1410/1410 1437/1437 700/700
f 1435/1435 1022/1022 1436/1436
f 1447/1447 682/682 1448/1448
f 1445/1445 1444/1444 680/680
f 1414/1414 1453/1453 663/663
f 1452/1452 708/708 1451/1451
f 1347/1347 1062/1062 1476/1476
f 1062/1062 1347/1347 1346/1346
f 1110/1110 1344/1344 1343/1343
f 1344/1344 1110/1110 1475/1475
f 632/632 982/982 629/629
f 632/632 628/628 982/982
f 903/903 854/854 953/953
f 953/953 854/854 957/957
f 881/881 1375/1375 1326/1326
f 881/881 1326/1326 1147/1147
f 1082/1082 987/987 986/986
f 1379/1379 1378/1378 723/723
f 996/996 820/820 1000/1000
f 818/818 820/820 996/996
f 1392/1392 1394/1394 795/795
f 1434/1434 792/792 1433/1433
f 992/992 1328/1328 994/994
f 1356/1356 1470/1470 992/992
f 1420/1420 962/962 1421/1421
f 1146/1146 1144/1144 775/775
f 1139/1139 1141/1141 724/724
f 672/672 1142/1142 1430/1430
f 787/787 1238/1238 991/991
f 1362/1362 991/991 876/876
f 1130/1130 1464/1464 1465/1465
f 1013/1013 1464/1464 1130/1130
f 1328/1328 992/992 1470/1470
f 1470/1470 1469/1469 1328/1328
f 1560/1560 1270/1270 1559/1559
f 1049/1049 1270/1270 1560/1560
f 1263/1263 1195/1195 1563/1563
f 1386/1386 1563/1563 1195/1195
f 922/922 1564/1564 1258/1258
f 1045/1045 1564/1564 922/922
f 1281/1281 811/811 742/742
f 811/811 1281/1281 1565/1565
f 910/910 909/909 1368/1368
f 1368/1368 909/909 1165/1165
f 761/761 576/576 575/575
f 1245/1245 981/981 576/576
f 1094/1094 809/809 807/807
f 809/809 1094/1094 899/899
f 772/772 1186/1186 1293/1293
f 1293/1293 1186/1186 1185/1185
f 1318/1318 1317/1317 1039/1039
f 1039/1039 1385/1385 1040/1040
f 646/646 645/645 1116/1116
f 725/725 646/646 1116/1116
f 911/911 834/834 1308/1308
f 599/599 1308/1308 834/834
f 1507/1507 1317/1317 726/726
f 1317/1317 1507/1507 1319/1319
f 742/742 806/806 740/740
f 806/806 742/742 811/811
f 1566/1566 885/885 735/735
f 735/735 736/736 1566/1566
f 976/976 1483/1483 1233/1233
f 1232/1232 1312/1312 964/964
f 577/577 1408/1408 704/704
f 1020/1020 1527/1527 704/704
f 1027/1027 1534/1534 765/765
f 1098/1098 1454/1454 765/765
f 817/817 816/816 1119/1119
f 776/776 817/817 1119/1119
f 1034/1034 1539/1539 675/675
f 622/622 1459/1459 675/675
f 681/681 1447/1447 615/615
f 1033/1033 1535/1535 615/615
f 1023/1023 1528/1528 666/666
f 589/589 1417/1417 666/666
f 883/883 1435/1435 702/702
f 1019/1019 1536/1536 702/702
f 764/764 1441/1441 760/760
f 1028/1028 1537/1537 760/760
f 706/706 1452/1452 713/713
f 1024/1024 1538/1538 713/713
f 958/958 957/957 1302/1302
f 1302/1302 957/957 854/854
f 1075/1075 1443/1443 1226/1226
f 1443/1443 1075/1075 937/937
f 884/884 1289/1289 1488/1488
f 1289/1289 1084/1084 1488/1488
f 1246/1246 756/756 1244/1244
f 1245/1245 756/756 1246/1246
f 1337/1337 961/961 908/908
f 961/961 1337/1337 959/959
f 1567/1567 631/631 1525/1525
f 613/613 631/631 1567/1567
f 1568/1568 1079/1079 1419/1419
f 839/839 1079/1079 1568/1568
f 726/726 897/897 824/824
f 824/824 897/897 1511/1511
f 697/697 660/660 1032/1032
f 697/697 1461/1461 660/660
f 1332/1332 1383/1383 1205/1205
f 1384/1384 1332/1332 1268/1268
f 782/782 781/781 1137/1137
f 781/781 782/782 1029/1029
f 1558/1558 1286/1286 1148/1148
f 1286/1286 1558/1558 1284/1284
f 1291/1291 1237/1237 1236/1236
f 1237/1237 1291/1291 1463/1463
f 865/865 1402/1402 1516/1516
f 585/585 1399/1399 865/865
f 941/941 832/832 1547/1547
f 1546/1546 1547/1547 832/832
f 649/649 648/648 989/989
f 649/649 989/989 993/993
f 865/865 1401/1401 585/585
f 585/585 1505/1505 1529/1529
f 1104/1104 1218/1218 1102/1102
f 1218/1218 1104/1104 1562/1562
f 1392/1392 659/659 1540/1540
f 794/794 1540/1540 659/659
f 1139/1139 673/673 1524/1524
f 1012/1012 1524/1524 673/673
f 1037/1037 1000/1000 820/820
f 1001/1001 1000/1000 1037/1037
f 1306/1306 1151/1151 933/933
f 1305/1305 929/929 1306/1306
f 624/624 961/961 960/960
f 1183/1183 1182/1182 1179/1179
f 1236/1236 925/925 801/801
f 801/801 1291/1291 1236/1236
f 769/769 1120/1120 1036/1036
f 1491/1491 1120/1120 769/769
f 658/658 721/721 656/656
f 721/721 658/658 720/720
f 1014/1014 1530/1530 691/691
f 1530/1530 1014/1014 774/774
f 1531/1531 1031/1031 796/796
f 1031/1031 1531/1531 662/662
f 1010/1010 1117/1117 1008/1008
f 1117/1117 1010/1010 634/634
f 1030/1030 1529/1529 588/588
f 1529/1529 1030/1030 585/585
f 1118/1118 1018/1018 625/625
f 1018/1018 1118/1118 1016/1016
f 983/983 738/738 890/890
f 890/890 1376/1376 983/983
f 1463/1463 970/970 973/973
f 970/970 1463/1463 1291/1291
f 847/847 641/641 750/750
f 847/847 1519/1519 641/641
f 895/895 748/748 893/893
f 1336/1336 1335/1335 1569/1569
f 1224/1224 937/937 936/936
f 1224/1224 936/936 1225/1225
f 1051/1051 1111/1111 1517/1517
f 1111/1111 1051/1051 650/650
f 796/796 1393/1393 791/791
f 791/791 1395/1395 796/796
f 635/635 1011/1011 1008/1008
f 1008/1008 1140/1140 635/635
f 906/906 1505/1505 784/784
f 784/784 1402/1402 906/906
f 643/643 1138/1138 829/829
f 829/829 1009/1009 643/643
f 626/626 1015/1015 1016/1016
f 1016/1016 1143/1143 626/626
f 814/814 1145/1145 774/774
f 774/774 1017/1017 814/814
f 793/793 1397/1397 797/797
f 797/797 1391/1391 793/793
f 924/924 1290/1290 1489/1489
f 987/987 924/924 988/988
f 1066/1066 843/843 917/917
f 674/674 1207/1207 917/917
f 790/790 1406/1406 650/650
f 1406/1406 1111/1111 650/650
f 642/642 915/915 674/674
f 1176/1176 915/915 642/642
f 786/786 1354/1354 1356/1356
f 1500/1500 1354/1354 786/786
f 580/580 764/764 575/575
f 581/581 580/580 1462/1462
f 1570/1570 603/603 1340/1340
f 603/603 1570/1570 1098/1098
f 1201/1201 1036/1036 1120/1120
f 1036/1036 1201/1201 1199/1199
f 1474/1474 1006/1006 1299/1299
f 1299/1299 1006/1006 1335/1335
f 754/754 766/766 748/748
f 766/766 754/754 1121/1121
f 668/668 720/720 658/658
f 720/720 668/668 654/654
f 712/712 1130/1130 1131/1131
f 1131/1131 1518/1518 712/712
f 676/676 681/681 679/679
f 1136/1136 676/676 1504/1504
f 955/955 903/903 953/953
f 903/903 955/955 1231/1231
f 998/998 818/818 996/996
f 818/818 998/998 823/823
f 1278/1278 1272/1272 1279/1279
f 1272/1272 1278/1278 1280/1280
f 1265/1265 1196/1196 1264/1264
f 1196/1196 1265/1265 1262/1262
f 734/734 1123/1123 1122/1122
f 1360/1360 735/735 734/734
f 1471/1471 937/937 1224/1224
f 937/937 1471/1471 1443/1443
f 1461/1461 596/596 595/595
f 596/596 1461/1461 697/697
f 779/779 1137/1137 781/781
f 1137/1137 779/779 778/778
f 1327/1327 879/879 1147/1147
f 616/616 879/879 1327/1327
f 1185/1185 1187/1187 1293/1293
f 1185/1185 1526/1526 826/826
f 1329/1329 1099/1099 994/994
f 876/876 1099/1099 1329/1329
f 883/883 699/699 1021/1021
f 883/883 701/701 699/699
f 1516/1516 1404/1404 584/584
f 1400/1400 1403/1403 783/783
f 1149/1149 1571/1571 1101/1101
f 876/876 1101/1101 1571/1571
f 764/764 762/762 575/575
f 764/764 759/759 762/762
f 1492/1492 1154/1154 1367/1367
f 934/934 1303/1303 1154/1154
f 1311/1311 803/803 1157/1157
f 803/803 1309/1309 1314/1314
f 851/851 1572/1572 842/842
f 842/842 1572/1572 840/840
f 1038/1038 1573/1573 825/825
f 979/979 1319/1319 1507/1507
f 1076/1076 1227/1227 1228/1228
f 1306/1306 1228/1228 1305/1305
f 923/923 1388/1388 1260/1260
f 598/598 1388/1388 659/659
f 907/907 1400/1400 783/783
f 1449/1449 907/907 1450/1450
f 868/868 715/715 714/714
f 715/715 868/868 1389/1389
f 882/882 1286/1286 1285/1285
f 882/882 1285/1285 785/785
f 1450/1450 866/866 1449/1449
f 866/866 1516/1516 584/584
f 616/616 618/618 863/863
f 863/863 618/618 861/861
f 966/966 1280/1280 1278/1278
f 1280/1280 966/966 1276/1276
f 1262/1262 1073/1073 1261/1261
f 1073/1073 1262/1262 1265/1265
f 772/772 1251/1251 816/816
f 1251/1251 772/772 1293/1293
f 919/919 593/593 592/592
f 592/592 1388/1388 1387/1387
f 578/578 1175/1175 647/647
f 647/647 1175/1175 645/645
f 1056/1056 1059/1059 1057/1057
f 1057/1057 1059/1059 1054/1054
f 1309/1309 976/976 1233/1233
f 1315/1315 1314/1314 1309/1309
f 1231/1231 958/958 1302/1302
f 955/955 958/958 1231/1231
f 1082/1082 1378/1378 1379/1379
f 985/985 1378/1378 1082/1082
f 1164/1164 1163/1163 689/689
f 1164/1164 689/689 1250/1250
f 928/928 1153/1153 1150/1150
f 1153/1153 928/928 1367/1367
f 942/942 1361/1361 1320/1320
f 985/985 1320/1320 1361/1361
f 925/925 924/924 1160/1160
f 925/925 1160/1160 802/802
f 633/633 1244/1244 1229/1229
f 1244/1244 633/633 1242/1242
f 1288/1288 1067/1067 1178/1178
f 960/960 1068/1068 1181/1181
f 1321/1321 1081/1081 800/800
f 1081/1081 985/985 1082/1082
f 614/614 1194/1194 1180/1180
f 681/681 614/614 1180/1180
f 1501/1501 1565/1565 744/744
f 1281/1281 744/744 1565/1565
f 750/750 749/749 848/848
f 847/847 750/750 848/848
f 655/655 905/905 653/653
f 905/905 655/655 900/900
f 980/980 1340/1340 603/603
f 1340/1340 825/825 1573/1573
f 640/640 1389/1389 641/641
f 1389/1389 640/640 715/715
f 984/984 1212/1212 619/619
f 729/729 984/984 727/727
f 1525/1525 918/918 1526/1526
f 918/918 1525/1525 631/631
f 616/616 648/648 880/880
f 887/887 880/880 648/648
f 858/858 901/901 859/859
f 859/859 901/901 855/855
f 1254/1254 1472/1472 685/685
f 1473/1473 1004/1004 1474/1474
f 1046/1046 899/899 1094/1094
f 899/899 1046/1046 1484/1484
f 620/620 1247/1247 860/860
f 620/620 1542/1542 1247/1247
f 998/998 1001/1001 823/823
f 823/823 1001/1001 1037/1037
f 1239/1239 1363/1363 861/861
f 1363/1363 1239/1239 1249/1249
f 895/895 894/894 1124/1124
f 1124/1124 894/894 752/752
f 1161/1161 1574/1574 1162/1162
f 1161/1161 1379/1379 1575/1575
f 636/636 638/638 1126/1126
f 1126/1126 638/638 1487/1487
f 1475/1475 1169/1169 1345/1345
f 1475/1475 1345/1345 1344/1344
f 1476/1476 1348/1348 1347/1347
f 1476/1476 1172/1172 1348/1348
f 718/718 1298/1298 716/716
f 714/714 1298/1298 718/718
f 1177/1177 915/915 1021/1021
f 1021/1021 699/699 1177/1177
f 578/578 871/871 1158/1158
f 871/871 578/578 1040/1040
f 755/755 1229/1229 756/756
f 824/824 1511/1511 755/755
f 730/730 1382/1382 833/833
f 1382/1382 730/730 1381/1381
f 941/941 1339/1339 1338/1338
f 1339/1339 941/941 1506/1506
f 1418/1418 1089/1089 837/837
f 888/888 1418/1418 837/837
f 714/714 1304/1304 868/868
f 1304/1304 714/714 718/718
f 703/703 699/699 701/701
f 701/701 1158/1158 703/703
f 1257/1257 1103/1103 651/651
f 1104/1104 1103/1103 1257/1257
f 1267/1267 836/836 835/835
f 836/836 1267/1267 1370/1370
f 705/705 1176/1176 1175/1175
f 1176/1176 705/705 915/915
f 1252/1252 667/667 1250/1250
f 667/667 1252/1252 1251/1251
f 973/973 1156/1156 1364/1364
f 973/973 1364/1364 1236/1236
f 1242/1242 633/633 671/671
f 917/917 1352/1352 674/674
f 1108/1108 1343/1343 1168/1168
f 1343/1343 1108/1108 1110/1110
f 1060/1060 1346/1346 1171/1171
f 1346/1346 1060/1060 1062/1062
f 665/665 1250/1250 707/707
f 1250/1250 665/665 1164/1164
f 1050/1050 1381/1381 732/732
f 732/732 1381/1381 730/730
f 1446/1446 623/623 615/615
f 623/623 1446/1446 610/610
f 1409/1409 579/579 702/702
f 579/579 1409/1409 573/573
f 591/591 1413/1413 710/710
f 1413/1413 591/591 713/713
f 1025/1025 1439/1439 757/757
f 1439/1439 1025/1025 760/760
f 1091/1091 1419/1419 1296/1296
f 1419/1419 1091/1091 1568/1568
f 792/792 1392/1392 795/795
f 1392/1392 792/792 791/791
f 809/809 900/900 810/810
f 655/655 810/810 900/900
f 1142/1142 1139/1139 724/724
f 1139/1139 1142/1142 635/635
f 815/815 1497/1497 773/773
f 1497/1497 815/815 814/814
f 1029/1029 1426/1426 780/780
f 1426/1426 1029/1029 784/784
f 1396/1396 1032/1032 797/797
f 1032/1032 1396/1396 597/597
f 644/644 1496/1496 828/828
f 1496/1496 644/644 643/643
f 1022/1022 1410/1410 700/700
f 1410/1410 1022/1022 704/704
f 1445/1445 682/682 675/675
f 682/682 1445/1445 680/680
f 708/708 1414/1414 663/663
f 1414/1414 708/708 1412/1412
f 1026/1026 1438/1438 763/763
f 1438/1438 1026/1026 765/765
f 673/673 672/672 1012/1012
f 1430/1430 1012/1012 672/672
f 1170/1170 1553/1553 1107/1107
f 1553/1553 1170/1170 1513/1513
f 1556/1556 1173/1173 1515/1515
f 1173/1173 1556/1556 1063/1063
f 588/588 1424/1424 1030/1030
f 781/781 1424/1424 588/588
f 1119/1119 1498/1498 625/625
f 625/625 1498/1498 1118/1118
f 690/690 1420/1420 691/691
f 691/691 1420/1420 1014/1014
f 634/634 1495/1495 1117/1117
f 1116/1116 1495/1495 634/634
f 697/697 1432/1432 662/662
f 662/662 1432/1432 1031/1031
f 1146/1146 962/962 626/626
f 962/962 1146/1146 775/775
f 1367/1367 1071/1071 1492/1492
f 1071/1071 1367/1367 928/928
f 1288/1288 1380/1380 572/572
f 572/572 1380/1380 1177/1177
f 1390/1390 951/951 981/981
f 1561/1561 1390/1390 981/981
f 1096/1096 1353/1353 968/968
f 975/975 974/974 1353/1353
f 1209/1209 1287/1287 1342/1342
f 1287/1287 1209/1209 917/917
f 1513/1513 1167/1167 1109/1109
f 1167/1167 1513/1513 1170/1170
f 1174/1174 1515/1515 1173/1173
f 1515/1515 1174/1174 1061/1061
f 908/908 690/690 689/689
f 908/908 961/961 690/690
f 1015/1015 814/814 1017/1017
f 1017/1017 1016/1016 1015/1015
f 1391/1391 791/791 1393/1393
f 1393/1393 793/793 1391/1391
f 1402/1402 865/865 1399/1399
f 1399/1399 906/906 1402/1402
f 1140/1140 829/829 1138/1138
f 1138/1138 635/635 1140/1140
f 1009/1009 1008/1008 1011/1011
f 1011/1011 643/643 1009/1009
f 1259/1259 1350/1350 1503/1503
f 1350/1350 1259/1259 1260/1260
f 1395/1395 797/797 1397/1397
f 1397/1397 796/796 1395/1395
f 1145/1145 626/626 1143/1143
f 1143/1143 774/774 1145/1145
f 1401/1401 784/784 1505/1505
f 1505/1505 585/585 1401/1401
f 1116/1116 645/645 642/642
f 645/645 1176/1176 642/642
f 800/800 1083/1083 798/798
f 800/800 1081/1081 1083/1083
f 770/770 1491/1491 769/769
f 1491/1491 770/770 768/768
f 1519/1519 847/847 913/913
f 913/913 1114/1114 1113/1113
f 659/659 1434/1434 794/794
f 1433/1433 794/794 1434/1434
f 704/704 1408/1408 1020/1020
f 1411/1411 1020/1020 1408/1408
f 968/968 1097/1097 1096/1096
f 1097/1097 968/968 1483/1483
f 787/787 991/991 1362/1362
f 1362/1362 785/785 787/787
f 777/777 613/613 1567/1567
f 613/613 777/777 1194/1194
f 1215/1215 669/669 670/670
f 654/654 669/669 1215/1215
f 748/748 768/768 893/893
f 893/893 768/768 770/770
f 1456/1456 1027/1027 1454/1454
f 765/765 1454/1454 1027/1027
f 1179/1179 624/624 1183/1183
f 624/624 1179/1179 1193/1193
f 702/702 1435/1435 1019/1019
f 1436/1436 1019/1019 1435/1435
f 1157/1157 972/972 1311/1311
f 964/964 1311/1311 1232/1232
f 1442/1442 1028/1028 1441/1441
f 760/760 1441/1441 1028/1028
f 713/713 1452/1452 1024/1024
f 1451/1451 1024/1024 1452/1452
f 615/615 1447/1447 1033/1033
f 1448/1448 1033/1033 1447/1447
f 675/675 1459/1459 1034/1034
f 1457/1457 1034/1034 1459/1459
f 1416/1416 1023/1023 1417/1417
f 666/666 1417/1417 1023/1023
f 1150/1150 1543/1543 1303/1303
f 931/931 1543/1543 1150/1150
f 964/964 976/976 963/963
f 1483/1483 976/976 964/964
f 603/603 1013/1013 590/590
f 590/590 1013/1013 1130/1130
f 1259/1259 1269/1269 921/921
f 921/921 1269/1269 839/839
f 1003/1003 639/639 637/637
f 1478/1478 639/639 1003/1003
f 1047/1047 804/804 813/813
f 805/805 804/804 1047/1047
f 1043/1043 920/920 1041/1041
f 920/920 1043/1043 593/593
f 692/692 1119/1119 816/816
f 816/816 1252/1252 692/692
f 629/629 1208/1208 627/627
f 982/982 1208/1208 629/629
f 627/627 1210/1210 908/908
f 1210/1210 627/627 1208/1208
f 1360/1360 1122/1122 1361/1361
f 1122/1122 1360/1360 734/734
f 808/808 1484/1484 807/807
f 1484/1484 808/808 899/899
f 657/657 1216/1216 670/670
f 670/670 1216/1216 1215/1215
f 637/637 1316/1316 1003/1003
f 999/999 1316/1316 637/637
f 813/813 1230/1230 1047/1047
f 956/956 1230/1230 813/813
f 1354/1354 1241/1241 1355/1355
f 1355/1355 1241/1241 1240/1240
f 1005/1005 1253/1253 1494/1494
f 1005/1005 1004/1004 1253/1253
f 1333/1333 1205/1205 1043/1043
f 1205/1205 1333/1333 1332/1332
f 1056/1056 1541/1541 838/838
f 838/838 1541/1541 1044/1044
f 929/929 928/928 1151/1151
f 1151/1151 1306/1306 929/929
f 619/619 1105/1105 938/938
f 938/938 1105/1105 1283/1283
f 1375/1375 1283/1283 1374/1374
f 1283/1283 1375/1375 938/938
f 954/954 805/805 1047/1047
f 805/805 954/954 812/812
f 1487/1487 1125/1125 1126/1126
f 1125/1125 1487/1487 914/914
f 1469/1469 1240/1240 1239/1239
f 1240/1240 1469/1469 1355/1355
f 1035/1035 819/819 822/822
f 820/820 819/819 1035/1035
f 855/855 904/904 859/859
f 854/854 904/904 855/855
f 1123/1123 653/653 657/657
f 1123/1123 734/734 653/653
f 1065/1065 1500/1500 786/786
f 1500/1500 1065/1065 1256/1256
f 582/582 1098/1098 765/765
f 1098/1098 582/582 603/603
f 746/746 1335/1335 1006/1006
f 748/748 1335/1335 746/746
f 1488/1488 1490/1490 1489/1489
f 1084/1084 1490/1490 1488/1488
f 844/844 843/843 852/852
f 1066/1066 852/852 843/843
f 892/892 1549/1549 894/894
f 751/751 1549/1549 892/892
f 677/677 622/622 675/675
f 622/622 677/677 630/630
f 1322/1322 1323/1323 830/830
f 1322/1322 800/800 1323/1323
f 1258/1258 1041/1041 920/920
f 1041/1041 1258/1258 1564/1564
f 1199/1199 1386/1386 1197/1197
f 1197/1197 1386/1386 1195/1195
f 1575/1575 1379/1379 723/723
f 1154/1154 1492/1492 934/934
f 1492/1492 1152/1152 934/934
f 1385/1385 827/827 918/918
f 1385/1385 1039/1039 827/827
f 717/717 1512/1512 870/870
f 870/870 1512/1512 1502/1502
f 741/741 1514/1514 1093/1093
f 1093/1093 1514/1514 1405/1405
f 1234/1234 884/884 926/926
f 925/925 1234/1234 926/926
f 1508/1508 1377/1377 1077/1077
f 1377/1377 1508/1508 1419/1419
f 1064/1064 1357/1357 1256/1256
f 860/860 1357/1357 1064/1064
f 621/621 652/652 1532/1532
f 620/620 652/652 621/621
f 740/740 1501/1501 744/744
f 806/806 1501/1501 740/740
f 1134/1134 1504/1504 679/679
f 679/679 1504/1504 676/676
f 1055/1055 1204/1204 1044/1044
f 1204/1204 1055/1055 1202/1202
f 593/593 1206/1206 912/912
f 912/912 1206/1206 835/835
f 1544/1544 1249/1249 790/790
f 649/649 1544/1544 790/790
f 1256/1256 1359/1359 1500/1500
f 1359/1359 1256/1256 1357/1357
f 1349/1349 1503/1503 1350/1350
f 1503/1503 1349/1349 1522/1522
f 869/869 1502/1502 1512/1512
f 868/868 1502/1502 869/869
f 744/744 1405/1405 745/745
f 745/745 1405/1405 1514/1514
f 951/951 1376/1376 952/952
f 983/983 1376/1376 951/951
f 709/709 1131/1131 711/711
f 709/709 1518/1518 1131/1131
f 1158/1158 1467/1467 1468/1468
f 1158/1158 1468/1468 703/703
f 1194/1194 874/874 1485/1485
f 1194/1194 1485/1485 1180/1180
f 1038/1038 1319/1319 979/979
f 1039/1039 1319/1319 1038/1038
f 749/749 1474/1474 1004/1004
f 1474/1474 749/749 636/636
f 1509/1509 1077/1077 576/576
f 1077/1077 1509/1509 1508/1508
f 1187/1187 1185/1185 826/826
f 1187/1187 826/826 980/980
f 884/884 1488/1488 1290/1290
f 884/884 1290/1290 926/926
f 1084/1084 1080/1080 986/986
f 1084/1084 1083/1083 1080/1080
f 654/654 1156/1156 1315/1315
f 1156/1156 654/654 733/733
f 1128/1128 1499/1499 1127/1127
f 833/833 1499/1499 1128/1128
f 930/930 932/932 1074/1074
f 1074/1074 932/932 1072/1072
f 733/733 1235/1235 1156/1156
f 733/733 927/927 1235/1235
f 1545/1545 1114/1114 1112/1112
f 1114/1114 913/913 1112/1112
f 574/574 1462/1462 575/575
f 575/575 1462/1462 580/580
f 1247/1247 1249/1249 860/860
f 1239/1239 860/860 1249/1249
f 1238/1238 1356/1356 992/992
f 786/786 1356/1356 1238/1238
f 736/736 1547/1547 1546/1546
f 736/736 1546/1546 684/684
f 753/753 747/747 751/751
f 748/748 747/747 753/753
f 878/878 1562/1562 1104/1104
f 785/785 1562/1562 878/878
f 1182/1182 687/687 1135/1135
f 1182/1182 1181/1181 687/687
f 669/669 1486/1486 856/856
f 856/856 1486/1486 858/858
f 1050/1050 1255/1255 686/686
f 1255/1255 1050/1050 1051/1051
f 1274/1274 1559/1559 1048/1048
f 1048/1048 1559/1559 1270/1270
f 1506/1506 727/727 1085/1085
f 1506/1506 1085/1085 1339/1339
f 1277/1277 1095/1095 967/967
f 967/967 1095/1095 965/965
f 769/769 1121/1121 770/770
f 1121/1121 769/769 766/766
f 1525/1525 1132/1132 1567/1567
f 1567/1567 1132/1132 777/777
f 609/609 1127/1127 1129/1129
f 1129/1129 1127/1127 1499/1499
f 901/901 858/858 902/902
f 902/902 858/858 1486/1486
f 1532/1532 1102/1102 1218/1218
f 1102/1102 1532/1532 652/652
f 728/728 1212/1212 729/729
f 729/729 1212/1212 984/984
f 1574/1574 722/722 1162/1162
f 969/969 1162/1162 722/722
f 706/706 712/712 1518/1518
f 706/706 1518/1518 707/707
f 1284/1284 1365/1365 1219/1219
f 1365/1365 1284/1284 1558/1558
f 1078/1078 1522/1522 1079/1079
f 1522/1522 1078/1078 1503/1503
f 1511/1511 896/896 1229/1229
f 1229/1229 755/755 1511/1511
f 1558/1558 1282/1282 1365/1365
f 1283/1283 1282/1282 1558/1558
f 1550/1550 711/711 593/593
f 593/593 711/711 1131/1131
f 598/598 1260/1260 1388/1388
f 598/598 1351/1351 1260/1260
f 753/753 1152/1152 1069/1069
f 1069/1069 1152/1152 1548/1548
f 1383/1383 1332/1332 1384/1384
f 1383/1383 1384/1384 1206/1206
f 846/846 1517/1517 1111/1111
f 1517/1517 846/846 848/848
f 737/737 1351/1351 598/598
f 1350/1350 1351/1351 737/737
f 1203/1203 1266/1266 1087/1087
f 1053/1053 1087/1087 1266/1266
f 1462/1462 574/574 660/660
f 660/660 574/574 598/598
f 589/589 1292/1292 602/602
f 602/602 1292/1292 1187/1187
f 1189/1189 1372/1372 601/601
f 599/599 601/601 1372/1372
f 654/654 969/969 719/719
f 719/719 969/969 722/722
f 1157/1157 1314/1314 1156/1156
f 1314/1314 1157/1157 803/803
f 1340/1340 980/980 825/825
f 825/825 980/980 826/826
f 898/898 1494/1494 1253/1253
f 1494/1494 898/898 1493/1493
f 1533/1533 1217/1217 1106/1106
f 1533/1533 1532/1532 1217/1217
f 1312/1312 1483/1483 964/964
f 1483/1483 1312/1312 1097/1097
f 1200/1200 1563/1563 1386/1386
f 1263/1263 1563/1563 1200/1200
f 1130/1130 1465/1465 1131/1131
f 594/594 1131/1131 1465/1465
f 782/782 1134/1134 864/864
f 1504/1504 1134/1134 782/782
f 1551/1551 1166/1166 1164/1164
f 664/664 1166/1166 1551/1551
f 1002/1002 999/999 637/637
f 999/999 1002/1002 997/997
f 1466/1466 1045/1045 922/922
f 838/838 1045/1045 1466/1466
f 812/812 956/956 813/813
f 956/956 812/812 954/954
f 1478/1478 997/997 1002/1002
f 997/997 1478/1478 1003/1003
f 1303/1303 935/935 1155/1155
f 1543/1543 935/935 1303/1303
f 736/736 1307/1307 1566/1566
f 885/885 1566/1566 1307/1307
f 1306/1306 933/933 1225/1225
f 1225/1225 933/933 753/753
f 802/802 1310/1310 803/803
f 1310/1310 802/802 1160/1160
f 1213/1213 885/885 1307/1307
f 1211/1211 885/885 1213/1213
f 851/851 1341/1341 1572/1572
f 1572/1572 1341/1341 1523/1523
f 960/960 1183/1183 624/624
f 1183/1183 960/960 1181/1181
f 1159/1159 587/587 586/586
f 1468/1468 587/587 1159/1159
f 981/981 1246/1246 1481/1481
f 1481/1481 1246/1246 1244/1244
f 751/751 1548/1548 1070/1070
f 1152/1152 1070/1070 1548/1548
f 1049/1049 1560/1560 1273/1273
f 1271/1271 1273/1273 1560/1560
f 722/722 1574/1574 723/723
f 990/990 863/863 862/862
f 616/616 863/863 990/990
f 1036/1036 767/767 769/769
f 768/768 767/767 1036/1036
f 1387/1387 919/919 592/592
f 1258/1258 919/919 1387/1387
f 932/932 1155/1155 1072/1072
f 1072/1072 1155/1155 1301/1301
f 1358/1358 1354/1354 1500/1500
f 1354/1354 1358/1358 1241/1241
f 1180/1180 611/611 679/679
f 611/611 1180/1180 612/612
f 1564/1564 1042/1042 1041/1041
f 1042/1042 1564/1564 1045/1045
f 1547/1547 942/942 941/941
f 942/942 1547/1547 1360/1360
f 912/912 911/911 1007/1007
f 910/910 1007/1007 911/911
f 1095/1095 1313/1313 965/965
f 965/965 1313/1313 1232/1232
f 987/987 1379/1379 1160/1160
f 1379/1379 987/987 1082/1082
f 1321/1321 1320/1320 985/985
f 1321/1321 985/985 1081/1081
f 1113/1113 1519/1519 913/913
f 1519/1519 1113/1113 1335/1335
f 689/689 1163/1163 908/908
f 908/908 1163/1163 909/909
f 1098/1098 1570/1570 978/978
f 978/978 1570/1570 1340/1340
f 1249/1249 788/788 790/790
f 1248/1248 788/788 1249/1249
f 1178/1178 916/916 915/915
f 1067/1067 916/916 1178/1178
f 1550/1550 593/593 1165/1165
f 1550/1550 1165/1165 1166/1166
f 1554/1554 717/717 1552/1552
f 1512/1512 717/717 1554/1554
f 1557/1557 741/741 1555/1555
f 1514/1514 741/741 1557/1557
f 839/839 1568/1568 888/888
f 888/888 1568/1568 1091/1091
f 1100/1100 1331/1331 1101/1101
f 1331/1331 1100/1100 1366/1366
f 617/617 1324/1324 618/618
f 1324/1324 617/617 1374/1374
f 1373/1373 1088/1088 1090/1090
f 1053/1053 1088/1088 1373/1373
f 761/761 756/756 1245/1245
f 1245/1245 576/576 761/761
f 751/751 1305/1305 1227/1227
f 1227/1227 1305/1305 1228/1228
f 1248/1248 1300/1300 1115/1115
f 1300/1300 1248/1248 1247/1247
f 1369/1369 1058/1058 1059/1059
f 599/599 1058/1058 1369/1369
f 1472/1472 1254/1254 1473/1473
f 1472/1472 1473/1473 1299/1299
f 1542/1542 685/685 1472/1472
f 685/685 1542/1542 683/683
f 1453/1453 1538/1538 1528/1528
f 1538/1538 1453/1453 1414/1414
f 594/594 661/661 592/592
f 1465/1465 661/661 594/594
f 1537/1537 1440/1440 1438/1438
f 1440/1440 1537/1537 1534/1534
f 1539/1539 1458/1458 1446/1446
f 1458/1458 1539/1539 1535/1535
f 1516/1516 1403/1403 1400/1400
f 1403/1403 1516/1516 1402/1402
f 1536/1536 1437/1437 1410/1410
f 1437/1437 1536/1536 1527/1527
f 1527/1527 1407/1407 1409/1409
f 1407/1407 1527/1527 1536/1536
f 1528/1528 1415/1415 1413/1413
f 1415/1415 1528/1528 1538/1538
f 1534/1534 1455/1455 1439/1439
f 1455/1455 1534/1534 1537/1537
f 1535/1535 1444/1444 1445/1445
f 1444/1444 1535/1535 1539/1539
f 684/684 1493/1493 898/898
f 1493/1493 684/684 1546/1546
f 1193/1193 873/873 624/624
f 1485/1485 873/873 1193/1193
f 1507/1507 977/977 979/979
f 758/758 977/977 1507/1507
f 1530/1530 1144/1144 1146/1146
f 1144/1144 1530/1530 1143/1143
f 1569/1569 895/895 1336/1336
f 1531/1531 1398/1398 1396/1396
f 1398/1398 1531/1531 1397/1397
f 1404/1404 1400/1400 1399/1399
f 1400/1400 1404/1404 1516/1516
f 1010/1010 1422/1422 1496/1496
f 1422/1422 1010/1010 1009/1009
f 1141/1141 1524/1524 1140/1140
f 1524/1524 1141/1141 1139/1139
f 1018/1018 1429/1429 1497/1497
f 1429/1429 1018/1018 1017/1017
f 1540/1540 1394/1394 1392/1392
f 1394/1394 1540/1540 1393/1393
f 1425/1425 1529/1529 1505/1505
f 1529/1529 1425/1425 1426/1426
f 1067/1067 1066/1066 1207/1207
f 917/917 1207/1207 1066/1066
f 1477/1477 715/715 640/640
f 715/715 1477/1477 636/636
f 1523/1523 840/840 1572/1572
f 845/845 840/840 1523/1523
f 1543/1543 931/931 1076/1076
f 1076/1076 931/931 930/930
f 599/599 1370/1370 600/600
f 600/600 1370/1370 1267/1267
f 610/610 1457/1457 623/623
f 678/678 1457/1457 610/610
f 583/583 1427/1427 780/780
f 780/780 1427/1427 1029/1029
f 773/773 1428/1428 815/815
f 776/776 1428/1428 773/773
f 725/725 1423/1423 828/828
f 828/828 1423/1423 644/644
f 795/795 1433/1433 792/792
f 595/595 1433/1433 795/795
f 772/772 1421/1421 775/775
f 775/775 1421/1421 962/962
f 647/647 1430/1430 724/724
f 724/724 1430/1430 1142/1142
f 597/597 1431/1431 1032/1032
f 698/698 1431/1431 597/597
f 1184/1184 1526/1526 1185/1185
f 1525/1525 1526/1526 1184/1184
f 584/584 1449/1449 866/866
f 778/778 1449/1449 584/584
f 664/664 1416/1416 710/710
f 710/710 1416/1416 591/591
f 680/680 1448/1448 682/682
f 611/611 1448/1448 680/680
f 586/586 1450/1450 783/783
f 783/783 1450/1450 907/907
f 755/755 1442/1442 763/763
f 763/763 1442/1442 1026/1026
f 663/663 1451/1451 708/708
f 709/709 1451/1451 663/663
f 867/867 1552/1552 717/717
f 1107/1107 1552/1552 867/867
f 1063/1063 1555/1555 743/743
f 743/743 1555/1555 741/741
f 1053/1053 1297/1297 1086/1086
f 1086/1086 1297/1297 1296/1296
f 572/572 1411/1411 573/573
f 573/573 1411/1411 579/579
f 703/703 1436/1436 700/700
f 700/700 1436/1436 1022/1022
f 1569/1569 1335/1335 748/748
f 761/761 1456/1456 757/757
f 757/757 1456/1456 1025/1025
f 599/599 1295/1295 739/739
f 739/739 1295/1295 891/891
f 1315/1315 1233/1233 654/654
f 1233/1233 1315/1315 1309/1309
f 877/877 1571/1571 940/940
f 876/876 1571/1571 877/877
f 1053/1053 1371/1371 1054/1054
f 1054/1054 1371/1371 1057/1057
f 1082/1082 986/986 1520/1520
f 1520/1520 986/986 1080/1080
f 716/716 1389/1389 868/868
f 1389/1389 716/716 1298/1298
f 830/830 1320/1320 1322/1322
f 1320/1320 830/830 942/942
f 1147/1147 879/879 1325/1325
f 1325/1325 879/879 875/875
f 994/994 1099/1099 1330/1330
f 1330/1330 1099/1099 989/989
f 683/683 1479/1479 1307/1307
f 1479/1479 683/683 1542/1542
f 789/789 1115/1115 1545/1545
f 1482/1482 1565/1565 1501/1501
f 1565/1565 1482/1482 811/811
f 832/832 941/941 1338/1338
f 1338/1338 833/833 832/832
f 1181/1181 1068/1068 1288/1288
f 1288/1288 687/687 1181/1181
f 664/664 1480/1480 665/665
f 1480/1480 664/664 1551/1551
f 1390/1390 1561/1561 1243/1243
f 1561/1561 1481/1481 1243/1243
f 1362/1362 876/876 1334/1334
f 1334/1334 876/876 875/875
f 851/851 1337/1337 1342/1342
f 959/959 1337/1337 851/851
f 1469/1469 861/861 1366/1366
f 1366/1366 861/861 1331/1331
f 890/890 1090/1090 891/891
f 891/891 1090/1090 739/739
f 939/939 1147/1147 1325/1325
f 882/882 1147/1147 939/939
f 993/993 994/994 995/995
f 995/995 994/994 1330/1330
f 671/671 1352/1352 1242/1242
f 1242/1242 1352/1352 1243/1243
f 922/922 1510/1510 923/923
f 923/923 1510/1510 1387/1387
f 1489/1489 988/988 924/924
f 1490/1490 988/988 1489/1489
f 674/674 671/671 673/673
f 671/671 674/674 1352/1352
f 1186/1186 1133/1133 1184/1184
f 1133/1133 1186/1186 772/772
f 1311/1311 972/972 1232/1232
f 1232/1232 972/972 971/971
f 1211/1211 1521/1521 799/799
f 799/799 1521/1521 1323/1323
f 1294/1294 1189/1189 889/889
f 1372/1372 1189/1189 1294/1294
f 1202/1202 1057/1057 1371/1371
f 1057/1057 1202/1202 1055/1055
f 1254/1254 1253/1253 1004/1004
f 1004/1004 1473/1473 1254/1254
f 1038/1038 979/979 1573/1573
f 1573/1573 979/979 1340/1340
f 1374/1374 1148/1148 1324/1324
f 1283/1283 1148/1148 1374/1374
f 940/940 1149/1149 1286/1286
f 1571/1571 1149/1149 940/940
f 1296/1296 1188/1188 1086/1086
f 1419/1419 1188/1188 1296/1296
f 1268/1268 1203/1203 1087/1087
f 1204/1204 1203/1203 1268/1268
f 1067/1067 1288/1288 1068/1068
f 1068/1068 959/959 1067/1067
f 1517/1517 1460/1460 1051/1051
f 1460/1460 1255/1255 1051/1051
f 963/963 975/975 1096/1096
f 1353/1353 1096/1096 975/975
f 1040/1040 1318/1318 1039/1039
f 578/578 1318/1318 1040/1040
f 666/666 1412/1412 708/708
f 1528/1528 1412/1412 666/666
f 1576/1576 1577/1577 1578/1578
f 1579/1579 1580/1580 1581/1581
f 1582/1582 1583/1583 1584/1584
f 1585/1585 1586/1586 1587/1587
f 1588/1588 1585/1585 1589/1589
f 1590/1590 1591/1591 1592/1592
f 1577/1577 1593/1593 1578/1578
f 1580/1580 1594/1594 1595/1595
f 1596/1596 1597/1597 1598/1598
f 1599/1599 1600/1600 1601/1601
f 1602/1602 1603/1603 1604/1604
f 1602/1602 1597/1597 1596/1596
f 1605/1605 1602/1602 1606/1606
f 1606/1606 1607/1607 1605/1605
f 1608/1608 1609/1609 1610/1610
f 1611/1611 1612/1612 1613/1613
f 1614/1614 1606/1606 1615/1615
f 1616/1616 1617/1617 1618/1618
f 1619/1619 1580/1580 1620/1620
f 1620/1620 1621/1621 1622/1622
f 1623/1623 1624/1624 1625/1625
f 1626/1626 1627/1627 1624/1624
f 1628/1628 1629/1629 1630/1630
f 1630/1630 1631/1631 1632/1632
f 1629/1629 1633/1633 1634/1634
f 1629/1629 1634/1634 1635/1635
f 1621/1621 1636/1636 1594/1594
f 1581/1581 1621/1621 1579/1579
f 1637/1637 1638/1638 1639/1639
f 1640/1640 1633/1633 1641/1641
f 1642/1642 1643/1643 1644/1644
f 1645/1645 1629/1629 1646/1646
f 1647/1647 1648/1648 1588/1588
f 1648/1648 1649/1649 1586/1586
f 1631/1631 1650/1650 1651/1651
f 1631/1631 1652/1652 1582/1582
f 1653/1653 1648/1648 1654/1654
f 1655/1655 1585/1585 1653/1653
f 1656/1656 1657/1657 1599/1599
f 1613/1613 1658/1658 1611/1611
f 1651/1651 1659/1659 1660/1660
f 1661/1661 1662/1662 1663/1663
f 1577/1577 1664/1664 1665/1665
f 1607/1607 1577/1577 1605/1605
f 1666/1666 1667/1667 1668/1668
f 1669/1669 1668/1668 1667/1667
f 1670/1670 1671/1671 1672/1672
f 1673/1673 1615/1615 1606/1606
f 1674/1674 1675/1675 1676/1676
f 1677/1677 1610/1610 1609/1609
f 1632/1632 1678/1678 1630/1630
f 1679/1679 1680/1680 1681/1681
f 1682/1682 1683/1683 1684/1684
f 1668/1668 1669/1669 1639/1639
f 1685/1685 1686/1686 1687/1687
f 1688/1688 1689/1689 1690/1690
f 1691/1691 1692/1692 1693/1693
f 1694/1694 1695/1695 1696/1696
f 1697/1697 1644/1644 1643/1643
f 1698/1698 1699/1699 1700/1700
f 1602/1602 1604/1604 1701/1701
f 1702/1702 1616/1616 1618/1618
f 1703/1703 1602/1602 1576/1576
f 1578/1578 1656/1656 1576/1576
f 1625/1625 1704/1704 1623/1623
f 1705/1705 1706/1706 1707/1707
f 1708/1708 1709/1709 1710/1710
f 1603/1603 1708/1708 1623/1623
f 1599/1599 1711/1711 1712/1712
f 1712/1712 1711/1711 1713/1713
f 1714/1714 1598/1598 1597/1597
f 1715/1715 1716/1716 1717/1717
f 1718/1718 1642/1642 1645/1645
f 1650/1650 1631/1631 1645/1645
f 1657/1657 1707/1707 1719/1719
f 1578/1578 1720/1720 1656/1656
f 1629/1629 1635/1635 1646/1646
f 1721/1721 1590/1590 1592/1592
f 1722/1722 1723/1723 1612/1612
f 1724/1724 1725/1725 1726/1726
f 1727/1727 1660/1660 1659/1659
f 1728/1728 1694/1694 1729/1729
f 1681/1681 1730/1730 1679/1679
f 1731/1731 1690/1690 1689/1689
f 1693/1693 1732/1732 1691/1691
f 1631/1631 1732/1732 1652/1652
f 1733/1733 1734/1734 1735/1735
f 1736/1736 1737/1737 1640/1640
f 1738/1738 1739/1739 1740/1740
f 1741/1741 1742/1742 1743/1743
f 1744/1744 1745/1745 1746/1746
f 1610/1610 1677/1677 1675/1675
f 1584/1584 1747/1747 1582/1582
f 1748/1748 1749/1749 1666/1666
f 1702/1702 1750/1750 1751/1751
f 1723/1723 1722/1722 1751/1751
f 1627/1627 1626/1626 1719/1719
f 1707/1707 1752/1752 1719/1719
f 1753/1753 1676/1676 1675/1675
f 1726/1726 1672/1672 1724/1724
f 1580/1580 1754/1754 1594/1594
f 1622/1622 1619/1619 1620/1620
f 1713/1713 1717/1717 1755/1755
f 1621/1621 1756/1756 1636/1636
f 1580/1580 1595/1595 1581/1581
f 1757/1757 1743/1743 1742/1742
f 1592/1592 1591/1591 1661/1661
f 1692/1692 1691/1691 1698/1698
f 1631/1631 1582/1582 1758/1758
f 1731/1731 1758/1758 1759/1759
f 1648/1648 1586/1586 1654/1654
f 1760/1760 1688/1688 1690/1690
f 1654/1654 1655/1655 1653/1653
f 1687/1687 1735/1735 1685/1685
f 1585/1585 1587/1587 1589/1589
f 1696/1696 1729/1729 1694/1694
f 1648/1648 1647/1647 1649/1649
f 1761/1761 1700/1700 1699/1699
f 1664/1664 1746/1746 1762/1762
f 1607/1607 1664/1664 1577/1577
f 1737/1737 1731/1731 1763/1763
f 1763/1763 1731/1731 1759/1759
f 1656/1656 1703/1703 1576/1576
f 1703/1703 1601/1601 1764/1764
f 1684/1684 1678/1678 1682/1682
f 1678/1678 1628/1628 1630/1630
f 1699/1699 1765/1765 1761/1761
f 1766/1766 1691/1691 1732/1732
f 1688/1688 1767/1767 1768/1768
f 1585/1585 1655/1655 1769/1769
f 1770/1770 1635/1635 1771/1771
f 1667/1667 1640/1640 1737/1737
f 1772/1772 1744/1744 1773/1773
f 1671/1671 1670/1670 1615/1615
f 1764/1764 1600/1600 1598/1598
f 1600/1600 1764/1764 1601/1601
f 1577/1577 1665/1665 1593/1593
f 1612/1612 1611/1611 1593/1593
f 1706/1706 1705/1705 1704/1704
f 1658/1658 1613/1613 1617/1617
f 1751/1751 1774/1774 1775/1775
f 1602/1602 1775/1775 1606/1606
f 1776/1776 1777/1777 1728/1728
f 1777/1777 1776/1776 1642/1642
f 1747/1747 1584/1584 1749/1749
f 1662/1662 1661/1661 1591/1591
f 1704/1704 1625/1625 1706/1706
f 1719/1719 1752/1752 1627/1627
f 1737/1737 1736/1736 1733/1733
f 1690/1690 1731/1731 1737/1737
f 1778/1778 1739/1739 1741/1741
f 1739/1739 1742/1742 1741/1741
f 1644/1644 1697/1697 1695/1695
f 1697/1697 1692/1692 1698/1698
f 1641/1641 1730/1730 1686/1686
f 1730/1730 1681/1681 1686/1686
f 1618/1618 1617/1617 1613/1613
f 1751/1751 1750/1750 1723/1723
f 1641/1641 1736/1736 1640/1640
f 1641/1641 1686/1686 1685/1685
f 1739/1739 1738/1738 1742/1742
f 1716/1716 1715/1715 1738/1738
f 1578/1578 1779/1779 1720/1720
f 1779/1779 1707/1707 1657/1657
f 1643/1643 1642/1642 1718/1718
f 1590/1590 1721/1721 1780/1780
f 1781/1781 1782/1782 1604/1604
f 1658/1658 1782/1782 1781/1781
f 1602/1602 1596/1596 1603/1603
f 1709/1709 1740/1740 1739/1739
f 1639/1639 1638/1638 1668/1668
f 1749/1749 1748/1748 1747/1747
f 1745/1745 1744/1744 1772/1772
f 1762/1762 1772/1772 1609/1609
f 1675/1675 1674/1674 1610/1610
f 1722/1722 1725/1725 1724/1724
f 1636/1636 1595/1595 1594/1594
f 1743/1743 1713/1713 1711/1711
f 1612/1612 1608/1608 1722/1722
f 1665/1665 1783/1783 1593/1593
f 1728/1728 1766/1766 1776/1776
f 1691/1691 1766/1766 1765/1765
f 1621/1621 1594/1594 1622/1622
f 1676/1676 1726/1726 1725/1725
f 1580/1580 1619/1619 1754/1754
f 1672/1672 1753/1753 1670/1670
f 1652/1652 1784/1784 1582/1582
f 1663/1663 1693/1693 1785/1785
f 1758/1758 1582/1582 1637/1637
f 1637/1637 1582/1582 1747/1747
f 1786/1786 1696/1696 1695/1695
f 1649/1649 1786/1786 1586/1586
f 1589/1589 1647/1647 1588/1588
f 1787/1787 1761/1761 1765/1765
f 1642/1642 1650/1650 1645/1645
f 1788/1788 1642/1642 1776/1776
f 1615/1615 1673/1673 1671/1671
f 1722/1722 1724/1724 1673/1673
f 1661/1661 1789/1789 1592/1592
f 1789/1789 1661/1661 1663/1663
f 1602/1602 1701/1701 1775/1775
f 1775/1775 1702/1702 1751/1751
f 1600/1600 1599/1599 1755/1755
f 1598/1598 1600/1600 1716/1716
f 1624/1624 1708/1708 1626/1626
f 1708/1708 1790/1790 1623/1623
f 1581/1581 1756/1756 1621/1621
f 1717/1717 1757/1757 1715/1715
f 1749/1749 1791/1791 1590/1590
f 1791/1791 1749/1749 1584/1584
f 1792/1792 1793/1793 1576/1576
f 1576/1576 1602/1602 1792/1792
f 1794/1794 1795/1795 1645/1645
f 1645/1645 1631/1631 1794/1794
f 1657/1657 1778/1778 1599/1599
f 1599/1599 1778/1778 1711/1711
f 1634/1634 1771/1771 1635/1635
f 1771/1771 1640/1640 1770/1770
f 1735/1735 1796/1796 1733/1733
f 1654/1654 1586/1586 1796/1796
f 1736/1736 1641/1641 1685/1685
f 1734/1734 1733/1733 1736/1736
f 1577/1577 1620/1620 1580/1580
f 1577/1577 1576/1576 1793/1793
f 1629/1629 1653/1653 1585/1585
f 1629/1629 1645/1645 1795/1795
f 1710/1710 1739/1739 1778/1778
f 1739/1739 1710/1710 1709/1709
f 1695/1695 1694/1694 1644/1644
f 1694/1694 1728/1728 1777/1777
f 1585/1585 1769/1769 1586/1586
f 1688/1688 1760/1760 1586/1586
f 1765/1765 1699/1699 1691/1691
f 1691/1691 1699/1699 1698/1698
f 1731/1731 1681/1681 1680/1680
f 1681/1681 1731/1731 1689/1689
f 1670/1670 1773/1773 1744/1744
f 1773/1773 1670/1670 1753/1753
f 1681/1681 1768/1768 1686/1686
f 1686/1686 1768/1768 1767/1767
f 1630/1630 1629/1629 1585/1585
f 1585/1585 1588/1588 1630/1630
f 1605/1605 1577/1577 1580/1580
f 1580/1580 1579/1579 1605/1605
f 1723/1723 1613/1613 1612/1612
f 1613/1613 1723/1723 1618/1618
f 1738/1738 1598/1598 1716/1716
f 1598/1598 1738/1738 1596/1596
f 1707/1707 1611/1611 1705/1705
f 1779/1779 1578/1578 1707/1707
f 1635/1635 1590/1590 1646/1646
f 1590/1590 1666/1666 1749/1749
f 1610/1610 1722/1722 1608/1608
f 1722/1722 1610/1610 1725/1725
f 1669/1669 1737/1737 1763/1763
f 1737/1737 1669/1669 1667/1667
f 1615/1615 1744/1744 1614/1614
f 1744/1744 1615/1615 1670/1670
f 1716/1716 1755/1755 1717/1717
f 1600/1600 1755/1755 1716/1716
f 1592/1592 1697/1697 1721/1721
f 1697/1697 1592/1592 1785/1785
f 1627/1627 1625/1625 1624/1624
f 1625/1625 1627/1627 1752/1752
f 1682/1682 1730/1730 1683/1683
f 1730/1730 1682/1682 1678/1678
f 1776/1776 1727/1727 1788/1788
f 1727/1727 1776/1776 1660/1660
f 1602/1602 1605/1605 1579/1579
f 1579/1579 1621/1621 1602/1602
f 1631/1631 1630/1630 1588/1588
f 1588/1588 1648/1648 1631/1631
f 1742/1742 1715/1715 1757/1757
f 1738/1738 1715/1715 1742/1742
f 1785/1785 1692/1692 1697/1697
f 1692/1692 1785/1785 1693/1693
f 1639/1639 1763/1763 1759/1759
f 1763/1763 1639/1639 1669/1669
f 1746/1746 1614/1614 1744/1744
f 1607/1607 1606/1606 1614/1614
f 1643/1643 1718/1718 1797/1797
f 1643/1643 1721/1721 1697/1697
f 1603/1603 1623/1623 1604/1604
f 1604/1604 1623/1623 1781/1781
f 1657/1657 1720/1720 1779/1779
f 1656/1656 1720/1720 1657/1657
f 1764/1764 1714/1714 1703/1703
f 1598/1598 1714/1714 1764/1764
f 1665/1665 1664/1664 1609/1609
f 1609/1609 1664/1664 1762/1762
f 1631/1631 1651/1651 1732/1732
f 1732/1732 1651/1651 1766/1766
f 1783/1783 1612/1612 1593/1593
f 1783/1783 1608/1608 1612/1612
f 1680/1680 1758/1758 1731/1731
f 1631/1631 1758/1758 1632/1632
f 1658/1658 1705/1705 1611/1611
f 1705/1705 1658/1658 1781/1781
f 1584/1584 1662/1662 1791/1791
f 1662/1662 1584/1584 1583/1583
f 1706/1706 1752/1752 1707/1707
f 1752/1752 1706/1706 1625/1625
f 1791/1791 1591/1591 1590/1590
f 1591/1591 1791/1791 1662/1662
f 1786/1786 1587/1587 1586/1586
f 1698/1698 1700/1700 1786/1786
f 1638/1638 1747/1747 1748/1748
f 1747/1747 1638/1638 1637/1637
f 1678/1678 1632/1632 1679/1679
f 1678/1678 1679/1679 1730/1730
f 1649/1649 1647/1647 1729/1729
f 1761/1761 1787/1787 1647/1647
f 1769/1769 1655/1655 1767/1767
f 1735/1735 1687/1687 1655/1655
f 1629/1629 1628/1628 1633/1633
f 1633/1633 1684/1684 1683/1683
f 1733/1733 1690/1690 1737/1737
f 1690/1690 1733/1733 1760/1760
f 1668/1668 1748/1748 1666/1666
f 1748/1748 1668/1668 1638/1638
f 1745/1745 1762/1762 1746/1746
f 1772/1772 1762/1762 1745/1745
f 1602/1602 1703/1703 1597/1597
f 1597/1597 1703/1703 1714/1714
f 1659/1659 1788/1788 1727/1727
f 1659/1659 1651/1651 1650/1650
f 1765/1765 1728/1728 1787/1787
f 1766/1766 1728/1728 1765/1765
f 1784/1784 1652/1652 1663/1663
f 1583/1583 1663/1663 1662/1662
f 1698/1698 1695/1695 1697/1697
f 1695/1695 1698/1698 1786/1786
f 1743/1743 1757/1757 1595/1595
f 1595/1595 1636/1636 1743/1743
f 1619/1619 1622/1622 1676/1676
f 1726/1726 1676/1676 1622/1622
f 1753/1753 1672/1672 1754/1754
f 1594/1594 1754/1754 1672/1672
f 1725/1725 1674/1674 1676/1676
f 1674/1674 1725/1725 1610/1610
f 1766/1766 1660/1660 1776/1776
f 1660/1660 1766/1766 1651/1651
f 1726/1726 1622/1622 1594/1594
f 1672/1672 1726/1726 1594/1594
f 1633/1633 1683/1683 1641/1641
f 1641/1641 1683/1683 1730/1730
f 1781/1781 1704/1704 1705/1705
f 1704/1704 1781/1781 1623/1623
f 1719/1719 1778/1778 1657/1657
f 1778/1778 1719/1719 1710/1710
f 1797/1797 1718/1718 1780/1780
f 1590/1590 1780/1780 1646/1646
f 1676/1676 1753/1753 1619/1619
f 1753/1753 1754/1754 1619/1619
f 1782/1782 1617/1617 1616/1616
f 1617/1617 1782/1782 1658/1658
f 1673/1673 1724/1724 1671/1671
f 1672/1672 1671/1671 1724/1724
f 1740/1740 1709/1709 1603/1603
f 1708/1708 1603/1603 1709/1709
f 1673/1673 1751/1751 1722/1722
f 1751/1751 1673/1673 1774/1774
f 1618/1618 1750/1750 1702/1702
f 1723/1723 1750/1750 1618/1618
f 1773/1773 1675/1675 1677/1677
f 1675/1675 1773/1773 1753/1753
f 1770/1770 1640/1640 1667/1667
f 1667/1667 1666/1666 1798/1798
f 1778/1778 1741/1741 1711/1711
f 1711/1711 1741/1741 1743/1743
f 1581/1581 1595/1595 1757/1757
f 1757/1757 1717/1717 1581/1581
f 1601/1601 1656/1656 1599/1599
f 1601/1601 1703/1703 1656/1656
f 1759/1759 1637/1637 1639/1639
f 1758/1758 1637/1637 1759/1759
f 1746/1746 1664/1664 1607/1607
f 1614/1614 1746/1746 1607/1607
f 1677/1677 1772/1772 1773/1773
f 1609/1609 1772/1772 1677/1677
f 1756/1756 1581/1581 1717/1717
f 1636/1636 1756/1756 1717/1717
f 1710/1710 1626/1626 1708/1708
f 1626/1626 1710/1710 1719/1719
f 1740/1740 1596/1596 1738/1738
f 1603/1603 1596/1596 1740/1740
f 1717/1717 1713/1713 1636/1636
f 1713/1713 1743/1743 1636/1636
f 1736/1736 1685/1685 1734/1734
f 1734/1734 1685/1685 1735/1735
f 1606/1606 1775/1775 1774/1774
f 1606/1606 1774/1774 1673/1673
f 1785/1785 1789/1789 1663/1663
f 1789/1789 1785/1785 1592/1592
f 1797/1797 1721/1721 1643/1643
f 1780/1780 1721/1721 1797/1797
f 1634/1634 1640/1640 1771/1771
f 1634/1634 1633/1633 1640/1640
f 1792/1792 1621/1621 1620/1620
f 1602/1602 1621/1621 1792/1792
f 1631/1631 1648/1648 1794/1794
f 1794/1794 1648/1648 1653/1653
f 1795/1795 1653/1653 1629/1629
f 1653/1653 1795/1795 1794/1794
f 1620/1620 1793/1793 1792/1792
f 1793/1793 1620/1620 1577/1577
f 1635/1635 1798/1798 1666/1666
f 1666/1666 1590/1590 1635/1635
f 1616/1616 1604/1604 1782/1782
f 1701/1701 1604/1604 1616/1616
f 1646/1646 1718/1718 1645/1645
f 1646/1646 1780/1780 1718/1718
f 1611/1611 1707/1707 1578/1578
f 1578/1578 1593/1593 1611/1611
f 1768/1768 1689/1689 1688/1688
f 1689/1689 1768/1768 1681/1681
f 1608/1608 1783/1783 1665/1665
f 1609/1609 1608/1608 1665/1665
f 1663/1663 1583/1583 1784/1784
f 1583/1583 1582/1582 1784/1784
f 1680/1680 1632/1632 1758/1758
f 1680/1680 1679/1679 1632/1632
f 1702/1702 1775/1775 1701/1701
f 1701/1701 1616/1616 1702/1702
f 1786/1786 1700/1700 1587/1587
f 1589/1589 1587/1587 1700/1700
f 1796/1796 1735/1735 1654/1654
f 1655/1655 1654/1654 1735/1735
f 1729/1729 1696/1696 1649/1649
f 1786/1786 1649/1649 1696/1696
f 1647/1647 1589/1589 1761/1761
f 1700/1700 1761/1761 1589/1589
f 1790/1790 1708/1708 1624/1624
f 1624/1624 1623/1623 1790/1790
f 1767/1767 1688/1688 1769/1769
f 1586/1586 1769/1769 1688/1688
f 1755/1755 1712/1712 1713/1713
f 1712/1712 1755/1755 1599/1599
f 1644/1644 1777/1777 1642/1642
f 1777/1777 1644/1644 1694/1694
f 1686/1686 1767/1767 1687/1687
f 1687/1687 1767/1767 1655/1655
f 1760/1760 1796/1796 1586/1586
f 1733/1733 1796/1796 1760/1760
f 1787/1787 1729/1729 1647/1647
f 1728/1728 1729/1729 1787/1787
f 1684/1684 1633/1633 1628/1628
f 1678/1678 1684/1684 1628/1628
f 1798/1798 1635/1635 1770/1770
f 1770/1770 1667/1667 1798/1798
f 1650/1650 1642/1642 1788/1788
f 1788/1788 1659/1659 1650/1650
f 1652/1652 1732/1732 1693/1693
f 1652/1652 1693/1693 1663/1663
f 1799/1799 1800/1800 1801/1801
f 1802/1802 1803/1803 1804/1804
f 1805/1805 1806/1806 1807/1807
f 1808/1808 1809/1809 1810/1810
f 1811/1811 1812/1812 1813/1813
f 1814/1814 1815/1815 1816/1816
f 1817/1817 1810/1810 1809/1809
f 1818/1818 1819/1819 1805/1805
f 1820/1820 1821/1821 1822/1822
f 1823/1823 1824/1824 1825/1825
f 1826/1826 1814/1814 1816/1816
f 1813/1813 1827/1827 1828/1828
f 1829/1829 1830/1830 1831/1831
f 1832/1832 1833/1833 1834/1834
f 1835/1835 1836/1836 1837/1837
f 1838/1838 1839/1839 1840/1840
f 1841/1841 1835/1835 1842/1842
f 1838/1838 1843/1843 1844/1844
f 1845/1845 1846/1846 1847/1847
f 1848/1848 1849/1849 1850/1850
f 1851/1851 1845/1845 1852/1852
f 1849/1849 1853/1853 1854/1854
f 1801/1801 1855/1855 1799/1799
f 1804/1804 1856/1856 1802/1802
f 1840/1840 1857/1857 1858/1858
f 1809/1809 1859/1859 1860/1860
f 1819/1819 1861/1861 1862/1862
f 1857/1857 1840/1840 1863/1863
f 1809/1809 1860/1860 1864/1864
f 1865/1865 1866/1866 1841/1841
f 1838/1838 1867/1867 1868/1868
f 1869/1869 1870/1870 1871/1871
f 1816/1816 1815/1815 1811/1811
f 1845/1845 1872/1872 1873/1873
f 1813/1813 1874/1874 1875/1875
f 1876/1876 1877/1877 1848/1848
f 1822/1822 1878/1878 1820/1820
f 1879/1879 1880/1880 1881/1881
f 1816/1816 1882/1882 1883/1883
f 1845/1845 1847/1847 1884/1884
f 1813/1813 1885/1885 1886/1886
f 1853/1853 1887/1887 1854/1854
f 1812/1812 1888/1888 1813/1813
f 1813/1813 1888/1888 1826/1826
f 1806/1806 1834/1834 1833/1833
f 1889/1889 1831/1831 1830/1830
f 1839/1839 1890/1890 1840/1840
f 1859/1859 1891/1891 1860/1860
f 1819/1819 1871/1871 1892/1892
f 1835/1835 1893/1893 1894/1894
f 1895/1895 1896/1896 1897/1897
f 1846/1846 1898/1898 1847/1847
f 1849/1849 1854/1854 1850/1850
f 1872/1872 1874/1874 1899/1899
f 1819/1819 1869/1869 1871/1871
f 1809/1809 1900/1900 1901/1901
f 1902/1902 1849/1849 1852/1852
f 1849/1849 1903/1903 1904/1904
f 1905/1905 1906/1906 1907/1907
f 1908/1908 1909/1909 1910/1910
f 1911/1911 1838/1838 1912/1912
f 1906/1906 1905/1905 1841/1841
f 1913/1913 1914/1914 1848/1848
f 1915/1915 1845/1845 1851/1851
f 1900/1900 1916/1916 1901/1901
f 1917/1917 1865/1865 1867/1867
f 1865/1865 1917/1917 1866/1866
f 1819/1819 1918/1918 1917/1917
f 1876/1876 1919/1919 1877/1877
f 1919/1919 1876/1876 1872/1872
f 1920/1920 1820/1820 1878/1878
f 1881/1881 1921/1921 1879/1879
f 1922/1922 1816/1816 1875/1875
f 1874/1874 1923/1923 1875/1875
f 1914/1914 1913/1913 1924/1924
f 1851/1851 1925/1925 1915/1915
f 1926/1926 1819/1819 1862/1862
f 1809/1809 1808/1808 1926/1926
f 1809/1809 1863/1863 1927/1927
f 1861/1861 1858/1858 1862/1862
f 1928/1928 1801/1801 1800/1800
f 1856/1856 1815/1815 1929/1929
f 1843/1843 1930/1930 1844/1844
f 1835/1835 1837/1837 1842/1842
f 1830/1830 1931/1931 1889/1889
f 1825/1825 1832/1832 1823/1823
f 1858/1858 1835/1835 1840/1840
f 1912/1912 1838/1838 1840/1840
f 1932/1932 1829/1829 1933/1933
f 1818/1818 1810/1810 1817/1817
f 1814/1814 1826/1826 1888/1888
f 1800/1800 1934/1934 1928/1928
f 1831/1831 1933/1933 1829/1829
f 1806/1806 1805/1805 1933/1933
f 1816/1816 1897/1897 1935/1935
f 1827/1827 1936/1936 1828/1828
f 1836/1836 1937/1937 1837/1837
f 1838/1838 1844/1844 1938/1938
f 1911/1911 1939/1939 1841/1841
f 1940/1940 1941/1941 1939/1939
f 1942/1942 1943/1943 1944/1944
f 1915/1915 1944/1944 1848/1848
f 1852/1852 1945/1945 1902/1902
f 1886/1886 1885/1885 1903/1903
f 1946/1946 1813/1813 1826/1826
f 1904/1904 1903/1903 1947/1947
f 1918/1918 1819/1819 1901/1901
f 1819/1819 1818/1818 1817/1817
f 1845/1845 1948/1948 1852/1852
f 1948/1948 1947/1947 1852/1852
f 1949/1949 1799/1799 1855/1855
f 1803/1803 1879/1879 1921/1921
f 1849/1849 1924/1924 1925/1925
f 1924/1924 1944/1944 1943/1943
f 1896/1896 1895/1895 1950/1950
f 1813/1813 1828/1828 1950/1950
f 1809/1809 1951/1951 1863/1863
f 1951/1951 1809/1809 1926/1926
f 1952/1952 1845/1845 1877/1877
f 1875/1875 1923/1923 1922/1922
f 1953/1953 1838/1838 1866/1866
f 1901/1901 1916/1916 1918/1918
f 1870/1870 1869/1869 1864/1864
f 1867/1867 1900/1900 1954/1954
f 1835/1835 1912/1912 1840/1840
f 1835/1835 1907/1907 1909/1909
f 1832/1832 1825/1825 1931/1931
f 1878/1878 1822/1822 1880/1880
f 1812/1812 1811/1811 1815/1815
f 1812/1812 1928/1928 1934/1934
f 1816/1816 1922/1922 1919/1919
f 1816/1816 1895/1895 1897/1897
f 1855/1855 1920/1920 1949/1949
f 1921/1921 1804/1804 1803/1803
f 1821/1821 1889/1889 1931/1931
f 1834/1834 1823/1823 1832/1832
f 1873/1873 1872/1872 1876/1876
f 1898/1898 1846/1846 1850/1850
f 1930/1930 1843/1843 1842/1842
f 1868/1868 1867/1867 1865/1865
f 1833/1833 1807/1807 1806/1806
f 1829/1829 1932/1932 1807/1807
f 1929/1929 1802/1802 1856/1856
f 1934/1934 1800/1800 1929/1929
f 1883/1883 1902/1902 1945/1945
f 1882/1882 1902/1902 1883/1883
f 1894/1894 1893/1893 1890/1890
f 1927/1927 1863/1863 1893/1893
f 1936/1936 1827/1827 1935/1935
f 1903/1903 1882/1882 1886/1886
f 1891/1891 1859/1859 1892/1892
f 1893/1893 1861/1861 1927/1927
f 1890/1890 1839/1839 1894/1894
f 1937/1937 1836/1836 1938/1938
f 1887/1887 1853/1853 1884/1884
f 1947/1947 1948/1948 1904/1904
f 1849/1849 1851/1851 1852/1852
f 1925/1925 1851/1851 1849/1849
f 1907/1907 1939/1939 1941/1941
f 1907/1907 1941/1941 1909/1909
f 1945/1945 1852/1852 1885/1885
f 1813/1813 1946/1946 1885/1885
f 1841/1841 1866/1866 1838/1838
f 1838/1838 1911/1911 1841/1841
f 1848/1848 1877/1877 1845/1845
f 1845/1845 1915/1915 1848/1848
f 1824/1824 1881/1881 1880/1880
f 1820/1820 1920/1920 1881/1881
f 1879/1879 1803/1803 1949/1949
f 1880/1880 1879/1879 1878/1878
f 1864/1864 1860/1860 1870/1870
f 1842/1842 1837/1837 1930/1930
f 1884/1884 1847/1847 1887/1887
f 1935/1935 1897/1897 1936/1936
f 1938/1938 1844/1844 1937/1937
f 1892/1892 1871/1871 1891/1891
f 1950/1950 1828/1828 1896/1896
f 1850/1850 1854/1854 1898/1898
f 1940/1940 1908/1908 1910/1910
f 1940/1940 1939/1939 1911/1911
f 1808/1808 1933/1933 1805/1805
f 1933/1933 1808/1808 1932/1932
f 1872/1872 1845/1845 1952/1952
f 1874/1874 1872/1872 1923/1923
f 1900/1900 1867/1867 1916/1916
f 1867/1867 1838/1838 1953/1953
f 1942/1942 1955/1955 1956/1956
f 1942/1942 1944/1944 1915/1915
f 1925/1925 1956/1956 1955/1955
f 1924/1924 1943/1943 1925/1925
f 1895/1895 1899/1899 1874/1874
f 1816/1816 1899/1899 1895/1895
f 1819/1819 1954/1954 1869/1869
f 1869/1869 1954/1954 1900/1900
f 1873/1873 1876/1876 1850/1850
f 1850/1850 1876/1876 1848/1848
f 1868/1868 1865/1865 1842/1842
f 1842/1842 1865/1865 1841/1841
f 1862/1862 1858/1858 1857/1857
f 1926/1926 1862/1862 1951/1951
f 1932/1932 1810/1810 1818/1818
f 1810/1810 1932/1932 1808/1808
f 1880/1880 1825/1825 1824/1824
f 1825/1825 1880/1880 1822/1822
f 1928/1928 1812/1812 1815/1815
f 1815/1815 1856/1856 1928/1928
f 1888/1888 1934/1934 1814/1814
f 1934/1934 1888/1888 1812/1812
f 1833/1833 1832/1832 1830/1830
f 1931/1931 1830/1830 1832/1832
f 1893/1893 1835/1835 1858/1858
f 1861/1861 1893/1893 1858/1858
f 1882/1882 1903/1903 1902/1902
f 1903/1903 1849/1849 1902/1902
f 1807/1807 1833/1833 1829/1829
f 1830/1830 1829/1829 1833/1833
f 1909/1909 1912/1912 1835/1835
f 1912/1912 1909/1909 1911/1911
f 1800/1800 1799/1799 1802/1802
f 1802/1802 1929/1929 1800/1800
f 1799/1799 1949/1949 1803/1803
f 1803/1803 1802/1802 1799/1799
f 1878/1878 1949/1949 1920/1920
f 1949/1949 1878/1878 1879/1879
f 1821/1821 1820/1820 1824/1824
f 1881/1881 1824/1824 1820/1820
f 1822/1822 1931/1931 1825/1825
f 1931/1931 1822/1822 1821/1821
f 1920/1920 1855/1855 1921/1921
f 1921/1921 1881/1881 1920/1920
f 1811/1811 1875/1875 1816/1816
f 1811/1811 1813/1813 1875/1875
f 1817/1817 1901/1901 1819/1819
f 1817/1817 1809/1809 1901/1901
f 1824/1824 1823/1823 1821/1821
f 1889/1889 1821/1821 1823/1823
f 1855/1855 1801/1801 1804/1804
f 1804/1804 1921/1921 1855/1855
f 1826/1826 1883/1883 1946/1946
f 1826/1826 1816/1816 1883/1883
f 1823/1823 1834/1834 1889/1889
f 1831/1831 1889/1889 1834/1834
f 1926/1926 1805/1805 1819/1819
f 1808/1808 1805/1805 1926/1926
f 1856/1856 1804/1804 1801/1801
f 1801/1801 1928/1928 1856/1856
f 1933/1933 1831/1831 1806/1806
f 1834/1834 1806/1806 1831/1831
f 1939/1939 1907/1907 1906/1906
f 1906/1906 1841/1841 1939/1939
f 1913/1913 1848/1848 1944/1944
f 1944/1944 1924/1924 1913/1913
f 1835/1835 1905/1905 1907/1907
f 1835/1835 1841/1841 1905/1905
f 1849/1849 1914/1914 1924/1924
f 1849/1849 1848/1848 1914/1914
f 1908/1908 1911/1911 1909/1909
f 1911/1911 1908/1908 1940/1940
f 1955/1955 1915/1915 1925/1925
f 1915/1915 1955/1955 1942/1942
f 1845/1845 1873/1873 1846/1846
f 1846/1846 1873/1873 1850/1850
f 1836/1836 1894/1894 1839/1839
f 1835/1835 1894/1894 1836/1836
f 1849/1849 1904/1904 1853/1853
f 1853/1853 1904/1904 1948/1948
f 1838/1838 1868/1868 1843/1843
f 1843/1843 1868/1868 1842/1842
f 1956/1956 1925/1925 1943/1943
f 1956/1956 1943/1943 1942/1942
f 1861/1861 1892/1892 1859/1859
f 1819/1819 1892/1892 1861/1861
f 1816/1816 1935/1935 1882/1882
f 1882/1882 1935/1935 1827/1827
f 1922/1922 1877/1877 1919/1919
f 1877/1877 1922/1922 1952/1952
f 1918/1918 1866/1866 1917/1917
f 1866/1866 1918/1918 1953/1953
f 1859/1859 1927/1927 1861/1861
f 1809/1809 1927/1927 1859/1859
f 1813/1813 1886/1886 1827/1827
f 1827/1827 1886/1886 1882/1882
f 1813/1813 1950/1950 1874/1874
f 1874/1874 1950/1950 1895/1895
f 1900/1900 1864/1864 1869/1869
f 1809/1809 1864/1864 1900/1900
f 1845/1845 1884/1884 1948/1948
f 1948/1948 1884/1884 1853/1853
f 1839/1839 1938/1938 1836/1836
f 1838/1838 1938/1938 1839/1839
f 1945/1945 1946/1946 1883/1883
f 1946/1946 1945/1945 1885/1885
f 1857/1857 1951/1951 1862/1862
f 1951/1951 1857/1857 1863/1863
f 1872/1872 1952/1952 1923/1923
f 1922/1922 1923/1923 1952/1952
f 1918/1918 1916/1916 1953/1953
f 1867/1867 1953/1953 1916/1916
f 1818/1818 1807/1807 1932/1932
f 1807/1807 1818/1818 1805/1805
f 1910/1910 1941/1941 1940/1940
f 1941/1941 1910/1910 1909/1909
f 1870/1870 1837/1837 1871/1871
f 1837/1837 1870/1870 1860/1860
f 1891/1891 1844/1844 1860/1860
f 1844/1844 1891/1891 1871/1871
f 1816/1816 1919/1919 1899/1899
f 1899/1899 1919/1919 1872/1872
f 1887/1887 1897/1897 1854/1854
f 1897/1897 1887/1887 1847/1847
f 1898/1898 1828/1828 1847/1847
f 1828/1828 1898/1898 1854/1854
f 1930/1930 1860/1860 1844/1844
f 1860/1860 1930/1930 1837/1837
f 1954/1954 1917/1917 1867/1867
f 1819/1819 1917/1917 1954/1954
f 1937/1937 1871/1871 1837/1837
f 1871/1871 1937/1937 1844/1844
f 1936/1936 1847/1847 1828/1828
f 1847/1847 1936/1936 1897/1897
f 1854/1854 1896/1896 1828/1828
f 1896/1896 1854/1854 1897/1897
f 1929/1929 1814/1814 1934/1934
f 1814/1814 1929/1929 1815/1815
f 1885/1885 1947/1947 1903/1903
f 1947/1947 1885/1885 1852/1852
f 1890/1890 1863/1863 1840/1840
f 1863/1863 1890/1890 1893/1893
f 1957/1957 1958/1958 1959/1959
f 1960/1960 1961/1961 1962/1962
f 1963/1963 1964/1964 1965/1965
f 1966/1966 1967/1967 1968/1968
f 1969/1969 1970/1970 1971/1971
f 1972/1972 1973/1973 1974/1974
f 1975/1975 1976/1976 1977/1977
f 1966/1966 1978/1978 1979/1979
f 1980/1980 1981/1981 1982/1982
f 1983/1983 1984/1984 1985/1985
f 1986/1986 1987/1987 1988/1988
f 1974/1974 1989/1989 1972/1972
f 1990/1990 1991/1991 1992/1992
f 1993/1993 1994/1994 1978/1978
f 1995/1995 1996/1996 1975/1975
f 1997/1997 1968/1968 1998/1998
f 1999/1999 2000/2000 1960/1960
f 2001/2001 1961/1961 2002/2002
f 2003/2003 2004/2004 1963/1963
f 2005/2005 2003/2003 2006/2006
f 2007/2007 2008/2008 1979/1979
f 2009/2009 2010/2010 1998/1998
f 2011/2011 2012/2012 2013/2013
f 2014/2014 2015/2015 1969/1969
f 2016/2016 2017/2017 2018/2018
f 2019/2019 2020/2020 2021/2021
f 2022/2022 1985/1985 2023/2023
f 2024/2024 2025/2025 2026/2026
f 2027/2027 2028/2028 2011/2011
f 2029/2029 2030/2030 2017/2017
f 2031/2031 1966/1966 1968/1968
f 2004/2004 2003/2003 2032/2032
f 2033/2033 2034/2034 2035/2035
f 2008/2008 2009/2009 2036/2036
f 2037/2037 2038/2038 2039/2039
f 2040/2040 2041/2041 2042/2042
f 2043/2043 2042/2042 2041/2041
f 2044/2044 2043/2043 2045/2045
f 2046/2046 2047/2047 2048/2048
f 1987/1987 1986/1986 2049/2049
f 1981/1981 1980/1980 2050/2050
f 2051/2051 2052/2052 2023/2023
f 2053/2053 2054/2054 2055/2055
f 2056/2056 2057/2057 2038/2038
f 2010/2010 2007/2007 2058/2058
f 2059/2059 1992/1992 1991/1991
f 2018/2018 2060/2060 2016/2016
f 1973/1973 2061/2061 2062/2062
f 2045/2045 2063/2063 2044/2044
f 2054/2054 2064/2064 2004/2004
f 2065/2065 2013/2013 2012/2012
f 2066/2066 2067/2067 2068/2068
f 2041/2041 2040/2040 2069/2069
f 1991/1991 1990/1990 2045/2045
f 1962/1962 2070/2070 1981/1981
f 2071/2071 2072/2072 1987/1987
f 2000/2000 2072/2072 2071/2071
f 1961/1961 2070/2070 1962/1962
f 2030/2030 2029/2029 2073/2073
f 2027/2027 2073/2073 2028/2028
f 2074/2074 2075/2075 1963/1963
f 2035/2035 2006/2006 2033/2033
f 1998/1998 2058/2058 1997/1997
f 1979/1979 2036/2036 1966/1966
f 2036/2036 1979/1979 2008/2008
f 2058/2058 1998/1998 2010/2010
f 2076/2076 2077/2077 2042/2042
f 2076/2076 2069/2069 2077/2077
f 2078/2078 1957/1957 2027/2027
f 2013/2013 2065/2065 2078/2078
f 2002/2002 2000/2000 2071/2071
f 2017/2017 2079/2079 2029/2029
f 2060/2060 2018/2018 2061/2061
f 2061/2061 2080/2080 2081/2081
f 2082/2082 2083/2083 2084/2084
f 1989/1989 1974/1974 2082/2082
f 2085/2085 2086/2086 1959/1959
f 1984/1984 1983/1983 2085/2085
f 2005/2005 2039/2039 2056/2056
f 2087/2087 2069/2069 2076/2076
f 2004/2004 2088/2088 2054/2054
f 2032/2032 2055/2055 2054/2054
f 1990/1990 1963/1963 2004/2004
f 2089/2089 2045/2045 1990/1990
f 2015/2015 2014/2014 2066/2066
f 2020/2020 2019/2019 2080/2080
f 2090/2090 1975/1975 1996/1996
f 2091/2091 2069/2069 2090/2090
f 2092/2092 2093/2093 2008/2008
f 2092/2092 1977/1977 1976/1976
f 2094/2094 2095/2095 2010/2010
f 2094/2094 1965/1965 1964/1964
f 2062/2062 2073/2073 1973/1973
f 1973/1973 2048/2048 2047/2047
f 1961/1961 2096/2096 2002/2002
f 2097/2097 1969/1969 2015/2015
f 2098/2098 1959/1959 2047/2047
f 1959/1959 2098/2098 1957/1957
f 2084/2084 2026/2026 2025/2025
f 2026/2026 2084/2084 2052/2052
f 2056/2056 2099/2099 2005/2005
f 2099/2099 2056/2056 2053/2053
f 2033/2033 2093/2093 2092/2092
f 2075/2075 2074/2074 2093/2093
f 2059/2059 2095/2095 2094/2094
f 1996/1996 1995/1995 2095/2095
f 2045/2045 2091/2091 1991/1991
f 2091/2091 2045/2045 2043/2043
f 2000/2000 2100/2100 1960/1960
f 2021/2021 2016/2016 2060/2060
f 1988/1988 1999/1999 1986/1986
f 2000/2000 1999/1999 1988/1988
f 1982/1982 2001/2001 1980/1980
f 1961/1961 2001/2001 1982/1982
f 1967/1967 2101/2101 2009/2009
f 1966/1966 2101/2101 1967/1967
f 1997/1997 2102/2102 1994/1994
f 1994/1994 2102/2102 2007/2007
f 2103/2103 2093/2093 2074/2074
f 1965/1965 2094/2094 2103/2103
f 2104/2104 2095/2095 1995/1995
f 1977/1977 2092/2092 2104/2104
f 2083/2083 2082/2082 1981/1981
f 1981/1981 1986/1986 1999/1999
f 2086/2086 2085/2085 1987/1987
f 1987/1987 1980/1980 2001/2001
f 2017/2017 2030/2030 2062/2062
f 2062/2062 2030/2030 2073/2073
f 2097/2097 2015/2015 2068/2068
f 2068/2068 2015/2015 2066/2066
f 1984/1984 1958/1958 1985/1985
f 2065/2065 2067/2067 2078/2078
f 2042/2042 2037/2037 2076/2076
f 1993/1993 1978/1978 2042/2042
f 2000/2000 2002/2002 2079/2079
f 2079/2079 2011/2011 2028/2028
f 1983/1983 2050/2050 2085/2085
f 2052/2052 2022/2022 2023/2023
f 2047/2047 2105/2105 1973/1973
f 1974/1974 2049/2049 2082/2082
f 2075/2075 2106/2106 1963/1963
f 1963/1963 2106/2106 2003/2003
f 1978/1978 1966/1966 2038/2038
f 2038/2038 2053/2053 2056/2056
f 2020/2020 2066/2066 2014/2014
f 2020/2020 1971/1971 1970/1970
f 2028/2028 2107/2107 2079/2079
f 2028/2028 2073/2073 2029/2029
f 2064/2064 2089/2089 2004/2004
f 2089/2089 1990/1990 2004/2004
f 2037/2037 2039/2039 2076/2076
f 2039/2039 2005/2005 2076/2076
f 2055/2055 2108/2108 2053/2053
f 2099/2099 2003/2003 2005/2005
f 2064/2064 2044/2044 2089/2089
f 1968/1968 1997/1997 2044/2044
f 2033/2033 2109/2109 2093/2093
f 2109/2109 2033/2033 2006/2006
f 2059/2059 2110/2110 2095/2095
f 2110/2110 2059/2059 2090/2090
f 2069/2069 2091/2091 2041/2041
f 2041/2041 2111/2111 2043/2043
f 2025/2025 1972/1972 1989/1989
f 2080/2080 2061/2061 2025/2025
f 2080/2080 2066/2066 2020/2020
f 2023/2023 2024/2024 2051/2051
f 2076/2076 2005/2005 2087/2087
f 1976/1976 2035/2035 2092/2092
f 1990/1990 2112/2112 2094/2094
f 2094/2094 2112/2112 2059/2059
f 2035/2035 2113/2113 2092/2092
f 2092/2092 2113/2113 2033/2033
f 2048/2048 1957/1957 2046/2046
f 2073/2073 2027/2027 1957/1957
f 2114/2114 2013/2013 2078/2078
f 2013/2013 2114/2114 2011/2011
f 2081/2081 2060/2060 2061/2061
f 2060/2060 2081/2081 2021/2021
f 2016/2016 2021/2021 1960/1960
f 1961/1961 1960/1960 1970/1970
f 2079/2079 2017/2017 2000/2000
f 2100/2100 2000/2000 2017/2017
f 2012/2012 2011/2011 2096/2096
f 2096/2096 1961/1961 2097/2097
f 2115/2115 1984/1984 2085/2085
f 1984/1984 2115/2115 1958/1958
f 1989/1989 2116/2116 2025/2025
f 2116/2116 1989/1989 2082/2082
f 1968/1968 1967/1967 1998/1998
f 1998/1998 1967/1967 2009/2009
f 1979/1979 1994/1994 2007/2007
f 1978/1978 1994/1994 1979/1979
f 2043/2043 2044/2044 1993/1993
f 2042/2042 2043/2043 1993/1993
f 2086/2086 2047/2047 1959/1959
f 2105/2105 2047/2047 2086/2086
f 2083/2083 2052/2052 2084/2084
f 2022/2022 2052/2052 2083/2083
f 1962/1962 1999/1999 1960/1960
f 1999/1999 1962/1962 1981/1981
f 2071/2071 2001/2001 2002/2002
f 2001/2001 2071/2071 1987/1987
f 2053/2053 2038/2038 1966/1966
f 1966/1966 2031/2031 2053/2053
f 2090/2090 1991/1991 2091/2091
f 1991/1991 2090/2090 2059/2059
f 2054/2054 2053/2053 2031/2031
f 2031/2031 1968/1968 2054/2054
f 1961/1961 1970/1970 1969/1969
f 1969/1969 2097/2097 1961/1961
f 2009/2009 2008/2008 2093/2093
f 2093/2093 2103/2103 2009/2009
f 2007/2007 2010/2010 2095/2095
f 2095/2095 2104/2104 2007/2007
f 2018/2018 2062/2062 2061/2061
f 2062/2062 2018/2018 2017/2017
f 2040/2040 2077/2077 2069/2069
f 2077/2077 2040/2040 2042/2042
f 2032/2032 2088/2088 2004/2004
f 2088/2088 2032/2032 2054/2054
f 2065/2065 2068/2068 2067/2067
f 2068/2068 2065/2065 2097/2097
f 2038/2038 2037/2037 1978/1978
f 2037/2037 2042/2042 1978/1978
f 2002/2002 2096/2096 2011/2011
f 2011/2011 2079/2079 2002/2002
f 2082/2082 2049/2049 1986/1986
f 1986/1986 1981/1981 2082/2082
f 2085/2085 2050/2050 1980/1980
f 1980/1980 1987/1987 2085/2085
f 1976/1976 1975/1975 2069/2069
f 2090/2090 2069/2069 1975/1975
f 2064/2064 2054/2054 1968/1968
f 2044/2044 2064/2064 1968/1968
f 1997/1997 1993/1993 2044/2044
f 1993/1993 1997/1997 1994/1994
f 1960/1960 2100/2100 2016/2016
f 2017/2017 2016/2016 2100/2100
f 1963/1963 1990/1990 1964/1964
f 1964/1964 1990/1990 2094/2094
f 2010/2010 2009/2009 2103/2103
f 2010/2010 2103/2103 2094/2094
f 2089/2089 2063/2063 2045/2045
f 2063/2063 2089/2089 2044/2044
f 2008/2008 2104/2104 2092/2092
f 2008/2008 2007/2007 2104/2104
f 2039/2039 2057/2057 2056/2056
f 2057/2057 2039/2039 2038/2038
f 1985/1985 1958/1958 2067/2067
f 2023/2023 1985/1985 2067/2067
f 2055/2055 2032/2032 2003/2003
f 2108/2108 2055/2055 2003/2003
f 2066/2066 2080/2080 2024/2024
f 2025/2025 2024/2024 2080/2080
f 2107/2107 2028/2028 2029/2029
f 2107/2107 2029/2029 2079/2079
f 1971/1971 2020/2020 2014/2014
f 1971/1971 2014/2014 1969/1969
f 1972/1972 2025/2025 2061/2061
f 1973/1973 1972/1972 2061/2061
f 2021/2021 1970/1970 1960/1960
f 1970/1970 2021/2021 2020/2020
f 2078/2078 2067/2067 1958/1958
f 1958/1958 1957/1957 2078/2078
f 1957/1957 2048/2048 2073/2073
f 2048/2048 1973/1973 2073/2073
f 2012/2012 2097/2097 2065/2065
f 2096/2096 2097/2097 2012/2012
f 2035/2035 2087/2087 2005/2005
f 2005/2005 2006/2006 2035/2035
f 2052/2052 2051/2051 2026/2026
f 2026/2026 2051/2051 2024/2024
f 2098/2098 2046/2046 1957/1957
f 2047/2047 2046/2046 2098/2098
f 2111/2111 2091/2091 2043/2043
f 2111/2111 2041/2041 2091/2091
f 2108/2108 2099/2099 2053/2053
f 2099/2099 2108/2108 2003/2003
f 2023/2023 2067/2067 2066/2066
f 2024/2024 2023/2023 2066/2066
f 2105/2105 1974/1974 1973/1973
f 1974/1974 2105/2105 2049/2049
f 2022/2022 1983/1983 1985/1985
f 1983/1983 2022/2022 2050/2050
f 1977/1977 1995/1995 1975/1975
f 1995/1995 1977/1977 2104/2104
f 2074/2074 1965/1965 2103/2103
f 1965/1965 2074/2074 1963/1963
f 2114/2114 2027/2027 2011/2011
f 2078/2078 2027/2027 2114/2114
f 1992/1992 2059/2059 2112/2112
f 1992/1992 2112/2112 1990/1990
f 2034/2034 2033/2033 2113/2113
f 2034/2034 2113/2113 2035/2035
f 2069/2069 2087/2087 1976/1976
f 2035/2035 1976/1976 2087/2087
f 2019/2019 2081/2081 2080/2080
f 2081/2081 2019/2019 2021/2021
f 2049/2049 2086/2086 1987/1987
f 2086/2086 2049/2049 2105/2105
f 2050/2050 2083/2083 1981/1981
f 2083/2083 2050/2050 2022/2022
f 2106/2106 2006/2006 2003/2003
f 2006/2006 2106/2106 2109/2109
f 1996/1996 2110/2110 2090/2090
f 2110/2110 1996/1996 2095/2095
f 2109/2109 2075/2075 2093/2093
f 2075/2075 2109/2109 2106/2106
f 2058/2058 2102/2102 1997/1997
f 2007/2007 2102/2102 2058/2058
f 2009/2009 2101/2101 2036/2036
f 2036/2036 2101/2101 1966/1966
f 2115/2115 1959/1959 1958/1958
f 1959/1959 2115/2115 2085/2085
f 2000/2000 1988/1988 2072/2072
f 2072/2072 1988/1988 1987/1987
f 1961/1961 1982/1982 2070/2070
f 2070/2070 1982/1982 1981/1981
f 2116/2116 2084/2084 2025/2025
f 2084/2084 2116/2116 2082/2082
f 2117/2117 2118/2118 2119/2119
f 2120/2120 2121/2121 2122/2122
f 2123/2123 2124/2124 2125/2125
f 2126/2126 2127/2127 2128/2128
f 2129/2129 2130/2130 2131/2131
f 2132/2132 2133/2133 2134/2134
f 2135/2135 2119/2119 2118/2118
f 2122/2122 2136/2136 2120/2120
f 2125/2125 2137/2137 2123/2123
f 2138/2138 2139/2139 2127/2127
f 2140/2140 2141/2141 2142/2142
f 2143/2143 2144/2144 2145/2145
f 2129/2129 2146/2146 2147/2147
f 2148/2148 2149/2149 2150/2150
f 2128/2128 2142/2142 2126/2126
f 2145/2145 2151/2151 2143/2143
f 2133/2133 2150/2150 2149/2149
f 2152/2152 2129/2129 2147/2147
f 2127/2127 2153/2153 2138/2138
f 2154/2154 2120/2120 2136/2136
f 2155/2155 2131/2131 2130/2130
f 2134/2134 2156/2156 2132/2132
f 2142/2142 2157/2157 2140/2140
f 2158/2158 2145/2145 2144/2144
f 2118/2118 2140/2140 2135/2135
f 2144/2144 2123/2123 2158/2158
f 2142/2142 2141/2141 2126/2126
f 2121/2121 2143/2143 2151/2151
f 2150/2150 2117/2117 2148/2148
f 2125/2125 2124/2124 2152/2152
f 2130/2130 2154/2154 2155/2155
f 2153/2153 2132/2132 2156/2156
f 2119/2119 2148/2148 2117/2117
f 2147/2147 2125/2125 2152/2152
f 2151/2151 2122/2122 2121/2121
f 2127/2127 2139/2139 2128/2128
f 2131/2131 2146/2146 2129/2129
f 2149/2149 2134/2134 2133/2133
f 2139/2139 2138/2138 2136/2136
f 2138/2138 2134/2134 2155/2155
f 2119/2119 2135/2135 2137/2137
f 2140/2140 2157/2157 2135/2135
f 2138/2138 2155/2155 2136/2136
f 2136/2136 2155/2155 2154/2154
f 2157/2157 2142/2142 2158/2158
f 2158/2158 2135/2135 2157/2157
f 2134/2134 2149/2149 2131/2131
f 2131/2131 2155/2155 2134/2134
f 2118/2118 2117/2117 2123/2123
f 2123/2123 2140/2140 2118/2118
f 2130/2130 2129/2129 2133/2133
f 2133/2133 2129/2129 2152/2152
f 2153/2153 2127/2127 2154/2154
f 2154/2154 2132/2132 2153/2153
f 2123/2123 2144/2144 2140/2140
f 2141/2141 2140/2140 2144/2144
f 2127/2127 2126/2126 2120/2120
f 2120/2120 2154/2154 2127/2127
f 2154/2154 2130/2130 2132/2132
f 2133/2133 2132/2132 2130/2130
f 2121/2121 2120/2120 2126/2126
f 2126/2126 2141/2141 2121/2121
f 2152/2152 2124/2124 2150/2150
f 2150/2150 2133/2133 2152/2152
f 2137/2137 2125/2125 2119/2119
f 2119/2119 2125/2125 2147/2147
f 2145/2145 2158/2158 2142/2142
f 2142/2142 2128/2128 2145/2145
f 2141/2141 2143/2143 2121/2121
f 2144/2144 2143/2143 2141/2141
f 2123/2123 2137/2137 2158/2158
f 2158/2158 2137/2137 2135/2135
f 2147/2147 2146/2146 2148/2148
f 2148/2148 2119/2119 2147/2147
f 2151/2151 2145/2145 2128/2128
f 2128/2128 2139/2139 2151/2151
f 2117/2117 2150/2150 2124/2124
f 2124/2124 2123/2123 2117/2117
f 2139/2139 2122/2122 2151/2151
f 2136/2136 2122/2122 2139/2139
f 2149/2149 2148/2148 2146/2146
f 2146/2146 2131/2131 2149/2149
f 2156/2156 2138/2138 2153/2153
f 2156/2156 2134/2134 2138/2138
f 2159/2159 2160/2160 2161/2161
f 2162/2162 2163/2163 2164/2164
f 2165/2165 2166/2166 2167/2167
f 2168/2168 2169/2169 2170/2170
f 2171/2171 2172/2172 2173/2173
f 2167/2167 2174/2174 2165/2165
f 2175/2175 2176/2176 2177/2177
f 2178/2178 2179/2179 2180/2180
f 2181/2181 2182/2182 2183/2183
f 2184/2184 2185/2185 2186/2186
f 2187/2187 2188/2188 2189/2189
f 2190/2190 2191/2191 2192/2192
f 2193/2193 2194/2194 2195/2195
f 2180/2180 2196/2196 2178/2178
f 2159/2159 2197/2197 2198/2198
f 2199/2199 2200/2200 2201/2201
f 2201/2201 2202/2202 2199/2199
f 2203/2203 2161/2161 2204/2204
f 2205/2205 2206/2206 2207/2207
f 2208/2208 2209/2209 2210/2210
f 2173/2173 2211/2211 2171/2171
f 2212/2212 2213/2213 2176/2176
f 2214/2214 2215/2215 2216/2216
f 2217/2217 2218/2218 2219/2219
f 2186/2186 2187/2187 2184/2184
f 2220/2220 2221/2221 2183/2183
f 2174/2174 2167/2167 2222/2222
f 2172/2172 2223/2223 2224/2224
f 2225/2225 2226/2226 2227/2227
f 2163/2163 2162/2162 2228/2228
f 2195/2195 2229/2229 2193/2193
f 2230/2230 2231/2231 2232/2232
f 2233/2233 2234/2234 2235/2235
f 2236/2236 2189/2189 2188/2188
f 2237/2237 2170/2170 2169/2169
f 2238/2238 2237/2237 2239/2239
f 2240/2240 2241/2241 2242/2242
f 2196/2196 2243/2243 2244/2244
f 2245/2245 2212/2212 2244/2244
f 2246/2246 2247/2247 2167/2167
f 2248/2248 2224/2224 2238/2238
f 2160/2160 2249/2249 2227/2227
f 2169/2169 2250/2250 2237/2237
f 2202/2202 2201/2201 2251/2251
f 2228/2228 2251/2251 2163/2163
f 2161/2161 2203/2203 2159/2159
f 2252/2252 2253/2253 2203/2203
f 2254/2254 2255/2255 2256/2256
f 2257/2257 2258/2258 2188/2188
f 2187/2187 2191/2191 2259/2259
f 2191/2191 2190/2190 2260/2260
f 2261/2261 2262/2262 2263/2263
f 2264/2264 2265/2265 2266/2266
f 2267/2267 2192/2192 2191/2191
f 2268/2268 2269/2269 2270/2270
f 2252/2252 2197/2197 2159/2159
f 2271/2271 2183/2183 2236/2236
f 2183/2183 2271/2271 2220/2220
f 2272/2272 2235/2235 2234/2234
f 2234/2234 2273/2273 2272/2272
f 2196/2196 2180/2180 2243/2243
f 2180/2180 2193/2193 2216/2216
f 2274/2274 2275/2275 2276/2276
f 2274/2274 2277/2277 2212/2212
f 2179/2179 2195/2195 2194/2194
f 2278/2278 2248/2248 2279/2279
f 2174/2174 2222/2222 2280/2280
f 2281/2281 2282/2282 2283/2283
f 2219/2219 2284/2284 2217/2217
f 2285/2285 2281/2281 2286/2286
f 2287/2287 2262/2262 2240/2240
f 2207/2207 2288/2288 2205/2205
f 2265/2265 2289/2289 2266/2266
f 2290/2290 2291/2291 2292/2292
f 2181/2181 2293/2293 2236/2236
f 2189/2189 2236/2236 2294/2294
f 2295/2295 2296/2296 2166/2166
f 2297/2297 2298/2298 2299/2299
f 2203/2203 2204/2204 2300/2300
f 2301/2301 2228/2228 2302/2302
f 2240/2240 2303/2303 2241/2241
f 2206/2206 2264/2264 2266/2266
f 2268/2268 2199/2199 2269/2269
f 2304/2304 2305/2305 2249/2249
f 2254/2254 2260/2260 2255/2255
f 2260/2260 2259/2259 2191/2191
f 2306/2306 2307/2307 2168/2168
f 2211/2211 2297/2297 2299/2299
f 2308/2308 2309/2309 2184/2184
f 2189/2189 2294/2294 2310/2310
f 2177/2177 2214/2214 2229/2229
f 2214/2214 2245/2245 2215/2215
f 2311/2311 2312/2312 2313/2313
f 2216/2216 2314/2314 2180/2180
f 2244/2244 2315/2315 2245/2245
f 2316/2316 2313/2313 2312/2312
f 2231/2231 2317/2317 2318/2318
f 2218/2218 2319/2319 2317/2317
f 2227/2227 2202/2202 2225/2225
f 2202/2202 2227/2227 2249/2249
f 2280/2280 2222/2222 2320/2320
f 2320/2320 2247/2247 2321/2321
f 2322/2322 2267/2267 2184/2184
f 2192/2192 2267/2267 2323/2323
f 2229/2229 2195/2195 2324/2324
f 2229/2229 2324/2324 2176/2176
f 2169/2169 2325/2325 2165/2165
f 2169/2169 2168/2168 2325/2325
f 2326/2326 2327/2327 2273/2273
f 2318/2318 2273/2273 2327/2327
f 2325/2325 2328/2328 2165/2165
f 2166/2166 2165/2165 2295/2295
f 2235/2235 2286/2286 2233/2233
f 2329/2329 2330/2330 2286/2286
f 2301/2301 2302/2302 2331/2331
f 2251/2251 2225/2225 2202/2202
f 2277/2277 2274/2274 2276/2276
f 2332/2332 2179/2179 2178/2178
f 2270/2270 2333/2333 2252/2252
f 2188/2188 2187/2187 2257/2257
f 2259/2259 2257/2257 2187/2187
f 2262/2262 2287/2287 2334/2334
f 2334/2334 2263/2263 2262/2262
f 2335/2335 2258/2258 2256/2256
f 2336/2336 2221/2221 2220/2220
f 2337/2337 2226/2226 2331/2331
f 2338/2338 2300/2300 2204/2204
f 2179/2179 2332/2332 2339/2339
f 2195/2195 2179/2179 2339/2339
f 2223/2223 2238/2238 2224/2224
f 2238/2238 2223/2223 2211/2211
f 2340/2340 2293/2293 2181/2181
f 2323/2323 2340/2340 2192/2192
f 2278/2278 2224/2224 2248/2248
f 2246/2246 2321/2321 2247/2247
f 2272/2272 2341/2341 2285/2285
f 2319/2319 2342/2342 2317/2317
f 2339/2339 2343/2343 2195/2195
f 2343/2343 2324/2324 2195/2195
f 2344/2344 2287/2287 2345/2345
f 2209/2209 2242/2242 2210/2210
f 2282/2282 2281/2281 2232/2232
f 2327/2327 2282/2282 2318/2318
f 2239/2239 2248/2248 2238/2238
f 2239/2239 2279/2279 2248/2248
f 2164/2164 2268/2268 2270/2270
f 2268/2268 2164/2164 2163/2163
f 2266/2266 2303/2303 2346/2346
f 2347/2347 2207/2207 2348/2348
f 2160/2160 2159/2159 2198/2198
f 2249/2249 2160/2160 2304/2304
f 2349/2349 2326/2326 2273/2273
f 2350/2350 2219/2219 2351/2351
f 2281/2281 2285/2285 2352/2352
f 2276/2276 2353/2353 2277/2277
f 2311/2311 2314/2314 2216/2216
f 2313/2313 2243/2243 2354/2354
f 2312/2312 2215/2215 2355/2355
f 2316/2316 2315/2315 2244/2244
f 2241/2241 2289/2289 2208/2208
f 2236/2236 2293/2293 2294/2294
f 2356/2356 2357/2357 2358/2358
f 2249/2249 2305/2305 2269/2269
f 2254/2254 2259/2259 2260/2260
f 2257/2257 2259/2259 2359/2359
f 2301/2301 2251/2251 2228/2228
f 2225/2225 2251/2251 2360/2360
f 2303/2303 2266/2266 2241/2241
f 2289/2289 2241/2241 2266/2266
f 2334/2334 2287/2287 2344/2344
f 2263/2263 2334/2334 2361/2361
f 2333/2333 2270/2270 2362/2362
f 2317/2317 2363/2363 2218/2218
f 2218/2218 2351/2351 2219/2219
f 2255/2255 2221/2221 2336/2336
f 2335/2335 2256/2256 2255/2255
f 2279/2279 2239/2239 2364/2364
f 2320/2320 2321/2321 2279/2279
f 2302/2302 2300/2300 2338/2338
f 2337/2337 2331/2331 2302/2302
f 2278/2278 2279/2279 2321/2321
f 2321/2321 2246/2246 2365/2365
f 2176/2176 2324/2324 2275/2275
f 2366/2366 2240/2240 2262/2262
f 2367/2367 2368/2368 2207/2207
f 2230/2230 2369/2369 2219/2219
f 2232/2232 2281/2281 2230/2230
f 2215/2215 2312/2312 2216/2216
f 2311/2311 2216/2216 2312/2312
f 2341/2341 2370/2370 2285/2285
f 2370/2370 2352/2352 2285/2285
f 2316/2316 2244/2244 2313/2313
f 2243/2243 2313/2313 2244/2244
f 2328/2328 2325/2325 2371/2371
f 2266/2266 2346/2346 2206/2206
f 2206/2206 2348/2348 2207/2207
f 2261/2261 2263/2263 2265/2265
f 2292/2292 2289/2289 2265/2265
f 2189/2189 2184/2184 2187/2187
f 2184/2184 2189/2189 2308/2308
f 2267/2267 2322/2322 2323/2323
f 2297/2297 2166/2166 2298/2298
f 2166/2166 2297/2297 2172/2172
f 2331/2331 2225/2225 2360/2360
f 2226/2226 2225/2225 2331/2331
f 2256/2256 2257/2257 2359/2359
f 2258/2258 2257/2257 2256/2256
f 2205/2205 2288/2288 2372/2372
f 2265/2265 2264/2264 2261/2261
f 2373/2373 2293/2293 2374/2374
f 2374/2374 2375/2375 2373/2373
f 2283/2283 2282/2282 2329/2329
f 2300/2300 2228/2228 2162/2162
f 2300/2300 2302/2302 2228/2228
f 2221/2221 2260/2260 2190/2190
f 2221/2221 2255/2255 2260/2260
f 2296/2296 2376/2376 2166/2166
f 2377/2377 2299/2299 2298/2298
f 2317/2317 2342/2342 2273/2273
f 2273/2273 2318/2318 2317/2317
f 2190/2190 2183/2183 2221/2221
f 2183/2183 2190/2190 2181/2181
f 2319/2319 2341/2341 2342/2342
f 2217/2217 2284/2284 2378/2378
f 2211/2211 2299/2299 2306/2306
f 2353/2353 2276/2276 2379/2379
f 2380/2380 2381/2381 2379/2379
f 2167/2167 2172/2172 2246/2246
f 2172/2172 2167/2167 2166/2166
f 2211/2211 2168/2168 2238/2238
f 2168/2168 2211/2211 2306/2306
f 2237/2237 2174/2174 2280/2280
f 2174/2174 2237/2237 2250/2250
f 2333/2333 2382/2382 2383/2383
f 2383/2383 2384/2384 2197/2197
f 2198/2198 2304/2304 2160/2160
f 2352/2352 2369/2369 2281/2281
f 2369/2369 2230/2230 2281/2281
f 2269/2269 2358/2358 2385/2385
f 2270/2270 2269/2269 2385/2385
f 2350/2350 2351/2351 2363/2363
f 2351/2351 2218/2218 2363/2363
f 2162/2162 2203/2203 2300/2300
f 2203/2203 2162/2162 2252/2252
f 2386/2386 2371/2371 2325/2325
f 2307/2307 2387/2387 2386/2386
f 2161/2161 2227/2227 2226/2226
f 2227/2227 2161/2161 2160/2160
f 2388/2388 2275/2275 2324/2324
f 2389/2389 2388/2388 2324/2324
f 2368/2368 2367/2367 2240/2240
f 2366/2366 2368/2368 2240/2240
f 2303/2303 2240/2240 2367/2367
f 2303/2303 2367/2367 2346/2346
f 2354/2354 2243/2243 2314/2314
f 2314/2314 2243/2243 2180/2180
f 2315/2315 2215/2215 2245/2245
f 2355/2355 2215/2215 2315/2315
f 2172/2172 2224/2224 2246/2246
f 2365/2365 2246/2246 2224/2224
f 2390/2390 2366/2366 2262/2262
f 2262/2262 2261/2261 2390/2390
f 2196/2196 2212/2212 2277/2277
f 2244/2244 2212/2212 2196/2196
f 2233/2233 2349/2349 2234/2234
f 2349/2349 2273/2273 2234/2234
f 2391/2391 2323/2323 2322/2322
f 2309/2309 2308/2308 2391/2391
f 2289/2289 2392/2392 2208/2208
f 2291/2291 2289/2289 2292/2292
f 2295/2295 2393/2393 2394/2394
f 2296/2296 2295/2295 2394/2394
f 2395/2395 2294/2294 2396/2396
f 2310/2310 2294/2294 2395/2395
f 2188/2188 2271/2271 2236/2236
f 2271/2271 2188/2188 2220/2220
f 2283/2283 2286/2286 2281/2281
f 2286/2286 2283/2283 2329/2329
f 2381/2381 2339/2339 2332/2332
f 2277/2277 2353/2353 2332/2332
f 2182/2182 2181/2181 2236/2236
f 2182/2182 2236/2236 2183/2183
f 2396/2396 2293/2293 2397/2397
f 2396/2396 2294/2294 2293/2293
f 2209/2209 2345/2345 2242/2242
f 2361/2361 2292/2292 2263/2263
f 2265/2265 2263/2263 2292/2292
f 2241/2241 2208/2208 2210/2210
f 2210/2210 2242/2242 2241/2241
f 2376/2376 2296/2296 2377/2377
f 2296/2296 2394/2394 2398/2398
f 2335/2335 2220/2220 2258/2258
f 2258/2258 2220/2220 2188/2188
f 2337/2337 2204/2204 2226/2226
f 2226/2226 2204/2204 2161/2161
f 2194/2194 2180/2180 2179/2179
f 2193/2193 2180/2180 2194/2194
f 2191/2191 2186/2186 2267/2267
f 2186/2186 2191/2191 2187/2187
f 2213/2213 2177/2177 2176/2176
f 2212/2212 2245/2245 2213/2213
f 2237/2237 2238/2238 2170/2170
f 2170/2170 2238/2238 2168/2168
f 2313/2313 2354/2354 2311/2311
f 2354/2354 2314/2314 2311/2311
f 2338/2338 2204/2204 2337/2337
f 2302/2302 2338/2338 2337/2337
f 2331/2331 2360/2360 2301/2301
f 2360/2360 2251/2251 2301/2301
f 2359/2359 2259/2259 2254/2254
f 2256/2256 2359/2359 2254/2254
f 2255/2255 2336/2336 2335/2335
f 2336/2336 2220/2220 2335/2335
f 2279/2279 2364/2364 2320/2320
f 2364/2364 2280/2280 2320/2320
f 2365/2365 2224/2224 2278/2278
f 2321/2321 2365/2365 2278/2278
f 2355/2355 2315/2315 2316/2316
f 2312/2312 2355/2355 2316/2316
f 2235/2235 2272/2272 2285/2285
f 2285/2285 2286/2286 2235/2235
f 2399/2399 2400/2400 2282/2282
f 2400/2400 2329/2329 2282/2282
f 2292/2292 2361/2361 2290/2290
f 2274/2274 2176/2176 2275/2275
f 2176/2176 2274/2274 2212/2212
f 2348/2348 2206/2206 2346/2346
f 2347/2347 2348/2348 2346/2346
f 2352/2352 2370/2370 2219/2219
f 2369/2369 2352/2352 2219/2219
f 2253/2253 2252/2252 2159/2159
f 2253/2253 2159/2159 2203/2203
f 2368/2368 2366/2366 2207/2207
f 2366/2366 2390/2390 2207/2207
f 2201/2201 2163/2163 2251/2251
f 2163/2163 2201/2201 2268/2268
f 2304/2304 2198/2198 2401/2401
f 2401/2401 2358/2358 2304/2304
f 2237/2237 2280/2280 2239/2239
f 2364/2364 2239/2239 2280/2280
f 2214/2214 2193/2193 2229/2229
f 2216/2216 2193/2193 2214/2214
f 2371/2371 2393/2393 2328/2328
f 2317/2317 2231/2231 2363/2363
f 2231/2231 2230/2230 2363/2363
f 2384/2384 2401/2401 2198/2198
f 2198/2198 2197/2197 2384/2384
f 2249/2249 2199/2199 2202/2202
f 2199/2199 2249/2249 2269/2269
f 2374/2374 2323/2323 2375/2375
f 2362/2362 2402/2402 2382/2382
f 2333/2333 2362/2362 2382/2382
f 2395/2395 2308/2308 2310/2310
f 2310/2310 2308/2308 2189/2189
f 2270/2270 2402/2402 2362/2362
f 2385/2385 2402/2402 2270/2270
f 2175/2175 2229/2229 2176/2176
f 2229/2229 2175/2175 2177/2177
f 2333/2333 2197/2197 2252/2252
f 2197/2197 2333/2333 2383/2383
f 2325/2325 2307/2307 2386/2386
f 2168/2168 2307/2307 2325/2325
f 2398/2398 2377/2377 2296/2296
f 2380/2380 2379/2379 2276/2276
f 2380/2380 2276/2276 2275/2275
f 2287/2287 2242/2242 2345/2345
f 2242/2242 2287/2287 2240/2240
f 2272/2272 2273/2273 2342/2342
f 2272/2272 2342/2342 2341/2341
f 2327/2327 2326/2326 2399/2399
f 2282/2282 2327/2327 2399/2399
f 2357/2357 2385/2385 2358/2358
f 2344/2344 2361/2361 2334/2334
f 2344/2344 2290/2290 2361/2361
f 2403/2403 2391/2391 2308/2308
f 2403/2403 2308/2308 2395/2395
f 2404/2404 2343/2343 2339/2339
f 2307/2307 2306/2306 2387/2387
f 2299/2299 2387/2387 2306/2306
f 2390/2390 2372/2372 2288/2288
f 2288/2288 2207/2207 2390/2390
f 2373/2373 2397/2397 2293/2293
f 2350/2350 2363/2363 2230/2230
f 2219/2219 2350/2350 2230/2230
f 2370/2370 2378/2378 2284/2284
f 2284/2284 2219/2219 2370/2370
f 2347/2347 2346/2346 2367/2367
f 2207/2207 2347/2347 2367/2367
f 2232/2232 2318/2318 2282/2282
f 2318/2318 2232/2232 2231/2231
f 2330/2330 2233/2233 2286/2286
f 2381/2381 2332/2332 2353/2353
f 2353/2353 2379/2379 2381/2381
f 2275/2275 2388/2388 2405/2405
f 2405/2405 2380/2380 2275/2275
f 2341/2341 2319/2319 2217/2217
f 2319/2319 2218/2218 2217/2217
f 2264/2264 2206/2206 2205/2205
f 2261/2261 2264/2264 2205/2205
f 2164/2164 2252/2252 2162/2162
f 2252/2252 2164/2164 2270/2270
f 2356/2356 2358/2358 2401/2401
f 2320/2320 2222/2222 2247/2247
f 2247/2247 2222/2222 2167/2167
f 2293/2293 2340/2340 2374/2374
f 2340/2340 2323/2323 2374/2374
f 2370/2370 2341/2341 2378/2378
f 2341/2341 2217/2217 2378/2378
f 2389/2389 2324/2324 2343/2343
f 2185/2185 2267/2267 2186/2186
f 2185/2185 2184/2184 2267/2267
f 2178/2178 2277/2277 2332/2332
f 2277/2277 2178/2178 2196/2196
f 2391/2391 2322/2322 2309/2309
f 2184/2184 2309/2309 2322/2322
f 2165/2165 2250/2250 2169/2169
f 2250/2250 2165/2165 2174/2174
f 2328/2328 2295/2295 2165/2165
f 2393/2393 2295/2295 2328/2328
f 2192/2192 2181/2181 2190/2190
f 2181/2181 2192/2192 2340/2340
f 2269/2269 2305/2305 2358/2358
f 2305/2305 2304/2304 2358/2358
f 2261/2261 2205/2205 2372/2372
f 2390/2390 2261/2261 2372/2372
f 2393/2393 2406/2406 2394/2394
f 2406/2406 2398/2398 2394/2394
f 2223/2223 2171/2171 2211/2211
f 2171/2171 2223/2223 2172/2172
f 2173/2173 2297/2297 2211/2211
f 2297/2297 2173/2173 2172/2172
f 2291/2291 2392/2392 2289/2289
f 2200/2200 2268/2268 2201/2201
f 2268/2268 2200/2200 2199/2199
f 2245/2245 2214/2214 2177/2177
f 2177/2177 2213/2213 2245/2245
f 2377/2377 2298/2298 2376/2376
f 2166/2166 2376/2376 2298/2298
f 2407/2407 2408/2408 2409/2409
f 2410/2410 2411/2411 2412/2412
f 2413/2413 2414/2414 2415/2415
f 2416/2416 2417/2417 2410/2410
f 2418/2418 2419/2419 2420/2420
f 2421/2421 2422/2422 2423/2423
f 2424/2424 2422/2422 2421/2421
f 2425/2425 2426/2426 2427/2427
f 2428/2428 2429/2429 2430/2430
f 2431/2431 2432/2432 2433/2433
f 2434/2434 2435/2435 2431/2431
f 2411/2411 2436/2436 2412/2412
f 2437/2437 2410/2410 2417/2417
f 2438/2438 2439/2439 2440/2440
f 2441/2441 2420/2420 2419/2419
f 2442/2442 2443/2443 2444/2444
f 2445/2445 2446/2446 2447/2447
f 2448/2448 2449/2449 2450/2450
f 2451/2451 2452/2452 2453/2453
f 2454/2454 2455/2455 2456/2456
f 2457/2457 2458/2458 2459/2459
f 2460/2460 2461/2461 2462/2462
f 2463/2463 2436/2436 2464/2464
f 2464/2464 2413/2413 2463/2463
f 2465/2465 2466/2466 2467/2467
f 2429/2429 2468/2468 2469/2469
f 2470/2470 2471/2471 2472/2472
f 2473/2473 2469/2469 2468/2468
f 2435/2435 2409/2409 2408/2408
f 2420/2420 2441/2441 2409/2409
f 2413/2413 2464/2464 2414/2414
f 2474/2474 2475/2475 2476/2476
f 2477/2477 2478/2478 2479/2479
f 2472/2472 2480/2480 2470/2470
f 2481/2481 2482/2482 2483/2483
f 2424/2424 2421/2421 2484/2484
f 2485/2485 2486/2486 2487/2487
f 2488/2488 2489/2489 2433/2433
f 2435/2435 2434/2434 2490/2490
f 2417/2417 2416/2416 2449/2449
f 2412/2412 2436/2436 2491/2491
f 2456/2456 2453/2453 2492/2492
f 2493/2493 2427/2427 2426/2426
f 2423/2423 2494/2494 2407/2407
f 2449/2449 2448/2448 2417/2417
f 2415/2415 2495/2495 2413/2413
f 2496/2496 2497/2497 2462/2462
f 2467/2467 2498/2498 2465/2465
f 2474/2474 2440/2440 2439/2439
f 2410/2410 2437/2437 2440/2440
f 2499/2499 2476/2476 2475/2475
f 2411/2411 2464/2464 2436/2436
f 2425/2425 2483/2483 2482/2482
f 2408/2408 2431/2431 2435/2435
f 2500/2500 2501/2501 2486/2486
f 2456/2456 2451/2451 2453/2453
f 2451/2451 2456/2456 2455/2455
f 2458/2458 2457/2457 2471/2471
f 2471/2471 2496/2496 2458/2458
f 2439/2439 2438/2438 2502/2502
f 2495/2495 2502/2502 2437/2437
f 2457/2457 2459/2459 2503/2503
f 2436/2436 2504/2504 2491/2491
f 2436/2436 2463/2463 2504/2504
f 2484/2484 2421/2421 2443/2443
f 2498/2498 2467/2467 2441/2441
f 2484/2484 2443/2443 2442/2442
f 2432/2432 2442/2442 2433/2433
f 2486/2486 2485/2485 2500/2500
f 2505/2505 2506/2506 2507/2507
f 2508/2508 2487/2487 2486/2486
f 2444/2444 2488/2488 2442/2442
f 2433/2433 2442/2442 2488/2488
f 2491/2491 2449/2449 2416/2416
f 2495/2495 2448/2448 2413/2413
f 2413/2413 2448/2448 2445/2445
f 2411/2411 2410/2410 2509/2509
f 2440/2440 2474/2474 2510/2510
f 2471/2471 2470/2470 2468/2468
f 2511/2511 2468/2468 2512/2512
f 2414/2414 2499/2499 2475/2475
f 2439/2439 2502/2502 2414/2414
f 2424/2424 2481/2481 2483/2483
f 2427/2427 2494/2494 2424/2424
f 2513/2513 2511/2511 2512/2512
f 2505/2505 2514/2514 2506/2506
f 2426/2426 2425/2425 2515/2515
f 2431/2431 2408/2408 2516/2516
f 2461/2461 2459/2459 2458/2458
f 2461/2461 2460/2460 2517/2517
f 2450/2450 2445/2445 2448/2448
f 2466/2466 2465/2465 2518/2518
f 2484/2484 2481/2481 2424/2424
f 2482/2482 2481/2481 2432/2432
f 2519/2519 2456/2456 2492/2492
f 2520/2520 2500/2500 2485/2485
f 2521/2521 2522/2522 2485/2485
f 2409/2409 2435/2435 2420/2420
f 2490/2490 2420/2420 2435/2435
f 2499/2499 2414/2414 2464/2464
f 2464/2464 2411/2411 2499/2499
f 2523/2523 2462/2462 2497/2497
f 2524/2524 2466/2466 2525/2525
f 2466/2466 2444/2444 2443/2443
f 2409/2409 2423/2423 2407/2407
f 2423/2423 2409/2409 2441/2441
f 2446/2446 2504/2504 2463/2463
f 2463/2463 2447/2447 2446/2446
f 2427/2427 2493/2493 2494/2494
f 2494/2494 2493/2493 2407/2407
f 2516/2516 2482/2482 2431/2431
f 2432/2432 2431/2431 2482/2482
f 2495/2495 2417/2417 2448/2448
f 2417/2417 2495/2495 2437/2437
f 2411/2411 2509/2509 2476/2476
f 2476/2476 2499/2499 2411/2411
f 2462/2462 2523/2523 2460/2460
f 2445/2445 2447/2447 2413/2413
f 2447/2447 2463/2463 2413/2413
f 2526/2526 2429/2429 2428/2428
f 2527/2527 2456/2456 2519/2519
f 2462/2462 2458/2458 2496/2496
f 2458/2458 2462/2462 2461/2461
f 2489/2489 2490/2490 2434/2434
f 2408/2408 2407/2407 2528/2528
f 2515/2515 2528/2528 2426/2426
f 2489/2489 2529/2529 2490/2490
f 2420/2420 2490/2490 2418/2418
f 2496/2496 2471/2471 2429/2429
f 2468/2468 2429/2429 2471/2471
f 2530/2530 2438/2438 2440/2440
f 2502/2502 2438/2438 2437/2437
f 2452/2452 2479/2479 2478/2478
f 2416/2416 2412/2412 2491/2491
f 2412/2412 2416/2416 2410/2410
f 2514/2514 2508/2508 2486/2486
f 2470/2470 2531/2531 2512/2512
f 2512/2512 2468/2468 2470/2470
f 2510/2510 2509/2509 2410/2410
f 2410/2410 2440/2440 2510/2510
f 2487/2487 2521/2521 2485/2485
f 2498/2498 2532/2532 2465/2465
f 2466/2466 2443/2443 2467/2467
f 2421/2421 2467/2467 2443/2443
f 2491/2491 2533/2533 2449/2449
f 2533/2533 2450/2450 2449/2449
f 2513/2513 2512/2512 2531/2531
f 2515/2515 2516/2516 2408/2408
f 2408/2408 2528/2528 2515/2515
f 2441/2441 2421/2421 2423/2423
f 2421/2421 2441/2441 2467/2467
f 2459/2459 2461/2461 2517/2517
f 2469/2469 2430/2430 2429/2429
f 2476/2476 2509/2509 2474/2474
f 2509/2509 2510/2510 2474/2474
f 2516/2516 2515/2515 2425/2425
f 2482/2482 2516/2516 2425/2425
f 2422/2422 2424/2424 2494/2494
f 2423/2423 2422/2422 2494/2494
f 2433/2433 2434/2434 2431/2431
f 2434/2434 2433/2433 2489/2489
f 2427/2427 2483/2483 2425/2425
f 2483/2483 2427/2427 2424/2424
f 2475/2475 2439/2439 2414/2414
f 2439/2439 2475/2475 2474/2474
f 2465/2465 2534/2534 2518/2518
f 2465/2465 2532/2532 2534/2534
f 2450/2450 2535/2535 2445/2445
f 2444/2444 2466/2466 2524/2524
f 2518/2518 2525/2525 2466/2466
f 2479/2479 2451/2451 2477/2477
f 2452/2452 2451/2451 2479/2479
f 2493/2493 2426/2426 2426/2426
f 2426/2426 2528/2528 2426/2426
f 2429/2429 2526/2526 2496/2496
f 2536/2536 2460/2460 2523/2523
f 2497/2497 2536/2536 2523/2523
f 2468/2468 2511/2511 2473/2473
f 2472/2472 2471/2471 2457/2457
f 2495/2495 2415/2415 2502/2502
f 2415/2415 2414/2414 2502/2502
f 2485/2485 2522/2522 2520/2520
f 2455/2455 2477/2477 2451/2451
f 2501/2501 2507/2507 2486/2486
f 2529/2529 2418/2418 2490/2490
f 2531/2531 2470/2470 2480/2480
f 2486/2486 2506/2506 2514/2514
f 2506/2506 2486/2486 2507/2507
f 2419/2419 2498/2498 2441/2441
f 2532/2532 2498/2498 2419/2419
f 2481/2481 2484/2484 2432/2432
f 2432/2432 2484/2484 2442/2442
f 2530/2530 2440/2440 2437/2437
f 2437/2437 2438/2438 2530/2530
f 2456/2456 2527/2527 2454/2454
f 2537/2537 2538/2538 2539/2539
f 2540/2540 2541/2541 2542/2542
f 2543/2543 2544/2544 2545/2545
f 2546/2546 2547/2547 2548/2548
f 2549/2549 2542/2542 2550/2550
f 2551/2551 2552/2552 2553/2553
f 2554/2554 2555/2555 2556/2556
f 2557/2557 2558/2558 2559/2559
f 2560/2560 2561/2561 2562/2562
f 2545/2545 2563/2563 2564/2564
f 2549/2549 2565/2565 2566/2566
f 2567/2567 2568/2568 2569/2569
f 2554/2554 2570/2570 2571/2571
f 2572/2572 2573/2573 2574/2574
f 2575/2575 2576/2576 2577/2577
f 2575/2575 2578/2578 2579/2579
f 2580/2580 2581/2581 2575/2575
f 2542/2542 2582/2582 2583/2583
f 2584/2584 2585/2585 2586/2586
f 2587/2587 2588/2588 2589/2589
f 2551/2551 2572/2572 2590/2590
f 2552/2552 2551/2551 2591/2591
f 2581/2581 2580/2580 2592/2592
f 2593/2593 2594/2594 2576/2576
f 2595/2595 2596/2596 2597/2597
f 2598/2598 2599/2599 2600/2600
f 2600/2600 2575/2575 2579/2579
f 2544/2544 2543/2543 2601/2601
f 2602/2602 2603/2603 2563/2563
f 2559/2559 2545/2545 2557/2557
f 2572/2572 2551/2551 2604/2604
f 2571/2571 2568/2568 2554/2554
f 2558/2558 2557/2557 2583/2583
f 2605/2605 2583/2583 2582/2582
f 2574/2574 2606/2606 2577/2577
f 2607/2607 2574/2574 2573/2573
f 2608/2608 2579/2579 2578/2578
f 2579/2579 2609/2609 2553/2553
f 2610/2610 2611/2611 2560/2560
f 2541/2541 2550/2550 2542/2542
f 2612/2612 2566/2566 2565/2565
f 2566/2566 2613/2613 2564/2564
f 2614/2614 2615/2615 2616/2616
f 2562/2562 2547/2547 2560/2560
f 2617/2617 2618/2618 2540/2540
f 2557/2557 2617/2617 2583/2583
f 2619/2619 2556/2556 2555/2555
f 2620/2620 2608/2608 2578/2578
f 2551/2551 2590/2590 2591/2591
f 2563/2563 2549/2549 2602/2602
f 2596/2596 2595/2595 2551/2551
f 2595/2595 2604/2604 2551/2551
f 2621/2621 2544/2544 2562/2562
f 2544/2544 2621/2621 2545/2545
f 2539/2539 2622/2622 2537/2537
f 2606/2606 2592/2592 2580/2580
f 2609/2609 2597/2597 2596/2596
f 2569/2569 2623/2623 2567/2567
f 2541/2541 2540/2540 2618/2618
f 2589/2589 2611/2611 2587/2587
f 2624/2624 2607/2607 2573/2573
f 2625/2625 2571/2571 2570/2570
f 2556/2556 2538/2538 2554/2554
f 2581/2581 2626/2626 2575/2575
f 2548/2548 2627/2627 2546/2546
f 2613/2613 2601/2601 2543/2543
f 2628/2628 2575/2575 2600/2600
f 2552/2552 2591/2591 2629/2629
f 2582/2582 2630/2630 2631/2631
f 2632/2632 2545/2545 2559/2559
f 2633/2633 2634/2634 2576/2576
f 2576/2576 2572/2572 2593/2593
f 2634/2634 2635/2635 2576/2576
f 2553/2553 2636/2636 2598/2598
f 2636/2636 2553/2553 2552/2552
f 2637/2637 2564/2564 2563/2563
f 2564/2564 2637/2637 2602/2602
f 2638/2638 2577/2577 2576/2576
f 2577/2577 2638/2638 2593/2593
f 2584/2584 2586/2586 2565/2565
f 2550/2550 2541/2541 2610/2610
f 2574/2574 2607/2607 2606/2606
f 2554/2554 2606/2606 2607/2607
f 2557/2557 2615/2615 2617/2617
f 2560/2560 2617/2617 2615/2615
f 2554/2554 2609/2609 2608/2608
f 2579/2579 2608/2608 2609/2609
f 2621/2621 2562/2562 2639/2639
f 2639/2639 2562/2562 2561/2561
f 2640/2640 2641/2641 2642/2642
f 2542/2542 2549/2549 2643/2643
f 2558/2558 2644/2644 2559/2559
f 2583/2583 2605/2605 2558/2558
f 2560/2560 2612/2612 2585/2585
f 2560/2560 2585/2585 2610/2610
f 2582/2582 2542/2542 2630/2630
f 2542/2542 2643/2643 2630/2630
f 2632/2632 2645/2645 2545/2545
f 2563/2563 2545/2545 2646/2646
f 2628/2628 2647/2647 2575/2575
f 2576/2576 2575/2575 2633/2633
f 2626/2626 2556/2556 2619/2619
f 2626/2626 2581/2581 2556/2556
f 2604/2604 2571/2571 2625/2625
f 2604/2604 2595/2595 2571/2571
f 2560/2560 2613/2613 2612/2612
f 2566/2566 2612/2612 2613/2613
f 2615/2615 2561/2561 2560/2560
f 2561/2561 2615/2615 2614/2614
f 2570/2570 2607/2607 2624/2624
f 2607/2607 2570/2570 2554/2554
f 2595/2595 2569/2569 2568/2568
f 2568/2568 2571/2571 2595/2595
f 2608/2608 2555/2555 2554/2554
f 2555/2555 2608/2608 2620/2620
f 2589/2589 2588/2588 2560/2560
f 2560/2560 2611/2611 2589/2589
f 2537/2537 2622/2622 2554/2554
f 2554/2554 2538/2538 2537/2537
f 2544/2544 2548/2548 2547/2547
f 2547/2547 2562/2562 2544/2544
f 2538/2538 2556/2556 2581/2581
f 2581/2581 2539/2539 2538/2538
f 2572/2572 2576/2576 2648/2648
f 2648/2648 2649/2649 2572/2572
f 2650/2650 2651/2651 2590/2590
f 2652/2652 2650/2650 2649/2649
f 2611/2611 2610/2610 2541/2541
f 2541/2541 2587/2587 2611/2611
f 2584/2584 2610/2610 2585/2585
f 2550/2550 2610/2610 2584/2584
f 2591/2591 2651/2651 2629/2629
f 2651/2651 2591/2591 2590/2590
f 2549/2549 2563/2563 2642/2642
f 2642/2642 2643/2643 2549/2549
f 2628/2628 2629/2629 2647/2647
f 2629/2629 2628/2628 2600/2600
f 2545/2545 2645/2645 2646/2646
f 2575/2575 2647/2647 2633/2633
f 2631/2631 2632/2632 2559/2559
f 2631/2631 2645/2645 2632/2632
f 2631/2631 2630/2630 2653/2653
f 2630/2630 2643/2643 2654/2654
f 2641/2641 2654/2654 2643/2643
f 2641/2641 2643/2643 2642/2642
f 2655/2655 2642/2642 2563/2563
f 2646/2646 2640/2640 2563/2563
f 2615/2615 2557/2557 2616/2616
f 2545/2545 2616/2616 2557/2557
f 2546/2546 2627/2627 2560/2560
f 2560/2560 2547/2547 2546/2546
f 2554/2554 2568/2568 2567/2567
f 2567/2567 2623/2623 2554/2554
f 2574/2574 2593/2593 2572/2572
f 2593/2593 2574/2574 2577/2577
f 2566/2566 2602/2602 2549/2549
f 2602/2602 2566/2566 2564/2564
f 2598/2598 2579/2579 2553/2553
f 2579/2579 2598/2598 2600/2600
f 2577/2577 2580/2580 2575/2575
f 2580/2580 2577/2577 2606/2606
f 2596/2596 2553/2553 2609/2609
f 2553/2553 2596/2596 2551/2551
f 2543/2543 2564/2564 2613/2613
f 2564/2564 2543/2543 2545/2545
f 2583/2583 2540/2540 2542/2542
f 2540/2540 2583/2583 2617/2617
f 2572/2572 2649/2649 2590/2590
f 2590/2590 2649/2649 2650/2650
f 2554/2554 2623/2623 2609/2609
f 2597/2597 2609/2609 2623/2623
f 2592/2592 2606/2606 2622/2622
f 2554/2554 2622/2622 2606/2606
f 2601/2601 2613/2613 2627/2627
f 2560/2560 2627/2627 2613/2613
f 2597/2597 2623/2623 2569/2569
f 2597/2597 2569/2569 2595/2595
f 2592/2592 2622/2622 2539/2539
f 2592/2592 2539/2539 2581/2581
f 2618/2618 2587/2587 2541/2541
f 2618/2618 2588/2588 2587/2587
f 2601/2601 2548/2548 2544/2544
f 2601/2601 2627/2627 2548/2548
f 2618/2618 2617/2617 2588/2588
f 2560/2560 2588/2588 2617/2617
f 2640/2640 2642/2642 2655/2655
f 2640/2640 2655/2655 2563/2563
f 2619/2619 2620/2620 2578/2578
f 2619/2619 2555/2555 2620/2620
f 2625/2625 2624/2624 2573/2573
f 2625/2625 2570/2570 2624/2624
f 2639/2639 2561/2561 2614/2614
f 2639/2639 2614/2614 2616/2616
f 2652/2652 2649/2649 2648/2648
f 2634/2634 2652/2652 2648/2648
f 2634/2634 2648/2648 2635/2635
f 2635/2635 2648/2648 2576/2576
f 2654/2654 2653/2653 2630/2630
f 2599/2599 2636/2636 2552/2552
f 2599/2599 2598/2598 2636/2636
f 2603/2603 2637/2637 2563/2563
f 2603/2603 2602/2602 2637/2637
f 2594/2594 2593/2593 2638/2638
f 2594/2594 2638/2638 2576/2576
f 2644/2644 2558/2558 2605/2605
f 2644/2644 2605/2605 2582/2582
f 2586/2586 2612/2612 2565/2565
f 2586/2586 2585/2585 2612/2612
f 2604/2604 2573/2573 2572/2572
f 2573/2573 2604/2604 2625/2625
f 2550/2550 2565/2565 2549/2549
f 2565/2565 2550/2550 2584/2584
f 2616/2616 2621/2621 2639/2639
f 2621/2621 2616/2616 2545/2545
f 2578/2578 2626/2626 2619/2619
f 2626/2626 2578/2578 2575/2575
f 2552/2552 2600/2600 2599/2599
f 2600/2600 2552/2552 2629/2629
f 2582/2582 2559/2559 2644/2644
f 2559/2559 2582/2582 2631/2631
f 2656/2656 2657/2657 2658/2658
f 2659/2659 2660/2660 2661/2661
f 2662/2662 2663/2663 2664/2664
f 2665/2665 2666/2666 2667/2667
f 2668/2668 2659/2659 2661/2661
f 2657/2657 2656/2656 2669/2669
f 2670/2670 2671/2671 2672/2672
f 2673/2673 2674/2674 2658/2658
f 2663/2663 2675/2675 2676/2676
f 2666/2666 2677/2677 2678/2678
f 2679/2679 2680/2680 2661/2661
f 2667/2667 2681/2681 2665/2665
f 2665/2665 2668/2668 2661/2661
f 2676/2676 2664/2664 2663/2663
f 2682/2682 2683/2683 2670/2670
f 2662/2662 2684/2684 2658/2658
f 2664/2664 2672/2672 2662/2662
f 2685/2685 2686/2686 2687/2687
f 2675/2675 2687/2687 2686/2686
f 2677/2677 2688/2688 2689/2689
f 2690/2690 2689/2689 2688/2688
f 2691/2691 2661/2661 2692/2692
f 2677/2677 2692/2692 2693/2693
f 2675/2675 2694/2694 2695/2695
f 2696/2696 2658/2658 2694/2694
f 2676/2676 2697/2697 2664/2664
f 2669/2669 2698/2698 2657/2657
f 2671/2671 2670/2670 2683/2683
f 2699/2699 2700/2700 2681/2681
f 2701/2701 2702/2702 2668/2668
f 2702/2702 2701/2701 2703/2703
f 2702/2702 2704/2704 2660/2660
f 2705/2705 2667/2667 2666/2666
f 2681/2681 2667/2667 2699/2699
f 2683/2683 2706/2706 2671/2671
f 2705/2705 2699/2699 2667/2667
f 2656/2656 2672/2672 2669/2669
f 2684/2684 2662/2662 2672/2672
f 2698/2698 2673/2673 2657/2657
f 2658/2658 2657/2657 2673/2673
f 2704/2704 2679/2679 2660/2660
f 2661/2661 2660/2660 2679/2679
f 2701/2701 2681/2681 2700/2700
f 2700/2700 2703/2703 2701/2701
f 2681/2681 2668/2668 2665/2665
f 2681/2681 2701/2701 2668/2668
f 2693/2693 2680/2680 2677/2677
f 2688/2688 2677/2677 2680/2680
f 2695/2695 2674/2674 2675/2675
f 2687/2687 2675/2675 2674/2674
f 2680/2680 2693/2693 2661/2661
f 2693/2693 2692/2692 2661/2661
f 2674/2674 2695/2695 2658/2658
f 2695/2695 2694/2694 2658/2658
f 2707/2707 2676/2676 2675/2675
f 2675/2675 2686/2686 2707/2707
f 2708/2708 2678/2678 2677/2677
f 2677/2677 2689/2689 2708/2708
f 2698/2698 2669/2669 2706/2706
f 2673/2673 2698/2698 2706/2706
f 2704/2704 2702/2702 2703/2703
f 2679/2679 2704/2704 2703/2703
f 2706/2706 2687/2687 2673/2673
f 2674/2674 2673/2673 2687/2687
f 2680/2680 2679/2679 2688/2688
f 2703/2703 2688/2688 2679/2679
f 2658/2658 2696/2696 2662/2662
f 2696/2696 2663/2663 2662/2662
f 2669/2669 2671/2671 2706/2706
f 2671/2671 2669/2669 2672/2672
f 2661/2661 2691/2691 2665/2665
f 2691/2691 2666/2666 2665/2665
f 2659/2659 2668/2668 2702/2702
f 2660/2660 2659/2659 2702/2702
f 2687/2687 2706/2706 2685/2685
f 2685/2685 2706/2706 2683/2683
f 2688/2688 2703/2703 2690/2690
f 2690/2690 2703/2703 2700/2700
f 2678/2678 2705/2705 2666/2666
f 2697/2697 2670/2670 2664/2664
f 2672/2672 2664/2664 2670/2670
f 2697/2697 2682/2682 2670/2670
f 2663/2663 2696/2696 2694/2694
f 2694/2694 2675/2675 2663/2663
f 2692/2692 2677/2677 2666/2666
f 2666/2666 2691/2691 2692/2692
f 2656/2656 2684/2684 2672/2672
f 2684/2684 2656/2656 2658/2658

