# https://github.com/mikedh/trimesh
mtllib material.mtl
usemtl material_0
v 0.28714201 0.28111801 0.26343399
v 0.28220901 0.27984399 0.26034600
v 0.26949099 0.26816401 0.24468701
v 0.29881400 0.29830000 0.24989000
v 0.28276899 0.28240600 0.24519099
v 0.30400401 0.28575900 0.25236401
v 0.28612900 0.27410701 0.25001499
v 0.27963400 0.27132601 0.24795400
v 0.30094701 0.28133601 0.25902900
v 0.28032401 0.30025801 0.25941801
v 0.27317199 0.28754601 0.25003600
v 0.26608300 0.27447701 0.24280301
v 0.27701700 0.28873900 0.24683399
v 0.28583699 0.30487201 0.25213400
v 0.28153101 0.28378600 0.24496000
v 0.27367201 0.26758799 0.24206300
v 0.27520499 0.26868901 0.24016500
v 0.27933100 0.27053800 0.24280401
v 0.30533400 0.31007701 0.24120100
v 0.30616900 0.30863401 0.24212600
v 0.28596199 0.29164699 0.23541100
v 0.29225901 0.29327899 0.26479101
v 0.29144999 0.28588000 0.26510501
v 0.28816900 0.28762600 0.26547500
v 0.29141101 0.28540599 0.23392101
v 0.29093301 0.28650799 0.23543701
v 0.31158900 0.30458900 0.23979300
v 0.30764499 0.30680999 0.24538000
v 0.30005500 0.31438801 0.24628000
v 0.29549199 0.31308901 0.24833301
v 0.28246501 0.28479701 0.26386100
v 0.28048000 0.28803501 0.26346201
v 0.27818501 0.28261501 0.25941899
v 0.26631999 0.27280200 0.24381100
v 0.27214000 0.28464600 0.24967200
v 0.28067100 0.30009899 0.25982499
v 0.28816101 0.28114200 0.26330200
v 0.29078299 0.28063700 0.26299101
v 0.26958299 0.26830500 0.24447800
v 0.28230000 0.28319201 0.24209000
v 0.28234500 0.28174099 0.24266499
v 0.28796899 0.28859299 0.23703299
v 0.28111199 0.27444300 0.24080700
v 0.27884799 0.27276000 0.23946901
v 0.28998700 0.28290799 0.23144799
v 0.28217101 0.28243500 0.24252900
v 0.28134000 0.28292400 0.24279100
v 0.28616101 0.28966600 0.23686200
v 0.27982700 0.28358501 0.24272600
v 0.28845701 0.30887201 0.25179201
v 0.29962301 0.31437799 0.24616000
v 0.30062899 0.30062401 0.24926300
v 0.31503201 0.31441399 0.23932301
v 0.31684300 0.31376901 0.24350201
v 0.31590399 0.31526601 0.24381700
v 0.28609800 0.29396299 0.23084900
v 0.28478101 0.29204601 0.22906999
v 0.30448499 0.31151500 0.23631200
v 0.28105399 0.28339800 0.24250600
v 0.30748799 0.30682299 0.24515601
v 0.31271601 0.29489800 0.24811199
v 0.31029099 0.30476800 0.24137600
v 0.30882099 0.30571201 0.24234299
v 0.29103100 0.28632200 0.23560300
v 0.30555999 0.31298301 0.23851000
v 0.30431899 0.31170201 0.23626900
v 0.28564101 0.29387400 0.23267600
v 0.31303200 0.29844001 0.25662699
v 0.31397501 0.30113101 0.25574601
v 0.31582701 0.29877800 0.25397399
v 0.30829799 0.28824300 0.25202799
v 0.31431001 0.29912701 0.24640100
v 0.30061799 0.30074099 0.24950799
v 0.29144800 0.29618099 0.26470700
v 0.28502899 0.29484099 0.26479399
v 0.28548899 0.29192501 0.26542401
v 0.27511701 0.28784901 0.24711800
v 0.27702501 0.28865600 0.24707399
v 0.28586999 0.30476001 0.25235301
v 0.27444801 0.27569601 0.23637900
v 0.27559701 0.27455300 0.23665600
v 0.28425199 0.28498599 0.22754800
v 0.27564800 0.27190799 0.23774900
v 0.27428299 0.27334699 0.23675901
v 0.27418700 0.27094400 0.23681800
v 0.28167400 0.28916499 0.23038200
v 0.28256601 0.29070401 0.23146500
v 0.27178901 0.27997801 0.23960499
v 0.29872099 0.29068699 0.26396200
v 0.29402199 0.28539199 0.26480299
v 0.29678500 0.28547901 0.26408201
v 0.29814300 0.29904401 0.24964200
v 0.28246200 0.30443999 0.25797099
v 0.27339000 0.28743601 0.25000101
v 0.28953999 0.30628100 0.26064199
v 0.28738299 0.30315700 0.26193699
v 0.28737700 0.30717000 0.25963399
v 0.31417000 0.31581399 0.24130900
v 0.31314000 0.31670201 0.24324800
v 0.31291500 0.31518799 0.23823699
v 0.29636601 0.31674999 0.25221199
v 0.29263201 0.31460199 0.25407401
v 0.29547200 0.31703600 0.25072300
v 0.27149299 0.27896601 0.23842999
v 0.27171600 0.28022099 0.23945899
v 0.28235501 0.29004601 0.22954801
v 0.26949501 0.28082299 0.24282300
v 0.26940101 0.27932799 0.24031900
v 0.26763901 0.27684301 0.24000400
v 0.28975299 0.28538600 0.23565499
v 0.28986600 0.28388101 0.23439901
v 0.28245699 0.27862099 0.24229200
v 0.28750899 0.27767101 0.24707900
v 0.31356400 0.29060701 0.25125000
v 0.30981699 0.28662500 0.25382701
v 0.31384799 0.29049101 0.25192600
v 0.31779900 0.31156400 0.24371700
v 0.31892201 0.30861500 0.24438900
v 0.31851199 0.31178600 0.24484700
v 0.30368200 0.31841299 0.25061101
v 0.29889700 0.31734300 0.25237101
v 0.30183300 0.31631699 0.25382099
v 0.31683299 0.30529201 0.25262600
v 0.31634599 0.30928200 0.25171900
v 0.31451100 0.30619401 0.25464800
v 0.28674200 0.27569699 0.24693300
v 0.28759199 0.27765799 0.24684000
v 0.30408701 0.28574800 0.25212499
v 0.27799600 0.27043900 0.24057400
v 0.27867699 0.27128100 0.24027400
v 0.28477600 0.29069999 0.23583201
v 0.28322101 0.29091099 0.23450001
v 0.27748400 0.28344500 0.24293500
v 0.28478700 0.29234901 0.23403899
v 0.28589299 0.29177600 0.23562300
v 0.30484399 0.31157500 0.23989600
v 0.29342201 0.28630301 0.23081000
v 0.29142499 0.28508499 0.22895800
v 0.31252399 0.30441299 0.23698200
v 0.28836599 0.28208199 0.23028500
v 0.30026999 0.31418100 0.24597000
v 0.31000701 0.30702701 0.23214699
v 0.31255701 0.30688301 0.23381500
v 0.29034901 0.28800699 0.22644900
v 0.31300199 0.31682500 0.24256900
v 0.31456399 0.31647801 0.24339600
v 0.31299600 0.31540000 0.23812300
v 0.26743701 0.27025601 0.24472500
v 0.26684600 0.27118799 0.24448200
v 0.27869800 0.28308800 0.25970501
v 0.26609299 0.27289501 0.24390499
v 0.26665300 0.27115500 0.24465100
v 0.27957201 0.29130501 0.26268199
v 0.31297901 0.30522600 0.23848499
v 0.31163001 0.30402899 0.23631600
v 0.29296499 0.28621301 0.23263700
v 0.30744699 0.31213000 0.23398501
v 0.30596301 0.31233701 0.23531300
v 0.28644699 0.29213399 0.22774300
v 0.30953300 0.31862101 0.24751399
v 0.30507299 0.31893501 0.24876399
v 0.30781299 0.31931800 0.24590500
v 0.31436601 0.30274400 0.25525799
v 0.30946299 0.29958001 0.25891599
v 0.31131601 0.30482000 0.25691000
v 0.27348199 0.27239999 0.23609500
v 0.27317300 0.26986200 0.23563300
v 0.28557801 0.28347501 0.22773799
v 0.27553201 0.27442399 0.23644800
v 0.27434701 0.27559900 0.23616700
v 0.29730800 0.27945000 0.25289699
v 0.30413100 0.28267401 0.25760099
v 0.30818900 0.28516701 0.25558901
v 0.31127399 0.28770500 0.25413799
v 0.31029901 0.30495501 0.24119399
v 0.31415501 0.29978299 0.24620800
v 0.31307900 0.29820901 0.25691199
v 0.31130499 0.29507601 0.25811201
v 0.31403801 0.29829901 0.25620300
v 0.27422801 0.28256199 0.24107000
v 0.27235901 0.28103399 0.24052601
v 0.28190699 0.28996500 0.23365700
v 0.28258401 0.28013799 0.24234600
v 0.29940599 0.31552899 0.24637800
v 0.30943501 0.31860900 0.24441500
v 0.31253701 0.31727099 0.24372600
v 0.31226599 0.31815800 0.24486201
v 0.27904001 0.29848900 0.25286901
v 0.28224000 0.30454299 0.25732899
v 0.30957600 0.29956201 0.25914800
v 0.30017599 0.31379300 0.25641900
v 0.29602101 0.31192201 0.25790501
v 0.29996899 0.30968899 0.25913200
v 0.28700700 0.31052601 0.25381500
v 0.28963900 0.31267899 0.25179300
v 0.28801399 0.31178099 0.25425899
v 0.27888301 0.29767600 0.25270301
v 0.29386899 0.30428001 0.26190400
v 0.30518401 0.31085300 0.25710699
v 0.30669799 0.31415999 0.25444299
v 0.30877399 0.31358501 0.25407100
v 0.27179801 0.27897400 0.23858200
v 0.26629001 0.27433601 0.24278399
v 0.26684099 0.27573299 0.24145700
v 0.27064499 0.28264099 0.24574600
v 0.28539601 0.29226100 0.26508901
v 0.28328800 0.28414699 0.26370901
v 0.29466501 0.31268001 0.25730100
v 0.27439901 0.26823199 0.23941900
v 0.27362001 0.26743400 0.24107701
v 0.27215999 0.26607001 0.23952000
v 0.26770899 0.26668099 0.24276499
v 0.26929700 0.26593101 0.24203300
v 0.27086499 0.26751000 0.24399900
v 0.31326401 0.30512801 0.24449199
v 0.31402799 0.30235299 0.24529999
v 0.31779301 0.30923000 0.24378800
v 0.31855199 0.30540100 0.24474201
v 0.30516699 0.31021100 0.24136300
v 0.30744001 0.31618801 0.24363200
v 0.30615300 0.31463799 0.24384800
v 0.30284399 0.31560600 0.24483000
v 0.28150699 0.27545699 0.24122600
v 0.28217101 0.27708501 0.24191600
v 0.28190601 0.27196500 0.24666899
v 0.27920800 0.27071899 0.24288800
v 0.27412000 0.26809701 0.24146700
v 0.27769500 0.27122000 0.24934299
v 0.27892300 0.27075499 0.24767400
v 0.29608700 0.27984300 0.26072600
v 0.30305600 0.28186700 0.25762299
v 0.28621000 0.27386400 0.25003099
v 0.29671901 0.27888501 0.25269699
v 0.28761300 0.29107201 0.22644900
v 0.28647801 0.29235899 0.22752699
v 0.30740601 0.30975199 0.23214500
v 0.28285500 0.28656700 0.22766300
v 0.28410900 0.28497401 0.22732000
v 0.27308300 0.27703401 0.23652300
v 0.31832299 0.30107400 0.24593100
v 0.31838301 0.30655599 0.24409100
v 0.31923899 0.30498701 0.24496000
v 0.31151801 0.30357701 0.23814400
v 0.31163999 0.30435801 0.23990600
v 0.29191801 0.28476700 0.23209900
v 0.28571200 0.28371900 0.22787800
v 0.29034501 0.28817499 0.22668600
v 0.29152101 0.28703800 0.22771600
v 0.30991101 0.30705500 0.23238000
v 0.28898999 0.28218600 0.26415801
v 0.29181999 0.28255999 0.26415300
v 0.31139800 0.28857499 0.25559101
v 0.30816001 0.28631100 0.25769001
v 0.30939099 0.28939900 0.25822800
v 0.31721601 0.31033400 0.24960400
v 0.31785700 0.30644599 0.25046200
v 0.31519201 0.30862999 0.25286600
v 0.31011301 0.31523299 0.25201800
v 0.30682099 0.31601399 0.25270000
v 0.31108001 0.31680000 0.24958301
v 0.31350499 0.31507599 0.24292600
v 0.31211099 0.31706700 0.24327400
v 0.31506699 0.31559899 0.24319100
v 0.28191400 0.28288600 0.24214600
v 0.28076801 0.28349301 0.24219100
v 0.28746101 0.28813800 0.23706600
v 0.28153399 0.28369901 0.24519099
v 0.29812399 0.29889199 0.24991199
v 0.30822399 0.28806001 0.25186300
v 0.31081900 0.29141399 0.24990800
v 0.29874501 0.29824799 0.24966000
v 0.27274501 0.26763299 0.24275100
v 0.26925400 0.26614201 0.24190100
v 0.26774099 0.26686400 0.24259201
v 0.27098000 0.26759201 0.24367000
v 0.27288201 0.28181300 0.24038599
v 0.28238001 0.29087901 0.23144400
v 0.27501300 0.28798601 0.24692900
v 0.26859099 0.27468199 0.23561500
v 0.27009001 0.27396500 0.23493101
v 0.27112100 0.27487701 0.23609000
v 0.26999801 0.27808499 0.23883399
v 0.26962000 0.27901801 0.24017900
v 0.26792100 0.27674401 0.23999999
v 0.31026199 0.31302100 0.25408000
v 0.31345800 0.31293499 0.25210699
v 0.31242600 0.31467900 0.25144401
v 0.28944701 0.28154701 0.26403299
v 0.29324299 0.28157499 0.26366600
v 0.29134199 0.28426501 0.26513001
v 0.26865500 0.26875800 0.24490900
v 0.28314900 0.28401399 0.26387700
v 0.28285199 0.28239101 0.24496500
v 0.28035700 0.28354099 0.24468300
v 0.28135601 0.28290600 0.24448000
v 0.29351401 0.31629899 0.25122201
v 0.29308501 0.31589001 0.25225699
v 0.29727200 0.31803399 0.25017101
v 0.26597899 0.27266100 0.24380399
v 0.26512799 0.26938200 0.24276599
v 0.26635301 0.27510199 0.24102500
v 0.26602799 0.27399200 0.24248400
v 0.26493600 0.27371901 0.23945200
v 0.31107700 0.30463001 0.25741100
v 0.31356800 0.30947000 0.25410900
v 0.31461900 0.31122100 0.25239599
v 0.27011299 0.27415201 0.23476300
v 0.26853201 0.27489600 0.23549201
v 0.26968101 0.27585301 0.23666300
v 0.26617500 0.27528101 0.24102500
v 0.26702699 0.27600300 0.23936699
v 0.26567900 0.27475500 0.23799901
v 0.31391200 0.30262500 0.24495301
v 0.31302601 0.30559200 0.24399200
v 0.31496301 0.30561101 0.24380200
v 0.31422400 0.29939201 0.24605800
v 0.31121299 0.30508301 0.24478801
v 0.30613101 0.28855699 0.26030600
v 0.30647600 0.28650999 0.25932801
v 0.30399001 0.29394799 0.26188499
v 0.30611101 0.28968900 0.26046899
v 0.30277500 0.28751799 0.26183000
v 0.27351999 0.26828799 0.23660301
v 0.27337599 0.26983500 0.23548301
v 0.27439401 0.27090600 0.23667701
v 0.27254599 0.27387300 0.23565000
v 0.27365199 0.27244800 0.23591299
v 0.27269799 0.27145299 0.23475599
v 0.28275600 0.28017101 0.24253599
v 0.28228900 0.27829900 0.24304301
v 0.28981900 0.28535199 0.23592500
v 0.28491300 0.27665901 0.24560601
v 0.28322101 0.27896601 0.24497300
v 0.28132799 0.29755399 0.26227599
v 0.28266999 0.30181801 0.26089701
v 0.28394201 0.30031401 0.26244900
v 0.28441501 0.28942499 0.26525801
v 0.28700501 0.28887799 0.26547799
v 0.28968799 0.28744301 0.23666801
v 0.30757499 0.30730799 0.24285200
v 0.28888500 0.28664100 0.23691700
v 0.29859400 0.31855601 0.24956000
v 0.29293001 0.31578401 0.25234100
v 0.29376599 0.31586701 0.25306401
v 0.28447199 0.30579701 0.25958401
v 0.28435099 0.30197600 0.26206300
v 0.28630200 0.30583900 0.26048300
v 0.28827900 0.28889900 0.23678900
v 0.28695399 0.29030299 0.23642699
v 0.30736101 0.30712301 0.24244501
v 0.28604901 0.28946900 0.23670100
v 0.31670800 0.31034699 0.23959300
v 0.31590700 0.31235000 0.23812500
v 0.31745699 0.31247300 0.24320000
v 0.28430900 0.27480999 0.24566200
v 0.28242800 0.27584401 0.24395099
v 0.28130299 0.27401501 0.24254300
v 0.28662500 0.27579999 0.24713200
v 0.28725299 0.30700800 0.25233600
v 0.28378600 0.29202199 0.26514801
v 0.28603801 0.30044299 0.26318499
v 0.28692499 0.30462101 0.26145300
v 0.31198400 0.29211700 0.25678399
v 0.31419501 0.29530200 0.25532901
v 0.31413999 0.29203099 0.25408801
v 0.31841499 0.29919600 0.24754000
v 0.31925800 0.30380401 0.24581000
v 0.31841299 0.30189201 0.24596000
v 0.30493701 0.31665099 0.24457400
v 0.30665401 0.31831700 0.24459299
v 0.30155200 0.31801999 0.24616000
v 0.30576000 0.31281799 0.23852600
v 0.30500600 0.31138301 0.23979799
v 0.28450200 0.29253700 0.23206300
v 0.30684501 0.28735399 0.25227201
v 0.31869599 0.31138399 0.24657799
v 0.31934801 0.31015101 0.24550600
v 0.31774801 0.31395099 0.24492300
v 0.31204599 0.31158799 0.25397599
v 0.27310699 0.26697299 0.23800200
v 0.27349401 0.26765001 0.24099900
v 0.27421001 0.26840800 0.23943000
v 0.27200100 0.26626500 0.23949800
v 0.31947500 0.30794299 0.24731600
v 0.31928399 0.30266500 0.24889401
v 0.31985500 0.30622599 0.24648599
v 0.31238100 0.28926501 0.25518301
v 0.30795100 0.28553200 0.25772899
v 0.31170201 0.28805399 0.25490299
v 0.30700099 0.28448099 0.25753599
v 0.29458600 0.28376499 0.26438600
v 0.30317000 0.31756499 0.24507301
v 0.31949800 0.30197200 0.24695700
v 0.31980401 0.30566400 0.24570701
v 0.31968400 0.30326000 0.24743500
v 0.31625700 0.31479400 0.24342000
v 0.31518301 0.31556299 0.24329400
v 0.31662300 0.31520301 0.24423300
v 0.28012401 0.29735699 0.26119000
v 0.27956000 0.29396600 0.26173800
v 0.28314000 0.29221800 0.26468000
v 0.28254601 0.29613101 0.26353699
v 0.28505301 0.29471800 0.26456001
v 0.27668399 0.27358201 0.23750199
v 0.27748200 0.27287099 0.23852000
v 0.28708401 0.28275400 0.22889400
v 0.27877599 0.27106401 0.24128200
v 0.27751800 0.27071700 0.24014500
v 0.27514800 0.26905701 0.24008299
v 0.31441900 0.30641800 0.24349700
v 0.31482700 0.30561900 0.24409799
v 0.31607199 0.30768400 0.24331599
v 0.31667101 0.30711201 0.24385799
v 0.30687699 0.28433099 0.25552601
v 0.28851300 0.27565500 0.24869899
v 0.30735901 0.28495800 0.25463200
v 0.27391401 0.28535900 0.24543400
v 0.27065799 0.28121999 0.24190600
v 0.27286699 0.28243399 0.24231200
v 0.26973099 0.28068101 0.24283899
v 0.28982401 0.31003001 0.25819001
v 0.29269400 0.31249800 0.25673801
v 0.29233101 0.30914301 0.25925300
v 0.26531100 0.26940501 0.24259400
v 0.26466101 0.27097300 0.24188299
v 0.26620299 0.27257299 0.24369401
v 0.30608800 0.31273800 0.24130499
v 0.30597901 0.31092399 0.24228300
v 0.30636501 0.31245100 0.24287300
v 0.30551201 0.31105399 0.24478599
v 0.30636901 0.30822799 0.24518500
v 0.30283001 0.31393501 0.24506301
v 0.30700001 0.31419700 0.24349201
v 0.30662599 0.31241199 0.24338099
v 0.30710199 0.31378001 0.24248900
v 0.30582201 0.30968401 0.24529400
v 0.30614299 0.31240299 0.24425800
v 0.30566001 0.31309900 0.24448401
v 0.31590599 0.30763900 0.24237999
v 0.31413901 0.30632100 0.24251200
v 0.31473199 0.30652499 0.23911700
v 0.31746301 0.31114000 0.24300000
v 0.31696501 0.30950099 0.24251300
v 0.30631199 0.31833699 0.24437600
v 0.30077001 0.31820700 0.24634400
v 0.30314600 0.31889999 0.24572100
v 0.30933699 0.31876501 0.24421300
v 0.30710101 0.31952599 0.24533300
v 0.30998600 0.31912199 0.24503900
v 0.27792799 0.28422600 0.24488901
v 0.27590299 0.28614399 0.24561200
v 0.27610800 0.28357199 0.24202000
v 0.27491000 0.28994399 0.24859001
v 0.28443900 0.30681899 0.25381601
v 0.28606001 0.30862799 0.25329599
v 0.28716999 0.30881599 0.25242600
v 0.28520301 0.30752599 0.25359499
v 0.28489801 0.30779001 0.25475699
v 0.28529900 0.30720401 0.25371200
v 0.28548101 0.30882800 0.25488499
v 0.28558901 0.30911401 0.25548300
v 0.27715701 0.28397399 0.24483800
v 0.28017399 0.28332400 0.24478300
v 0.27926099 0.28361800 0.24234401
v 0.27771601 0.28355801 0.24228400
v 0.28487700 0.29043001 0.23574100
v 0.30985001 0.30929300 0.23245700
v 0.28288200 0.28644899 0.22795001
v 0.27337900 0.27687299 0.23664799
v 0.26968500 0.27565801 0.23681900
v 0.27179101 0.27564201 0.23673700
v 0.26445001 0.27100101 0.24203700
v 0.26472801 0.27384400 0.23952700
v 0.27122900 0.28412399 0.24759300
v 0.26663700 0.27587000 0.24143299
v 0.27308300 0.28280500 0.24235900
v 0.27152199 0.28100899 0.24058799
v 0.27396500 0.28577599 0.24548900
v 0.26912001 0.27730799 0.23858500
v 0.26824301 0.27618900 0.23785600
v 0.29974699 0.31865200 0.24874300
v 0.26627100 0.26786500 0.24302199
v 0.31341699 0.31768799 0.24643400
v 0.31496099 0.31693700 0.24490300
v 0.31243500 0.31838500 0.24522400
v 0.29843399 0.31805900 0.25086200
v 0.30339801 0.31923699 0.24887300
v 0.26583901 0.27456599 0.23801699
v 0.26714700 0.27579701 0.23943999
v 0.27982500 0.28281999 0.24347000
v 0.28081501 0.28276700 0.24444801
v 0.27929199 0.28313300 0.24419700
v 0.28195900 0.27637699 0.24343801
v 0.28210399 0.28021100 0.24422000
v 0.28203601 0.27982000 0.24360099
v 0.30518100 0.28473401 0.25287199
v 0.30658600 0.28563800 0.25297701
v 0.31896099 0.30870199 0.24753800
v 0.31811199 0.31179401 0.24693900
v 0.31920701 0.30953899 0.24528299
v 0.31955501 0.30378300 0.24688600
v 0.31858999 0.29915300 0.24867000
v 0.31906301 0.30423200 0.24877600
v 0.30530801 0.31131801 0.25711101
v 0.30522901 0.31452301 0.25499201
v 0.30989301 0.31600299 0.25172800
v 0.30594400 0.31666899 0.25262299
v 0.30832300 0.31391600 0.25435200
v 0.30886701 0.30582699 0.24211700
v 0.31248099 0.30564001 0.24428900
v 0.31125399 0.30613899 0.24358100
v 0.30948201 0.30654901 0.24462400
v 0.30972299 0.30954999 0.23221700
v 0.31518701 0.31459200 0.23922500
v 0.28674299 0.28865200 0.26577300
v 0.28360099 0.28921899 0.26530799
v 0.28467700 0.28678799 0.26535001
v 0.28478700 0.28420100 0.26469800
v 0.28661400 0.28603700 0.26560599
v 0.28340301 0.28563300 0.26472199
v 0.29003799 0.31345600 0.25155100
v 0.28643799 0.31024200 0.25383300
v 0.28838700 0.31250399 0.25347999
v 0.27411601 0.27432600 0.23641799
v 0.27490500 0.27330899 0.23670299
v 0.27680701 0.27096400 0.23874800
v 0.27762201 0.27263901 0.23846400
v 0.28001300 0.27272400 0.24094801
v 0.28185299 0.27445900 0.24274400
v 0.28426799 0.27466300 0.24528299
v 0.28239200 0.27698001 0.24201900
v 0.29005799 0.28374001 0.23449200
v 0.30088300 0.28270799 0.26092899
v 0.30466399 0.28422701 0.25935799
v 0.30053201 0.28166801 0.26015300
v 0.28042600 0.28880101 0.26313499
v 0.28051201 0.29189599 0.26330999
v 0.28119400 0.28982601 0.26394001
v 0.27979100 0.29123601 0.26255399
v 0.31323001 0.28939199 0.25321600
v 0.31566700 0.29264200 0.25213999
v 0.31190401 0.28828701 0.25476700
v 0.29893401 0.28056800 0.26024100
v 0.29580700 0.27972901 0.26073599
v 0.30035299 0.28076899 0.25878501
v 0.28527001 0.27365500 0.24770100
v 0.27995300 0.27149099 0.24180900
v 0.28140399 0.27138799 0.24587700
v 0.31754100 0.30253500 0.24530800
v 0.31456599 0.29448500 0.24843100
v 0.31147501 0.28967801 0.25105399
v 0.27290401 0.26711899 0.23805501
v 0.27330601 0.26837900 0.23670900
v 0.28764501 0.28398901 0.26488400
v 0.28653899 0.28597900 0.26532301
v 0.28966799 0.28489301 0.26519799
v 0.28325900 0.28548801 0.26430899
v 0.31462300 0.31675401 0.24381700
v 0.31258801 0.31820199 0.24452300
v 0.31379199 0.31770399 0.24502499
v 0.29235601 0.28087199 0.26329699
v 0.29565799 0.28074199 0.26227099
v 0.30085599 0.28316700 0.26160800
v 0.29740399 0.28193399 0.26253101
v 0.29957801 0.28134099 0.26083499
v 0.31386700 0.31332400 0.25114301
v 0.31456700 0.31095201 0.25222099
v 0.31193700 0.31148401 0.25378099
v 0.30857801 0.30798700 0.25719199
v 0.31323299 0.30970600 0.25387400
v 0.31663999 0.31260100 0.24309500
v 0.31550801 0.31411400 0.24299000
v 0.31737301 0.31329501 0.24353901
v 0.31823400 0.31268600 0.24420300
v 0.31720999 0.31470799 0.24487200
v 0.31900099 0.31140000 0.24525601
v 0.28180999 0.30227101 0.26012200
v 0.28048599 0.29679799 0.26220900
v 0.28203100 0.29942900 0.26221800
v 0.28199801 0.28784299 0.26450101
v 0.28678700 0.30610400 0.25260299
v 0.28514999 0.30565301 0.25290301
v 0.27372399 0.28758201 0.24815200
v 0.27228701 0.28510100 0.24668600
v 0.30989701 0.31753400 0.24353699
v 0.30634001 0.31845400 0.24444400
v 0.30864501 0.31523299 0.23797099
v 0.30710000 0.31447101 0.23907800
v 0.31010199 0.31663799 0.24242200
v 0.27290201 0.28659099 0.24768101
v 0.31476399 0.31607601 0.24358800
v 0.31351799 0.31556499 0.24919000
v 0.31196800 0.31376401 0.25223601
v 0.30643800 0.28492299 0.25391200
v 0.30459499 0.28523099 0.25269499
v 0.31769601 0.29635099 0.25027400
v 0.31934601 0.30118001 0.24818300
v 0.31787100 0.29761800 0.25086799
v 0.28981200 0.28309101 0.23147200
v 0.28902701 0.28311300 0.22965901
v 0.27857900 0.27287099 0.23953600
v 0.29240301 0.28626999 0.22929500
v 0.29255801 0.28570300 0.23111799
v 0.31268999 0.30561799 0.23545501
v 0.27219400 0.27616200 0.23663600
v 0.27297401 0.27542600 0.23641901
v 0.27117601 0.27504301 0.23591000
v 0.28167900 0.28143600 0.24405900
v 0.28882301 0.28674901 0.23664100
v 0.28253001 0.28164899 0.24219300
v 0.28569901 0.29330400 0.22917899
v 0.28510201 0.29348701 0.23109099
v 0.30599299 0.31269300 0.23534800
v 0.28512499 0.27384400 0.24778999
v 0.28714600 0.28257200 0.22872700
v 0.27673399 0.27340701 0.23731600
v 0.28900200 0.28950799 0.22605699
v 0.30642799 0.31278399 0.24135600
v 0.30727801 0.31429601 0.23910800
v 0.30871099 0.31501201 0.23807999
v 0.31101799 0.31573501 0.23879100
v 0.31162801 0.31679401 0.24311399
v 0.31409100 0.30658600 0.24248600
v 0.31605801 0.30822501 0.24239500
v 0.31700599 0.31063300 0.24226201
v 0.31531799 0.30812299 0.23804900
v 0.27118900 0.26771599 0.24380399
v 0.29647401 0.28547499 0.26391301
v 0.30057001 0.29118401 0.26310199
v 0.29948199 0.28612599 0.26299399
v 0.29634300 0.28464201 0.26382700
v 0.29940099 0.28402999 0.26248199
v 0.29604599 0.28229499 0.26296800
v 0.27544999 0.28318900 0.24348301
v 0.27367401 0.28237599 0.24192999
v 0.27528301 0.28298599 0.24296799
v 0.27403301 0.28321201 0.24326000
v 0.27978101 0.27165100 0.24191800
v 0.27954200 0.27255899 0.24092500
v 0.30941701 0.28667799 0.25282100
v 0.30796099 0.28479099 0.25498900
v 0.30796599 0.28613099 0.25299200
v 0.31108701 0.29022500 0.25036600
v 0.31497300 0.29795700 0.24647801
v 0.31345999 0.29170099 0.24968000
v 0.30603400 0.31966299 0.24679101
v 0.31020200 0.31916901 0.24565899
v 0.29927400 0.31875899 0.24820100
v 0.29640099 0.31774601 0.25000301
v 0.30759501 0.30777100 0.24454400
v 0.30663800 0.30928200 0.24449800
v 0.30700600 0.30873501 0.24362400
v 0.30949500 0.30628800 0.24450000
v 0.30802801 0.30733600 0.24450600
v 0.30935800 0.30648199 0.24365100
v 0.29402700 0.30427000 0.26219299
v 0.29674000 0.30722299 0.26074600
v 0.29001999 0.30698100 0.26060200
v 0.30260199 0.28733000 0.26216799
v 0.30400100 0.29375699 0.26214001
v 0.29493201 0.31493399 0.24821800
v 0.28998399 0.31209099 0.25085199
v 0.29374099 0.31593299 0.24961700
v 0.28693900 0.31028700 0.25309500
v 0.28694400 0.30960199 0.25271100
v 0.28578901 0.30903301 0.25378299
v 0.31682000 0.30415499 0.24434499
v 0.31868401 0.30534101 0.24452300
v 0.31838900 0.30085200 0.24608900
v 0.31701800 0.29614100 0.24811600
v 0.31367499 0.29029900 0.25118700
v 0.31537801 0.29517701 0.24791300
v 0.28457999 0.30768999 0.25549999
v 0.28905001 0.31203699 0.25556299
v 0.29053301 0.29917800 0.26371601
v 0.30278301 0.29872501 0.26211900
v 0.30600399 0.30404401 0.25978199
v 0.30689800 0.30925599 0.24462201
v 0.30698299 0.30915099 0.24313900
v 0.30662000 0.31100699 0.24370100
v 0.30947399 0.30669901 0.24360301
v 0.29025400 0.30959499 0.25900400
v 0.29292801 0.30978900 0.25919399
v 0.28989401 0.31308001 0.25509501
v 0.28863001 0.31246600 0.25482300
v 0.27934000 0.29422301 0.26178101
v 0.31863499 0.29864901 0.24922299
v 0.31493700 0.29173100 0.25079900
v 0.31338799 0.29010901 0.25119501
v 0.31678399 0.29570800 0.24821600
v 0.28284100 0.27803299 0.24484600
v 0.28130800 0.27508801 0.24216600
v 0.28174800 0.27626601 0.24284200
v 0.29970601 0.28492999 0.26297900
v 0.31009001 0.29045799 0.25829601
v 0.31281701 0.29367799 0.25671199
v 0.27157500 0.27294999 0.23449799
v 0.27145401 0.27283800 0.23469099
v 0.27252299 0.27141199 0.23493600
v 0.30272701 0.31425300 0.25541699
v 0.29989100 0.30955800 0.25892299
v 0.29866499 0.31307799 0.25671899
v 0.29599199 0.31453601 0.25529099
v 0.30140501 0.31503400 0.25496101
v 0.28691700 0.28268701 0.26450399
v 0.28754601 0.29091901 0.22668400
v 0.28891799 0.28957000 0.22631000
v 0.30743000 0.30965501 0.23237900
v 0.28209099 0.28798300 0.22889200
v 0.27249399 0.27810499 0.23743400
v 0.31648299 0.30676499 0.24363600
v 0.31449500 0.30618700 0.24332599
v 0.28763601 0.30372500 0.26198801
v 0.29109201 0.30116299 0.26333699
v 0.28366101 0.27262399 0.24843700
v 0.28367800 0.27263099 0.24845500
v 0.31767499 0.31363699 0.24628200
v 0.31631401 0.31574699 0.24484500
v 0.31620601 0.31554601 0.24637200
v 0.31614801 0.31035900 0.23879400
v 0.31230301 0.30904299 0.23361300
v 0.31365100 0.31284800 0.23592500
v 0.31154799 0.31102100 0.23364399
v 0.28243601 0.28071499 0.24446200
v 0.28207201 0.28167099 0.24437299
v 0.28123501 0.28217399 0.24369900
v 0.28097001 0.30204099 0.25880000
v 0.28029099 0.29921401 0.26055700
v 0.28166699 0.30253601 0.25972500
v 0.28307000 0.30589101 0.25764701
v 0.28474599 0.30844301 0.25614700
v 0.28380001 0.30701500 0.25581101
v 0.28160700 0.27927601 0.25924000
v 0.28619900 0.28185701 0.26343399
v 0.28486800 0.28430200 0.26448101
v 0.29157600 0.28522399 0.23401099
v 0.30838799 0.31569400 0.24237999
v 0.30693200 0.31398600 0.24250001
v 0.31167799 0.31818601 0.24393100
v 0.30829501 0.31849700 0.24409100
v 0.30574900 0.31888899 0.24483500
v 0.27504501 0.28396901 0.24389599
v 0.27564901 0.28324300 0.24306600
v 0.27408701 0.28281301 0.24209200
v 0.27237499 0.28156701 0.24081200
v 0.31307599 0.30568400 0.24142800
v 0.30933100 0.30624300 0.24301100
v 0.31111699 0.30554399 0.24227400
v 0.31105399 0.30591100 0.24338800
v 0.29957700 0.28054401 0.25927100
v 0.28492001 0.29219401 0.23388600
v 0.28334001 0.29071701 0.23438500
v 0.27618200 0.28334600 0.24190700
v 0.31548601 0.29319900 0.25308701
v 0.31456700 0.30383000 0.25519499
v 0.31629801 0.30120599 0.25382200
v 0.27582499 0.27040499 0.23849800
v 0.27465799 0.26944301 0.23788600
v 0.31276399 0.28900000 0.25240099
v 0.30500501 0.28290299 0.25752199
v 0.30224499 0.28171101 0.25906199
v 0.30335900 0.28200200 0.25731900
v 0.29050601 0.31200600 0.25071001
v 0.29286700 0.29267600 0.26504299
v 0.29147100 0.28588301 0.26535499
v 0.31783301 0.29903299 0.24707600
v 0.31634200 0.29507700 0.24885100
v 0.28540000 0.28742599 0.26535001
v 0.31815499 0.29974499 0.25041100
v 0.31602901 0.30267599 0.25364000
v 0.31602901 0.31281701 0.24931300
v 0.31738800 0.31367701 0.24425399
v 0.30642700 0.28596401 0.25303501
v 0.30680299 0.28739899 0.25253299
v 0.30539101 0.28661099 0.25261301
v 0.28430301 0.30776799 0.25550601
v 0.29918101 0.31657499 0.25307801
v 0.30315500 0.31750599 0.25164399
v 0.30053100 0.31824401 0.25039801
v 0.31019101 0.31639099 0.24244800
v 0.31017900 0.31670600 0.24328800
v 0.30996501 0.31743300 0.24378400
v 0.30830899 0.31574199 0.24331100
v 0.27241999 0.27376500 0.23584300
v 0.27338400 0.27468500 0.23659700
v 0.27050599 0.28139099 0.24180500
v 0.27025899 0.28016901 0.24029900
v 0.31680700 0.29494199 0.25064999
v 0.31437299 0.29122800 0.25268000
v 0.31646600 0.29565200 0.25221801
v 0.31677100 0.29506999 0.24943900
v 0.29706100 0.31761301 0.24820200
v 0.30065799 0.31858301 0.24667200
v 0.29217601 0.31538600 0.25105301
v 0.27062699 0.27718201 0.23753700
v 0.29640201 0.28033099 0.26148200
v 0.29053900 0.28122199 0.26378000
v 0.28636500 0.28212100 0.26409999
v 0.28985700 0.28057301 0.26330200
v 0.27513501 0.27412501 0.23689900
v 0.27471200 0.27343401 0.23687300
v 0.27600199 0.27262700 0.23769701
v 0.27739599 0.27140799 0.23919401
v 0.28153801 0.27500600 0.24209601
v 0.28201500 0.27616999 0.24290600
v 0.28202599 0.27658001 0.24299300
v 0.28244501 0.27843800 0.24409901
v 0.28273901 0.27590999 0.24390100
v 0.30632001 0.31112099 0.24330500
v 0.30653399 0.30913299 0.24292400
v 0.30601400 0.30867600 0.24233200
v 0.31552401 0.31648701 0.24486700
v 0.31628099 0.31566501 0.24440600
v 0.26637700 0.26799601 0.24282899
v 0.26803100 0.26954100 0.24478300
v 0.26787701 0.26946300 0.24497600
v 0.27038300 0.28038800 0.24099900
v 0.31707001 0.31224701 0.24257299
v 0.28525901 0.29743701 0.26385200
v 0.30954000 0.31209901 0.23340499
v 0.31352600 0.31325701 0.23575699
v 0.31156701 0.31120300 0.23343199
v 0.31245100 0.30904901 0.23340601
v 0.31496999 0.30947399 0.23604400
v 0.28508601 0.30574200 0.25267500
v 0.28613701 0.30721301 0.25278801
v 0.30556801 0.31304201 0.24425600
v 0.30625099 0.31274399 0.24371500
v 0.30838999 0.30838600 0.25740400
v 0.30761701 0.30321300 0.25953799
v 0.30430701 0.30599999 0.26000401
v 0.30140200 0.30145001 0.26221099
v 0.29594499 0.31561199 0.24810900
v 0.29687500 0.31710300 0.24832800
v 0.29265699 0.31480601 0.25018701
v 0.30631500 0.31480700 0.24403600
v 0.30327201 0.31392401 0.24517900
v 0.30882999 0.29200900 0.25946900
v 0.30583301 0.28934601 0.26086399
v 0.30686399 0.28774899 0.25988400
v 0.26830700 0.27598101 0.23797400
v 0.26923499 0.27717200 0.23876300
v 0.26712099 0.27489099 0.23668000
v 0.26700801 0.27510601 0.23660301
v 0.31937799 0.30933499 0.24471100
v 0.31783399 0.31119499 0.24341100
v 0.28860801 0.27543700 0.24856400
v 0.30623299 0.28415200 0.25422701
v 0.30695200 0.28407100 0.25549400
v 0.30746201 0.28476599 0.25441399
v 0.27072001 0.26593399 0.24083599
v 0.27083099 0.26571801 0.24091700
v 0.28346500 0.29433599 0.26464099
v 0.28171301 0.29602700 0.26344600
v 0.28043801 0.29340199 0.26327401
v 0.28407499 0.29784501 0.26379299
v 0.28522801 0.29744899 0.26411301
v 0.27154899 0.27739999 0.23774301
v 0.27292299 0.27597100 0.23681800
v 0.27567601 0.27041301 0.23877700
v 0.28436801 0.30550900 0.25933301
v 0.28663501 0.30891299 0.25766599
v 0.28537601 0.30389699 0.26107901
v 0.28780100 0.30946901 0.25235599
v 0.28613299 0.30860701 0.25350800
v 0.28855699 0.30893201 0.25202101
v 0.30854699 0.31835601 0.24921300
v 0.30863300 0.31919801 0.24732199
v 0.30914000 0.31937101 0.24592100
v 0.26966301 0.27654001 0.24851599
v 0.27741599 0.28314099 0.24306899
v 0.27892500 0.28306499 0.24350400
v 0.28058401 0.28323200 0.24246199
v 0.28120199 0.28647399 0.26361400
v 0.28239599 0.28473699 0.26377901
v 0.28222999 0.28629801 0.26432401
v 0.28107300 0.28999299 0.26413000
v 0.28039899 0.29393399 0.26312399
v 0.28022301 0.29180500 0.26338500
v 0.26453301 0.27245599 0.24080200
v 0.26431301 0.27253199 0.24092500
v 0.26582000 0.27412599 0.24254601
v 0.29602200 0.28038001 0.26138300
v 0.29828900 0.28061101 0.26022699
v 0.29767501 0.28138599 0.26165101
v 0.28473100 0.30781400 0.25752300
v 0.28719500 0.30964401 0.25772899
v 0.31171101 0.31386200 0.23536099
v 0.31100801 0.31597301 0.23870300
v 0.31176999 0.31704700 0.24300399
v 0.30784100 0.28585199 0.25349501
v 0.30899200 0.28723300 0.25257099
v 0.31264901 0.30586600 0.24287701
v 0.31185800 0.30582801 0.24314500
v 0.30895701 0.28714100 0.25230101
v 0.30552801 0.28663501 0.25237399
v 0.31805801 0.29782900 0.24771699
v 0.31665599 0.29457000 0.24928001
v 0.31895900 0.30129400 0.24627900
v 0.30469799 0.31966001 0.24721301
v 0.28074500 0.29857400 0.26158401
v 0.27941701 0.29409701 0.26201001
v 0.27945200 0.29156300 0.26253799
v 0.31688699 0.31415200 0.24347100
v 0.31659701 0.31361201 0.24125600
v 0.31745499 0.31352201 0.24370100
v 0.31793699 0.30924401 0.24350500
v 0.28003901 0.27380899 0.24022500
v 0.30611500 0.28355601 0.25584501
v 0.30952600 0.28610900 0.25382701
v 0.30706999 0.28406599 0.25588199
v 0.30857101 0.28551200 0.25671199
v 0.30480999 0.28327000 0.25860199
v 0.30797601 0.28482199 0.25646600
v 0.28649801 0.28719100 0.22629200
v 0.28524199 0.28859600 0.22661801
v 0.31009501 0.31438401 0.23617899
v 0.31165001 0.31368399 0.23553100
v 0.28298101 0.28020099 0.24521001
v 0.28234801 0.28111401 0.24480399
v 0.28175801 0.28244400 0.24472700
v 0.30483899 0.31914201 0.24570200
v 0.30442300 0.31943801 0.24694000
v 0.27243000 0.26714900 0.24259900
v 0.27225000 0.26735601 0.24326301
v 0.30688000 0.29666001 0.26050201
v 0.29564399 0.29173100 0.26446000
v 0.30341199 0.30745399 0.25931200
v 0.30134600 0.30136299 0.26197699
v 0.31451300 0.30667400 0.23908800
v 0.31290200 0.30617699 0.24332599
v 0.31283599 0.30580601 0.24124201
v 0.27575701 0.27181101 0.23752800
v 0.30941799 0.30638999 0.24278200
v 0.30784300 0.30758801 0.24298599
v 0.30808699 0.30771700 0.24364500
v 0.31270999 0.30532899 0.23521399
v 0.31553501 0.30797499 0.23800300
v 0.29878899 0.30301499 0.26235801
v 0.28712299 0.28253001 0.26448700
v 0.30789599 0.31560400 0.24316999
v 0.31011701 0.31689101 0.24312501
v 0.30680901 0.31427500 0.24334399
v 0.30909199 0.29245600 0.25905499
v 0.31140399 0.29544699 0.25775301
v 0.28819600 0.28763801 0.26573601
v 0.28907201 0.28509700 0.26550299
v 0.30620000 0.31092000 0.24215800
v 0.29082701 0.31451401 0.25268900
v 0.28965700 0.31337699 0.25419700
v 0.28600499 0.30960399 0.25656500
v 0.31716600 0.29504800 0.25002301
v 0.31859499 0.29840800 0.24842601
v 0.31531399 0.29199499 0.25166300
v 0.31618100 0.31553099 0.24537200
v 0.31717500 0.31362900 0.24679600
v 0.31549799 0.31488001 0.24789500
v 0.31371200 0.31708601 0.24678400
v 0.26874900 0.26889700 0.24471700
v 0.31864899 0.30781600 0.24919701
v 0.31738099 0.31244901 0.24835899
v 0.31484801 0.31426001 0.24977200
v 0.31725901 0.30940801 0.24312900
v 0.31586900 0.30724901 0.24317300
v 0.31434700 0.31705099 0.24478100
v 0.31012100 0.31888801 0.24532799
v 0.28389600 0.28329301 0.26388001
v 0.28138000 0.30299401 0.25799599
v 0.31228799 0.31753799 0.24351799
v 0.29189301 0.31133801 0.25013700
v 0.31441599 0.30566001 0.25454900
v 0.31623200 0.30612499 0.25270700
v 0.28653300 0.28722399 0.22654200
v 0.28781599 0.28596401 0.22685400
v 0.28158599 0.30137900 0.26018801
v 0.28022701 0.29400000 0.26266700
v 0.27498999 0.28373501 0.24401399
v 0.27586201 0.28599101 0.24582399
v 0.31877100 0.30865499 0.24393800
v 0.31679299 0.31106499 0.24312501
v 0.31110200 0.30578300 0.24217699
v 0.31138900 0.28875500 0.25143301
v 0.27447701 0.28298399 0.24130900
v 0.27755699 0.28356099 0.24409799
v 0.28015900 0.28296500 0.24360000
v 0.27960500 0.28340799 0.24430700
v 0.28674901 0.30614299 0.25235501
v 0.29700601 0.31721601 0.24795300
v 0.29360199 0.31571901 0.24959600
v 0.30852199 0.31547001 0.24238500
v 0.31008101 0.31459701 0.23604099
v 0.30739599 0.31241599 0.23393500
v 0.29442999 0.28068200 0.26267499
v 0.29079500 0.31268200 0.25623700
v 0.28025001 0.27337199 0.24084800
v 0.31564000 0.30230299 0.24507301
v 0.28738201 0.30974999 0.25242200
v 0.28930601 0.31290701 0.25216201
v 0.27401200 0.27527899 0.23662800
v 0.27072099 0.27707499 0.23773700
v 0.31475800 0.30949801 0.23618200
v 0.31249601 0.30697000 0.23411000
v 0.30617699 0.31101200 0.24421600
v 0.30651101 0.30998299 0.24355300
v 0.30783299 0.30761299 0.24366599
v 0.31750399 0.31378600 0.24523801
v 0.28700399 0.29047999 0.23667900
v 0.27230799 0.27813599 0.23726000
v 0.28191301 0.28805301 0.22872400
v 0.28902900 0.28493899 0.22775100
v 0.30444300 0.31959501 0.24618700
v 0.30179900 0.31931800 0.24714901
v 0.30184600 0.31932601 0.24823999
v 0.31041199 0.28665200 0.25399101
v 0.31070301 0.28690901 0.25482300
v 0.28400701 0.28342599 0.26367301
v 0.29785100 0.31511599 0.25520399
v 0.29458499 0.31537899 0.25427699
v 0.31011701 0.31689200 0.24312600
v 0.28599501 0.30015901 0.26301101
v 0.27958399 0.29711199 0.26072699
v 0.29966199 0.31807199 0.24687500
v 0.29984599 0.31614801 0.24601300
v 0.31216499 0.29033801 0.25624099
v 0.31503299 0.29402801 0.25429100
v 0.31718400 0.29822600 0.25238800
v 0.31492600 0.29731101 0.25520101
v 0.28974801 0.28762701 0.23644499
v 0.31569201 0.31227899 0.23823901
v 0.31413099 0.31108400 0.23553200
v 0.27588099 0.28304300 0.24264599
v 0.28482801 0.27664000 0.24583900
v 0.31120199 0.30575001 0.24421699
v 0.29166901 0.31475300 0.25275701
v 0.29106599 0.31437799 0.25190100
v 0.30315199 0.28559899 0.26146701
v 0.30346900 0.28264999 0.25921100
v 0.30503401 0.28488499 0.25990501
v 0.28187400 0.28744999 0.26411900
v 0.28422701 0.28991801 0.22755700
v 0.31056201 0.31264001 0.25384799
v 0.27613199 0.27259201 0.23749501
v 0.28911600 0.28479600 0.22756000
v 0.29156300 0.28679401 0.22755900
v 0.28383499 0.28322700 0.26377800
v 0.31981501 0.30690500 0.24630000
v 0.26955900 0.27997199 0.24172300
v 0.30305299 0.29867399 0.26228800
v 0.29572299 0.29196501 0.26470500
v 0.29709601 0.29741800 0.26392600
v 0.28436601 0.28982499 0.22774801
v 0.29868600 0.30313101 0.26204699
v 0.29166099 0.29615799 0.26445299
v 0.29713601 0.29726800 0.26368299
v 0.28217599 0.28307101 0.24507800
v 0.27237299 0.26736799 0.24246299
v 0.27891099 0.28332299 0.24340600
v 0.31674001 0.30957600 0.24245700
v 0.31707701 0.30947801 0.24329200
v 0.31547001 0.31394601 0.24298200
v 0.31494701 0.31439200 0.24294201
v 0.31644800 0.31488800 0.24370100
v 0.30811599 0.28535500 0.25662100
v 0.30446699 0.28321499 0.25844401
v 0.31753799 0.30239600 0.25166199
v 0.30952600 0.31195199 0.23361100
v 0.28203100 0.27841601 0.24305101
v 0.28185099 0.27679199 0.24263901
v 0.27857599 0.27230099 0.23995300
v 0.28001401 0.27347100 0.24093100
v 0.27934399 0.28401199 0.24521001
v 0.30226499 0.31503499 0.25520599
v 0.31111199 0.31672999 0.24322300
v 0.29297900 0.27974001 0.26185301
v 0.29022500 0.28010601 0.26269999
v 0.31847599 0.30294400 0.25061601
v 0.28175199 0.29016301 0.23369400
v 0.27444401 0.26955801 0.23796999
v 0.28216600 0.28013900 0.24293201
v 0.30014399 0.31858701 0.24752700
v 0.28924200 0.28231499 0.23369800
v 0.26723000 0.27025700 0.24490800
v 0.30721200 0.31762999 0.25044501
v 0.29320601 0.28009301 0.26190799
v 0.29383901 0.28392801 0.26433399
v 0.29333299 0.28120100 0.26306301
v 0.28905100 0.28247899 0.23366100
v 0.29342699 0.27997300 0.26217601
v 0.29054499 0.27992401 0.26252201
v 0.28229800 0.27987099 0.24331300
v 0.28229001 0.27993301 0.24382900
v 0.28199601 0.28106701 0.24353500
v 0.28066900 0.28235400 0.24349301
v 0.27982101 0.29848599 0.26005399
v 0.27935201 0.29552999 0.26121399
v 0.29548401 0.31145501 0.25790700
v 0.29693899 0.30693901 0.26059699
v 0.30306000 0.28527600 0.26110801
v 0.31411901 0.30113199 0.25595200
v 0.28628001 0.31033701 0.25502399
v 0.31382099 0.31637201 0.24835800
v 0.30799001 0.31650999 0.24384700
v 0.31562600 0.31597799 0.24384899
v 0.28226399 0.28307801 0.24483199
v 0.28222200 0.28312099 0.24483199
v 0.28768599 0.30757299 0.25249699
v 0.28727600 0.30880201 0.25268799
v 0.27204001 0.28496000 0.24842100
v 0.26983500 0.27826399 0.23873600
v 0.27147299 0.27753299 0.23750500
v 0.28335699 0.30556500 0.25864199
v 0.28729799 0.30997500 0.25291100
v 0.31188601 0.31744000 0.24850200
v 0.31955901 0.30722100 0.24585000
v 0.28088301 0.28917399 0.26396999
v 0.28028801 0.28839901 0.26328501
v 0.28505701 0.30826899 0.25438499
v 0.28606600 0.30988100 0.25425899
v 0.31735301 0.31146500 0.24330300
v 0.27661300 0.27115199 0.23882701
v 0.31642500 0.30837899 0.24240400
v 0.31600401 0.29928401 0.24625500
v 0.28097901 0.29041401 0.26403099
v 0.28556100 0.30875400 0.25668600
v 0.28328201 0.30521300 0.25849700
v 0.28784400 0.28587100 0.22661901
v 0.30035800 0.28148299 0.26055101
v 0.30935699 0.28685299 0.25301501
v 0.30798000 0.30768600 0.24468200
v 0.28533500 0.28856400 0.22685200
v 0.31707701 0.30947801 0.24329101
v 0.31404099 0.30774900 0.25414199
v 0.31690300 0.30022699 0.24572800
v 0.27533299 0.28321701 0.24279299
v 0.27218100 0.27608201 0.23688200
v 0.31528801 0.29219899 0.25240800
v 0.31418800 0.31444800 0.24289900
v 0.31431201 0.31113699 0.23536199
v 0.28310800 0.30374500 0.26022300
v 0.31587601 0.31616601 0.24485201
v 0.28358299 0.27286500 0.24842601
v 0.28167900 0.28125101 0.24347600
v 0.28187901 0.28182301 0.24273799
v 0.31463701 0.31401700 0.24288601
v 0.30883199 0.28731599 0.25810900
v 0.28644800 0.28261799 0.26409999
v 0.29392299 0.28541300 0.26456901
v 0.27181301 0.28506401 0.24844800
v 0.29580301 0.31709400 0.24941701
v 0.29952499 0.28608000 0.26324800
v 0.31601000 0.31540799 0.24361201
v 0.29613101 0.31756300 0.24931601
v 0.28230000 0.28729501 0.26457700
v 0.27954400 0.29651001 0.26113099
v 0.28020701 0.29691300 0.26189101
v 0.30336601 0.31598300 0.25362599
v 0.28362200 0.29194701 0.23264199
v 0.31675601 0.31524900 0.24485500
v 0.29093301 0.28427401 0.23260200
v 0.27478001 0.28135201 0.25572601
v 0.28623599 0.28149101 0.26351699
v 0.31363899 0.30560201 0.23972800
v 0.30681500 0.29672101 0.26082599
v 0.28194600 0.30257499 0.25999200
v 0.31285799 0.31558701 0.24298801
v 0.31581101 0.31259301 0.24295300
v 0.27367899 0.27496099 0.23639800
v 0.30994999 0.28642201 0.25375199
v 0.30260900 0.31851500 0.24572000
v 0.31544599 0.31308100 0.24291700
v 0.31457299 0.31408000 0.24288200
v 0.07500130 0.09795670 0.01178200
v 0.07462160 0.09776400 0.01214060
v 0.07424570 0.09783160 0.01313040
v 0.08518930 0.09453480 0.00538769
v 0.08527360 0.09382840 0.00461512
v 0.08515220 0.09329710 0.00476936
v 0.08493290 0.09415180 0.00649900
v 0.08612930 0.09325070 0.00677410
v 0.08524800 0.09369320 0.00648809
v 0.07473750 0.09856120 0.01360780
v 0.07458360 0.09806640 0.01367520
v 0.07506960 0.09867530 0.01271600
v 0.07485460 0.09822030 0.01224930
v 0.07442150 0.09814520 0.01317500
v 0.07422950 0.09844510 0.01273630
v 0.08601950 0.09259500 0.00690525
v 0.08629720 0.09294650 0.00717442
v 0.08581190 0.09370680 0.00714863
v 0.08677590 0.09457430 0.00690157
v 0.08672920 0.09400760 0.00722227
v 0.08618960 0.09513710 0.00539433
v 0.08631000 0.09468940 0.00602002
v 0.08570040 0.09368660 0.00551986
v 0.08507820 0.09380940 0.00607873
v 0.08562990 0.09331580 0.00565400
v 0.08518140 0.09301340 0.00645912
v 0.08567920 0.09369480 0.00690066
v 0.08537150 0.09337960 0.00659365
v 0.08488750 0.09340190 0.00562469
v 0.07321330 0.09813820 0.01104730
v 0.07336720 0.09863310 0.01098080
v 0.07424450 0.09864310 0.01119000
v 0.07393670 0.09953530 0.01140150
v 0.07428800 0.09974910 0.01190770
v 0.07397290 0.09772690 0.01134340
v 0.07417950 0.09718020 0.01212070
v 0.07476130 0.09766380 0.01287050
v 0.07388700 0.09705680 0.01309250
v 0.08583040 0.09485760 0.00634885
v 0.07395520 0.09874450 0.01200550
v 0.07473190 0.09844100 0.01186250
v 0.07417490 0.09894250 0.01227600
v 0.07445350 0.09795920 0.01168430
v 0.07363270 0.09851460 0.01142590
v 0.07372130 0.09825440 0.01191860
v 0.08514480 0.09283420 0.00508865
v 0.08525970 0.09248620 0.00555546
v 0.08575930 0.09316600 0.00600500
v 0.08531230 0.09434430 0.00613978
v 0.08568740 0.09430510 0.00518719
v 0.08595440 0.09415320 0.00566073
v 0.08621720 0.09383080 0.00638730
v 0.08548700 0.09423200 0.00654363
v 0.08628760 0.09420180 0.00625200
v 0.07419650 0.09737020 0.01344900
v 0.07477420 0.09907110 0.01188260
v 0.07359210 0.09692670 0.01263230
v 0.07333930 0.09700440 0.01210110
v 0.07364660 0.09790670 0.01202900
v 0.08646980 0.09517290 0.00589507
v 0.07475080 0.09945780 0.01298750
v 0.07480010 0.09904060 0.01338040
v 0.08511610 0.09351920 0.00603450
v 0.08554230 0.09399030 0.00508203
v 0.08562030 0.09457090 0.00473214
v 0.08541350 0.09419600 0.00461300
v 0.07579140 0.09824620 0.01205690
v 0.07529130 0.09836460 0.01109310
v 0.07562030 0.09857330 0.01160130
v 0.08534320 0.09327200 0.00615875
v 0.08555250 0.09284850 0.00590343
v 0.07365920 0.09742600 0.01227600
v 0.07350710 0.09754500 0.01196850
v 0.07315090 0.09765880 0.01127520
v 0.07430430 0.09879270 0.01262700
v 0.07449600 0.09912840 0.01266920
v 0.07320000 0.09724160 0.01166850
v 0.07399580 0.09795500 0.01265060
v 0.07377600 0.09775700 0.01238000
v 0.07554190 0.09820180 0.01199410
v 0.07494850 0.09811310 0.01121290
v 0.07507770 0.09853220 0.01130690
v 0.07521370 0.09837610 0.01138740
v 0.07361670 0.09912980 0.01109190
v 0.08655150 0.09343760 0.00729840
v 0.08551280 0.09451570 0.00599731
v 0.08577820 0.09451280 0.00649758
v 0.08595550 0.09448110 0.00685439
v 0.08589810 0.09492250 0.00500073
v 0.08615820 0.09435150 0.00590100
v 0.08544130 0.09298380 0.00558361
v 0.08572790 0.09238050 0.00651208
v 0.08523980 0.09413770 0.00576521
v 0.07400890 0.09769500 0.01185000
v 0.08583160 0.09437370 0.00669900
v 0.07439630 0.09766860 0.01361000
v 0.07469510 0.09871600 0.01240510
v 0.08582110 0.09453400 0.00614876
v 0.07376370 0.09884540 0.01149410
v 0.08631660 0.09354980 0.00685527
v 0.07537620 0.09861050 0.01173740
v 0.07415560 0.09793160 0.01149600
v 0.07443210 0.09754720 0.01214000
v 0.07448180 0.09768470 0.01233160
v 0.08544770 0.09234460 0.00601085
v 0.07461170 0.09969510 0.01255500
v 0.07482780 0.09830960 0.01253180
v 0.07482520 0.09867530 0.01226320
v 0.07554430 0.09778360 0.01214310
v 0.07552300 0.09843160 0.01210300
v 0.07426180 0.09842940 0.01138200
v 0.07461930 0.09882730 0.01176690
v 0.07442270 0.09867240 0.01150890
v 0.08582340 0.09413380 0.00685599
v 0.08569580 0.09411700 0.00683876
v 0.08643020 0.09454830 0.00634437
v 0.08665780 0.09503140 0.00635055
v 0.07437460 0.09926550 0.01234360
v 0.08596300 0.09336440 0.00624516
v 0.07529150 0.09845990 0.01115370
v 0.07506430 0.09820030 0.01108790
v 0.07426790 0.09776680 0.01171560
v 0.08502610 0.09362820 0.00591857
v 0.07497880 0.09870150 0.01226480
v 0.07454990 0.09854620 0.01158500
v 0.07470790 0.09797670 0.01253370
v 0.08521710 0.09346100 0.00635541
v 0.07485070 0.09782500 0.01265600
v 0.07501600 0.09833690 0.01259300
v 0.08509540 0.09419520 0.00565364
v 0.08562960 0.09474110 0.00623623
v 0.08309910 0.09484860 0.00686734
v 0.08300510 0.09436820 0.00710703
v 0.08348570 0.09455550 0.00789229
v 0.07678150 0.09717800 0.01140550
v 0.07644710 0.09679650 0.01094740
v 0.07644740 0.09755050 0.01038830
v 0.08345690 0.09528030 0.00719740
v 0.08372290 0.09497520 0.00769973
v 0.08394130 0.09524460 0.00762867
v 0.08323920 0.09445970 0.00681838
v 0.08317290 0.09481000 0.00663630
v 0.08341270 0.09483830 0.00666400
v 0.08316520 0.09413440 0.00721172
v 0.08340160 0.09419500 0.00767112
v 0.08386530 0.09467820 0.00789488
v 0.07605160 0.09736090 0.01044110
v 0.07631080 0.09797040 0.01051700
v 0.07629720 0.09759920 0.01050540
v 0.07681430 0.09788010 0.01100770
v 0.07689780 0.09764240 0.01128640
v 0.07681340 0.09751580 0.01164550
v 0.07682810 0.09794450 0.01141890
v 0.07665490 0.09783320 0.01139380
v 0.07636500 0.09674690 0.01124660
v 0.07659970 0.09698270 0.01156780
v 0.07651130 0.09713760 0.01154230
v 0.08399910 0.09500690 0.00773156
v 0.08380690 0.09526970 0.00720989
v 0.08371280 0.09543550 0.00709002
v 0.08340810 0.09521890 0.00673530
v 0.08375370 0.09515630 0.00702200
v 0.07662880 0.09802130 0.01117900
v 0.07665590 0.09816480 0.01096200
v 0.07690800 0.09753030 0.01155700
v 0.07670050 0.09792410 0.01092040
v 0.07618750 0.09683870 0.01079300
v 0.07617810 0.09721910 0.01044340
v 0.08364680 0.09455410 0.00776983
v 0.08338210 0.09415880 0.00743309
v 0.08321190 0.09507940 0.00691562
v 0.08361510 0.09457520 0.00785617
v 0.08363420 0.09523520 0.00751451
v 0.08307200 0.09439170 0.00679747
v 0.07623650 0.09690050 0.01109020
v 0.07612840 0.09707260 0.01069140
v 0.07661860 0.09760340 0.01150750
v 0.08340680 0.09532530 0.00690240
v 0.08369870 0.09503180 0.00774410
v 0.07637720 0.09764720 0.01045200
v 0.07665960 0.09790830 0.01073550
v 0.08324080 0.09439790 0.00675286
v 0.08335290 0.09405720 0.00725100
v 0.07602300 0.09695660 0.01076800
v 0.07648320 0.09719510 0.01159900
v 0.07626250 0.09686570 0.01132720
v 0.08993550 0.11020900 0.03998800
v 0.09210710 0.11228200 0.03993000
v 0.10063700 0.09899640 0.03999400
v 0.10300200 0.10633300 0.04484740
v 0.10469900 0.10595500 0.04371840
v 0.10329200 0.10997100 0.04154300
v 0.10768300 0.12493300 0.04629470
v 0.10901400 0.12432600 0.04466500
v 0.10597500 0.12249100 0.04268300
v 0.09200310 0.11218300 0.04166200
v 0.08972300 0.11000700 0.04168200
v 0.10252000 0.10079500 0.04169300
v 0.10905000 0.12447000 0.04576700
v 0.10830900 0.12476400 0.04660500
v 0.10624900 0.12215900 0.04301390
v 0.09902020 0.11035200 0.04365100
v 0.09986140 0.10737400 0.04591800
v 0.09842950 0.10883900 0.04594500
v 0.09741840 0.11213800 0.04490250
v 0.09706880 0.11390000 0.04378660
v 0.09972190 0.11506700 0.04765200
v 0.10674700 0.11692300 0.05592590
v 0.10084200 0.11059500 0.04854400
v 0.08982740 0.08867210 0.02511000
v 0.08327640 0.09555190 0.02483100
v 0.08732290 0.09186850 0.02191780
v 0.09178560 0.09053820 0.01988600
v 0.09214540 0.09088100 0.01861900
v 0.08108410 0.10175100 0.01988000
v 0.10847000 0.10713800 0.03980490
v 0.11642200 0.11464700 0.04962140
v 0.11428900 0.11255200 0.04785970
v 0.11659600 0.11560300 0.04974510
v 0.10969600 0.10885700 0.04279860
v 0.11192100 0.11098200 0.04544750
v 0.10409200 0.11548900 0.03424500
v 0.11000600 0.11918900 0.03991520
v 0.10777800 0.11705500 0.03725500
v 0.10667400 0.12181100 0.04235330
v 0.10245100 0.11715200 0.03658630
v 0.11014200 0.12433400 0.04541100
v 0.10810200 0.11546600 0.05592240
v 0.10579900 0.11410800 0.05373430
v 0.10479000 0.10520800 0.04351900
v 0.11124800 0.11235200 0.05286380
v 0.10906000 0.11006900 0.05004700
v 0.10904500 0.11577000 0.05594460
v 0.10178900 0.11027900 0.04829300
v 0.10401400 0.11240100 0.05094400
v 0.11223500 0.11305600 0.05269100
v 0.10675600 0.10835900 0.04712500
v 0.08325710 0.10382300 0.01679100
v 0.09395860 0.09261050 0.01679600
v 0.08593210 0.10310700 0.01668500
v 0.08602830 0.09946250 0.01473510
v 0.08317260 0.10374200 0.01459300
v 0.08581940 0.10218500 0.01453200
v 0.10087100 0.11760200 0.03772530
v 0.10382700 0.11994900 0.04029800
v 0.09752060 0.11744700 0.03744700
v 0.09780450 0.11771700 0.03632600
v 0.10822200 0.10623400 0.03745300
v 0.09986090 0.11916100 0.04279000
v 0.10630600 0.12524600 0.04961690
v 0.09843400 0.11765400 0.03979900
v 0.07631380 0.09889840 0.01655300
v 0.07253430 0.09504830 0.01222100
v 0.07179410 0.09358620 0.01188300
v 0.07258930 0.09149500 0.01128700
v 0.07313240 0.09307350 0.01117100
v 0.07776530 0.09779490 0.01645690
v 0.10953300 0.10971700 0.03827370
v 0.10901900 0.11103900 0.03680400
v 0.11142600 0.11232100 0.04003300
v 0.10812400 0.11136300 0.03652130
v 0.10846200 0.10960400 0.03762490
v 0.11086100 0.11324000 0.03977100
v 0.10187100 0.11636600 0.03761200
v 0.10734500 0.11063000 0.03761500
v 0.10897100 0.10694800 0.03469200
v 0.09826980 0.11816100 0.03468600
v 0.10734200 0.10849500 0.03320100
v 0.09915720 0.11598600 0.04738900
v 0.10389500 0.12129500 0.05241420
v 0.09634230 0.11408500 0.04351480
v 0.10170500 0.11782800 0.04971340
v 0.10451400 0.12114500 0.05268700
v 0.08755970 0.09554290 0.01104180
v 0.08206340 0.08786540 0.00624701
v 0.08467930 0.08995580 0.00965900
v 0.08602730 0.08945240 0.00895900
v 0.08340160 0.08735270 0.00553500
v 0.08943520 0.09378030 0.01224810
v 0.08852910 0.09058210 0.02130350
v 0.09302560 0.09567450 0.01668900
v 0.08741900 0.10319400 0.01660100
v 0.08820420 0.08857450 0.01727980
v 0.08779290 0.09279450 0.01346930
v 0.08540000 0.08723850 0.01297100
v 0.08974680 0.09214490 0.01400880
v 0.08978280 0.09020890 0.01547170
v 0.08711440 0.08957960 0.01091100
v 0.08058390 0.10127800 0.02828200
v 0.08126540 0.10193000 0.03136600
v 0.09128540 0.09006520 0.02828700
v 0.09766000 0.09615560 0.04086100
v 0.10005600 0.09844260 0.04163300
v 0.08748700 0.10787300 0.04109000
v 0.07966600 0.10040300 0.03049300
v 0.07919240 0.09994960 0.02741000
v 0.09000940 0.08884760 0.02850600
v 0.09850590 0.09696220 0.03942900
v 0.07521490 0.09359470 0.01471000
v 0.07701640 0.09812110 0.01843720
v 0.07125100 0.09200770 0.01199900
v 0.07386700 0.09409820 0.01541100
v 0.11503700 0.12207000 0.04483500
v 0.10848900 0.11651700 0.03738500
v 0.11074500 0.11881900 0.04015540
v 0.10722700 0.11325500 0.03576220
v 0.11505900 0.12277700 0.04587200
v 0.11270400 0.12054300 0.04307200
v 0.10024900 0.11592700 0.03319700
v 0.10657300 0.10926300 0.03285000
v 0.10281700 0.11670800 0.03494420
v 0.11188000 0.12391600 0.04446300
v 0.08060840 0.09992090 0.01501040
v 0.08337210 0.10090600 0.01460050
v 0.08396990 0.09944060 0.01532610
v 0.08144400 0.10209400 0.01861400
v 0.07578220 0.10019200 0.01102500
v 0.07567180 0.09829090 0.01218700
v 0.07746050 0.09716360 0.01994780
v 0.07736350 0.09558660 0.02091200
v 0.07884730 0.09537790 0.02025400
v 0.08796270 0.09872250 0.01459600
v 0.08835380 0.09942470 0.01453900
v 0.08987060 0.09784410 0.01453930
v 0.09267860 0.09500020 0.01553900
v 0.09448260 0.09310990 0.01554000
v 0.09255830 0.09503240 0.01454060
v 0.10485800 0.11929500 0.05388100
v 0.10436400 0.11885700 0.05400090
v 0.10377800 0.12000400 0.05296960
v 0.10141000 0.11728200 0.05039370
v 0.10445400 0.12006400 0.05315300
v 0.10203200 0.11738700 0.05037470
v 0.09660060 0.11223300 0.04476000
v 0.08081190 0.08457690 0.00266600
v 0.08259040 0.08603550 0.00495899
v 0.08498520 0.08755160 0.00836901
v 0.08479480 0.08641460 0.01242600
v 0.08159060 0.08239090 0.00930101
v 0.07942380 0.08462930 0.00361500
v 0.08407410 0.08913190 0.00911500
v 0.08125850 0.08655230 0.00567900
v 0.08954390 0.08806300 0.01657080
v 0.08282550 0.08237640 0.00803599
v 0.08612330 0.08589260 0.01170300
v 0.11312600 0.11453500 0.04277190
v 0.11602900 0.11667400 0.04660900
v 0.11341600 0.11507800 0.04208740
v 0.11571900 0.11852100 0.04474950
v 0.11616800 0.11607400 0.04631190
v 0.11568600 0.11852500 0.04541500
v 0.09628560 0.11538600 0.04145400
v 0.10151700 0.12074300 0.04579060
v 0.09929370 0.11862000 0.04314720
v 0.09719780 0.11662400 0.04054900
v 0.11628900 0.11453000 0.05086970
v 0.11546700 0.11374800 0.05114190
v 0.10967600 0.10814700 0.04338400
v 0.11189900 0.11027000 0.04603610
v 0.10637800 0.10614400 0.04211500
v 0.11596600 0.11485600 0.05145700
v 0.11362400 0.11261800 0.04865000
v 0.11644100 0.11530700 0.05070200
v 0.11414400 0.11310600 0.04808890
v 0.10661600 0.10525700 0.04063340
v 0.10850600 0.10650500 0.03633200
v 0.10168300 0.11840000 0.03758100
v 0.10456400 0.12017400 0.03949900
v 0.10258500 0.11784200 0.03652900
v 0.10773200 0.11153700 0.03492590
v 0.11055100 0.10845500 0.03439000
v 0.10871100 0.11031100 0.03371600
v 0.10468000 0.11218100 0.03072300
v 0.10329900 0.11362700 0.03072200
v 0.10532500 0.11181800 0.03364700
v 0.07142100 0.08332450 0.01497500
v 0.07195690 0.08501710 0.01476300
v 0.07595070 0.08808250 0.02006300
v 0.07067900 0.08578210 0.01540660
v 0.07008270 0.08383720 0.01568700
v 0.07576080 0.09042400 0.02161700
v 0.07872990 0.10029500 0.01752790
v 0.07904240 0.09990030 0.02108050
v 0.08079890 0.10173000 0.01549610
v 0.07754810 0.10074700 0.01504240
v 0.07655510 0.10158400 0.01350440
v 0.07586200 0.10172500 0.01366900
v 0.10815500 0.11055200 0.05013170
v 0.11040200 0.11348600 0.05388400
v 0.10993100 0.11300500 0.05400580
v 0.10318700 0.10549100 0.04463600
v 0.10601900 0.10813400 0.04792400
v 0.08607440 0.09240420 0.00693545
v 0.08886330 0.09504580 0.01026100
v 0.08501770 0.09119040 0.00580900
v 0.08375950 0.09233080 0.00621901
v 0.08365710 0.09162210 0.00653700
v 0.10593200 0.12407900 0.05189100
v 0.09984270 0.11845200 0.04337810
v 0.10206500 0.12057400 0.04603110
v 0.10208700 0.12128700 0.04544270
v 0.09919040 0.11735400 0.03920290
v 0.10696500 0.12524401 0.05068500
v 0.10461200 0.12299700 0.04789400
v 0.10535500 0.12435000 0.05119240
v 0.10374200 0.12286900 0.04844160
v 0.11345500 0.12390900 0.04571600
v 0.10775000 0.11703000 0.03788410
v 0.10997100 0.11915600 0.04053430
v 0.11366400 0.12354800 0.04483730
v 0.11223100 0.12131300 0.04256680
v 0.11475800 0.12311400 0.04527770
v 0.11437100 0.12350200 0.04587300
v 0.11218800 0.12128000 0.04318180
v 0.09313070 0.09182950 0.03417400
v 0.09196680 0.09071720 0.03137200
v 0.08242930 0.10304200 0.03416900
v 0.09070040 0.08950880 0.03176500
v 0.09187230 0.09062870 0.03475700
v 0.08056230 0.10126000 0.03338600
v 0.10735400 0.10594700 0.04051830
v 0.10940900 0.10788200 0.04287200
v 0.11206500 0.11042800 0.04520660
v 0.10983500 0.10829900 0.04255230
v 0.10775900 0.11659300 0.05637170
v 0.10787200 0.11732300 0.05627000
v 0.10856400 0.11660100 0.05627300
v 0.10553100 0.11507200 0.05347200
v 0.10324000 0.11273800 0.05132260
v 0.09839110 0.11006900 0.04564040
v 0.07867950 0.09973180 0.02004420
v 0.08069920 0.09789210 0.02088300
v 0.07846540 0.09355380 0.02085000
v 0.07649420 0.09299070 0.01755000
v 0.07515600 0.09350340 0.01826200
v 0.07787270 0.09170070 0.02107100
v 0.07204100 0.08645420 0.01388600
v 0.07531100 0.09003490 0.01745500
v 0.07398240 0.09055690 0.01817800
v 0.07067490 0.08703150 0.01449900
v 0.07648770 0.09211830 0.02176300
v 0.09016610 0.08899360 0.02172900
v 0.09201630 0.09262170 0.01497350
v 0.09121110 0.09070290 0.01627900
v 0.09087220 0.09235750 0.01512210
v 0.07446890 0.09897180 0.00943499
v 0.07444820 0.10071000 0.01174510
v 0.07445610 0.09782550 0.01381580
v 0.07336170 0.09680050 0.01250180
v 0.07561100 0.09845080 0.01556840
v 0.10656900 0.11288200 0.03421950
v 0.10453200 0.11480600 0.03370800
v 0.08811840 0.09443610 0.01380580
v 0.08867480 0.09081930 0.01744250
v 0.08816850 0.09359820 0.01608940
v 0.08822620 0.09749660 0.01439310
v 0.09233580 0.09640960 0.01446970
v 0.10113700 0.11606800 0.03716890
v 0.10275300 0.10967100 0.04094090
v 0.10606400 0.10714800 0.04021520
v 0.09731960 0.11552900 0.04239860
v 0.08223340 0.07918220 0.00922301
v 0.08276930 0.08087470 0.00901201
v 0.08676310 0.08394020 0.01431200
v 0.08143100 0.08138750 0.00972300
v 0.08089510 0.07969490 0.00993500
v 0.08657310 0.08628170 0.01586500
v 0.11135200 0.11044000 0.04579740
v 0.10912200 0.10831100 0.04313070
v 0.10796300 0.10926200 0.03819260
v 0.06856010 0.08711980 0.01046070
v 0.07326170 0.09327420 0.01486600
v 0.07044610 0.09069470 0.01143100
v 0.06989960 0.08657740 0.00977225
v 0.06999960 0.08871920 0.00841800
v 0.07403170 0.09063890 0.01461500
v 0.11117000 0.11304200 0.05314400
v 0.11576700 0.11744600 0.04575900
v 0.11586800 0.11698500 0.04524670
v 0.11378400 0.11528500 0.04256500
v 0.10649400 0.12479600 0.05144400
v 0.10428200 0.12269100 0.04868230
v 0.10622900 0.12517799 0.05077670
v 0.08347330 0.10404100 0.03818400
v 0.08184690 0.10248800 0.03598100
v 0.09347170 0.09215660 0.03734200
v 0.08402030 0.10456200 0.03654700
v 0.08292890 0.08187820 0.00858901
v 0.08868120 0.08706930 0.01566400
v 0.08155630 0.08191130 0.00958200
v 0.08734290 0.08758200 0.01637600
v 0.08071830 0.10222600 0.01447800
v 0.07931190 0.10194100 0.01423400
v 0.07767800 0.10049600 0.01566400
v 0.11030800 0.11840000 0.04029540
v 0.10807000 0.11627300 0.03763320
v 0.10598100 0.11483400 0.03555140
v 0.09665160 0.11650400 0.03981120
v 0.09892930 0.11879100 0.03615910
v 0.10137600 0.10843300 0.04260700
v 0.09810170 0.11238900 0.04247000
v 0.09792460 0.11650600 0.04087060
v 0.09999570 0.11859800 0.04254520
v 0.10223200 0.12073300 0.04520150
v 0.10393300 0.11530900 0.03348350
v 0.10217400 0.11713200 0.03344300
v 0.09962200 0.11944900 0.03011700
v 0.10420000 0.11470800 0.03063780
v 0.10569000 0.11314500 0.03061900
v 0.07538230 0.09856680 0.01144410
v 0.07320650 0.09732820 0.00824600
v 0.07301640 0.09754570 0.01132900
v 0.07330510 0.09886540 0.01090840
v 0.07229440 0.09696590 0.01038900
v 0.09373770 0.09511380 0.01552940
v 0.09702940 0.09553990 0.01427600
v 0.09204290 0.10004200 0.01431000
v 0.09059300 0.10156200 0.01431000
v 0.08699880 0.10202500 0.01447800
v 0.08632790 0.10675300 0.01427000
v 0.10327500 0.11277200 0.05070320
v 0.10104700 0.11063500 0.04804230
v 0.10118300 0.10729400 0.04562380
v 0.10102100 0.11235100 0.04154200
v 0.10390900 0.10376900 0.04112160
v 0.10492300 0.10308700 0.03925700
v 0.10280900 0.10106900 0.03993600
v 0.09422190 0.11430000 0.03925100
v 0.11036700 0.10827700 0.03093100
v 0.10964500 0.10758900 0.03100500
v 0.10784100 0.10947900 0.03100400
v 0.10979400 0.10773200 0.03379100
v 0.10809800 0.11092100 0.03341600
v 0.10771700 0.11123800 0.03265000
v 0.10838500 0.10897800 0.03201940
v 0.08217130 0.08598870 0.00420401
v 0.07979330 0.08689190 0.00268001
v 0.08070220 0.08770260 0.00380500
v 0.10825100 0.10805500 0.03905180
v 0.10783900 0.10849400 0.03891200
v 0.10759900 0.10787600 0.03960800
v 0.10717100 0.10928700 0.03746220
v 0.10680800 0.10721100 0.03950800
v 0.07448740 0.09445200 0.01632200
v 0.08664680 0.08979800 0.00987401
v 0.08673000 0.08671060 0.01225400
v 0.08529980 0.09030970 0.01057000
v 0.10437200 0.11621100 0.03580490
v 0.07417280 0.09169390 0.01412000
v 0.07635310 0.09193570 0.01804500
v 0.07501680 0.09245580 0.01875500
v 0.07269340 0.09115160 0.01532700
v 0.07283260 0.09219930 0.01483400
v 0.09028440 0.09511580 0.01283800
v 0.09150400 0.09565790 0.01416100
v 0.10754400 0.10684900 0.04074150
v 0.07709900 0.08991130 0.02090500
v 0.07211340 0.08582330 0.01447700
v 0.07703200 0.09387140 0.02152400
v 0.08028920 0.09714090 0.01965000
v 0.08120840 0.09706440 0.02029260
v 0.07770640 0.09875550 0.01930680
v 0.08304090 0.09769550 0.01818000
v 0.08069470 0.09871310 0.01658250
v 0.10962800 0.10757600 0.03616740
v 0.09884730 0.11871200 0.03467570
v 0.10161800 0.11774300 0.03371200
v 0.09981370 0.11963400 0.03371100
v 0.08256840 0.08262400 0.00737401
v 0.08170680 0.08260940 0.00576500
v 0.08550390 0.08554690 0.01078700
v 0.08036850 0.08312210 0.00647700
v 0.08123020 0.08313670 0.00808600
v 0.08370020 0.08627480 0.01046900
v 0.08288160 0.09122020 0.00177199
v 0.08401880 0.09318590 0.00249400
v 0.08544090 0.09423050 0.00443394
v 0.08508840 0.09194340 0.00540001
v 0.08516700 0.09289070 0.00486500
v 0.08444860 0.09231320 0.00393099
v 0.09731210 0.11050700 0.04554480
v 0.09958290 0.10870200 0.04593480
v 0.10956900 0.10921100 0.03566180
v 0.10955400 0.10750400 0.03468650
v 0.10590500 0.10470400 0.04098010
v 0.10610200 0.10509800 0.04146000
v 0.10309000 0.10698100 0.04154600
v 0.11394000 0.11281500 0.05162890
v 0.10146900 0.11760000 0.03092600
v 0.09966510 0.11949000 0.03092500
v 0.10074800 0.11691200 0.03100000
v 0.09909220 0.11894500 0.03378500
v 0.10089600 0.11705500 0.03378600
v 0.09894360 0.11880200 0.03099900
v 0.09806420 0.11796200 0.03045420
v 0.09947940 0.11669600 0.03284600
v 0.10875800 0.10674200 0.03068500
v 0.09966360 0.11638700 0.03176600
v 0.08589470 0.10371800 0.01665500
v 0.08623930 0.10666900 0.01647200
v 0.08738160 0.10380500 0.01657200
v 0.09298820 0.09628570 0.01665900
v 0.08378120 0.10432300 0.01553400
v 0.08579690 0.10624700 0.01532700
v 0.08580800 0.10367000 0.01548230
v 0.08574380 0.10619500 0.01433000
v 0.08754770 0.10430500 0.01433100
v 0.08760090 0.10435600 0.01532800
v 0.09868030 0.11592700 0.04064000
v 0.09894590 0.11657600 0.03989670
v 0.10752600 0.10818600 0.03212100
v 0.10675700 0.10895400 0.03177000
v 0.10043300 0.11561800 0.03211700
v 0.06955620 0.08726440 0.01222900
v 0.07041780 0.08727900 0.01383800
v 0.07288790 0.09041720 0.01622100
v 0.07175610 0.08676630 0.01312600
v 0.07089440 0.08675170 0.01151700
v 0.07469150 0.08968930 0.01653900
v 0.09984960 0.11966800 0.03438400
v 0.09973910 0.11956300 0.03546700
v 0.07174210 0.09015630 0.01065800
v 0.06866050 0.08922560 0.00913299
v 0.09111800 0.08990380 0.02506400
v 0.10664500 0.10786200 0.04733290
v 0.10592900 0.10842700 0.04747850
v 0.10843500 0.11033200 0.05064390
v 0.10899700 0.11060200 0.04996700
v 0.11090000 0.11240900 0.04011920
v 0.11119300 0.11295800 0.03943570
v 0.11321500 0.11537400 0.04260670
v 0.11374200 0.11463300 0.04274830
v 0.10431400 0.12341500 0.04810390
v 0.10680200 0.12242100 0.04232680
v 0.10373400 0.12025300 0.03984900
v 0.10444900 0.11968600 0.03969990
v 0.11413100 0.11240100 0.04869180
v 0.10149700 0.11812200 0.05022490
v 0.09947880 0.11570300 0.04706000
v 0.09918770 0.11515700 0.04774490
v 0.11297200 0.12095300 0.04281440
v 0.10547300 0.11486400 0.05398190
v 0.10357500 0.11198200 0.05108180
v 0.10623900 0.11451700 0.05358990
v 0.08350580 0.08700930 0.00957500
v 0.08484400 0.08649660 0.00886301
v 0.09387410 0.09252870 0.01459900
v 0.09216380 0.09429000 0.01460120
v 0.09387600 0.09253120 0.01600220
v 0.08317500 0.10374400 0.01600200
v 0.09281420 0.09151800 0.01610490
v 0.09290160 0.09623760 0.01548640
v 0.09364060 0.09681890 0.01544060
v 0.09339260 0.09674590 0.01661400
v 0.09054720 0.10173200 0.01570730
v 0.09211730 0.10011400 0.01570700
v 0.08987810 0.09797730 0.01593600
v 0.09465660 0.11469600 0.04082310
v 0.09696510 0.11691700 0.03834200
v 0.07420530 0.09533280 0.01156100
v 0.07427600 0.09608580 0.01115100
v 0.07429000 0.09791350 0.01126640
v 0.07449570 0.09728970 0.01223870
v 0.07271650 0.09703140 0.01113600
v 0.07363620 0.09645560 0.00968201
v 0.09089440 0.08980140 0.01735020
v 0.09170190 0.09045580 0.01682200
v 0.08172470 0.08707170 0.00618201
v 0.08394470 0.08893120 0.00541901
v 0.09650420 0.09505130 0.03826400
v 0.09472170 0.09334920 0.03655300
v 0.08580280 0.10626400 0.03825800
v 0.09542990 0.09402650 0.03940800
v 0.10134700 0.10985600 0.04842710
v 0.08077480 0.10145700 0.02185600
v 0.08041660 0.10111700 0.02505800
v 0.09147630 0.09024410 0.02186200
v 0.07916300 0.09991930 0.02425160
v 0.08743060 0.09743750 0.01496490
v 0.08345910 0.09605680 0.02162120
v 0.08409700 0.09703670 0.01851820
v 0.09889630 0.11521000 0.04103300
v 0.10023100 0.11647900 0.03760470
v 0.09846330 0.11608200 0.03945550
v 0.09704540 0.09555630 0.01644700
v 0.09447500 0.09637250 0.01657600
v 0.09457020 0.09702640 0.01533350
v 0.09649840 0.09503360 0.01533300
v 0.09447390 0.09568860 0.01543070
v 0.09451250 0.09576130 0.01660500
v 0.08537810 0.10586000 0.03991000
v 0.08780450 0.10817500 0.03942300
v 0.08525590 0.09656290 0.00598400
v 0.08514590 0.09466130 0.00714701
v 0.08686790 0.09492060 0.00661906
v 0.08628030 0.09518670 0.00530400
v 0.08426240 0.09381760 0.00609400
v 0.08437890 0.09439270 0.00589900
v 0.08313870 0.09284390 0.00468299
v 0.11563500 0.12016900 0.04543500
v 0.11535000 0.12028000 0.04446510
v 0.10346400 0.11378700 0.03381700
v 0.10494800 0.11223000 0.03380020
v 0.10268500 0.11430300 0.03101700
v 0.10248400 0.11673100 0.03274400
v 0.11376700 0.11354400 0.05232010
v 0.11235200 0.11245300 0.05243540
v 0.10587500 0.10520600 0.04230600
v 0.08516800 0.08168140 0.01294000
v 0.08382970 0.08219410 0.01365200
v 0.08542480 0.08445290 0.01502300
v 0.07448490 0.10150600 0.01311100
v 0.07467570 0.10111300 0.01245300
v 0.07519400 0.09997210 0.01552240
v 0.07605400 0.10134700 0.01304950
v 0.07743180 0.10069600 0.01266610
v 0.07435560 0.08582370 0.01869100
v 0.07301730 0.08633640 0.01940300
v 0.07461250 0.08859520 0.02077500
v 0.06977480 0.09367900 0.00802001
v 0.07105340 0.09499300 0.00947700
v 0.07182640 0.09643340 0.00989301
v 0.07206930 0.09536260 0.00752401
v 0.07316470 0.09592070 0.00918100
v 0.07071870 0.09585080 0.00822999
v 0.07112040 0.09318590 0.00730800
v 0.10641800 0.11269400 0.03346960
v 0.10682000 0.11217600 0.03262800
v 0.08372800 0.10427200 0.01453600
v 0.08182260 0.10248400 0.01513750
v 0.08032490 0.10102200 0.01846910
v 0.08210170 0.10272000 0.01611670
v 0.10578600 0.10786700 0.04113600
v 0.08558520 0.10243300 0.01553500
v 0.08635120 0.10202100 0.01551500
v 0.08720450 0.10213900 0.01546300
v 0.10766600 0.10570400 0.03834800
v 0.10691400 0.10498700 0.03890500
v 0.10023500 0.11752500 0.03215300
v 0.10068900 0.11695500 0.03154890
v 0.10031200 0.11751800 0.03277360
v 0.08985110 0.09498180 0.01221800
v 0.08922670 0.09494810 0.01103260
v 0.08803800 0.09570970 0.01225410
v 0.08659410 0.09605020 0.00527299
v 0.10672800 0.12512399 0.04781850
v 0.09932600 0.11808400 0.03848980
v 0.10770900 0.12516101 0.04808400
v 0.07583440 0.09394040 0.01562600
v 0.07496150 0.09423790 0.01736800
v 0.08047590 0.08923010 0.00228000
v 0.08186580 0.09085060 0.00372600
v 0.08263880 0.09229100 0.00414101
v 0.08204050 0.08718980 0.00309300
v 0.08254920 0.08878640 0.00290001
v 0.08121100 0.08929910 0.00361200
v 0.08142950 0.09150330 0.00243499
v 0.08193280 0.08904360 0.00155600
v 0.07418950 0.10062300 0.01581300
v 0.07467470 0.10143400 0.01614200
v 0.07636750 0.10079500 0.01525690
v 0.07412910 0.10232200 0.01447660
v 0.08842820 0.09949650 0.01593500
v 0.08771400 0.10258700 0.01441000
v 0.08811200 0.10123700 0.01445900
v 0.08023660 0.07852420 0.00954001
v 0.08009910 0.07766840 0.00989800
v 0.08105990 0.07624870 0.00912962
v 0.08143740 0.07715580 0.00918601
v 0.08373540 0.07907070 0.01212700
v 0.06942420 0.08266650 0.01529200
v 0.06928680 0.08181080 0.01565000
v 0.07024750 0.08039100 0.01488140
v 0.07062500 0.08129810 0.01493800
v 0.07292300 0.08321300 0.01787900
v 0.10583800 0.11853600 0.05497290
v 0.10706800 0.11781500 0.05594580
v 0.10532000 0.11765800 0.05498100
v 0.10507100 0.12264600 0.05231100
v 0.10435200 0.12285700 0.05162410
v 0.09638180 0.11515400 0.04230100
v 0.07779050 0.09956570 0.01418170
v 0.09014020 0.08867740 0.01774240
v 0.08872690 0.08948460 0.01856790
v 0.10778200 0.10952400 0.03155210
v 0.10733200 0.11010200 0.03215670
v 0.10845600 0.10896400 0.03264170
v 0.10797200 0.10950600 0.03324920
v 0.10107000 0.10748900 0.04122540
v 0.09684380 0.11038500 0.04127000
v 0.09734910 0.11180400 0.04111600
v 0.09802410 0.11229400 0.04154200
v 0.09583340 0.11518400 0.04095040
v 0.11178100 0.12420600 0.04543280
v 0.11014100 0.12436600 0.04472890
v 0.10045500 0.11704800 0.03825300
v 0.10117800 0.11687800 0.03778300
v 0.10000100 0.11682400 0.03807980
v 0.07950970 0.10025000 0.02186310
v 0.07591760 0.09085300 0.01800600
v 0.07336190 0.09020300 0.01726600
v 0.10878900 0.11402400 0.05498200
v 0.10149600 0.10622700 0.04546600
v 0.10968800 0.11449800 0.05496610
v 0.08357290 0.09285930 0.00548800
v 0.08487170 0.09237380 0.00468201
v 0.08397700 0.09177830 0.00342900
v 0.08562620 0.09466920 0.00664801
v 0.08482070 0.09341200 0.00603960
v 0.08507980 0.09447630 0.00561460
v 0.10577200 0.11127100 0.03291100
v 0.10830300 0.11044900 0.03101240
v 0.10825100 0.10676900 0.03923300
v 0.10913800 0.10710900 0.03781050
v 0.10897200 0.10789800 0.03832520
v 0.11043900 0.10834900 0.03547900
v 0.07508240 0.09717290 0.01188440
v 0.07490670 0.09802690 0.01093900
v 0.09042390 0.09751480 0.01452670
v 0.09152580 0.09754460 0.01446600
v 0.08716540 0.08779340 0.01229300
v 0.08730660 0.08884840 0.01179800
v 0.08596830 0.08936110 0.01251000
v 0.08582910 0.08831340 0.01300300
v 0.09464120 0.09687260 0.01433500
v 0.09246220 0.09915060 0.01433400
v 0.09387890 0.09728330 0.01435400
v 0.09302750 0.09716900 0.01440600
v 0.09226230 0.09819070 0.01439400
v 0.08654740 0.10424800 0.01544290
v 0.08738040 0.10312200 0.01542660
v 0.08664440 0.10254200 0.01551950
v 0.08701450 0.10273400 0.01664600
v 0.07041700 0.09092940 0.00761100
v 0.07132100 0.09015910 0.00986501
v 0.07115020 0.09082750 0.00906224
v 0.06981180 0.09107750 0.00996300
v 0.07122810 0.09133220 0.00884499
v 0.07173690 0.09292870 0.00865201
v 0.06988990 0.09184490 0.00955700
v 0.07002510 0.09064100 0.01067800
v 0.11631400 0.11508100 0.04781810
v 0.11639800 0.11605700 0.04808800
v 0.10067700 0.11857000 0.03557860
v 0.09923860 0.11908700 0.03677080
v 0.09974270 0.11848200 0.03730340
v 0.09805490 0.11745200 0.03922700
v 0.10088700 0.11694600 0.03325030
v 0.10136200 0.11639700 0.03263820
v 0.10173000 0.11609400 0.03297200
v 0.07627750 0.10002200 0.01607870
v 0.07466320 0.10101600 0.01642100
v 0.07689170 0.09951060 0.01683370
v 0.09066210 0.08946240 0.01961320
v 0.10743000 0.10772900 0.03912070
v 0.10539500 0.10751300 0.04061810
v 0.07939370 0.08258860 0.00502900
v 0.08364500 0.08805690 0.00908200
v 0.08071080 0.08246180 0.00399897
v 0.08064670 0.09761350 0.01874360
v 0.10535100 0.10353700 0.04082840
v 0.10494300 0.10310600 0.04103490
v 0.10606100 0.10417300 0.03904700
v 0.08903560 0.10202900 0.01577300
v 0.08824320 0.10140500 0.01584700
v 0.08880580 0.10189300 0.01438800
v 0.07185060 0.09781430 0.00894400
v 0.08222970 0.09661640 0.02186800
v 0.09420000 0.11428300 0.04104670
v 0.08577390 0.09009550 0.01161600
v 0.08305970 0.08655370 0.00546800
v 0.08083750 0.08649860 0.00492700
v 0.10233800 0.11474800 0.03178500
v 0.10338000 0.11566400 0.03153500
v 0.08259240 0.09356460 0.00313700
v 0.08468340 0.09487470 0.00612401
v 0.10633300 0.11250200 0.03091300
v 0.10772900 0.11112900 0.03174400
v 0.10697600 0.11048800 0.03196100
v 0.10728800 0.11008700 0.03127000
v 0.09444620 0.09631410 0.01540130
v 0.09401340 0.09678400 0.01657900
v 0.09293440 0.09561310 0.01552600
v 0.09348720 0.09526300 0.01668500
v 0.09849360 0.11477500 0.04049250
v 0.08292870 0.07769430 0.01160200
v 0.08159040 0.07820700 0.01231400
v 0.08239710 0.07958340 0.01283900
v 0.07974780 0.07668170 0.00994842
v 0.07211630 0.08183670 0.01735300
v 0.07077810 0.08234940 0.01806500
v 0.07158480 0.08372570 0.01859100
v 0.06893550 0.08082400 0.01569980
v 0.08547600 0.09356340 0.00701664
v 0.08440780 0.09348970 0.00660299
v 0.08472490 0.09360420 0.00711699
v 0.10723800 0.10982500 0.03721630
v 0.10753400 0.10899500 0.03765430
v 0.07286860 0.09585160 0.01227100
v 0.07824810 0.10077600 0.01331800
v 0.08021980 0.10092600 0.01408760
v 0.06907550 0.09142890 0.00832600
v 0.07752520 0.09796120 0.01953700
v 0.07956850 0.09690430 0.01957420
v 0.08122940 0.08678700 0.00185900
v 0.08774050 0.09327550 0.01813550
v 0.08713550 0.09616140 0.01590630
v 0.08703920 0.09409720 0.01833090
v 0.08510090 0.09837230 0.01585100
v 0.08528130 0.09482950 0.00368401
v 0.07920110 0.09996010 0.02247900
v 0.07932890 0.10007800 0.02293400
v 0.08094850 0.10162200 0.02087400
v 0.07481430 0.09888830 0.01169220
v 0.07516030 0.09824110 0.01256970
v 0.07474840 0.09962800 0.01309930
v 0.07478830 0.09744720 0.01113400
v 0.07405940 0.09651620 0.01043400
v 0.08320410 0.09033790 0.00301401
v 0.07403790 0.09979070 0.01163200
v 0.07550670 0.09923800 0.01532620
v 0.07239170 0.09448030 0.00876500
v 0.09442940 0.09305870 0.01454200
v 0.09016280 0.08944670 0.01653290
v 0.09134290 0.09401340 0.01451990
v 0.08629910 0.10417800 0.01661000
v 0.08260650 0.08944390 0.00613100
v 0.10337400 0.11577800 0.03255100
v 0.10876900 0.10675300 0.03034930
v 0.10161900 0.10765400 0.04363870
v 0.10050000 0.11561400 0.03272700
v 0.09982250 0.11637900 0.03324500
v 0.09941280 0.11670000 0.03223700
v 0.10129900 0.11641400 0.03201290
v 0.10759300 0.10818100 0.03273100
v 0.10740700 0.11009100 0.03277820
v 0.10650600 0.10926800 0.03224100
v 0.10718300 0.10850300 0.03172200
v 0.09072900 0.09752020 0.01591400
v 0.09167690 0.09765120 0.01585700
v 0.09026990 0.08903800 0.02063000
v 0.09037360 0.08908240 0.01953100
v 0.11542300 0.12186800 0.04569250
v 0.10725000 0.12537400 0.04973950
v 0.09536000 0.11538600 0.03904100
v 0.09621260 0.11619900 0.03889900
v 0.11525900 0.11430200 0.05188920
v 0.10676300 0.11213400 0.03167900
v 0.10536300 0.11150100 0.03105800
v 0.10064900 0.11196600 0.04103040
v 0.08974920 0.10201700 0.01433100
v 0.09005410 0.10202800 0.01571800
v 0.10722600 0.10528500 0.03967600
v 0.11032300 0.10823600 0.03012300
v 0.10205000 0.11702000 0.03119200
v 0.07905440 0.09628870 0.01984910
v 0.07858500 0.09600620 0.01933220
v 0.07893570 0.09701190 0.01871230
v 0.10702000 0.11053500 0.03282100
v 0.10691600 0.10894600 0.03324900
v 0.09229800 0.09583290 0.01551600
v 0.09233780 0.09537540 0.01453580
v 0.09251230 0.09671800 0.01545900
v 0.08535630 0.09230840 0.00563999
v 0.08073200 0.08207590 0.00431699
v 0.07039860 0.09344140 0.00936400
v 0.08734900 0.10374700 0.01540500
v 0.08691990 0.10421600 0.01657500
v 0.08792840 0.10347200 0.01435400
v 0.08797530 0.10357800 0.01534800
v 0.10918900 0.10834600 0.03918700
v 0.10940400 0.10835100 0.03721800
v 0.07734170 0.10162000 0.01364200
v 0.10613600 0.11307100 0.03366900
v 0.08584090 0.10304600 0.01552210
v 0.08639380 0.10269600 0.01668100
v 0.07367900 0.10160500 0.01414700
v 0.07310800 0.09945930 0.01012300
v 0.09322760 0.09728060 0.01539200
v 0.08062420 0.08693520 0.00421100
v 0.11044500 0.11940900 0.04031000
v 0.11054800 0.11882700 0.04068900
v 0.11196200 0.12086200 0.04278200
v 0.11031200 0.11860500 0.03974800
v 0.10855900 0.11692600 0.03765600
v 0.10973600 0.11873600 0.04012800
v 0.10832200 0.11670100 0.03803500
v 0.10167600 0.12090500 0.04514900
v 0.10179000 0.12032200 0.04552300
v 0.10026800 0.11886800 0.04305500
v 0.10249400 0.12099400 0.04570900
v 0.10401600 0.12244800 0.04817700
v 0.10191700 0.12113500 0.04608200
v 0.10380900 0.11240500 0.05148900
v 0.10522600 0.11443400 0.05358000
v 0.10357700 0.11217900 0.05054900
v 0.10300000 0.11230900 0.05092600
v 0.10158300 0.11027900 0.04883500
v 0.10370500 0.11298600 0.05110900
v 0.10546100 0.11466300 0.05320200
v 0.11175900 0.11081800 0.04608900
v 0.11374900 0.11271800 0.04780700
v 0.11233800 0.11067900 0.04571700
v 0.11163500 0.11000800 0.04552600
v 0.11152300 0.11059200 0.04515400
v 0.10953300 0.10869200 0.04343500
v 0.07091230 0.09121400 0.01193400
v 0.07223170 0.09067110 0.01120800
v 0.10136100 0.11630100 0.03130000
v 0.10174200 0.11598400 0.03206600
v 0.10243600 0.11669000 0.03188400
v 0.10009000 0.11593500 0.03171800
v 0.11230400 0.12050400 0.04278200
v 0.11267100 0.12153500 0.04296400
v 0.11253800 0.12073000 0.04240200
v 0.11277400 0.12095300 0.04334200
v 0.10390200 0.12303100 0.04780300
v 0.10472000 0.12312000 0.04836200
v 0.10425000 0.12267100 0.04780200
v 0.10414300 0.12326100 0.04873600
v 0.11398500 0.11294400 0.04874200
v 0.11351500 0.11249500 0.04818200
v 0.11456400 0.11280500 0.04837100
v 0.11386100 0.11213400 0.04817900
v 0.10593100 0.11511100 0.05376200
v 0.10603500 0.11453100 0.05414300
v 0.11344800 0.11497200 0.04309500
v 0.11338800 0.11442800 0.04226500
v 0.11155800 0.11315900 0.03991100
v 0.11290100 0.11493400 0.04227000
v 0.11114500 0.11325700 0.04017600
v 0.10205800 0.11803700 0.05019500
v 0.10117600 0.11768100 0.04990300
v 0.09949680 0.11560000 0.04807400
v 0.10172300 0.11772500 0.05072700
v 0.10166400 0.11717700 0.04990000
v 0.09990780 0.11550000 0.04780600
v 0.09969080 0.11900900 0.04342900
v 0.09945030 0.11877900 0.04249600
v 0.11011200 0.10855300 0.04306400
v 0.10929700 0.10846600 0.04250000
v 0.10594200 0.12222900 0.04226400
v 0.10601900 0.12181300 0.04253100
v 0.10467000 0.12004100 0.04017300
v 0.10689600 0.12216700 0.04282700
v 0.10641500 0.12267800 0.04282300
v 0.10909100 0.11033200 0.05046900
v 0.10862300 0.10988200 0.04990600
v 0.10854600 0.11029700 0.04963800
v 0.10638300 0.10871500 0.04781000
v 0.10860900 0.11084100 0.05046300
v 0.10751000 0.11661000 0.03747500
v 0.10808500 0.11647900 0.03709500
v 0.10135100 0.11005300 0.04789500
v 0.10124100 0.11063500 0.04883400
v 0.10077300 0.11018300 0.04827300
v 0.10147900 0.11086000 0.04845500
v 0.10599100 0.10785000 0.04751500
v 0.10632000 0.10817100 0.04698500
v 0.10645800 0.10830000 0.04807800
v 0.09983150 0.11591100 0.04754100
v 0.09943780 0.11505100 0.04724600
v 0.09894970 0.11555500 0.04724900
v 0.09941950 0.11600800 0.04780800
v 0.11116200 0.11230200 0.03961100
v 0.11163300 0.11274900 0.04017400
v 0.11122100 0.11284600 0.04044200
v 0.11067500 0.11280800 0.03961600
v 0.10459300 0.12045600 0.03990400
v 0.10379300 0.11968800 0.03987800
v 0.10412000 0.12000700 0.03934500
v 0.08389550 0.09528900 0.00434499
v 0.10716600 0.12530801 0.04798330
v 0.11562800 0.12031100 0.04488280
v 0.11399200 0.11309700 0.05204280
v 0.08202120 0.07666060 0.01064000
v 0.07120890 0.08080290 0.01639200
v 0.07422380 0.08990770 0.01550300
v 0.08503620 0.08576540 0.00975100
v 0.08163230 0.10254400 0.01458300
v 0.08220690 0.10289800 0.01462210
v 0.08334660 0.09090590 0.00646900
v 0.08500050 0.09498910 0.00663800
v 0.10058300 0.11859200 0.03866890
v 0.09285340 0.09155620 0.01767400
v 0.07521560 0.08944500 0.02129700
v 0.07293680 0.09660690 0.01185500
v 0.08826800 0.09607830 0.01316000
v 0.08833000 0.09675940 0.01398400
v 0.09071910 0.09525160 0.01346220
v 0.08771960 0.09560920 0.01534060
v 0.08148720 0.08288910 0.00874800
v 0.10578400 0.11115000 0.03190700
v 0.07077830 0.08653320 0.01505300
v 0.07458760 0.09138080 0.01872200
v 0.09293990 0.09163730 0.01497900
v 0.09220070 0.09093230 0.01585600
v 0.08215200 0.10276900 0.01766800
v 0.07993120 0.10065000 0.01984830
v 0.07460830 0.09277660 0.01415900
v 0.11197200 0.12417700 0.04488710
v 0.08068300 0.07717330 0.01135200
v 0.06987060 0.08131560 0.01710400
v 0.09025570 0.08888360 0.01864250
v 0.08882760 0.09002520 0.01956170
v 0.09253330 0.09925020 0.01572900
v 0.10465600 0.12292500 0.05202330
v 0.09236520 0.09831360 0.01578600
v 0.11651800 0.11549500 0.04803020
v 0.10281400 0.11443500 0.03351700
v 0.10238600 0.11480000 0.03274100
v 0.10799000 0.10962200 0.03379000
v 0.10740500 0.11020600 0.03352000
v 0.10553000 0.11808600 0.05514300
v 0.10125300 0.11666900 0.03367400
v 0.07555350 0.09771130 0.01238200
v 0.08602790 0.08530260 0.01554500
v 0.08791140 0.08576900 0.01515300
v 0.08502940 0.09408620 0.00734199
v 0.08677040 0.09365400 0.00732999
v 0.09956420 0.11819600 0.04287000
v 0.08736620 0.08478990 0.01483300
v 0.10679000 0.10862000 0.04754500
v 0.10686500 0.10820600 0.04781600
v 0.10426300 0.12013600 0.04043800
v 0.10418900 0.12055200 0.04016900
v 0.08782400 0.10273500 0.01540000
v 0.09410800 0.09530110 0.01665000
v 0.10922100 0.10885900 0.03778550
v 0.10997000 0.10790200 0.03673900
v 0.10650700 0.10750700 0.04082000
v 0.10716700 0.10751100 0.04026400
v 0.10920500 0.11424900 0.05516460
v 0.08542070 0.08863430 0.00840699
v 0.09414220 0.09727940 0.01534300
v 0.08417430 0.08606070 0.01151500
v 0.10548500 0.10362300 0.03907300
v 0.10580300 0.11430500 0.05320200
v 0.10821900 0.11728300 0.03765700
v 0.10634600 0.12213300 0.04199900
v 0.10821700 0.10997600 0.05016900
v 0.10031800 0.10937600 0.04165500
v 0.07113720 0.08266740 0.01491500
v 0.08194950 0.07852500 0.00916301
v 0.10148200 0.11790400 0.03621900
v 0.10025300 0.11833300 0.03784500
v 0.07630210 0.09372190 0.01666200
v 0.11051500 0.10842100 0.03371700
v 0.10779000 0.10998800 0.03775600
v 0.07442040 0.10061300 0.01625500
v 0.08258310 0.09687800 0.02052300
v 0.08468490 0.09039320 0.00575700
v 0.09975900 0.11696000 0.03890700
v 0.09644520 0.09498240 0.01433600
v 0.08800510 0.10042400 0.01591000
v 0.08793690 0.10029600 0.01451600
v 0.06858140 0.08673090 0.01078000
v 0.07605490 0.09953450 0.01609000
v 0.07570550 0.09994790 0.01596410
v 0.07749480 0.10115100 0.01439810
v 0.07933270 0.09857910 0.01985910
v 0.07816590 0.09939430 0.01943100
v 0.07387250 0.09453560 0.01150900
v 0.07076250 0.08215380 0.01458000
v 0.06979890 0.08318010 0.01562600
v 0.08157490 0.07801150 0.00882801
v 0.08061130 0.07903770 0.00987499
v 0.07362250 0.10186200 0.01385490
v 0.07395080 0.10182700 0.01359800
v 0.06991970 0.08621820 0.01006800
v 0.09832400 0.11541200 0.04023120
v 0.10382800 0.11511300 0.03078900
v 0.08196190 0.08642730 0.00349500
v 0.09164990 0.09040930 0.02088000
v 0.07655380 0.08893220 0.02058500
v 0.10886400 0.11017000 0.03622400
v 0.09478340 0.11483600 0.03906700
v 0.08289460 0.08139860 0.00887000
v 0.08229820 0.10290900 0.01769100
v 0.08616000 0.10270500 0.01750170
v 0.09294100 0.09642010 0.01745930
v 0.09081470 0.10028500 0.01806760
v 0.09192410 0.09892740 0.01819040
v 0.09135120 0.10000500 0.01975200
v 0.09250160 0.10011300 0.01809670
v 0.09306060 0.09930370 0.01969700
v 0.09371180 0.09807030 0.01972510
v 0.09299960 0.09169570 0.01769700
v 0.09325330 0.09527220 0.01750460
v 0.10140800 0.11235700 0.03196090
v 0.09995160 0.11375800 0.03253030
v 0.09979830 0.11165600 0.03214300
v 0.09776650 0.11768100 0.03613000
v 0.10846800 0.10646800 0.03613600
v 0.09903040 0.11604500 0.03332860
v 0.10340000 0.10995400 0.03092330
v 0.10486100 0.10829500 0.03153010
v 0.10270200 0.10851100 0.03119000
v 0.10588200 0.10882400 0.03286180
v 0.10001700 0.11496100 0.03293220
v 0.09730830 0.11724400 0.03617700
v 0.10508500 0.10867100 0.03321180
v 0.10595000 0.10783800 0.03404070
v 0.10362700 0.11000100 0.03205090
v 0.10254700 0.10877700 0.03214400
v 0.10322700 0.10809300 0.03242000
v 0.09924170 0.11486500 0.03397260
v 0.10272000 0.11101800 0.03188350
v 0.09791720 0.11607600 0.03166380
v 0.09802580 0.11605000 0.03330590
v 0.09699950 0.11694600 0.03038600
v 0.10770100 0.10573300 0.03039200
v 0.10296000 0.11068100 0.03055200
v 0.09815850 0.11550100 0.03145870
v 0.09870080 0.11512200 0.03115330
v 0.09727680 0.11422600 0.03146540
v 0.09867640 0.11291400 0.03291100
v 0.09899530 0.11254000 0.03253320
v 0.09781260 0.11599900 0.03219340
v 0.09674110 0.11492900 0.03279080
v 0.08533060 0.10466800 0.01807980
v 0.08652120 0.10693900 0.01789500
v 0.08233190 0.10294100 0.01832400
v 0.09303340 0.09172830 0.01833000
v 0.08594010 0.10190900 0.01818920
v 0.08782250 0.10463600 0.01799810
v 0.09076880 0.10208500 0.01797710
v 0.08672090 0.10499000 0.01807620
v 0.09748430 0.11740900 0.03083800
v 0.09945700 0.11541100 0.03159750
v 0.08760950 0.10466600 0.01835790
v 0.08712610 0.10493300 0.01972400
v 0.08865540 0.10204600 0.01820160
v 0.08958100 0.10162800 0.01976300
v 0.08834840 0.10232000 0.01979280
v 0.10685700 0.10680400 0.03330980
v 0.10801000 0.10603100 0.03618300
v 0.09536200 0.09510460 0.01803720
v 0.09353100 0.09466770 0.01824550
v 0.09232680 0.09624430 0.01818710
v 0.10693200 0.10663200 0.03239520
v 0.10618400 0.10734800 0.03101190
v 0.10477300 0.10887300 0.03118270
v 0.10817100 0.10618200 0.03074760
v 0.10617800 0.10836000 0.03162180
v 0.10705900 0.10752200 0.03222950
v 0.09722270 0.09572630 0.01790100
v 0.09303460 0.09996180 0.01790430
v 0.09519330 0.09653020 0.01813450
v 0.09440020 0.09743590 0.01807960
v 0.09482810 0.09718060 0.01971100
v 0.09682820 0.09534940 0.01730500
v 0.09446140 0.09670110 0.01736290
v 0.08749200 0.10295500 0.01741590
v 0.10578700 0.10746600 0.03122040
v 0.10651200 0.10687600 0.03155980
v 0.10471200 0.10642700 0.03138890
v 0.10403300 0.10736200 0.03347900
v 0.10531100 0.10824500 0.03370210
v 0.08601350 0.10422000 0.01744130
v 0.08619780 0.10663000 0.01730470
v 0.08736860 0.10413400 0.01735900
v 0.09780780 0.11366500 0.03142610
v 0.10190700 0.10932400 0.03099100
v 0.09270450 0.09772850 0.01979670
v 0.09205880 0.09903150 0.01976400
v 0.09268730 0.09732340 0.01823920
v 0.09451900 0.09484760 0.01825480
v 0.09515950 0.09556990 0.01818430
v 0.09495550 0.09535070 0.01979890
v 0.09026310 0.10226200 0.01835650
v 0.08840300 0.10340200 0.01835520
v 0.08989970 0.10261600 0.01969500
v 0.08873930 0.10329600 0.01972180
v 0.09956000 0.11440600 0.03359100
v 0.09845250 0.11321000 0.03347810
v 0.09981230 0.11421100 0.03319310
v 0.10471400 0.10650500 0.03214150
v 0.10505000 0.10617800 0.03237040
v 0.10632700 0.10784000 0.03194580
v 0.10508400 0.10604900 0.03150500
v 0.10495400 0.10637200 0.03324150
v 0.10461200 0.10673100 0.03324840
v 0.10619800 0.10810900 0.03318550
v 0.10433800 0.10708600 0.03388000
v 0.10475900 0.10666200 0.03404930
v 0.08539840 0.10307600 0.01832180
v 0.08601320 0.10231900 0.01832670
v 0.08580070 0.10277700 0.01990480
v 0.08531830 0.10381700 0.01822960
v 0.08639230 0.10298600 0.01776280
v 0.08651580 0.10313700 0.01984830
v 0.08709440 0.10311100 0.01981860
v 0.08731800 0.10391600 0.01976560
v 0.08679910 0.10419500 0.01977910
v 0.08703750 0.10403800 0.01767400
v 0.08574970 0.10440100 0.01982460
v 0.08639520 0.10488200 0.01976510
v 0.08583580 0.10464400 0.01821580
v 0.09426510 0.09753320 0.01972310
v 0.09341800 0.09646800 0.01982340
v 0.09342830 0.09588980 0.01985240
v 0.09320690 0.09610950 0.01776770
v 0.09297060 0.09525870 0.01990960
v 0.09262960 0.09579970 0.01990000
v 0.09248600 0.09594000 0.01850090
v 0.09442530 0.09645890 0.01977010
v 0.09392060 0.09676190 0.01978160
v 0.09413150 0.09660530 0.01767740
v 0.10474800 0.10904100 0.03271080
v 0.10466300 0.10882500 0.03254360
v 0.10047200 0.11093200 0.03197700
v 0.10110700 0.11015400 0.03092400
v 0.10031600 0.11099100 0.03099000
v 0.10143100 0.11212600 0.03078490
v 0.09699420 0.11474700 0.03356820
v 0.09743570 0.11424000 0.03314330
v 0.09726080 0.11436100 0.03257050
v 0.09870270 0.11582300 0.03242530
v 0.09796790 0.11360000 0.03238450
v 0.09771800 0.11383600 0.03213800
v 0.09923390 0.11527300 0.03194170
v 0.10564900 0.10556500 0.03250120
v 0.09527440 0.09715170 0.01793740
v 0.09943210 0.11397200 0.03152900
v 0.09863500 0.11281400 0.03156780
v 0.09238620 0.09776560 0.01808420
v 0.09262360 0.09648570 0.01986460
v 0.09378730 0.09775360 0.01835790
v 0.09371300 0.09829660 0.01796530
v 0.08549880 0.10356700 0.01988070
v 0.08653630 0.10232200 0.01988950
v 0.10419500 0.10698500 0.03153470
v 0.10361500 0.10759500 0.03155990
v 0.10436700 0.10694500 0.03285610
v 0.10441400 0.10684400 0.03236560
v 0.10579700 0.10839100 0.03242970
v 0.09421540 0.09489010 0.01986190
v 0.09442010 0.09590340 0.01979880
v 0.09441170 0.09605050 0.01770690
v 0.09805190 0.11356400 0.03286680
v 0.09784590 0.11382100 0.03324810
v 0.09957910 0.11493500 0.03270480
v 0.09747680 0.11428800 0.03399770
v 0.09804680 0.11368700 0.03396220
v 0.09857790 0.11556100 0.03395200
v 0.10526200 0.10611800 0.03388270
v 0.10562100 0.10567500 0.03326340
v 0.09052020 0.10087500 0.01975100
v 0.09167170 0.10114300 0.01967600
v 0.09241920 0.10026300 0.01968100
v 0.08688480 0.10215700 0.01830930
v 0.08781840 0.10230700 0.01823720
v 0.08748440 0.10238600 0.01983520
v 0.08763090 0.10198700 0.01808990
v 0.08769810 0.10462100 0.01970900
v 0.08820470 0.10386900 0.01972090
v 0.10363600 0.10770300 0.03277400
v 0.09954120 0.11182300 0.03118800
v 0.10674300 0.10796400 0.03346850
v 0.10667300 0.10750300 0.03270900
v 0.09910540 0.11554000 0.03318220
v 0.09746740 0.11410400 0.03218610
v 0.09877330 0.11619900 0.03218170
v 0.08702660 0.10298700 0.01773230
v 0.08640360 0.10403800 0.01771080
v 0.09458400 0.09552500 0.01742250
v 0.09356270 0.09674530 0.01752670
v 0.09411970 0.09555380 0.01773620
v 0.09348550 0.09555370 0.01776620
v 0.09391390 0.09561210 0.01984070
v 0.09267740 0.09520670 0.01826820
v 0.09355680 0.09488960 0.01989700
v 0.08839890 0.10354100 0.01807190
v 0.08822060 0.10409600 0.01796030
v 0.10540900 0.10574600 0.03186200
v 0.10514600 0.10613100 0.03286530
v 0.09684180 0.11473900 0.03200250
v 0.10647100 0.10726400 0.03386920
v 0.08632530 0.10390200 0.01981930
v 0.09510550 0.09682530 0.01971500
v 0.09524920 0.09619320 0.01973970
v 0.08739820 0.10345400 0.01978500
v 0.09998730 0.11388100 0.03115790
v 0.09920890 0.11463700 0.03123630
v 0.09823680 0.11323400 0.03159300
v 0.10185500 0.10948300 0.03197700
v 0.10116100 0.11020500 0.03192100
v 0.09392440 0.09775230 0.01807480
v 0.10549200 0.10805400 0.03122310
v 0.08611330 0.10354100 0.01776430
v 0.08624950 0.10347600 0.01984500
v 0.09277020 0.09711100 0.01982500
v 0.10019100 0.11380300 0.03266490
v 0.08731820 0.10348400 0.01770330
v 0.09082810 0.10193000 0.01968100
v 0.09739640 0.11732500 0.03044620
v 0.10806200 0.10607800 0.03035500
v 0.09712110 0.09562910 0.01736780
v 0.08649460 0.10691300 0.01739600
v 0.09955740 0.11423500 0.03139510
v 0.08885590 0.10319700 0.01807920
v 0.09094800 0.11796900 0.02129700
v 0.09007740 0.11714700 0.02025600
v 0.10804300 0.09921230 0.02077000
v 0.09085040 0.11791500 0.02011300
v 0.09182170 0.11868200 0.02130300
v 0.10879400 0.09996310 0.02065600
v 0.10978200 0.10469100 0.02697230
v 0.11004500 0.10287900 0.02451700
v 0.09519980 0.11931000 0.02579300
v 0.10911400 0.10469200 0.02830900
v 0.10814600 0.10619100 0.03042410
v 0.09613290 0.11834300 0.02845800
v 0.09716750 0.09566210 0.01727230
v 0.09987920 0.09586760 0.01729600
v 0.08644730 0.10683500 0.01726920
v 0.08724580 0.10999900 0.01654800
v 0.10219000 0.09661790 0.01683100
v 0.09710770 0.09610130 0.01644670
v 0.08738280 0.10386900 0.01737070
v 0.09344910 0.09679800 0.01741100
v 0.08687380 0.10675900 0.01644480
v 0.09745320 0.11738900 0.03037710
v 0.09649750 0.11883800 0.02757600
v 0.09826460 0.11766700 0.02999960
v 0.10884300 0.10015100 0.02197200
v 0.10944400 0.10085800 0.02181200
v 0.08849540 0.11480100 0.01857400
v 0.08780180 0.11324400 0.01795000
v 0.10401400 0.09686290 0.01810300
v 0.08836950 0.11403900 0.01744200
v 0.08911800 0.11560700 0.01817600
v 0.10554400 0.09769930 0.01794400
v 0.09845450 0.11695500 0.03562700
v 0.10665600 0.10806000 0.03326850
v 0.10763900 0.10705800 0.03353700
v 0.10832600 0.10771500 0.03546460
v 0.10694800 0.10890800 0.03321120
v 0.10049900 0.11561300 0.03271400
v 0.09955770 0.11549700 0.03326660
v 0.10595500 0.10874100 0.03277700
v 0.09900920 0.11748400 0.03545910
v 0.10016700 0.11601300 0.03319170
v 0.09266940 0.09276290 0.01762570
v 0.09312780 0.09571000 0.01748390
v 0.08706150 0.10278100 0.01744400
v 0.09270820 0.09279950 0.01684240
v 0.08338790 0.10256600 0.01684240
v 0.09306400 0.09571450 0.01668470
v 0.08316760 0.10235600 0.01755570
v 0.08486820 0.10397900 0.01749900
v 0.08627170 0.10280900 0.01668230
v 0.09305200 0.09641870 0.01664900
v 0.10564100 0.09756230 0.01882500
v 0.10399700 0.09710330 0.01730800
v 0.10765400 0.10692000 0.03240100
v 0.10817400 0.10756800 0.03268000
v 0.10629200 0.10828200 0.03179350
v 0.09989550 0.11503700 0.03228300
v 0.10715600 0.10853300 0.03173750
v 0.10819000 0.10742600 0.03152800
v 0.10698900 0.10760500 0.03228700
v 0.10005600 0.11597200 0.03173070
v 0.10047100 0.11558900 0.03221800
v 0.10650600 0.10926700 0.03222800
v 0.09967320 0.11522700 0.03188000
v 0.09954680 0.11663200 0.03291110
v 0.09885300 0.11733400 0.03267500
v 0.09884550 0.11615700 0.03246040
v 0.09908350 0.11598400 0.03317600
v 0.09387150 0.09527380 0.01666440
v 0.09472350 0.09472270 0.01664700
v 0.09438000 0.09556520 0.01742440
v 0.09366240 0.09528050 0.01747700
v 0.09447820 0.09643250 0.01737420
v 0.09603220 0.09539550 0.01734500
v 0.09388100 0.11902800 0.02520200
v 0.09283990 0.11892100 0.02376000
v 0.10962400 0.10224900 0.02483000
v 0.09286500 0.11918800 0.02264300
v 0.09398860 0.11941100 0.02413900
v 0.10986800 0.10182700 0.02309700
v 0.08701290 0.10273700 0.01664600
v 0.08705230 0.10412600 0.01657290
v 0.08615800 0.10536600 0.01655700
v 0.08656890 0.10271300 0.01747300
v 0.08635560 0.10423100 0.01740700
v 0.08684820 0.10429900 0.01737700
v 0.08675300 0.10938100 0.01727600
v 0.10937400 0.10115800 0.02331900
v 0.10757500 0.10816700 0.03242040
v 0.10741300 0.10841200 0.03312100
v 0.10701400 0.10763200 0.03278400
v 0.10593000 0.10871400 0.03228000
v 0.10668500 0.10903600 0.03182400
v 0.09455790 0.09613470 0.01658300
v 0.09415400 0.09668870 0.01657670
v 0.09341260 0.09675980 0.01661200
v 0.08737350 0.10307800 0.01660900
v 0.09309140 0.09645380 0.01744700
v 0.09919600 0.11571700 0.03179090
v 0.09791570 0.11701500 0.03138200
v 0.08540290 0.10448900 0.01664200
v 0.08617480 0.10405600 0.01662280
v 0.08586760 0.10336200 0.01667500
v 0.10829900 0.10768900 0.03469000
v 0.09897850 0.11745500 0.03468500
v 0.10883700 0.10820200 0.03468680
v 0.09928140 0.11774400 0.03614210
v 0.10827700 0.10766800 0.03624060
v 0.10882800 0.10819400 0.03586880
v 0.09882620 0.11731000 0.03623100
v 0.10783600 0.10724700 0.03585050
v 0.09218300 0.09229850 0.01720600
v 0.09326680 0.09333260 0.01677100
v 0.08394620 0.10309900 0.01676600
v 0.09818260 0.11684500 0.03239800
v 0.09941220 0.11669900 0.03222400
v 0.09871310 0.11735700 0.03152300
v 0.09446700 0.09564590 0.01661300
v 0.10697700 0.09834820 0.01971800
v 0.10793000 0.09913770 0.01962600
v 0.10685000 0.09838140 0.01872000
v 0.08994830 0.11689200 0.01907000
v 0.09563570 0.09543630 0.01656200
v 0.09508420 0.09491670 0.01742000
v 0.08284210 0.10204500 0.01713900
v 0.08386970 0.10302500 0.01602960
v 0.10846800 0.10698000 0.03004840
v 0.10676700 0.10779500 0.03188400
v 0.10208900 0.09628290 0.01758300
v 0.08772930 0.11216900 0.01688900
v 0.09992050 0.11506400 0.03278000
v 0.08925840 0.11609600 0.01934800
v 0.09498060 0.11884700 0.02677700
v 0.10955400 0.10342700 0.02650200
v 0.08720870 0.11143100 0.01751100
v 0.08741920 0.10312500 0.01740700
v 0.08746450 0.10356700 0.01657900
v 0.10653400 0.10929100 0.03272400
v 0.10617700 0.10855200 0.03318000
v 0.09957990 0.11802900 0.03558930
v 0.10891800 0.10827900 0.03540400
v 0.09952590 0.11797700 0.03468840
v 0.09253110 0.09263010 0.01608140
v 0.08334430 0.10252400 0.01602500
v 0.09318410 0.09325320 0.01602310
v 0.08613680 0.10576800 0.01733900
v 0.08599790 0.10388600 0.01744300
v 0.08561480 0.10484300 0.01741500
v 0.08603140 0.10314900 0.01747970
v 0.09186560 0.11856100 0.02246200
v 0.09394170 0.09686610 0.01738100
v 0.10781300 0.10664500 0.03138500
v 0.09418890 0.09421290 0.01750400
v 0.09831830 0.11682400 0.03353200
v 0.09959150 0.11646800 0.03182000
v 0.09218560 0.09230050 0.01655170
v 0.08291310 0.10211300 0.01642610
v 0.08409770 0.09320390 0.00622599
v 0.08429280 0.09304830 0.00670559
v 0.08374390 0.09319410 0.00707827
v 0.08299490 0.09586410 0.00623730
v 0.08243400 0.09460990 0.00608366
v 0.08296010 0.09487000 0.00688431
v 0.07605110 0.09746280 0.00949971
v 0.07641960 0.09821500 0.00965003
v 0.07652990 0.09752280 0.01035680
v 0.07583310 0.09892180 0.01203600
v 0.07590550 0.09870020 0.01233150
v 0.07651770 0.09852180 0.01202610
v 0.08421950 0.09447490 0.00620770
v 0.08452890 0.09489680 0.00649448
v 0.08315800 0.09521600 0.00700719
v 0.08300470 0.09427840 0.00739408
v 0.08437590 0.09377510 0.00701468
v 0.08412380 0.09392880 0.00641588
v 0.08491700 0.09576490 0.00809119
v 0.08479000 0.09613620 0.00758538
v 0.08454010 0.09613040 0.00807243
v 0.08478820 0.09456370 0.00871461
v 0.08492930 0.09527320 0.00846889
v 0.08453360 0.09505230 0.00886393
v 0.07621400 0.09879790 0.00970466
v 0.07554810 0.09762520 0.00927427
v 0.07545880 0.09832490 0.00959278
v 0.07504620 0.09672520 0.01213860
v 0.07475120 0.09670090 0.01160180
v 0.07543390 0.09640800 0.01154740
v 0.07740280 0.09782750 0.01265040
v 0.07738250 0.09893730 0.01176570
v 0.07707800 0.09851170 0.01250160
v 0.07568910 0.09562610 0.01099300
v 0.07640620 0.09583600 0.01219490
v 0.07547980 0.09576190 0.01147760
v 0.07647940 0.09678480 0.01079330
v 0.07514660 0.09737770 0.01118040
v 0.07539230 0.09720940 0.01177770
v 0.07578580 0.09779160 0.01209460
v 0.07568840 0.09837420 0.01147640
v 0.07695480 0.09781390 0.01094590
v 0.08505700 0.09544240 0.00641700
v 0.08485180 0.09537240 0.00608186
v 0.08431450 0.09570250 0.00654375
v 0.08299350 0.09556430 0.00559973
v 0.08273160 0.09293760 0.00697105
v 0.08245380 0.09400680 0.00572558
v 0.08287690 0.09333260 0.00600814
v 0.08407110 0.09381190 0.00888755
v 0.08335840 0.09298130 0.00814667
v 0.08419130 0.09333340 0.00847868
v 0.07687270 0.09616520 0.01197550
v 0.07588620 0.09678410 0.00967964
v 0.07755660 0.09766630 0.01217930
v 0.08342970 0.09533980 0.00742905
v 0.08409370 0.09557410 0.00851255
v 0.08304000 0.09336620 0.00812384
v 0.08376900 0.09435500 0.00877611
v 0.08321850 0.09433140 0.00775812
v 0.07528290 0.09799390 0.01098500
v 0.07669420 0.09775640 0.01049760
v 0.07522730 0.09726870 0.01019390
v 0.07516670 0.09674350 0.01062190
v 0.07454650 0.09742770 0.01069320
v 0.08479500 0.09472520 0.00803331
v 0.08441100 0.09370500 0.00796815
v 0.08510730 0.09376570 0.00771954
v 0.08352680 0.09497600 0.00787339
v 0.08479140 0.09473910 0.00708713
v 0.08469150 0.09419330 0.00729751
v 0.07599000 0.09675600 0.01230080
v 0.07641200 0.09765860 0.01251770
v 0.07591360 0.09831030 0.01262780
v 0.08328870 0.09360580 0.00629514
v 0.08342860 0.09420620 0.00583852
v 0.08382280 0.09521450 0.00587694
v 0.08430100 0.09471330 0.00552147
v 0.07592950 0.09899610 0.00999362
v 0.07627940 0.09927400 0.01045200
v 0.07726100 0.09882480 0.01078340
v 0.07522440 0.09587310 0.01091750
v 0.07534890 0.09621490 0.00993719
v 0.07499650 0.09660520 0.00996243
v 0.07504970 0.09716610 0.00965816
v 0.07615040 0.09883920 0.01082660
v 0.07565240 0.09852890 0.01039070
v 0.07541400 0.09901300 0.01118220
v 0.07508240 0.09873960 0.01075580
v 0.08455650 0.09310650 0.00715914
v 0.08352070 0.09277690 0.00761861
v 0.08533290 0.09439940 0.00768752
v 0.08539430 0.09493960 0.00741363
v 0.08465120 0.09562840 0.00708435
v 0.08472120 0.09540900 0.00769075
v 0.08521730 0.09538510 0.00676047
v 0.08388490 0.09653010 0.00659952
v 0.08456860 0.09632420 0.00703379
v 0.08394190 0.09612790 0.00599716
v 0.08360260 0.09576400 0.00562137
v 0.07563350 0.09739480 0.01276020
v 0.07686440 0.09736210 0.01292840
v 0.07661570 0.09679470 0.01286920
v 0.07706170 0.09679320 0.01272450
v 0.08300550 0.09453340 0.00538512
v 0.08407530 0.09407950 0.00555348
v 0.08457810 0.09487500 0.00593991
v 0.07640870 0.09712780 0.01041360
v 0.07702540 0.09747100 0.01132540
v 0.07690410 0.09707600 0.01138220
v 0.08382780 0.09566950 0.00605439
v 0.08323990 0.09471160 0.00563965
v 0.08443060 0.09598320 0.00696141
v 0.07537780 0.09699860 0.01256520
v 0.07566480 0.09863270 0.01192000
v 0.07561270 0.09777710 0.01244510
v 0.07464180 0.09788670 0.01054180
v 0.07503560 0.09698630 0.01191650
v 0.07475470 0.09757870 0.01097390
v 0.07462700 0.09681640 0.01128500
v 0.07671030 0.09883290 0.01163180
v 0.07702040 0.09894220 0.01208360
v 0.07567420 0.09841050 0.00999337
v 0.08241280 0.09366260 0.00672654
v 0.08385000 0.09296790 0.00810032
v 0.08462090 0.09448650 0.00839076
v 0.07540240 0.09620340 0.01109690
v 0.07614510 0.09612360 0.01246840
v 0.07579600 0.09584610 0.01201140
v 0.07656290 0.09727050 0.01255640
v 0.07604840 0.09643780 0.01219670
v 0.07638420 0.09641100 0.01271000
v 0.08484360 0.09335980 0.00751627
v 0.08421770 0.09354120 0.00622310
v 0.08477880 0.09359830 0.00722483
v 0.08336430 0.09314740 0.00699259
v 0.08322520 0.09277310 0.00706624
v 0.08300400 0.09296110 0.00651466
v 0.07685010 0.09924660 0.01154450
v 0.07659470 0.09935780 0.01098440
v 0.07683020 0.09924260 0.01054310
v 0.07678710 0.09811580 0.01237970
v 0.07455460 0.09703790 0.01098950
v 0.07509300 0.09844290 0.01098590
v 0.08521910 0.09472550 0.00726011
v 0.08397750 0.09335120 0.00792799
v 0.08427320 0.09632050 0.00648137
v 0.07521010 0.09775750 0.00953359
v 0.07673980 0.09684240 0.01124130
v 0.08286450 0.09382450 0.00563047
v 0.08401400 0.09353930 0.00582736
v 0.08534290 0.09521910 0.00711600
v 0.07581820 0.09785110 0.01277880
v 0.07537430 0.09796940 0.01015300
v 0.07482680 0.09834370 0.01056040
v 0.08450070 0.09383210 0.00870100
v 0.07505420 0.09617740 0.01037840
v 0.07641000 0.09883460 0.01135180
v 0.07570890 0.09903730 0.01171920
v 0.08373530 0.09627190 0.00733345
v 0.08289570 0.09457250 0.00697789
v 0.08456470 0.09511900 0.00572475
v 0.07602260 0.09589200 0.01057150
v 0.08329330 0.09526560 0.00539859
v 0.07702480 0.09795340 0.01280380
v 0.08339910 0.09457570 0.00792140
v 0.07569030 0.09870860 0.00975100
v 0.09844200 0.11677900 0.04100000
v 0.09747580 0.11408200 0.04397100
v 0.28687799 0.29452199 0.26430699
v 0.10856200 0.10988400 0.03803400
v 0.10739700 0.11336700 0.03622200
v 0.29633200 0.29142100 0.26396200
v 0.09786020 0.11395900 0.04374700
v 0.09876000 0.11644600 0.04100000
v 0.28513500 0.29100400 0.26458001
v 0.10711800 0.11322800 0.03656600
v 0.10817800 0.11000800 0.03825800
v 0.29571301 0.29136699 0.26399800
v 0.10147400 0.10764800 0.04577200
v 0.10488000 0.10634800 0.04395600
v 0.28716099 0.28488401 0.26478699
v 0.10472800 0.10674100 0.04376800
v 0.10154100 0.10797700 0.04545200
v 0.28749001 0.28550500 0.26473799
v 0.29616699 0.29466999 0.26380399
v 0.28484100 0.28828201 0.26473600
v 0.29556501 0.29427999 0.26385599
v 0.28420499 0.28797999 0.26478499
v 0.28453401 0.29101601 0.26461199
v 0.10131000 0.11722500 0.03823600
v 0.10449700 0.11599000 0.03655200
v 0.29107901 0.29622099 0.26399499
v 0.10456400 0.11631900 0.03623300
v 0.10115800 0.11761900 0.03804900
v 0.29116499 0.29683700 0.26395899
v 0.29022300 0.28567201 0.26458299
v 0.29346001 0.28762501 0.26431000
v 0.29381901 0.28724900 0.26431000
v 0.29020900 0.28507099 0.26461500
v 0.10759600 0.10718800 0.04100500
v 0.28723699 0.29414600 0.26430699
v 0.10727800 0.10752100 0.04100500
v 0.09891960 0.11073800 0.04543900
v 0.09864130 0.11060000 0.04578300
v 0.28572801 0.28647599 0.26478201
v 0.28519499 0.28596699 0.26483601
v 0.29440099 0.29651999 0.26380301
v 0.29398200 0.29593799 0.26385501
v 0.10878000 0.10867700 0.03258320
v 0.10847600 0.10889200 0.03153100
v 0.10978500 0.10973800 0.03204750
v 0.10706300 0.11043600 0.03221000
v 0.10731200 0.11029000 0.03313990
v 0.10817500 0.11145200 0.03251370
v 0.10053000 0.11720200 0.03119100
v 0.09999780 0.11782900 0.03203000
v 0.10132300 0.11848000 0.03134280
v 0.10153000 0.11637000 0.03320360
v 0.10167100 0.11610300 0.03219880
v 0.10261500 0.11735400 0.03301710
v 0.08703740 0.10440900 0.01385470
v 0.08608160 0.10443200 0.01391360
v 0.08675740 0.10461500 0.01533980
v 0.08607710 0.10225000 0.01550810
v 0.08540870 0.10310200 0.01549440
v 0.08539050 0.10284500 0.01402500
v 0.08563600 0.10420500 0.01542680
v 0.08658590 0.10283100 0.01548690
v 0.08619470 0.10302900 0.01548070
v 0.10241400 0.11738900 0.03137460
v 0.10239100 0.11751600 0.03205500
v 0.10117000 0.11883500 0.03275830
v 0.10110700 0.11880600 0.03187860
v 0.08642170 0.10259000 0.01395400
v 0.08709610 0.10287300 0.01390300
v 0.08721050 0.10230200 0.01395980
v 0.08773860 0.10349900 0.01388640
v 0.08736390 0.10240700 0.01542080
v 0.10911500 0.11057300 0.03301000
v 0.10863400 0.11104600 0.03272400
v 0.10910000 0.11057400 0.03350900
v 0.10853400 0.11107400 0.03199800
v 0.10891500 0.11062700 0.03155800
v 0.10897400 0.11047900 0.03109190
v 0.10781400 0.10982300 0.03360340
v 0.10743300 0.11008100 0.03262690
v 0.10780600 0.10973100 0.03307010
v 0.10842900 0.10914300 0.03343030
v 0.10973900 0.10984600 0.03291710
v 0.10178500 0.11800400 0.03108670
v 0.10119500 0.11658700 0.03244550
v 0.10124000 0.11645200 0.03137860
v 0.10826700 0.10914900 0.03228580
v 0.10801600 0.10933600 0.03121200
v 0.10747000 0.10994400 0.03130680
v 0.10826900 0.11127700 0.03166900
v 0.10092600 0.11690900 0.03300690
v 0.10091800 0.11703300 0.03362790
v 0.10018500 0.11774600 0.03313170
v 0.10143800 0.11847900 0.03333620
v 0.08744110 0.10424400 0.01532890
v 0.08782170 0.10349400 0.01533960
v 0.10198800 0.11788600 0.03156500
v 0.10151900 0.11840200 0.03179100
v 0.08611900 0.10219400 0.01401580
v 0.08539350 0.10380400 0.01399360
v 0.10758900 0.10983500 0.03186060
v 0.10947100 0.10998500 0.03135110
v 0.10939600 0.11015400 0.03184500
v 0.10201400 0.11802100 0.03347830
v 0.10185400 0.11817900 0.03299600
v 0.10145200 0.11854900 0.03250600
v 0.08660230 0.10404300 0.01386900
v 0.08718640 0.10360000 0.01386100
v 0.10056700 0.11730600 0.03296410
v 0.10035800 0.11743200 0.03205220
v 0.08592790 0.10375900 0.01392000
v 0.08583760 0.10303300 0.01396200
v 0.10862000 0.11108800 0.03329050
v 0.08722020 0.10379500 0.01537760
v 0.08710830 0.10289800 0.01543070
v 0.10116700 0.11752400 0.03306600
v 0.10163700 0.11700800 0.03284000
v 0.10083200 0.11774600 0.03186100
v 0.10266800 0.11705300 0.03201160
v 0.08628610 0.10396800 0.01541820
v 0.10098800 0.11675200 0.03186330
v 0.10060100 0.11714600 0.03175630
v 0.10851100 0.11082700 0.03116620
v 0.10032300 0.11752500 0.03256580
v 0.10815300 0.10932800 0.03294040
v 0.10842800 0.10991700 0.03308100
v 0.10880900 0.10947100 0.03264100
v 0.10949600 0.11012700 0.03257100
v 0.10232400 0.11766300 0.03277000
v 0.10795600 0.10944500 0.03181330
v 0.08714680 0.10292200 0.01485300
v 0.08647240 0.10263900 0.01490400
v 0.08665290 0.10409200 0.01481900
v 0.08597850 0.10380800 0.01487000
v 0.08678760 0.10411200 0.01538410
v 0.08601180 0.10359700 0.01545190
v 0.10784700 0.11041800 0.03206800
v 0.10130100 0.11723000 0.03163600
v 0.10822700 0.10997100 0.03162900
v 0.10870900 0.10949800 0.03191500
v 0.10741200 0.11005700 0.03219640
v 0.10064300 0.11688100 0.03174900
v 0.10029700 0.11734300 0.03236580
v 0.10044800 0.11722900 0.03171640
v 0.10083000 0.11672700 0.03167210
v 0.08723700 0.10364900 0.01481100
v 0.08588830 0.10308200 0.01491200
v 0.10076500 0.11789300 0.03257700
v 0.08679210 0.10416900 0.01542370
v 0.08602080 0.10395500 0.01550150
v 0.08633220 0.10400300 0.01555400
v 0.10794700 0.11039100 0.03279400
v 0.10170400 0.11686100 0.03212500
v 0.08688760 0.10387700 0.01554200
v 0.10765100 0.10961100 0.03168380
v 0.10738000 0.10999300 0.03247150
v 0.08584710 0.10329900 0.01562200
v 0.10114500 0.11654300 0.03282350
v 0.10117200 0.11645400 0.03202330
v 0.10821800 0.10905700 0.03283700
v 0.10821100 0.10920500 0.03273200
v 0.08713560 0.10351200 0.01550650
v 0.08622320 0.10283800 0.01557030
v 0.10828300 0.10895000 0.03204060
v 0.10796400 0.10923700 0.03170090
v 0.08702700 0.10304100 0.01550100
v 0.08664370 0.10274400 0.01558400
v 0.10107800 0.11669700 0.03279520
v 0.10092400 0.11659200 0.03178900
v 0.10764600 0.10970700 0.03286320
v 0.10049100 0.11718300 0.03281400
v 0.08597580 0.10383900 0.01556040
v 0.09265740 0.09663900 0.01543390
v 0.09344740 0.09717040 0.01537630
v 0.09290220 0.09685590 0.01394850
v 0.09350220 0.09472910 0.01548930
v 0.09251490 0.09552180 0.01550880
v 0.09268580 0.09509450 0.01403060
v 0.09477570 0.09555540 0.01389830
v 0.09460490 0.09656660 0.01384920
v 0.09478610 0.09652020 0.01531330
v 0.09372540 0.09709120 0.01389060
v 0.10435200 0.10695200 0.03326730
v 0.10419800 0.10675600 0.03304570
v 0.10457300 0.10655600 0.03329440
v 0.10460500 0.10697600 0.03206000
v 0.10509600 0.10642700 0.03212700
v 0.10490900 0.10649000 0.03194090
v 0.09729570 0.11382800 0.03219760
v 0.09757360 0.11353500 0.03225160
v 0.09764590 0.11347400 0.03320690
v 0.09411100 0.09535280 0.01391600
v 0.09431690 0.09605500 0.01386900
v 0.09240940 0.09607430 0.01399350
v 0.10493300 0.10625100 0.03224030
v 0.10535300 0.10602500 0.03281950
v 0.10506800 0.10609600 0.03294920
v 0.09483730 0.09552890 0.01538000
v 0.09709870 0.11403800 0.03308420
v 0.09705180 0.11415500 0.03247420
v 0.09289400 0.09571280 0.01396200
v 0.09381130 0.09658600 0.01386800
v 0.09309990 0.09641490 0.01391500
v 0.09743350 0.11423000 0.03226820
v 0.09775630 0.11381600 0.03218970
v 0.09742040 0.11395800 0.03193640
v 0.09708130 0.11441800 0.03240130
v 0.09714540 0.11448500 0.03302130
v 0.09736710 0.11445000 0.03287260
v 0.09431210 0.09699060 0.01533780
v 0.09319120 0.09632710 0.01544310
v 0.09373050 0.09671070 0.01546290
v 0.10429200 0.10651500 0.03321280
v 0.10411700 0.10677300 0.03267250
v 0.10480100 0.10595600 0.03243360
v 0.10419600 0.10666000 0.03242580
v 0.10414600 0.10704400 0.03270440
v 0.10425000 0.10685200 0.03216900
v 0.09788520 0.11386000 0.03347170
v 0.09736020 0.11410400 0.03322300
v 0.09791120 0.11361300 0.03310650
v 0.09797040 0.11356700 0.03248600
v 0.09829910 0.11345800 0.03287080
v 0.09411480 0.09538890 0.01544270
v 0.09330340 0.09556410 0.01549000
v 0.09442590 0.09613980 0.01538700
v 0.09313040 0.09587780 0.01547830
v 0.10467000 0.10700600 0.03327280
v 0.10447800 0.10723000 0.03281560
v 0.10449200 0.10698800 0.03293800
v 0.10446600 0.10684600 0.03232350
v 0.10437600 0.10722300 0.03254030
v 0.10572500 0.10751300 0.03182100
v 0.10532200 0.10801200 0.03215110
v 0.10568500 0.10788400 0.03215600
v 0.09419900 0.09647930 0.01538130
v 0.10464100 0.10622600 0.03205320
v 0.10431000 0.10647700 0.03223800
v 0.10489000 0.10609900 0.03211750
v 0.10507200 0.10591700 0.03245610
v 0.10514000 0.10624900 0.03335720
v 0.10485400 0.10588900 0.03299890
v 0.09339960 0.09518170 0.01396300
v 0.09416170 0.09540160 0.01486600
v 0.09345020 0.09523050 0.01491300
v 0.09421240 0.09484180 0.01396430
v 0.09711470 0.11421000 0.03261950
v 0.09770150 0.11350600 0.03213490
v 0.09823440 0.11359500 0.03244670
v 0.09808790 0.11390200 0.03313700
v 0.09781450 0.11415700 0.03328170
v 0.09802840 0.11332200 0.03268120
v 0.09787160 0.11346900 0.03220070
v 0.09386200 0.09663490 0.01481800
v 0.10001300 0.11680400 0.03278660
v 0.10038900 0.11671300 0.03323830
v 0.09991530 0.11709300 0.03279840
v 0.10063200 0.11671000 0.03297780
v 0.10014600 0.11708900 0.03257860
v 0.10099000 0.11609700 0.03251400
v 0.10085700 0.11626100 0.03299570
v 0.10045800 0.11640900 0.03299450
v 0.09315050 0.09646380 0.01486500
v 0.09294470 0.09576160 0.01491200
v 0.09740930 0.11429000 0.03339760
v 0.10476000 0.10661200 0.03350220
v 0.09805860 0.11367500 0.03207480
v 0.09765690 0.11414300 0.03193870
v 0.10586700 0.10714100 0.03216070
v 0.10544000 0.10765200 0.03214080
v 0.10607700 0.10738300 0.03214640
v 0.10624500 0.10695000 0.03244290
v 0.10609500 0.10707300 0.03204190
v 0.10453100 0.10697100 0.03207210
v 0.10468900 0.10631500 0.03198000
v 0.09734600 0.11463600 0.03240200
v 0.09759440 0.11424600 0.03192580
v 0.09737520 0.11456600 0.03298610
v 0.09777110 0.11333900 0.03259990
v 0.09767550 0.11370300 0.03336610
v 0.10512600 0.10647000 0.03318780
v 0.10474000 0.10680400 0.03323450
v 0.09434310 0.09495290 0.01543600
v 0.10536600 0.10813200 0.03273010
v 0.10530400 0.10626000 0.03279510
v 0.10527400 0.10610900 0.03226900
v 0.10490400 0.10611800 0.03326440
v 0.09436760 0.09610380 0.01481900
v 0.09350380 0.09464570 0.01410250
v 0.09795250 0.11341600 0.03309390
v 0.10584800 0.10766500 0.03205870
v 0.10536300 0.10792000 0.03272660
v 0.09383030 0.09542000 0.01550950
v 0.09368130 0.09526070 0.01562700
v 0.09328510 0.09537410 0.01561120
v 0.09295570 0.09590560 0.01558450
v 0.10454400 0.10622600 0.03220020
v 0.09418920 0.09634210 0.01548960
v 0.09707670 0.11421400 0.03293970
v 0.09731170 0.11404800 0.03332730
v 0.10509400 0.10591000 0.03288040
v 0.09988970 0.11707700 0.03230540
v 0.10452100 0.10649900 0.03338990
v 0.09416540 0.09565060 0.01556630
v 0.09424760 0.09592610 0.01555100
v 0.09311070 0.09644190 0.01550690
v 0.09332720 0.09663590 0.01551300
v 0.10037400 0.11697300 0.03293380
v 0.10079800 0.11660400 0.03296500
v 0.10555000 0.10805500 0.03250980
v 0.09419420 0.09673610 0.02005810
v 0.09449170 0.09616530 0.01995680
v 0.09471390 0.09630730 0.01979970
v 0.08667130 0.10295000 0.02004270
v 0.08717990 0.10307500 0.02003390
v 0.08682240 0.10308600 0.02021230
v 0.09363390 0.09572910 0.01992520
v 0.09335180 0.09614270 0.01987430
v 0.09346940 0.09549780 0.01979530
v 0.09338570 0.09613880 0.02020250
v 0.09408760 0.09562770 0.02022000
v 0.09444950 0.09641280 0.02014820
v 0.08670320 0.10420200 0.02002970
v 0.08733920 0.10389700 0.01995820
v 0.08724950 0.10428700 0.01981550
v 0.09421120 0.09544590 0.01978880
v 0.09414390 0.09566370 0.01995260
v 0.09426050 0.09692330 0.01983630
v 0.09353420 0.09688010 0.01991870
v 0.09330180 0.09652110 0.02006310
v 0.09389420 0.09678380 0.02002580
v 0.08742760 0.10360000 0.02015750
v 0.08701150 0.10420300 0.02005670
v 0.08631060 0.10348300 0.02020230
v 0.08622150 0.10328600 0.02002240
v 0.08631890 0.10387500 0.01980910
v 0.08631890 0.10340900 0.01988010
v 0.09382010 0.09559390 0.01965280
v 0.09439770 0.09587910 0.01964250
v 0.09445260 0.09633210 0.01966140
v 0.08726710 0.10325100 0.01994520
v 0.08665080 0.10308800 0.01992700
v 0.08697750 0.10283200 0.01979190
v 0.08744660 0.10313100 0.01978100
v 0.08763070 0.10373500 0.01977870
v 0.08604910 0.10343000 0.01974250
v 0.08633540 0.10323800 0.01963500
v 0.08709100 0.10309300 0.01963300
v 0.08637340 0.10296400 0.01976530
v 0.09311750 0.09629020 0.01971140
v 0.09355540 0.09659670 0.01978850
v 0.09403310 0.09674090 0.01970790
v 0.09354010 0.09684050 0.01958240
v 0.08672030 0.10441200 0.01987890
v 0.08619610 0.10380700 0.02008760
v 0.08691570 0.10300700 0.01867200
v 0.08734450 0.10350900 0.01868790
v 0.08724910 0.10294900 0.01881960
v 0.09353380 0.09657710 0.02014420
v 0.09323660 0.09648840 0.01997380
v 0.08736000 0.10406100 0.01953900
v 0.08649100 0.10434200 0.01959310
v 0.08686080 0.10418500 0.01970550
v 0.08614780 0.10400700 0.01966390
v 0.08751730 0.10333600 0.01852900
v 0.08610650 0.10381300 0.01997700
v 0.08633660 0.10386000 0.02015870
v 0.08737860 0.10375800 0.01964820
v 0.09454550 0.09599020 0.02003290
v 0.09459990 0.09577680 0.01979190
v 0.09365790 0.09555270 0.02005020
v 0.09326730 0.09595690 0.02002340
v 0.09316900 0.09614710 0.01965630
v 0.08751500 0.10337100 0.01885530
v 0.08735830 0.10316300 0.01888300
v 0.08627270 0.10415600 0.01992840
v 0.08638310 0.10308000 0.01859800
v 0.08696550 0.10278400 0.01853070
v 0.08674800 0.10280500 0.01880870
v 0.08634570 0.10308300 0.01870680
v 0.09418310 0.09559700 0.02004530
v 0.08616110 0.10353700 0.01963200
v 0.09399650 0.09692550 0.01957380
v 0.09443210 0.09661530 0.01957560
v 0.08736890 0.10394400 0.02002890
v 0.08747800 0.10352800 0.02002240
v 0.09387410 0.09678300 0.02009190
v 0.09450310 0.09642850 0.02003530
v 0.08661430 0.10415600 0.02010540
v 0.08705570 0.10405800 0.01874770
v 0.08748230 0.10390200 0.01882730
v 0.08731720 0.10384400 0.01864490
v 0.09456430 0.09622950 0.01956600
v 0.08745260 0.10344700 0.01954900
v 0.08697360 0.10282500 0.01887250
v 0.08748650 0.10363400 0.01888800
v 0.09434730 0.09574630 0.01960160
vt 0.46723790 0.34821429
vt 0.46723790 0.34821429
vt 0.46723790 0.34821429
vt 0.46723790 0.34821429
vt 0.46723790 0.34821429
vt 0.46723790 0.34821429
vt 0.46723790 0.34821429
vt 0.46723790 0.34821429
vt 0.46723790 0.34821429
vt 0.46723790 0.34821429
vt 0.46723790 0.34821429
vt 0.46723790 0.34821429
vt 0.46723790 0.34821429
vt 0.46723790 0.34821429
vt 0.46723790 0.34821429
vt 0.46723790 0.34821429
vt 0.46723790 0.34821429
vt 0.46723790 0.34821429
vt 0.46723790 0.34821429
vt 0.46723790 0.34821429
vt 0.46723790 0.34821429
vt 0.46723790 0.34821429
vt 0.46723790 0.34821429
vt 0.46723790 0.34821429
vt 0.46723790 0.34821429
vt 0.46723790 0.34821429
vt 0.46723790 0.34821429
vt 0.46723790 0.34821429
vt 0.46723790 0.34821429
vt 0.46723790 0.34821429
vt 0.46723790 0.34821429
vt 0.46723790 0.34821429
vt 0.46723790 0.34821429
vt 0.46723790 0.34821429
vt 0.46723790 0.34821429
vt 0.46723790 0.34821429
vt 0.46723790 0.34821429
vt 0.46723790 0.34821429
vt 0.46723790 0.34821429
vt 0.46723790 0.34821429
vt 0.46723790 0.34821429
vt 0.46723790 0.34821429
vt 0.46723790 0.34821429
vt 0.46723790 0.34821429
vt 0.46723790 0.34821429
vt 0.46723790 0.34821429
vt 0.46723790 0.34821429
vt 0.46723790 0.34821429
vt 0.46723790 0.34821429
vt 0.46723790 0.34821429
vt 0.46723790 0.34821429
vt 0.46723790 0.34821429
vt 0.46723790 0.34821429
vt 0.46723790 0.34821429
vt 0.46723790 0.34821429
vt 0.46723790 0.34821429
vt 0.46723790 0.34821429
vt 0.46723790 0.34821429
vt 0.46723790 0.34821429
vt 0.46723790 0.34821429
vt 0.46723790 0.34821429
vt 0.46723790 0.34821429
vt 0.46723790 0.34821429
vt 0.46723790 0.34821429
vt 0.46723790 0.34821429
vt 0.46723790 0.34821429
vt 0.46723790 0.34821429
vt 0.46723790 0.34821429
vt 0.46723790 0.34821429
vt 0.46723790 0.34821429
vt 0.46723790 0.34821429
vt 0.46723790 0.34821429
vt 0.46723790 0.34821429
vt 0.46723790 0.34821429
vt 0.46723790 0.34821429
vt 0.46723790 0.34821429
vt 0.46723790 0.34821429
vt 0.46723790 0.34821429
vt 0.46723790 0.34821429
vt 0.46723790 0.34821429
vt 0.46723790 0.34821429
vt 0.46723790 0.34821429
vt 0.46723790 0.34821429
vt 0.46723790 0.34821429
vt 0.46723790 0.34821429
vt 0.46723790 0.34821429
vt 0.46723790 0.34821429
vt 0.46723790 0.34821429
vt 0.46723790 0.34821429
vt 0.46723790 0.34821429
vt 0.46723790 0.34821429
vt 0.46723790 0.34821429
vt 0.46723790 0.34821429
vt 0.46723790 0.34821429
vt 0.46723790 0.34821429
vt 0.46723790 0.34821429
vt 0.46723790 0.34821429
vt 0.46723790 0.34821429
vt 0.46723790 0.34821429
vt 0.46723790 0.34821429
vt 0.46723790 0.34821429
vt 0.46723790 0.34821429
vt 0.46723790 0.34821429
vt 0.46723790 0.34821429
vt 0.46723790 0.34821429
vt 0.46723790 0.34821429
vt 0.46723790 0.34821429
vt 0.46723790 0.34821429
vt 0.46723790 0.34821429
vt 0.46723790 0.34821429
vt 0.46723790 0.34821429
vt 0.46723790 0.34821429
vt 0.46723790 0.34821429
vt 0.46723790 0.34821429
vt 0.46723790 0.34821429
vt 0.46723790 0.34821429
vt 0.46723790 0.34821429
vt 0.46723790 0.34821429
vt 0.46723790 0.34821429
vt 0.46723790 0.34821429
vt 0.46723790 0.34821429
vt 0.46723790 0.34821429
vt 0.46723790 0.34821429
vt 0.46723790 0.34821429
vt 0.46723790 0.34821429
vt 0.46723790 0.34821429
vt 0.46723790 0.34821429
vt 0.46723790 0.34821429
vt 0.46723790 0.34821429
vt 0.46723790 0.34821429
vt 0.46723790 0.34821429
vt 0.46723790 0.34821429
vt 0.46723790 0.34821429
vt 0.46723790 0.34821429
vt 0.46723790 0.34821429
vt 0.46723790 0.34821429
vt 0.46723790 0.34821429
vt 0.46723790 0.34821429
vt 0.46723790 0.34821429
vt 0.46723790 0.34821429
vt 0.46723790 0.34821429
vt 0.46723790 0.34821429
vt 0.46723790 0.34821429
vt 0.46723790 0.34821429
vt 0.46723790 0.34821429
vt 0.46723790 0.34821429
vt 0.46723790 0.34821429
vt 0.46723790 0.34821429
vt 0.46723790 0.34821429
vt 0.46723790 0.34821429
vt 0.46723790 0.34821429
vt 0.46723790 0.34821429
vt 0.46723790 0.34821429
vt 0.46723790 0.34821429
vt 0.46723790 0.34821429
vt 0.46723790 0.34821429
vt 0.46723790 0.34821429
vt 0.46723790 0.34821429
vt 0.46723790 0.34821429
vt 0.46723790 0.34821429
vt 0.46723790 0.34821429
vt 0.46723790 0.34821429
vt 0.46723790 0.34821429
vt 0.46723790 0.34821429
vt 0.46723790 0.34821429
vt 0.46723790 0.34821429
vt 0.46723790 0.34821429
vt 0.46723790 0.34821429
vt 0.46723790 0.34821429
vt 0.46723790 0.34821429
vt 0.46723790 0.34821429
vt 0.46723790 0.34821429
vt 0.46723790 0.34821429
vt 0.46723790 0.34821429
vt 0.46723790 0.34821429
vt 0.46723790 0.34821429
vt 0.46723790 0.34821429
vt 0.46723790 0.34821429
vt 0.46723790 0.34821429
vt 0.46723790 0.34821429
vt 0.46723790 0.34821429
vt 0.46723790 0.34821429
vt 0.46723790 0.34821429
vt 0.46723790 0.34821429
vt 0.46723790 0.34821429
vt 0.46723790 0.34821429
vt 0.46723790 0.34821429
vt 0.46723790 0.34821429
vt 0.46723790 0.34821429
vt 0.46723790 0.34821429
vt 0.46723790 0.34821429
vt 0.46723790 0.34821429
vt 0.46723790 0.34821429
vt 0.46723790 0.34821429
vt 0.46723790 0.34821429
vt 0.46723790 0.34821429
vt 0.46723790 0.34821429
vt 0.46723790 0.34821429
vt 0.46723790 0.34821429
vt 0.46723790 0.34821429
vt 0.46723790 0.34821429
vt 0.46723790 0.34821429
vt 0.46723790 0.34821429
vt 0.46723790 0.34821429
vt 0.46723790 0.34821429
vt 0.46723790 0.34821429
vt 0.46723790 0.34821429
vt 0.46723790 0.34821429
vt 0.46723790 0.34821429
vt 0.46723790 0.34821429
vt 0.46723790 0.34821429
vt 0.46723790 0.34821429
vt 0.46723790 0.34821429
vt 0.46723790 0.34821429
vt 0.46723790 0.34821429
vt 0.46723790 0.34821429
vt 0.46723790 0.34821429
vt 0.46723790 0.34821429
vt 0.46723790 0.34821429
vt 0.46723790 0.34821429
vt 0.46723790 0.34821429
vt 0.46723790 0.34821429
vt 0.46723790 0.34821429
vt 0.46723790 0.34821429
vt 0.46723790 0.34821429
vt 0.46723790 0.34821429
vt 0.46723790 0.34821429
vt 0.46723790 0.34821429
vt 0.46723790 0.34821429
vt 0.46723790 0.34821429
vt 0.46723790 0.34821429
vt 0.46723790 0.34821429
vt 0.46723790 0.34821429
vt 0.46723790 0.34821429
vt 0.46723790 0.34821429
vt 0.46723790 0.34821429
vt 0.46723790 0.34821429
vt 0.46723790 0.34821429
vt 0.46723790 0.34821429
vt 0.46723790 0.34821429
vt 0.46723790 0.34821429
vt 0.46723790 0.34821429
vt 0.46723790 0.34821429
vt 0.46723790 0.34821429
vt 0.46723790 0.34821429
vt 0.46723790 0.34821429
vt 0.46723790 0.34821429
vt 0.46723790 0.34821429
vt 0.46723790 0.34821429
vt 0.46723790 0.34821429
vt 0.46723790 0.34821429
vt 0.46723790 0.34821429
vt 0.46723790 0.34821429
vt 0.46723790 0.34821429
vt 0.46723790 0.34821429
vt 0.46723790 0.34821429
vt 0.46723790 0.34821429
vt 0.46723790 0.34821429
vt 0.46723790 0.34821429
vt 0.46723790 0.34821429
vt 0.46723790 0.34821429
vt 0.46723790 0.34821429
vt 0.46723790 0.34821429
vt 0.46723790 0.34821429
vt 0.46723790 0.34821429
vt 0.46723790 0.34821429
vt 0.46723790 0.34821429
vt 0.46723790 0.34821429
vt 0.46723790 0.34821429
vt 0.46723790 0.34821429
vt 0.46723790 0.34821429
vt 0.46723790 0.34821429
vt 0.46723790 0.34821429
vt 0.46723790 0.34821429
vt 0.46723790 0.34821429
vt 0.46723790 0.34821429
vt 0.46723790 0.34821429
vt 0.46723790 0.34821429
vt 0.46723790 0.34821429
vt 0.46723790 0.34821429
vt 0.46723790 0.34821429
vt 0.46723790 0.34821429
vt 0.46723790 0.34821429
vt 0.46723790 0.34821429
vt 0.46723790 0.34821429
vt 0.46723790 0.34821429
vt 0.46723790 0.34821429
vt 0.46723790 0.34821429
vt 0.46723790 0.34821429
vt 0.46723790 0.34821429
vt 0.46723790 0.34821429
vt 0.46723790 0.34821429
vt 0.46723790 0.34821429
vt 0.46723790 0.34821429
vt 0.46723790 0.34821429
vt 0.46723790 0.34821429
vt 0.46723790 0.34821429
vt 0.46723790 0.34821429
vt 0.46723790 0.34821429
vt 0.46723790 0.34821429
vt 0.46723790 0.34821429
vt 0.46723790 0.34821429
vt 0.46723790 0.34821429
vt 0.46723790 0.34821429
vt 0.46723790 0.34821429
vt 0.46723790 0.34821429
vt 0.46723790 0.34821429
vt 0.46723790 0.34821429
vt 0.46723790 0.34821429
vt 0.46723790 0.34821429
vt 0.46723790 0.34821429
vt 0.46723790 0.34821429
vt 0.46723790 0.34821429
vt 0.46723790 0.34821429
vt 0.46723790 0.34821429
vt 0.46723790 0.34821429
vt 0.46723790 0.34821429
vt 0.46723790 0.34821429
vt 0.46723790 0.34821429
vt 0.46723790 0.34821429
vt 0.46723790 0.34821429
vt 0.46723790 0.34821429
vt 0.46723790 0.34821429
vt 0.46723790 0.34821429
vt 0.46723790 0.34821429
vt 0.46723790 0.34821429
vt 0.46723790 0.34821429
vt 0.46723790 0.34821429
vt 0.46723790 0.34821429
vt 0.46723790 0.34821429
vt 0.46723790 0.34821429
vt 0.46723790 0.34821429
vt 0.46723790 0.34821429
vt 0.46723790 0.34821429
vt 0.46723790 0.34821429
vt 0.46723790 0.34821429
vt 0.46723790 0.34821429
vt 0.46723790 0.34821429
vt 0.46723790 0.34821429
vt 0.46723790 0.34821429
vt 0.46723790 0.34821429
vt 0.46723790 0.34821429
vt 0.46723790 0.34821429
vt 0.46723790 0.34821429
vt 0.46723790 0.34821429
vt 0.46723790 0.34821429
vt 0.46723790 0.34821429
vt 0.46723790 0.34821429
vt 0.46723790 0.34821429
vt 0.46723790 0.34821429
vt 0.46723790 0.34821429
vt 0.46723790 0.34821429
vt 0.46723790 0.34821429
vt 0.46723790 0.34821429
vt 0.46723790 0.34821429
vt 0.46723790 0.34821429
vt 0.46723790 0.34821429
vt 0.46723790 0.34821429
vt 0.46723790 0.34821429
vt 0.46723790 0.34821429
vt 0.46723790 0.34821429
vt 0.46723790 0.34821429
vt 0.46723790 0.34821429
vt 0.46723790 0.34821429
vt 0.46723790 0.34821429
vt 0.46723790 0.34821429
vt 0.46723790 0.34821429
vt 0.46723790 0.34821429
vt 0.46723790 0.34821429
vt 0.46723790 0.34821429
vt 0.46723790 0.34821429
vt 0.46723790 0.34821429
vt 0.46723790 0.34821429
vt 0.46723790 0.34821429
vt 0.46723790 0.34821429
vt 0.46723790 0.34821429
vt 0.46723790 0.34821429
vt 0.46723790 0.34821429
vt 0.46723790 0.34821429
vt 0.46723790 0.34821429
vt 0.46723790 0.34821429
vt 0.46723790 0.34821429
vt 0.46723790 0.34821429
vt 0.46723790 0.34821429
vt 0.46723790 0.34821429
vt 0.46723790 0.34821429
vt 0.46723790 0.34821429
vt 0.46723790 0.34821429
vt 0.46723790 0.34821429
vt 0.46723790 0.34821429
vt 0.46723790 0.34821429
vt 0.46723790 0.34821429
vt 0.46723790 0.34821429
vt 0.46723790 0.34821429
vt 0.46723790 0.34821429
vt 0.46723790 0.34821429
vt 0.46723790 0.34821429
vt 0.46723790 0.34821429
vt 0.46723790 0.34821429
vt 0.46723790 0.34821429
vt 0.46723790 0.34821429
vt 0.46723790 0.34821429
vt 0.46723790 0.34821429
vt 0.46723790 0.34821429
vt 0.46723790 0.34821429
vt 0.46723790 0.34821429
vt 0.46723790 0.34821429
vt 0.46723790 0.34821429
vt 0.46723790 0.34821429
vt 0.46723790 0.34821429
vt 0.46723790 0.34821429
vt 0.46723790 0.34821429
vt 0.46723790 0.34821429
vt 0.46723790 0.34821429
vt 0.46723790 0.34821429
vt 0.46723790 0.34821429
vt 0.46723790 0.34821429
vt 0.46723790 0.34821429
vt 0.46723790 0.34821429
vt 0.46723790 0.34821429
vt 0.46723790 0.34821429
vt 0.46723790 0.34821429
vt 0.46723790 0.34821429
vt 0.46723790 0.34821429
vt 0.46723790 0.34821429
vt 0.46723790 0.34821429
vt 0.46723790 0.34821429
vt 0.46723790 0.34821429
vt 0.46723790 0.34821429
vt 0.46723790 0.34821429
vt 0.46723790 0.34821429
vt 0.46723790 0.34821429
vt 0.46723790 0.34821429
vt 0.46723790 0.34821429
vt 0.46723790 0.34821429
vt 0.46723790 0.34821429
vt 0.46723790 0.34821429
vt 0.46723790 0.34821429
vt 0.46723790 0.34821429
vt 0.46723790 0.34821429
vt 0.46723790 0.34821429
vt 0.46723790 0.34821429
vt 0.46723790 0.34821429
vt 0.46723790 0.34821429
vt 0.46723790 0.34821429
vt 0.46723790 0.34821429
vt 0.46723790 0.34821429
vt 0.46723790 0.34821429
vt 0.46723790 0.34821429
vt 0.46723790 0.34821429
vt 0.46723790 0.34821429
vt 0.46723790 0.34821429
vt 0.46723790 0.34821429
vt 0.46723790 0.34821429
vt 0.46723790 0.34821429
vt 0.46723790 0.34821429
vt 0.46723790 0.34821429
vt 0.46723790 0.34821429
vt 0.46723790 0.34821429
vt 0.46723790 0.34821429
vt 0.46723790 0.34821429
vt 0.46723790 0.34821429
vt 0.46723790 0.34821429
vt 0.46723790 0.34821429
vt 0.46723790 0.34821429
vt 0.46723790 0.34821429
vt 0.46723790 0.34821429
vt 0.46723790 0.34821429
vt 0.46723790 0.34821429
vt 0.46723790 0.34821429
vt 0.46723790 0.34821429
vt 0.46723790 0.34821429
vt 0.46723790 0.34821429
vt 0.46723790 0.34821429
vt 0.46723790 0.34821429
vt 0.46723790 0.34821429
vt 0.46723790 0.34821429
vt 0.46723790 0.34821429
vt 0.46723790 0.34821429
vt 0.46723790 0.34821429
vt 0.46723790 0.34821429
vt 0.46723790 0.34821429
vt 0.46723790 0.34821429
vt 0.46723790 0.34821429
vt 0.46723790 0.34821429
vt 0.46723790 0.34821429
vt 0.46723790 0.34821429
vt 0.46723790 0.34821429
vt 0.46723790 0.34821429
vt 0.46723790 0.34821429
vt 0.46723790 0.34821429
vt 0.46723790 0.34821429
vt 0.46723790 0.34821429
vt 0.46723790 0.34821429
vt 0.46723790 0.34821429
vt 0.46723790 0.34821429
vt 0.46723790 0.34821429
vt 0.46723790 0.34821429
vt 0.46723790 0.34821429
vt 0.46723790 0.34821429
vt 0.46723790 0.34821429
vt 0.46723790 0.34821429
vt 0.46723790 0.34821429
vt 0.46723790 0.34821429
vt 0.46723790 0.34821429
vt 0.46723790 0.34821429
vt 0.46723790 0.34821429
vt 0.46723790 0.34821429
vt 0.46723790 0.34821429
vt 0.46723790 0.34821429
vt 0.46723790 0.34821429
vt 0.46723790 0.34821429
vt 0.46723790 0.34821429
vt 0.46723790 0.34821429
vt 0.46723790 0.34821429
vt 0.46723790 0.34821429
vt 0.46723790 0.34821429
vt 0.46723790 0.34821429
vt 0.46723790 0.34821429
vt 0.46723790 0.34821429
vt 0.46723790 0.34821429
vt 0.46723790 0.34821429
vt 0.46723790 0.34821429
vt 0.46723790 0.34821429
vt 0.46723790 0.34821429
vt 0.46723790 0.34821429
vt 0.46723790 0.34821429
vt 0.46723790 0.34821429
vt 0.46723790 0.34821429
vt 0.46723790 0.34821429
vt 0.46723790 0.34821429
vt 0.46723790 0.34821429
vt 0.46723790 0.34821429
vt 0.46723790 0.34821429
vt 0.46723790 0.34821429
vt 0.46723790 0.34821429
vt 0.46723790 0.34821429
vt 0.46723790 0.34821429
vt 0.46723790 0.34821429
vt 0.46723790 0.34821429
vt 0.46723790 0.34821429
vt 0.46723790 0.34821429
vt 0.46723790 0.34821429
vt 0.46723790 0.34821429
vt 0.46723790 0.34821429
vt 0.46723790 0.34821429
vt 0.46723790 0.34821429
vt 0.46723790 0.34821429
vt 0.46723790 0.34821429
vt 0.46723790 0.34821429
vt 0.46723790 0.34821429
vt 0.46723790 0.34821429
vt 0.46723790 0.34821429
vt 0.46723790 0.34821429
vt 0.46723790 0.34821429
vt 0.46723790 0.34821429
vt 0.46723790 0.34821429
vt 0.46723790 0.34821429
vt 0.46723790 0.34821429
vt 0.46723790 0.34821429
vt 0.46723790 0.34821429
vt 0.46723790 0.34821429
vt 0.46723790 0.34821429
vt 0.46723790 0.34821429
vt 0.46723790 0.34821429
vt 0.46723790 0.34821429
vt 0.46723790 0.34821429
vt 0.46723790 0.34821429
vt 0.46723790 0.34821429
vt 0.46723790 0.34821429
vt 0.46723790 0.34821429
vt 0.46723790 0.34821429
vt 0.46723790 0.34821429
vt 0.46723790 0.34821429
vt 0.46723790 0.34821429
vt 0.46723790 0.34821429
vt 0.46723790 0.34821429
vt 0.46723790 0.34821429
vt 0.46723790 0.34821429
vt 0.46723790 0.34821429
vt 0.46723790 0.34821429
vt 0.46723790 0.34821429
vt 0.46723790 0.34821429
vt 0.46723790 0.34821429
vt 0.46723790 0.34821429
vt 0.46723790 0.34821429
vt 0.46723790 0.34821429
vt 0.46723790 0.34821429
vt 0.46723790 0.34821429
vt 0.46723790 0.34821429
vt 0.46723790 0.34821429
vt 0.46723790 0.34821429
vt 0.46723790 0.34821429
vt 0.46723790 0.34821429
vt 0.46723790 0.34821429
vt 0.46723790 0.34821429
vt 0.46723790 0.34821429
vt 0.46723790 0.34821429
vt 0.46723790 0.34821429
vt 0.46723790 0.34821429
vt 0.46723790 0.34821429
vt 0.46723790 0.34821429
vt 0.46723790 0.34821429
vt 0.46723790 0.34821429
vt 0.46723790 0.34821429
vt 0.46723790 0.34821429
vt 0.46723790 0.34821429
vt 0.46723790 0.34821429
vt 0.46723790 0.34821429
vt 0.46723790 0.34821429
vt 0.46723790 0.34821429
vt 0.46723790 0.34821429
vt 0.46723790 0.34821429
vt 0.46723790 0.34821429
vt 0.46723790 0.34821429
vt 0.46723790 0.34821429
vt 0.46723790 0.34821429
vt 0.46723790 0.34821429
vt 0.46723790 0.34821429
vt 0.46723790 0.34821429
vt 0.46723790 0.34821429
vt 0.46723790 0.34821429
vt 0.46723790 0.34821429
vt 0.46723790 0.34821429
vt 0.46723790 0.34821429
vt 0.46723790 0.34821429
vt 0.46723790 0.34821429
vt 0.46723790 0.34821429
vt 0.46723790 0.34821429
vt 0.46723790 0.34821429
vt 0.46723790 0.34821429
vt 0.46723790 0.34821429
vt 0.46723790 0.34821429
vt 0.46723790 0.34821429
vt 0.46723790 0.34821429
vt 0.46723790 0.34821429
vt 0.46723790 0.34821429
vt 0.46723790 0.34821429
vt 0.46723790 0.34821429
vt 0.46723790 0.34821429
vt 0.46723790 0.34821429
vt 0.46723790 0.34821429
vt 0.46723790 0.34821429
vt 0.46723790 0.34821429
vt 0.46723790 0.34821429
vt 0.46723790 0.34821429
vt 0.46723790 0.34821429
vt 0.46723790 0.34821429
vt 0.46723790 0.34821429
vt 0.46723790 0.34821429
vt 0.46723790 0.34821429
vt 0.46723790 0.34821429
vt 0.46723790 0.34821429
vt 0.46723790 0.34821429
vt 0.46723790 0.34821429
vt 0.46723790 0.34821429
vt 0.46723790 0.34821429
vt 0.46723790 0.34821429
vt 0.46723790 0.34821429
vt 0.46723790 0.34821429
vt 0.46723790 0.34821429
vt 0.46723790 0.34821429
vt 0.46723790 0.34821429
vt 0.46723790 0.34821429
vt 0.46723790 0.34821429
vt 0.46723790 0.34821429
vt 0.46723790 0.34821429
vt 0.46723790 0.34821429
vt 0.46723790 0.34821429
vt 0.46723790 0.34821429
vt 0.46723790 0.34821429
vt 0.46723790 0.34821429
vt 0.46723790 0.34821429
vt 0.46723790 0.34821429
vt 0.46723790 0.34821429
vt 0.46723790 0.34821429
vt 0.46723790 0.34821429
vt 0.46723790 0.34821429
vt 0.46723790 0.34821429
vt 0.46723790 0.34821429
vt 0.46723790 0.34821429
vt 0.46723790 0.34821429
vt 0.46723790 0.34821429
vt 0.46723790 0.34821429
vt 0.46723790 0.34821429
vt 0.46723790 0.34821429
vt 0.46723790 0.34821429
vt 0.46723790 0.34821429
vt 0.46723790 0.34821429
vt 0.46723790 0.34821429
vt 0.46723790 0.34821429
vt 0.46723790 0.34821429
vt 0.46723790 0.34821429
vt 0.46723790 0.34821429
vt 0.46723790 0.34821429
vt 0.46723790 0.34821429
vt 0.46723790 0.34821429
vt 0.46723790 0.34821429
vt 0.46723790 0.34821429
vt 0.46723790 0.34821429
vt 0.46723790 0.34821429
vt 0.46723790 0.34821429
vt 0.46723790 0.34821429
vt 0.46723790 0.34821429
vt 0.46723790 0.34821429
vt 0.46723790 0.34821429
vt 0.46723790 0.34821429
vt 0.46723790 0.34821429
vt 0.46723790 0.34821429
vt 0.46723790 0.34821429
vt 0.46723790 0.34821429
vt 0.46723790 0.34821429
vt 0.46723790 0.34821429
vt 0.46723790 0.34821429
vt 0.46723790 0.34821429
vt 0.46723790 0.34821429
vt 0.46723790 0.34821429
vt 0.46723790 0.34821429
vt 0.46723790 0.34821429
vt 0.46723790 0.34821429
vt 0.46723790 0.34821429
vt 0.46723790 0.34821429
vt 0.46723790 0.34821429
vt 0.46723790 0.34821429
vt 0.46723790 0.34821429
vt 0.46723790 0.34821429
vt 0.46723790 0.34821429
vt 0.46723790 0.34821429
vt 0.46723790 0.34821429
vt 0.46723790 0.34821429
vt 0.46723790 0.34821429
vt 0.46723790 0.34821429
vt 0.46723790 0.34821429
vt 0.46723790 0.34821429
vt 0.46723790 0.34821429
vt 0.46723790 0.34821429
vt 0.46723790 0.34821429
vt 0.46723790 0.34821429
vt 0.46723790 0.34821429
vt 0.46723790 0.34821429
vt 0.46723790 0.34821429
vt 0.46723790 0.34821429
vt 0.46723790 0.34821429
vt 0.46723790 0.34821429
vt 0.46723790 0.34821429
vt 0.46723790 0.34821429
vt 0.46723790 0.34821429
vt 0.46723790 0.34821429
vt 0.46723790 0.34821429
vt 0.46723790 0.34821429
vt 0.46723790 0.34821429
vt 0.46723790 0.34821429
vt 0.46723790 0.34821429
vt 0.46723790 0.34821429
vt 0.46723790 0.34821429
vt 0.46723790 0.34821429
vt 0.46723790 0.34821429
vt 0.46723790 0.34821429
vt 0.46723790 0.34821429
vt 0.46723790 0.34821429
vt 0.46723790 0.34821429
vt 0.46723790 0.34821429
vt 0.46723790 0.34821429
vt 0.46723790 0.34821429
vt 0.46723790 0.34821429
vt 0.46723790 0.34821429
vt 0.46723790 0.34821429
vt 0.46723790 0.34821429
vt 0.46723790 0.34821429
vt 0.46723790 0.34821429
vt 0.46723790 0.34821429
vt 0.46723790 0.34821429
vt 0.46723790 0.34821429
vt 0.46723790 0.34821429
vt 0.46723790 0.34821429
vt 0.46723790 0.34821429
vt 0.46723790 0.34821429
vt 0.46723790 0.34821429
vt 0.46723790 0.34821429
vt 0.46723790 0.34821429
vt 0.46723790 0.34821429
vt 0.46723790 0.34821429
vt 0.46723790 0.34821429
vt 0.46723790 0.34821429
vt 0.46723790 0.34821429
vt 0.46723790 0.34821429
vt 0.46723790 0.34821429
vt 0.46723790 0.34821429
vt 0.46723790 0.34821429
vt 0.46723790 0.34821429
vt 0.46723790 0.34821429
vt 0.46723790 0.34821429
vt 0.46723790 0.34821429
vt 0.46723790 0.34821429
vt 0.46723790 0.34821429
vt 0.46723790 0.34821429
vt 0.46723790 0.34821429
vt 0.46723790 0.34821429
vt 0.46723790 0.34821429
vt 0.46723790 0.34821429
vt 0.46723790 0.34821429
vt 0.46723790 0.34821429
vt 0.46723790 0.34821429
vt 0.46723790 0.34821429
vt 0.46723790 0.34821429
vt 0.46723790 0.34821429
vt 0.46723790 0.34821429
vt 0.46723790 0.34821429
vt 0.46723790 0.34821429
vt 0.46723790 0.34821429
vt 0.46723790 0.34821429
vt 0.46723790 0.34821429
vt 0.46723790 0.34821429
vt 0.46723790 0.34821429
vt 0.46723790 0.34821429
vt 0.46723790 0.34821429
vt 0.46723790 0.34821429
vt 0.46723790 0.34821429
vt 0.46723790 0.34821429
vt 0.46723790 0.34821429
vt 0.46723790 0.34821429
vt 0.46723790 0.34821429
vt 0.46723790 0.34821429
vt 0.46723790 0.34821429
vt 0.46723790 0.34821429
vt 0.46723790 0.34821429
vt 0.46723790 0.34821429
vt 0.46723790 0.34821429
vt 0.46723790 0.34821429
vt 0.46723790 0.34821429
vt 0.46723790 0.34821429
vt 0.46723790 0.34821429
vt 0.46723790 0.34821429
vt 0.46723790 0.34821429
vt 0.46723790 0.34821429
vt 0.46723790 0.34821429
vt 0.46723790 0.34821429
vt 0.46723790 0.34821429
vt 0.46723790 0.34821429
vt 0.46723790 0.34821429
vt 0.46723790 0.34821429
vt 0.46723790 0.34821429
vt 0.46723790 0.34821429
vt 0.46723790 0.34821429
vt 0.46723790 0.34821429
vt 0.46723790 0.34821429
vt 0.46723790 0.34821429
vt 0.46723790 0.34821429
vt 0.46723790 0.34821429
vt 0.46723790 0.34821429
vt 0.46723790 0.34821429
vt 0.46723790 0.34821429
vt 0.46723790 0.34821429
vt 0.46723790 0.34821429
vt 0.46723790 0.34821429
vt 0.46723790 0.34821429
vt 0.46723790 0.34821429
vt 0.46723790 0.34821429
vt 0.46723790 0.34821429
vt 0.46723790 0.34821429
vt 0.46723790 0.34821429
vt 0.46723790 0.34821429
vt 0.46723790 0.34821429
vt 0.46723790 0.34821429
vt 0.46723790 0.34821429
vt 0.46723790 0.34821429
vt 0.46723790 0.34821429
vt 0.46723790 0.34821429
vt 0.46723790 0.34821429
vt 0.46723790 0.34821429
vt 0.46723790 0.34821429
vt 0.46723790 0.34821429
vt 0.46723790 0.34821429
vt 0.46723790 0.34821429
vt 0.46723790 0.34821429
vt 0.46723790 0.34821429
vt 0.46723790 0.34821429
vt 0.46723790 0.34821429
vt 0.46723790 0.34821429
vt 0.46723790 0.34821429
vt 0.46723790 0.34821429
vt 0.46723790 0.34821429
vt 0.46723790 0.34821429
vt 0.46723790 0.34821429
vt 0.46723790 0.34821429
vt 0.46723790 0.34821429
vt 0.46723790 0.34821429
vt 0.46723790 0.34821429
vt 0.46723790 0.34821429
vt 0.46723790 0.34821429
vt 0.46723790 0.34821429
vt 0.46723790 0.34821429
vt 0.46723790 0.34821429
vt 0.46723790 0.34821429
vt 0.46723790 0.34821429
vt 0.46723790 0.34821429
vt 0.46723790 0.34821429
vt 0.46723790 0.34821429
vt 0.46723790 0.34821429
vt 0.46723790 0.34821429
vt 0.46723790 0.34821429
vt 0.46723790 0.34821429
vt 0.46723790 0.34821429
vt 0.46723790 0.34821429
vt 0.46723790 0.34821429
vt 0.46723790 0.34821429
vt 0.46723790 0.34821429
vt 0.46723790 0.34821429
vt 0.46723790 0.34821429
vt 0.46723790 0.34821429
vt 0.46723790 0.34821429
vt 0.46723790 0.34821429
vt 0.46723790 0.34821429
vt 0.46723790 0.34821429
vt 0.46723790 0.34821429
vt 0.46723790 0.34821429
vt 0.46723790 0.34821429
vt 0.46723790 0.34821429
vt 0.46723790 0.34821429
vt 0.46723790 0.34821429
vt 0.46723790 0.34821429
vt 0.46723790 0.34821429
vt 0.46723790 0.34821429
vt 0.46723790 0.34821429
vt 0.46723790 0.34821429
vt 0.46723790 0.34821429
vt 0.46723790 0.34821429
vt 0.46723790 0.34821429
vt 0.46723790 0.34821429
vt 0.46723790 0.34821429
vt 0.46723790 0.34821429
vt 0.46723790 0.34821429
vt 0.46723790 0.34821429
vt 0.46723790 0.34821429
vt 0.46723790 0.34821429
vt 0.46723790 0.34821429
vt 0.46723790 0.34821429
vt 0.46723790 0.34821429
vt 0.46723790 0.34821429
vt 0.46723790 0.34821429
vt 0.46723790 0.34821429
vt 0.46723790 0.34821429
vt 0.46723790 0.34821429
vt 0.46723790 0.34821429
vt 0.46723790 0.34821429
vt 0.46723790 0.34821429
vt 0.46723790 0.34821429
vt 0.46723790 0.34821429
vt 0.46723790 0.34821429
vt 0.46723790 0.34821429
vt 0.46723790 0.34821429
vt 0.46723790 0.34821429
vt 0.46723790 0.34821429
vt 0.46723790 0.34821429
vt 0.46723790 0.34821429
vt 0.46723790 0.34821429
vt 0.46723790 0.34821429
vt 0.46723790 0.34821429
vt 0.46723790 0.34821429
vt 0.46723790 0.34821429
vt 0.46723790 0.34821429
vt 0.46723790 0.34821429
vt 0.46723790 0.34821429
vt 0.46723790 0.34821429
vt 0.46723790 0.34821429
vt 0.46723790 0.34821429
vt 0.46723790 0.34821429
vt 0.46723790 0.34821429
vt 0.46723790 0.34821429
vt 0.46723790 0.34821429
vt 0.46723790 0.34821429
vt 0.46723790 0.34821429
vt 0.46723790 0.34821429
vt 0.46723790 0.34821429
vt 0.46723790 0.34821429
vt 0.46723790 0.34821429
vt 0.46723790 0.34821429
vt 0.46723790 0.34821429
vt 0.46723790 0.34821429
vt 0.46723790 0.34821429
vt 0.46723790 0.34821429
vt 0.46723790 0.34821429
vt 0.46723790 0.34821429
vt 0.46723790 0.34821429
vt 0.46723790 0.34821429
vt 0.46723790 0.34821429
vt 0.46723790 0.34821429
vt 0.46723790 0.34821429
vt 0.46723790 0.34821429
vt 0.46723790 0.34821429
vt 0.46723790 0.34821429
vt 0.46723790 0.34821429
vt 0.46723790 0.34821429
vt 0.46723790 0.34821429
vt 0.46723790 0.34821429
vt 0.46723790 0.34821429
vt 0.46723790 0.34821429
vt 0.46723790 0.34821429
vt 0.46723790 0.34821429
vt 0.46723790 0.34821429
vt 0.46723790 0.34821429
vt 0.46723790 0.34821429
vt 0.46723790 0.34821429
vt 0.46723790 0.34821429
vt 0.46723790 0.34821429
vt 0.46723790 0.34821429
vt 0.46723790 0.34821429
vt 0.46723790 0.34821429
vt 0.46723790 0.34821429
vt 0.46723790 0.34821429
vt 0.46723790 0.34821429
vt 0.46723790 0.34821429
vt 0.46723790 0.34821429
vt 0.46723790 0.34821429
vt 0.46723790 0.34821429
vt 0.46723790 0.34821429
vt 0.46723790 0.34821429
vt 0.46723790 0.34821429
vt 0.46723790 0.34821429
vt 0.46723790 0.34821429
vt 0.46723790 0.34821429
vt 0.46723790 0.34821429
vt 0.46723790 0.34821429
vt 0.46723790 0.34821429
vt 0.46723790 0.34821429
vt 0.46723790 0.34821429
vt 0.46723790 0.34821429
vt 0.46723790 0.34821429
vt 0.46723790 0.34821429
vt 0.46723790 0.34821429
vt 0.46723790 0.34821429
vt 0.46723790 0.34821429
vt 0.46723790 0.34821429
vt 0.46723790 0.34821429
vt 0.46723790 0.34821429
vt 0.46723790 0.34821429
vt 0.46723790 0.34821429
vt 0.46723790 0.34821429
vt 0.46723790 0.34821429
vt 0.46723790 0.34821429
vt 0.46723790 0.34821429
vt 0.46723790 0.34821429
vt 0.46723790 0.34821429
vt 0.46723790 0.34821429
vt 0.46723790 0.34821429
vt 0.46723790 0.34821429
vt 0.46723790 0.34821429
vt 0.46723790 0.34821429
vt 0.46723790 0.34821429
vt 0.46723790 0.34821429
vt 0.46723790 0.34821429
vt 0.46723790 0.34821429
vt 0.46723790 0.34821429
vt 0.46723790 0.34821429
vt 0.46723790 0.34821429
vt 0.46723790 0.34821429
vt 0.46723790 0.34821429
vt 0.46723790 0.34821429
vt 0.46723790 0.34821429
vt 0.46723790 0.34821429
vt 0.46723790 0.34821429
vt 0.46723790 0.34821429
vt 0.46723790 0.34821429
vt 0.46723790 0.34821429
vt 0.46723790 0.34821429
vt 0.46723790 0.34821429
vt 0.46723790 0.34821429
vt 0.46723790 0.34821429
vt 0.46723790 0.34821429
vt 0.46723790 0.34821429
vt 0.46723790 0.34821429
vt 0.46723790 0.34821429
vt 0.46723790 0.34821429
vt 0.46723790 0.34821429
vt 0.46723790 0.34821429
vt 0.46723790 0.34821429
vt 0.46723790 0.34821429
vt 0.46723790 0.34821429
vt 0.46723790 0.34821429
vt 0.46723790 0.34821429
vt 0.46723790 0.34821429
vt 0.46723790 0.34821429
vt 0.46723790 0.34821429
vt 0.46723790 0.34821429
vt 0.46723790 0.34821429
vt 0.46723790 0.34821429
vt 0.46723790 0.34821429
vt 0.46723790 0.34821429
vt 0.46723790 0.34821429
vt 0.46723790 0.34821429
vt 0.46723790 0.34821429
vt 0.46723790 0.34821429
vt 0.46723790 0.34821429
vt 0.46723790 0.34821429
vt 0.46723790 0.34821429
vt 0.46723790 0.34821429
vt 0.46723790 0.34821429
vt 0.46723790 0.34821429
vt 0.46723790 0.34821429
vt 0.46723790 0.34821429
vt 0.46723790 0.34821429
vt 0.46723790 0.34821429
vt 0.46723790 0.34821429
vt 0.46723790 0.34821429
vt 0.46723790 0.34821429
vt 0.46723790 0.34821429
vt 0.46723790 0.34821429
vt 0.46723790 0.34821429
vt 0.46723790 0.34821429
vt 0.46723790 0.34821429
vt 0.46723790 0.34821429
vt 0.46723790 0.34821429
vt 0.46723790 0.34821429
vt 0.46723790 0.34821429
vt 0.46723790 0.34821429
vt 0.46723790 0.34821429
vt 0.46723790 0.34821429
vt 0.46723790 0.34821429
vt 0.46723790 0.34821429
vt 0.46723790 0.34821429
vt 0.46723790 0.34821429
vt 0.46723790 0.34821429
vt 0.46723790 0.34821429
vt 0.46723790 0.34821429
vt 0.46723790 0.34821429
vt 0.46723790 0.34821429
vt 0.46723790 0.34821429
vt 0.46723790 0.34821429
vt 0.46723790 0.34821429
vt 0.46723790 0.34821429
vt 0.46723790 0.34821429
vt 0.46723790 0.34821429
vt 0.46723790 0.34821429
vt 0.46723790 0.34821429
vt 0.46723790 0.34821429
vt 0.46723790 0.34821429
vt 0.46723790 0.34821429
vt 0.46723790 0.34821429
vt 0.46723790 0.34821429
vt 0.46723790 0.34821429
vt 0.46723790 0.34821429
vt 0.46723790 0.34821429
vt 0.46723790 0.34821429
vt 0.46723790 0.34821429
vt 0.46723790 0.34821429
vt 0.46723790 0.34821429
vt 0.46723790 0.34821429
vt 0.46723790 0.34821429
vt 0.46723790 0.34821429
vt 0.46723790 0.34821429
vt 0.46723790 0.34821429
vt 0.46723790 0.34821429
vt 0.46723790 0.34821429
vt 0.46723790 0.34821429
vt 0.46723790 0.34821429
vt 0.46723790 0.34821429
vt 0.46723790 0.34821429
vt 0.46723790 0.34821429
vt 0.46723790 0.34821429
vt 0.46723790 0.34821429
vt 0.46723790 0.34821429
vt 0.46723790 0.34821429
vt 0.46723790 0.34821429
vt 0.46723790 0.34821429
vt 0.46723790 0.34821429
vt 0.46723790 0.34821429
vt 0.46723790 0.34821429
vt 0.46723790 0.34821429
vt 0.46723790 0.34821429
vt 0.46723790 0.34821429
vt 0.46723790 0.34821429
vt 0.46723790 0.34821429
vt 0.46723790 0.34821429
vt 0.46723790 0.34821429
vt 0.46723790 0.34821429
vt 0.46723790 0.34821429
vt 0.46723790 0.34821429
vt 0.46723790 0.34821429
vt 0.46723790 0.34821429
vt 0.46723790 0.34821429
vt 0.46723790 0.34821429
vt 0.46723790 0.34821429
vt 0.46723790 0.34821429
vt 0.46723790 0.34821429
vt 0.46723790 0.34821429
vt 0.46723790 0.34821429
vt 0.46723790 0.34821429
vt 0.46723790 0.34821429
vt 0.46723790 0.34821429
vt 0.46723790 0.34821429
vt 0.46723790 0.34821429
vt 0.46723790 0.34821429
vt 0.46723790 0.34821429
vt 0.46723790 0.34821429
vt 0.46723790 0.34821429
vt 0.46723790 0.34821429
vt 0.46723790 0.34821429
vt 0.46723790 0.34821429
vt 0.46723790 0.34821429
vt 0.46723790 0.34821429
vt 0.46723790 0.34821429
vt 0.46723790 0.34821429
vt 0.46723790 0.34821429
vt 0.46723790 0.34821429
vt 0.46723790 0.34821429
vt 0.46723790 0.34821429
vt 0.46723790 0.34821429
vt 0.46723790 0.34821429
vt 0.46723790 0.34821429
vt 0.46723790 0.34821429
vt 0.46723790 0.34821429
vt 0.46723790 0.34821429
vt 0.46723790 0.34821429
vt 0.46723790 0.34821429
vt 0.46723790 0.34821429
vt 0.46723790 0.34821429
vt 0.46723790 0.34821429
vt 0.46723790 0.34821429
vt 0.46723790 0.34821429
vt 0.46723790 0.34821429
vt 0.46723790 0.34821429
vt 0.46723790 0.34821429
vt 0.46723790 0.34821429
vt 0.46723790 0.34821429
vt 0.46723790 0.34821429
vt 0.46723790 0.34821429
vt 0.46723790 0.34821429
vt 0.46723790 0.34821429
vt 0.46723790 0.34821429
vt 0.46723790 0.34821429
vt 0.46723790 0.34821429
vt 0.46723790 0.34821429
vt 0.46723790 0.34821429
vt 0.46723790 0.34821429
vt 0.46723790 0.34821429
vt 0.46723790 0.34821429
vt 0.46723790 0.34821429
vt 0.46723790 0.34821429
vt 0.46723790 0.34821429
vt 0.46723790 0.34821429
vt 0.46723790 0.34821429
vt 0.46723790 0.34821429
vt 0.46723790 0.34821429
vt 0.46723790 0.34821429
vt 0.46723790 0.34821429
vt 0.46723790 0.34821429
vt 0.46723790 0.34821429
vt 0.46723790 0.34821429
vt 0.46723790 0.34821429
vt 0.46723790 0.34821429
vt 0.46723790 0.34821429
vt 0.46723790 0.34821429
vt 0.46723790 0.34821429
vt 0.46723790 0.34821429
vt 0.46723790 0.34821429
vt 0.46723790 0.34821429
vt 0.46723790 0.34821429
vt 0.46723790 0.34821429
vt 0.46723790 0.34821429
vt 0.46723790 0.34821429
vt 0.46723790 0.34821429
vt 0.46723790 0.34821429
vt 0.46723790 0.34821429
vt 0.46723790 0.34821429
vt 0.46723790 0.34821429
vt 0.46723790 0.34821429
vt 0.46723790 0.34821429
vt 0.46723790 0.34821429
vt 0.46723790 0.34821429
vt 0.46723790 0.34821429
vt 0.46723790 0.34821429
vt 0.46723790 0.34821429
vt 0.46723790 0.34821429
vt 0.46723790 0.34821429
vt 0.46723790 0.34821429
vt 0.46723790 0.34821429
vt 0.46723790 0.34821429
vt 0.46723790 0.34821429
vt 0.46723790 0.34821429
vt 0.46723790 0.34821429
vt 0.46723790 0.34821429
vt 0.46723790 0.34821429
vt 0.46723790 0.34821429
vt 0.46723790 0.34821429
vt 0.46723790 0.34821429
vt 0.46723790 0.34821429
vt 0.46723790 0.34821429
vt 0.46723790 0.34821429
vt 0.46723790 0.34821429
vt 0.46723790 0.34821429
vt 0.46723790 0.34821429
vt 0.46723790 0.34821429
vt 0.46723790 0.34821429
vt 0.46723790 0.34821429
vt 0.46723790 0.34821429
vt 0.46723790 0.34821429
vt 0.46723790 0.34821429
vt 0.46723790 0.34821429
vt 0.46723790 0.34821429
vt 0.46723790 0.34821429
vt 0.46723790 0.34821429
vt 0.46723790 0.34821429
vt 0.46723790 0.34821429
vt 0.46723790 0.34821429
vt 0.46723790 0.34821429
vt 0.46723790 0.34821429
vt 0.46723790 0.34821429
vt 0.46723790 0.34821429
vt 0.46723790 0.34821429
vt 0.46723790 0.34821429
vt 0.46723790 0.34821429
vt 0.46723790 0.34821429
vt 0.46723790 0.34821429
vt 0.46723790 0.34821429
vt 0.46723790 0.34821429
vt 0.46723790 0.34821429
vt 0.46723790 0.34821429
vt 0.46723790 0.34821429
vt 0.46723790 0.34821429
vt 0.46723790 0.34821429
vt 0.46723790 0.34821429
vt 0.46723790 0.34821429
vt 0.46723790 0.34821429
vt 0.46723790 0.34821429
vt 0.46723790 0.34821429
vt 0.46723790 0.34821429
vt 0.46723790 0.34821429
vt 0.46723790 0.34821429
vt 0.46723790 0.34821429
vt 0.46723790 0.34821429
vt 0.46723790 0.34821429
vt 0.46723790 0.34821429
vt 0.46723790 0.34821429
vt 0.46723790 0.34821429
vt 0.46723790 0.34821429
vt 0.46723790 0.34821429
vt 0.46723790 0.34821429
vt 0.46723790 0.34821429
vt 0.46723790 0.34821429
vt 0.46723790 0.34821429
vt 0.46723790 0.34821429
vt 0.46723790 0.34821429
vt 0.46723790 0.34821429
vt 0.46723790 0.34821429
vt 0.46723790 0.34821429
vt 0.46723790 0.34821429
vt 0.46723790 0.34821429
vt 0.46723790 0.34821429
vt 0.46723790 0.34821429
vt 0.46723790 0.34821429
vt 0.46723790 0.34821429
vt 0.46723790 0.34821429
vt 0.46723790 0.34821429
vt 0.46723790 0.34821429
vt 0.46723790 0.34821429
vt 0.46723790 0.34821429
vt 0.46723790 0.34821429
vt 0.27368952 0.34821429
vt 0.27368952 0.34821429
vt 0.27368952 0.34821429
vt 0.27368952 0.34821429
vt 0.27368952 0.34821429
vt 0.27368952 0.34821429
vt 0.27368952 0.34821429
vt 0.27368952 0.34821429
vt 0.27368952 0.34821429
vt 0.27368952 0.34821429
vt 0.27368952 0.34821429
vt 0.27368952 0.34821429
vt 0.27368952 0.34821429
vt 0.27368952 0.34821429
vt 0.27368952 0.34821429
vt 0.27368952 0.34821429
vt 0.27368952 0.34821429
vt 0.27368952 0.34821429
vt 0.27368952 0.34821429
vt 0.27368952 0.34821429
vt 0.27368952 0.34821429
vt 0.27368952 0.34821429
vt 0.27368952 0.34821429
vt 0.27368952 0.34821429
vt 0.27368952 0.34821429
vt 0.27368952 0.34821429
vt 0.27368952 0.34821429
vt 0.27368952 0.34821429
vt 0.27368952 0.34821429
vt 0.27368952 0.34821429
vt 0.27368952 0.34821429
vt 0.27368952 0.34821429
vt 0.27368952 0.34821429
vt 0.27368952 0.34821429
vt 0.27368952 0.34821429
vt 0.27368952 0.34821429
vt 0.27368952 0.34821429
vt 0.27368952 0.34821429
vt 0.27368952 0.34821429
vt 0.27368952 0.34821429
vt 0.27368952 0.34821429
vt 0.27368952 0.34821429
vt 0.27368952 0.34821429
vt 0.27368952 0.34821429
vt 0.27368952 0.34821429
vt 0.27368952 0.34821429
vt 0.27368952 0.34821429
vt 0.27368952 0.34821429
vt 0.27368952 0.34821429
vt 0.27368952 0.34821429
vt 0.27368952 0.34821429
vt 0.27368952 0.34821429
vt 0.27368952 0.34821429
vt 0.27368952 0.34821429
vt 0.27368952 0.34821429
vt 0.27368952 0.34821429
vt 0.27368952 0.34821429
vt 0.27368952 0.34821429
vt 0.27368952 0.34821429
vt 0.27368952 0.34821429
vt 0.27368952 0.34821429
vt 0.27368952 0.34821429
vt 0.27368952 0.34821429
vt 0.27368952 0.34821429
vt 0.27368952 0.34821429
vt 0.27368952 0.34821429
vt 0.27368952 0.34821429
vt 0.27368952 0.34821429
vt 0.27368952 0.34821429
vt 0.27368952 0.34821429
vt 0.27368952 0.34821429
vt 0.27368952 0.34821429
vt 0.27368952 0.34821429
vt 0.27368952 0.34821429
vt 0.27368952 0.34821429
vt 0.27368952 0.34821429
vt 0.27368952 0.34821429
vt 0.27368952 0.34821429
vt 0.27368952 0.34821429
vt 0.27368952 0.34821429
vt 0.27368952 0.34821429
vt 0.27368952 0.34821429
vt 0.27368952 0.34821429
vt 0.27368952 0.34821429
vt 0.27368952 0.34821429
vt 0.27368952 0.34821429
vt 0.27368952 0.34821429
vt 0.27368952 0.34821429
vt 0.27368952 0.34821429
vt 0.27368952 0.34821429
vt 0.27368952 0.34821429
vt 0.27368952 0.34821429
vt 0.27368952 0.34821429
vt 0.27368952 0.34821429
vt 0.27368952 0.34821429
vt 0.27368952 0.34821429
vt 0.27368952 0.34821429
vt 0.27368952 0.34821429
vt 0.27368952 0.34821429
vt 0.27368952 0.34821429
vt 0.27368952 0.34821429
vt 0.27368952 0.34821429
vt 0.27368952 0.34821429
vt 0.27368952 0.34821429
vt 0.27368952 0.34821429
vt 0.27368952 0.34821429
vt 0.27368952 0.34821429
vt 0.27368952 0.34821429
vt 0.27368952 0.34821429
vt 0.27368952 0.34821429
vt 0.27368952 0.34821429
vt 0.27368952 0.34821429
vt 0.27368952 0.34821429
vt 0.27368952 0.34821429
vt 0.27368952 0.34821429
vt 0.27368952 0.34821429
vt 0.27368952 0.34821429
vt 0.27368952 0.34821429
vt 0.27368952 0.34821429
vt 0.27368952 0.34821429
vt 0.27368952 0.34821429
vt 0.27368952 0.34821429
vt 0.27368952 0.34821429
vt 0.27368952 0.34821429
vt 0.27368952 0.34821429
vt 0.27368952 0.34821429
vt 0.27368952 0.34821429
vt 0.27368952 0.34821429
vt 0.27368952 0.34821429
vt 0.27368952 0.34821429
vt 0.27368952 0.34821429
vt 0.27368952 0.34821429
vt 0.27368952 0.34821429
vt 0.27368952 0.34821429
vt 0.27368952 0.34821429
vt 0.27368952 0.34821429
vt 0.27368952 0.34821429
vt 0.27368952 0.34821429
vt 0.27368952 0.34821429
vt 0.27368952 0.34821429
vt 0.27368952 0.34821429
vt 0.27368952 0.34821429
vt 0.27368952 0.34821429
vt 0.27368952 0.34821429
vt 0.27368952 0.34821429
vt 0.27368952 0.34821429
vt 0.27368952 0.34821429
vt 0.27368952 0.34821429
vt 0.27368952 0.34821429
vt 0.27368952 0.34821429
vt 0.27368952 0.34821429
vt 0.27368952 0.34821429
vt 0.27368952 0.34821429
vt 0.27368952 0.34821429
vt 0.27368952 0.34821429
vt 0.27368952 0.34821429
vt 0.27368952 0.34821429
vt 0.27368952 0.34821429
vt 0.27368952 0.34821429
vt 0.27368952 0.34821429
vt 0.27368952 0.34821429
vt 0.27368952 0.34821429
vt 0.27368952 0.34821429
vt 0.27368952 0.34821429
vt 0.27368952 0.34821429
vt 0.27368952 0.34821429
vt 0.27368952 0.34821429
vt 0.27368952 0.34821429
vt 0.27368952 0.34821429
vt 0.27368952 0.34821429
vt 0.27368952 0.34821429
vt 0.27368952 0.34821429
vt 0.27368952 0.34821429
vt 0.27368952 0.34821429
vt 0.27368952 0.34821429
vt 0.27368952 0.34821429
vt 0.27368952 0.34821429
vt 0.27368952 0.34821429
vt 0.27368952 0.34821429
vt 0.27368952 0.34821429
vt 0.27368952 0.34821429
vt 0.27368952 0.34821429
vt 0.27368952 0.34821429
vt 0.27368952 0.34821429
vt 0.27368952 0.34821429
vt 0.27368952 0.34821429
vt 0.27368952 0.34821429
vt 0.27368952 0.34821429
vt 0.27368952 0.34821429
vt 0.27368952 0.34821429
vt 0.27368952 0.34821429
vt 0.27368952 0.34821429
vt 0.27368952 0.34821429
vt 0.27368952 0.34821429
vt 0.27368952 0.34821429
vt 0.27368952 0.34821429
vt 0.27368952 0.34821429
vt 0.27368952 0.34821429
vt 0.27368952 0.34821429
vt 0.27368952 0.34821429
vt 0.27368952 0.34821429
vt 0.27368952 0.34821429
vt 0.27368952 0.34821429
vt 0.27368952 0.34821429
vt 0.27368952 0.34821429
vt 0.27368952 0.34821429
vt 0.27368952 0.34821429
vt 0.27368952 0.34821429
vt 0.27368952 0.34821429
vt 0.27368952 0.34821429
vt 0.27368952 0.34821429
vt 0.27368952 0.34821429
vt 0.27368952 0.34821429
vt 0.27368952 0.34821429
vt 0.27368952 0.34821429
vt 0.27368952 0.34821429
vt 0.27368952 0.34821429
vt 0.27368952 0.34821429
vt 0.27368952 0.34821429
vt 0.27368952 0.34821429
vt 0.27368952 0.34821429
vt 0.27368952 0.34821429
vt 0.27368952 0.34821429
vt 0.27368952 0.34821429
vt 0.27368952 0.34821429
vt 0.27368952 0.34821429
vt 0.27368952 0.34821429
vt 0.27368952 0.34821429
vt 0.27368952 0.34821429
vt 0.27368952 0.34821429
vt 0.27368952 0.34821429
vt 0.27368952 0.34821429
vt 0.27368952 0.34821429
vt 0.27368952 0.34821429
vt 0.27368952 0.34821429
vt 0.27368952 0.34821429
vt 0.27368952 0.34821429
vt 0.27368952 0.34821429
vt 0.27368952 0.34821429
vt 0.27368952 0.34821429
vt 0.27368952 0.34821429
vt 0.27368952 0.34821429
vt 0.27368952 0.34821429
vt 0.27368952 0.34821429
vt 0.27368952 0.34821429
vt 0.27368952 0.34821429
vt 0.27368952 0.34821429
vt 0.27368952 0.34821429
vt 0.27368952 0.34821429
vt 0.27368952 0.34821429
vt 0.27368952 0.34821429
vt 0.27368952 0.34821429
vt 0.27368952 0.34821429
vt 0.27368952 0.34821429
vt 0.27368952 0.34821429
vt 0.27368952 0.34821429
vt 0.27368952 0.34821429
vt 0.27368952 0.34821429
vt 0.27368952 0.34821429
vt 0.27368952 0.34821429
vt 0.27368952 0.34821429
vt 0.27368952 0.34821429
vt 0.27368952 0.34821429
vt 0.27368952 0.34821429
vt 0.27368952 0.34821429
vt 0.27368952 0.34821429
vt 0.27368952 0.34821429
vt 0.27368952 0.34821429
vt 0.27368952 0.34821429
vt 0.27368952 0.34821429
vt 0.27368952 0.34821429
vt 0.27368952 0.34821429
vt 0.27368952 0.34821429
vt 0.27368952 0.34821429
vt 0.27368952 0.34821429
vt 0.27368952 0.34821429
vt 0.27368952 0.34821429
vt 0.27368952 0.34821429
vt 0.27368952 0.34821429
vt 0.27368952 0.34821429
vt 0.27368952 0.34821429
vt 0.27368952 0.34821429
vt 0.27368952 0.34821429
vt 0.27368952 0.34821429
vt 0.27368952 0.34821429
vt 0.27368952 0.34821429
vt 0.27368952 0.34821429
vt 0.27368952 0.34821429
vt 0.27368952 0.34821429
vt 0.27368952 0.34821429
vt 0.27368952 0.34821429
vt 0.27368952 0.34821429
vt 0.27368952 0.34821429
vt 0.27368952 0.34821429
vt 0.27368952 0.34821429
vt 0.27368952 0.34821429
vt 0.27368952 0.34821429
vt 0.27368952 0.34821429
vt 0.27368952 0.34821429
vt 0.27368952 0.34821429
vt 0.27368952 0.34821429
vt 0.27368952 0.34821429
vt 0.27368952 0.34821429
vt 0.27368952 0.34821429
vt 0.27368952 0.34821429
vt 0.27368952 0.34821429
vt 0.27368952 0.34821429
vt 0.27368952 0.34821429
vt 0.27368952 0.34821429
vt 0.27368952 0.34821429
vt 0.27368952 0.34821429
vt 0.27368952 0.34821429
vt 0.27368952 0.34821429
vt 0.27368952 0.34821429
vt 0.27368952 0.34821429
vt 0.27368952 0.34821429
vt 0.27368952 0.34821429
vt 0.27368952 0.34821429
vt 0.27368952 0.34821429
vt 0.27368952 0.34821429
vt 0.27368952 0.34821429
vt 0.27368952 0.34821429
vt 0.27368952 0.34821429
vt 0.27368952 0.34821429
vt 0.27368952 0.34821429
vt 0.27368952 0.34821429
vt 0.27368952 0.34821429
vt 0.27368952 0.34821429
vt 0.27368952 0.34821429
vt 0.27368952 0.34821429
vt 0.27368952 0.34821429
vt 0.27368952 0.34821429
vt 0.27368952 0.34821429
vt 0.27368952 0.34821429
vt 0.27368952 0.34821429
vt 0.27368952 0.34821429
vt 0.27368952 0.34821429
vt 0.27368952 0.34821429
vt 0.27368952 0.34821429
vt 0.27368952 0.34821429
vt 0.27368952 0.34821429
vt 0.27368952 0.34821429
vt 0.27368952 0.34821429
vt 0.27368952 0.34821429
vt 0.27368952 0.34821429
vt 0.27368952 0.34821429
vt 0.27368952 0.34821429
vt 0.27368952 0.34821429
vt 0.27368952 0.34821429
vt 0.27368952 0.34821429
vt 0.27368952 0.34821429
vt 0.27368952 0.34821429
vt 0.27368952 0.34821429
vt 0.27368952 0.34821429
vt 0.27368952 0.34821429
vt 0.27368952 0.34821429
vt 0.27368952 0.34821429
vt 0.27368952 0.34821429
vt 0.27368952 0.34821429
vt 0.27368952 0.34821429
vt 0.27368952 0.34821429
vt 0.27368952 0.34821429
vt 0.27368952 0.34821429
vt 0.27368952 0.34821429
vt 0.27368952 0.34821429
vt 0.27368952 0.34821429
vt 0.27368952 0.34821429
vt 0.27368952 0.34821429
vt 0.27368952 0.34821429
vt 0.27368952 0.34821429
vt 0.27368952 0.34821429
vt 0.27368952 0.34821429
vt 0.27368952 0.34821429
vt 0.27368952 0.34821429
vt 0.27368952 0.34821429
vt 0.27368952 0.34821429
vt 0.27368952 0.34821429
vt 0.27368952 0.34821429
vt 0.27368952 0.34821429
vt 0.27368952 0.34821429
vt 0.27368952 0.34821429
vt 0.27368952 0.34821429
vt 0.27368952 0.34821429
vt 0.27368952 0.34821429
vt 0.27368952 0.34821429
vt 0.27368952 0.34821429
vt 0.27368952 0.34821429
vt 0.27368952 0.34821429
vt 0.27368952 0.34821429
vt 0.27368952 0.34821429
vt 0.27368952 0.34821429
vt 0.27368952 0.34821429
vt 0.27368952 0.34821429
vt 0.27368952 0.34821429
vt 0.27368952 0.34821429
vt 0.27368952 0.34821429
vt 0.27368952 0.34821429
vt 0.27368952 0.34821429
vt 0.27368952 0.34821429
vt 0.27368952 0.34821429
vt 0.27368952 0.34821429
vt 0.27368952 0.34821429
vt 0.27368952 0.34821429
vt 0.27368952 0.34821429
vt 0.27368952 0.34821429
vt 0.27368952 0.34821429
vt 0.27368952 0.34821429
vt 0.27368952 0.34821429
vt 0.27368952 0.34821429
vt 0.27368952 0.34821429
vt 0.27368952 0.34821429
vt 0.27368952 0.34821429
vt 0.27368952 0.34821429
vt 0.27368952 0.34821429
vt 0.27368952 0.34821429
vt 0.27368952 0.34821429
vt 0.27368952 0.34821429
vt 0.27368952 0.34821429
vt 0.27368952 0.34821429
vt 0.27368952 0.34821429
vt 0.27368952 0.34821429
vt 0.27368952 0.34821429
vt 0.27368952 0.34821429
vt 0.27368952 0.34821429
vt 0.27368952 0.34821429
vt 0.27368952 0.34821429
vt 0.27368952 0.34821429
vt 0.27368952 0.34821429
vt 0.27368952 0.34821429
vt 0.27368952 0.34821429
vt 0.27368952 0.34821429
vt 0.27368952 0.34821429
vt 0.27368952 0.34821429
vt 0.27368952 0.34821429
vt 0.27368952 0.34821429
vt 0.27368952 0.34821429
vt 0.27368952 0.34821429
vt 0.27368952 0.34821429
vt 0.27368952 0.34821429
vt 0.27368952 0.34821429
vt 0.27368952 0.34821429
vt 0.27368952 0.34821429
vt 0.27368952 0.34821429
vt 0.27368952 0.34821429
vt 0.27368952 0.34821429
vt 0.27368952 0.34821429
vt 0.27368952 0.34821429
vt 0.27368952 0.34821429
vt 0.27368952 0.34821429
vt 0.27368952 0.34821429
vt 0.27368952 0.34821429
vt 0.27368952 0.34821429
vt 0.27368952 0.34821429
vt 0.27368952 0.34821429
vt 0.27368952 0.34821429
vt 0.27368952 0.34821429
vt 0.27368952 0.34821429
vt 0.27368952 0.34821429
vt 0.27368952 0.34821429
vt 0.27368952 0.34821429
vt 0.27368952 0.34821429
vt 0.27368952 0.34821429
vt 0.27368952 0.34821429
vt 0.27368952 0.34821429
vt 0.27368952 0.34821429
vt 0.27368952 0.34821429
vt 0.27368952 0.34821429
vt 0.27368952 0.34821429
vt 0.27368952 0.34821429
vt 0.27368952 0.34821429
vt 0.27368952 0.34821429
vt 0.27368952 0.34821429
vt 0.27368952 0.34821429
vt 0.27368952 0.34821429
vt 0.27368952 0.34821429
vt 0.27368952 0.34821429
vt 0.27368952 0.34821429
vt 0.27368952 0.34821429
vt 0.27368952 0.34821429
vt 0.27368952 0.34821429
vt 0.27368952 0.34821429
vt 0.27368952 0.34821429
vt 0.27368952 0.34821429
vt 0.27368952 0.34821429
vt 0.27368952 0.34821429
vt 0.27368952 0.34821429
vt 0.27368952 0.34821429
vt 0.27368952 0.34821429
vt 0.27368952 0.34821429
vt 0.27368952 0.34821429
vt 0.27368952 0.34821429
vt 0.27368952 0.34821429
vt 0.27368952 0.34821429
vt 0.27368952 0.34821429
vt 0.27368952 0.34821429
vt 0.27368952 0.34821429
vt 0.27368952 0.34821429
vt 0.27368952 0.34821429
vt 0.27368952 0.34821429
vt 0.27368952 0.34821429
vt 0.27368952 0.34821429
vt 0.27368952 0.34821429
vt 0.27368952 0.34821429
vt 0.27368952 0.34821429
vt 0.27368952 0.34821429
vt 0.27368952 0.34821429
vt 0.27368952 0.34821429
vt 0.27368952 0.34821429
vt 0.27368952 0.34821429
vt 0.27368952 0.34821429
vt 0.27368952 0.34821429
vt 0.27368952 0.34821429
vt 0.27368952 0.34821429
vt 0.27368952 0.34821429
vt 0.27368952 0.34821429
vt 0.27368952 0.34821429
vt 0.27368952 0.34821429
vt 0.27368952 0.34821429
vt 0.27368952 0.34821429
vt 0.27368952 0.34821429
vt 0.27368952 0.34821429
vt 0.27368952 0.34821429
vt 0.27368952 0.34821429
vt 0.27368952 0.34821429
vt 0.27368952 0.34821429
vt 0.27368952 0.34821429
vt 0.27368952 0.34821429
vt 0.27368952 0.34821429
vt 0.27368952 0.34821429
vt 0.27368952 0.34821429
vt 0.27368952 0.34821429
vt 0.27368952 0.34821429
vt 0.27368952 0.34821429
vt 0.27368952 0.34821429
vt 0.27368952 0.34821429
vt 0.27368952 0.34821429
vt 0.27368952 0.34821429
vt 0.27368952 0.34821429
vt 0.27368952 0.34821429
vt 0.27368952 0.34821429
vt 0.27368952 0.34821429
vt 0.27368952 0.34821429
vt 0.27368952 0.34821429
vt 0.27368952 0.34821429
vt 0.27368952 0.34821429
vt 0.27368952 0.34821429
vt 0.27368952 0.34821429
vt 0.27368952 0.34821429
vt 0.27368952 0.34821429
vt 0.27368952 0.34821429
vt 0.27368952 0.34821429
vt 0.27368952 0.34821429
vt 0.27368952 0.34821429
vt 0.27368952 0.34821429
vt 0.27368952 0.34821429
vt 0.27368952 0.34821429
vt 0.27368952 0.34821429
vt 0.27368952 0.34821429
vt 0.27368952 0.34821429
vt 0.27368952 0.34821429
vt 0.27368952 0.34821429
vt 0.27368952 0.34821429
vt 0.27368952 0.34821429
vt 0.27368952 0.34821429
vt 0.27368952 0.34821429
vt 0.27368952 0.34821429
vt 0.27368952 0.34821429
vt 0.27368952 0.34821429
vt 0.27368952 0.34821429
vt 0.27368952 0.34821429
vt 0.27368952 0.34821429
vt 0.27368952 0.34821429
vt 0.27368952 0.34821429
vt 0.27368952 0.34821429
vt 0.27368952 0.34821429
vt 0.27368952 0.34821429
vt 0.27368952 0.34821429
vt 0.27368952 0.34821429
vt 0.27368952 0.34821429
vt 0.27368952 0.34821429
vt 0.27368952 0.34821429
vt 0.27368952 0.34821429
vt 0.27368952 0.34821429
vt 0.27368952 0.34821429
vt 0.27368952 0.34821429
vt 0.27368952 0.34821429
vt 0.27368952 0.34821429
vt 0.27368952 0.34821429
vt 0.27368952 0.34821429
vt 0.27368952 0.34821429
vt 0.27368952 0.34821429
vt 0.27368952 0.34821429
vt 0.27368952 0.34821429
vt 0.27368952 0.34821429
vt 0.27368952 0.34821429
vt 0.27368952 0.34821429
vt 0.27368952 0.34821429
vt 0.27368952 0.34821429
vt 0.27368952 0.34821429
vt 0.27368952 0.34821429
vt 0.27368952 0.34821429
vt 0.27368952 0.34821429
vt 0.27368952 0.34821429
vt 0.27368952 0.34821429
vt 0.27368952 0.34821429
vt 0.27368952 0.34821429
vt 0.27368952 0.34821429
vt 0.27368952 0.34821429
vt 0.27368952 0.34821429
vt 0.27368952 0.34821429
vt 0.27368952 0.34821429
vt 0.27368952 0.34821429
vt 0.27368952 0.34821429
vt 0.27368952 0.34821429
vt 0.27368952 0.34821429
vt 0.27368952 0.34821429
vt 0.27368952 0.34821429
vt 0.27368952 0.34821429
vt 0.27368952 0.34821429
vt 0.27368952 0.34821429
vt 0.27368952 0.34821429
vt 0.27368952 0.34821429
vt 0.27368952 0.34821429
vt 0.27368952 0.34821429
vt 0.27368952 0.34821429
vt 0.27368952 0.34821429
vt 0.27368952 0.34821429
vt 0.27368952 0.34821429
vt 0.27368952 0.34821429
vt 0.27368952 0.34821429
vt 0.27368952 0.34821429
vt 0.27368952 0.34821429
vt 0.27368952 0.34821429
vt 0.27368952 0.34821429
vt 0.27368952 0.34821429
vt 0.27368952 0.34821429
vt 0.27368952 0.34821429
vt 0.27368952 0.34821429
vt 0.27368952 0.34821429
vt 0.27368952 0.34821429
vt 0.27368952 0.34821429
vt 0.27368952 0.34821429
vt 0.27368952 0.34821429
vt 0.27368952 0.34821429
vt 0.27368952 0.34821429
vt 0.27368952 0.34821429
vt 0.27368952 0.34821429
vt 0.27368952 0.34821429
vt 0.27368952 0.34821429
vt 0.27368952 0.34821429
vt 0.27368952 0.34821429
vt 0.27368952 0.34821429
vt 0.27368952 0.34821429
vt 0.27368952 0.34821429
vt 0.27368952 0.34821429
vt 0.27368952 0.34821429
vt 0.27368952 0.34821429
vt 0.27368952 0.34821429
vt 0.27368952 0.34821429
vt 0.27368952 0.34821429
vt 0.27368952 0.34821429
vt 0.27368952 0.34821429
vt 0.27368952 0.34821429
vt 0.27368952 0.34821429
vt 0.27368952 0.34821429
vt 0.27368952 0.34821429
vt 0.27368952 0.34821429
vt 0.27368952 0.34821429
vt 0.27368952 0.34821429
vt 0.27368952 0.34821429
vt 0.27368952 0.34821429
vt 0.27368952 0.34821429
vt 0.27368952 0.34821429
vt 0.27368952 0.34821429
vt 0.27368952 0.34821429
vt 0.27368952 0.34821429
vt 0.27368952 0.34821429
vt 0.27368952 0.34821429
vt 0.27368952 0.34821429
vt 0.27368952 0.34821429
vt 0.27368952 0.34821429
vt 0.27368952 0.34821429
vt 0.27368952 0.34821429
vt 0.27368952 0.34821429
vt 0.27368952 0.34821429
vt 0.27368952 0.34821429
vt 0.27368952 0.34821429
vt 0.27368952 0.34821429
vt 0.27368952 0.34821429
vt 0.27368952 0.34821429
vt 0.27368952 0.34821429
vt 0.27368952 0.34821429
vt 0.27368952 0.34821429
vt 0.27368952 0.34821429
vt 0.27368952 0.34821429
vt 0.27368952 0.34821429
vt 0.27368952 0.34821429
vt 0.27368952 0.34821429
vt 0.27368952 0.34821429
vt 0.27368952 0.34821429
vt 0.27368952 0.34821429
vt 0.27368952 0.34821429
vt 0.27368952 0.34821429
vt 0.27368952 0.34821429
vt 0.27368952 0.34821429
vt 0.27368952 0.34821429
vt 0.27368952 0.34821429
vt 0.27368952 0.34821429
vt 0.27368952 0.34821429
vt 0.27368952 0.34821429
vt 0.27368952 0.34821429
vt 0.27368952 0.34821429
vt 0.27368952 0.34821429
vt 0.27368952 0.34821429
vt 0.27368952 0.34821429
vt 0.27368952 0.34821429
vt 0.27368952 0.34821429
vt 0.27368952 0.34821429
vt 0.27368952 0.34821429
vt 0.27368952 0.34821429
vt 0.27368952 0.34821429
vt 0.27368952 0.34821429
vt 0.27368952 0.34821429
vt 0.27368952 0.34821429
vt 0.27368952 0.34821429
vt 0.27368952 0.34821429
vt 0.27368952 0.34821429
vt 0.27368952 0.34821429
vt 0.27368952 0.34821429
vt 0.27368952 0.34821429
vt 0.27368952 0.34821429
vt 0.27368952 0.34821429
vt 0.27368952 0.34821429
vt 0.27368952 0.34821429
vt 0.27368952 0.34821429
vt 0.27368952 0.34821429
vt 0.27368952 0.34821429
vt 0.27368952 0.34821429
vt 0.27368952 0.34821429
vt 0.27368952 0.34821429
vt 0.27368952 0.34821429
vt 0.27368952 0.34821429
vt 0.27368952 0.34821429
vt 0.27368952 0.34821429
vt 0.27368952 0.34821429
vt 0.27368952 0.34821429
vt 0.27368952 0.34821429
vt 0.27368952 0.34821429
vt 0.27368952 0.34821429
vt 0.27368952 0.34821429
vt 0.27368952 0.34821429
vt 0.27368952 0.34821429
vt 0.27368952 0.34821429
vt 0.27368952 0.34821429
vt 0.27368952 0.34821429
vt 0.27368952 0.34821429
vt 0.27368952 0.34821429
vt 0.27368952 0.34821429
vt 0.27368952 0.34821429
vt 0.27368952 0.34821429
vt 0.27368952 0.34821429
vt 0.27368952 0.34821429
vt 0.27368952 0.34821429
vt 0.27368952 0.34821429
vt 0.27368952 0.34821429
vt 0.27368952 0.34821429
vt 0.27368952 0.34821429
vt 0.27368952 0.34821429
vt 0.27368952 0.34821429
vt 0.27368952 0.34821429
vt 0.27368952 0.34821429
vt 0.27368952 0.34821429
vt 0.27368952 0.34821429
vt 0.27368952 0.34821429
vt 0.27368952 0.34821429
vt 0.27368952 0.34821429
vt 0.27368952 0.34821429
vt 0.27368952 0.34821429
vt 0.27368952 0.34821429
vt 0.27368952 0.34821429
vt 0.27368952 0.34821429
vt 0.27368952 0.34821429
vt 0.27368952 0.34821429
vt 0.27368952 0.34821429
vt 0.27368952 0.34821429
vt 0.27368952 0.34821429
vt 0.27368952 0.34821429
vt 0.27368952 0.34821429
vt 0.27368952 0.34821429
vt 0.27368952 0.34821429
vt 0.27368952 0.34821429
vt 0.27368952 0.34821429
vt 0.27368952 0.34821429
vt 0.27368952 0.34821429
vt 0.27368952 0.34821429
vt 0.27368952 0.34821429
vt 0.27368952 0.34821429
vt 0.27368952 0.34821429
vt 0.27368952 0.34821429
vt 0.27368952 0.34821429
vt 0.27368952 0.34821429
vt 0.27368952 0.34821429
vt 0.27368952 0.34821429
vt 0.27368952 0.34821429
vt 0.27368952 0.34821429
vt 0.27368952 0.34821429
vt 0.27368952 0.34821429
vt 0.27368952 0.34821429
vt 0.27368952 0.34821429
vt 0.27368952 0.34821429
vt 0.27368952 0.34821429
vt 0.27368952 0.34821429
vt 0.27368952 0.34821429
vt 0.27368952 0.34821429
vt 0.27368952 0.34821429
vt 0.27368952 0.34821429
vt 0.27368952 0.34821429
vt 0.27368952 0.34821429
vt 0.27368952 0.34821429
vt 0.27368952 0.34821429
vt 0.27368952 0.34821429
vt 0.27368952 0.34821429
vt 0.27368952 0.34821429
vt 0.27368952 0.34821429
vt 0.27368952 0.34821429
vt 0.27368952 0.34821429
vt 0.27368952 0.34821429
vt 0.27368952 0.34821429
vt 0.27368952 0.34821429
vt 0.27368952 0.34821429
vt 0.27368952 0.34821429
vt 0.27368952 0.34821429
vt 0.27368952 0.34821429
vt 0.27368952 0.34821429
vt 0.27368952 0.34821429
vt 0.27368952 0.34821429
vt 0.27368952 0.34821429
vt 0.27368952 0.34821429
vt 0.27368952 0.34821429
vt 0.27368952 0.34821429
vt 0.27368952 0.34821429
vt 0.27368952 0.34821429
vt 0.27368952 0.34821429
vt 0.27368952 0.34821429
vt 0.27368952 0.34821429
vt 0.27368952 0.34821429
vt 0.27368952 0.34821429
vt 0.27368952 0.34821429
vt 0.27368952 0.34821429
vt 0.27368952 0.34821429
vt 0.27368952 0.34821429
vt 0.27368952 0.34821429
vt 0.27368952 0.34821429
vt 0.27368952 0.34821429
vt 0.27368952 0.34821429
vt 0.27368952 0.34821429
vt 0.27368952 0.34821429
vt 0.27368952 0.34821429
vt 0.27368952 0.34821429
vt 0.27368952 0.34821429
vt 0.27368952 0.34821429
vt 0.27368952 0.34821429
vt 0.27368952 0.34821429
vt 0.27368952 0.34821429
vt 0.27368952 0.34821429
vt 0.27368952 0.34821429
vt 0.27368952 0.34821429
vt 0.27368952 0.34821429
vt 0.27368952 0.34821429
vt 0.27368952 0.34821429
vt 0.27368952 0.34821429
vt 0.27368952 0.34821429
vt 0.27368952 0.34821429
vt 0.27368952 0.34821429
vt 0.27368952 0.34821429
vt 0.27368952 0.34821429
vt 0.27368952 0.34821429
vt 0.27368952 0.34821429
vt 0.27368952 0.34821429
vt 0.27368952 0.34821429
vt 0.27368952 0.34821429
vt 0.27368952 0.34821429
vt 0.27368952 0.34821429
vt 0.27368952 0.34821429
vt 0.27368952 0.34821429
vt 0.27368952 0.34821429
vt 0.27368952 0.34821429
vt 0.27368952 0.34821429
vt 0.27368952 0.34821429
vt 0.27368952 0.34821429
vt 0.27368952 0.34821429
vt 0.27368952 0.34821429
vt 0.27368952 0.34821429
vt 0.27368952 0.34821429
vt 0.27368952 0.34821429
vt 0.27368952 0.34821429
vt 0.27368952 0.34821429
vt 0.27368952 0.34821429
vt 0.27368952 0.34821429
vt 0.27368952 0.34821429
vt 0.27368952 0.34821429
vt 0.27368952 0.34821429
vt 0.27368952 0.34821429
vt 0.27368952 0.34821429
vt 0.27368952 0.34821429
vt 0.27368952 0.34821429
vt 0.27368952 0.34821429
vt 0.27368952 0.34821429
vt 0.27368952 0.34821429
vt 0.27368952 0.34821429
vt 0.27368952 0.34821429
vt 0.27368952 0.34821429
vt 0.27368952 0.34821429
vt 0.27368952 0.34821429
vt 0.27368952 0.34821429
vt 0.27368952 0.34821429
vt 0.27368952 0.34821429
vt 0.27368952 0.34821429
vt 0.27368952 0.34821429
vt 0.27368952 0.34821429
vt 0.27368952 0.34821429
vt 0.27368952 0.34821429
vt 0.27368952 0.34821429
vt 0.27368952 0.34821429
vt 0.27368952 0.34821429
vt 0.27368952 0.34821429
vt 0.27368952 0.34821429
vt 0.27368952 0.34821429
vt 0.27368952 0.34821429
vt 0.27368952 0.34821429
vt 0.27368952 0.34821429
vt 0.27368952 0.34821429
vt 0.27368952 0.34821429
vt 0.27368952 0.34821429
vt 0.27368952 0.34821429
vt 0.27368952 0.34821429
vt 0.27368952 0.34821429
vt 0.27368952 0.34821429
vt 0.27368952 0.34821429
vt 0.27368952 0.34821429
vt 0.27368952 0.34821429
vt 0.27368952 0.34821429
vt 0.27368952 0.34821429
vt 0.27368952 0.34821429
vt 0.27368952 0.34821429
vt 0.27368952 0.34821429
vt 0.27368952 0.34821429
vt 0.27368952 0.34821429
vt 0.27368952 0.34821429
vt 0.27368952 0.34821429
vt 0.27368952 0.34821429
vt 0.27368952 0.34821429
vt 0.27368952 0.34821429
vt 0.27368952 0.34821429
vt 0.27368952 0.34821429
vt 0.27368952 0.34821429
vt 0.27368952 0.34821429
vt 0.27368952 0.34821429
vt 0.27368952 0.34821429
vt 0.27368952 0.34821429
vt 0.27368952 0.34821429
vt 0.27368952 0.34821429
vt 0.27368952 0.34821429
vt 0.27368952 0.34821429
vt 0.27368952 0.34821429
vt 0.27368952 0.34821429
vt 0.27368952 0.34821429
vt 0.27368952 0.34821429
vt 0.27368952 0.34821429
vt 0.27368952 0.34821429
vt 0.27368952 0.34821429
vt 0.27368952 0.34821429
vt 0.27368952 0.34821429
vt 0.27368952 0.34821429
vt 0.27368952 0.34821429
vt 0.27368952 0.34821429
vt 0.27368952 0.34821429
vt 0.27368952 0.34821429
vt 0.27368952 0.34821429
vt 0.27368952 0.34821429
vt 0.27368952 0.34821429
vt 0.27368952 0.34821429
vt 0.27368952 0.34821429
vt 0.27368952 0.34821429
vt 0.27368952 0.34821429
vt 0.27368952 0.34821429
vt 0.27368952 0.34821429
vt 0.27368952 0.34821429
vt 0.27368952 0.34821429
vt 0.27368952 0.34821429
vt 0.27368952 0.34821429
vt 0.27368952 0.34821429
vt 0.27368952 0.34821429
vt 0.27368952 0.34821429
vt 0.27368952 0.34821429
vt 0.27368952 0.34821429
vt 0.27368952 0.34821429
vt 0.27368952 0.34821429
vt 0.27368952 0.34821429
vt 0.27368952 0.34821429
vt 0.27368952 0.34821429
vt 0.27368952 0.34821429
vt 0.27368952 0.34821429
vt 0.27368952 0.34821429
vt 0.27368952 0.34821429
vt 0.27368952 0.34821429
vt 0.27368952 0.34821429
vt 0.27368952 0.34821429
vt 0.27368952 0.34821429
vt 0.27368952 0.34821429
vt 0.27368952 0.34821429
vt 0.27368952 0.34821429
vt 0.27368952 0.34821429
vt 0.27368952 0.34821429
vt 0.27368952 0.34821429
vt 0.27368952 0.34821429
vt 0.27368952 0.34821429
vt 0.27368952 0.34821429
vt 0.27368952 0.34821429
vt 0.27368952 0.34821429
vt 0.27368952 0.34821429
vt 0.27368952 0.34821429
vt 0.27368952 0.34821429
vt 0.27368952 0.34821429
vt 0.27368952 0.34821429
vt 0.27368952 0.34821429
vt 0.27368952 0.34821429
vt 0.27368952 0.34821429
vt 0.27368952 0.34821429
vt 0.27368952 0.34821429
vt 0.27368952 0.34821429
vt 0.27368952 0.34821429
vt 0.27368952 0.34821429
vt 0.27368952 0.34821429
vt 0.27368952 0.34821429
vt 0.27368952 0.34821429
vt 0.27368952 0.34821429
vt 0.27368952 0.34821429
vt 0.27368952 0.34821429
vt 0.27368952 0.34821429
vt 0.27368952 0.34821429
vt 0.27368952 0.34821429
vt 0.27368952 0.34821429
vt 0.27368952 0.34821429
vt 0.27368952 0.34821429
vt 0.27368952 0.34821429
vt 0.27368952 0.34821429
vt 0.27368952 0.34821429
vt 0.27368952 0.34821429
vt 0.27368952 0.34821429
vt 0.27368952 0.34821429
vt 0.27368952 0.34821429
vt 0.27368952 0.34821429
vt 0.27368952 0.34821429
vt 0.27368952 0.34821429
vt 0.27368952 0.34821429
vt 0.27368952 0.34821429
vt 0.27368952 0.34821429
vt 0.27368952 0.34821429
vt 0.27368952 0.34821429
vt 0.27368952 0.34821429
vt 0.27368952 0.34821429
vt 0.27368952 0.34821429
vt 0.27368952 0.34821429
vt 0.27368952 0.34821429
vt 0.27368952 0.34821429
vt 0.27368952 0.34821429
vt 0.27368952 0.34821429
vt 0.27368952 0.34821429
vt 0.27368952 0.34821429
vt 0.27368952 0.34821429
vt 0.27368952 0.34821429
vt 0.27368952 0.34821429
vt 0.27368952 0.34821429
vt 0.27368952 0.34821429
vt 0.27368952 0.34821429
vt 0.27368952 0.34821429
vt 0.27368952 0.34821429
vt 0.27368952 0.34821429
vt 0.27368952 0.34821429
vt 0.27368952 0.34821429
vt 0.27368952 0.34821429
vt 0.27368952 0.34821429
vt 0.27368952 0.34821429
vt 0.27368952 0.34821429
vt 0.27368952 0.34821429
vt 0.27368952 0.34821429
vt 0.27368952 0.34821429
vt 0.27368952 0.34821429
vt 0.27368952 0.34821429
vt 0.27368952 0.34821429
vt 0.27368952 0.34821429
vt 0.27368952 0.34821429
vt 0.27368952 0.34821429
vt 0.27368952 0.34821429
vt 0.27368952 0.34821429
vt 0.27368952 0.34821429
vt 0.27368952 0.34821429
vt 0.27368952 0.34821429
vt 0.27368952 0.34821429
vt 0.27368952 0.34821429
vt 0.27368952 0.34821429
vt 0.27368952 0.34821429
vt 0.27368952 0.34821429
vt 0.27368952 0.34821429
vt 0.27368952 0.34821429
vt 0.27368952 0.34821429
vt 0.27368952 0.34821429
vt 0.27368952 0.34821429
vt 0.27368952 0.34821429
vt 0.27368952 0.34821429
vt 0.27368952 0.34821429
vt 0.27368952 0.34821429
vt 0.27368952 0.34821429
vt 0.27368952 0.34821429
vt 0.27368952 0.34821429
vt 0.27368952 0.34821429
vt 0.27368952 0.34821429
vt 0.27368952 0.34821429
vt 0.27368952 0.34821429
vt 0.27368952 0.34821429
vt 0.27368952 0.34821429
vt 0.27368952 0.34821429
vt 0.27368952 0.34821429
vt 0.27368952 0.34821429
vt 0.27368952 0.34821429
vt 0.27368952 0.34821429
vt 0.27368952 0.34821429
vt 0.27368952 0.34821429
vt 0.27368952 0.34821429
vt 0.27368952 0.34821429
vt 0.27368952 0.34821429
vt 0.27368952 0.34821429
vt 0.27368952 0.34821429
vt 0.27368952 0.34821429
vt 0.27368952 0.34821429
vt 0.27368952 0.34821429
vt 0.27368952 0.34821429
vt 0.27368952 0.34821429
vt 0.27368952 0.34821429
vt 0.27368952 0.34821429
vt 0.27368952 0.34821429
vt 0.27368952 0.34821429
vt 0.27368952 0.34821429
vt 0.27368952 0.34821429
vt 0.27368952 0.34821429
vt 0.27368952 0.34821429
vt 0.27368952 0.34821429
vt 0.27368952 0.34821429
vt 0.27368952 0.34821429
vt 0.27368952 0.34821429
vt 0.27368952 0.34821429
vt 0.27368952 0.34821429
vt 0.27368952 0.34821429
vt 0.27368952 0.34821429
vt 0.27368952 0.34821429
vt 0.27368952 0.34821429
vt 0.27368952 0.34821429
vt 0.27368952 0.34821429
vt 0.27368952 0.34821429
vt 0.27368952 0.34821429
vt 0.27368952 0.34821429
vt 0.27368952 0.34821429
vt 0.27368952 0.34821429
vt 0.27368952 0.34821429
vt 0.27368952 0.34821429
vt 0.27368952 0.34821429
vt 0.27368952 0.34821429
vt 0.27368952 0.34821429
vt 0.27368952 0.34821429
vt 0.27368952 0.34821429
vt 0.27368952 0.34821429
vt 0.27368952 0.34821429
vt 0.27368952 0.34821429
vt 0.27368952 0.34821429
vt 0.27368952 0.34821429
vt 0.27368952 0.34821429
vt 0.27368952 0.34821429
vt 0.27368952 0.34821429
vt 0.27368952 0.34821429
vt 0.27368952 0.34821429
vt 0.27368952 0.34821429
vt 0.27368952 0.34821429
vt 0.27368952 0.34821429
vt 0.27368952 0.34821429
vt 0.27368952 0.34821429
vt 0.27368952 0.34821429
vt 0.27368952 0.34821429
vt 0.27368952 0.34821429
vt 0.27368952 0.34821429
vt 0.27368952 0.34821429
vt 0.27368952 0.34821429
vt 0.27368952 0.34821429
vt 0.27368952 0.34821429
vt 0.27368952 0.34821429
vt 0.27368952 0.34821429
vt 0.27368952 0.34821429
vt 0.27368952 0.34821429
vt 0.27368952 0.34821429
vt 0.27368952 0.34821429
vt 0.27368952 0.34821429
vt 0.27368952 0.34821429
vt 0.27368952 0.34821429
vt 0.27368952 0.34821429
vt 0.27368952 0.34821429
vt 0.27368952 0.34821429
vt 0.27368952 0.34821429
vt 0.27368952 0.34821429
vt 0.27368952 0.34821429
vt 0.27368952 0.34821429
vt 0.27368952 0.34821429
vt 0.27368952 0.34821429
vt 0.27368952 0.34821429
vt 0.27368952 0.34821429
vt 0.27368952 0.34821429
vt 0.27368952 0.34821429
vt 0.27368952 0.34821429
vt 0.27368952 0.34821429
vt 0.27368952 0.34821429
vt 0.27368952 0.34821429
vt 0.27368952 0.34821429
vt 0.27368952 0.34821429
vt 0.27368952 0.34821429
vt 0.27368952 0.34821429
vt 0.27368952 0.34821429
vt 0.27368952 0.34821429
vt 0.27368952 0.34821429
vt 0.27368952 0.34821429
vt 0.27368952 0.34821429
vt 0.27368952 0.34821429
vt 0.27368952 0.34821429
vt 0.27368952 0.34821429
vt 0.27368952 0.34821429
vt 0.27368952 0.34821429
vt 0.27368952 0.34821429
vt 0.27368952 0.34821429
vt 0.27368952 0.34821429
vt 0.27368952 0.34821429
vt 0.27368952 0.34821429
vt 0.27368952 0.34821429
vt 0.27368952 0.34821429
vt 0.27368952 0.34821429
vt 0.27368952 0.34821429
vt 0.27368952 0.34821429
vt 0.27368952 0.34821429
vt 0.27368952 0.34821429
vt 0.27368952 0.34821429
vt 0.27368952 0.34821429
vt 0.27368952 0.34821429
vt 0.27368952 0.34821429
vt 0.27368952 0.34821429
vt 0.27368952 0.34821429
vt 0.27368952 0.34821429
vt 0.27368952 0.34821429
vt 0.27368952 0.34821429
vt 0.27368952 0.34821429
vt 0.27368952 0.34821429
vt 0.27368952 0.34821429
vt 0.27368952 0.34821429
vt 0.27368952 0.34821429
vt 0.27368952 0.34821429
vt 0.27368952 0.34821429
vt 0.27368952 0.34821429
vt 0.27368952 0.34821429
vt 0.27368952 0.34821429
vt 0.27368952 0.34821429
vt 0.27368952 0.34821429
vt 0.27368952 0.34821429
vt 0.27368952 0.34821429
vt 0.27368952 0.34821429
vt 0.27368952 0.34821429
vt 0.27368952 0.34821429
vt 0.27368952 0.34821429
vt 0.27368952 0.34821429
vt 0.27368952 0.34821429
vt 0.27368952 0.34821429
vt 0.27368952 0.34821429
vt 0.27368952 0.34821429
vt 0.27368952 0.34821429
vt 0.27368952 0.34821429
vt 0.27368952 0.34821429
vt 0.27368952 0.34821429
vt 0.27368952 0.34821429
vt 0.27368952 0.34821429
vt 0.27368952 0.34821429
vt 0.27368952 0.34821429
vt 0.27368952 0.34821429
vt 0.27368952 0.34821429
vt 0.27368952 0.34821429
vt 0.27368952 0.34821429
vt 0.27368952 0.34821429
vt 0.27368952 0.34821429
vt 0.27368952 0.34821429
vt 0.27368952 0.34821429
vt 0.27368952 0.34821429
vt 0.27368952 0.34821429
vt 0.27368952 0.34821429
vt 0.27368952 0.34821429
vt 0.27368952 0.34821429
vt 0.27368952 0.34821429
vt 0.27368952 0.34821429
vt 0.27368952 0.34821429
vt 0.27368952 0.34821429
vt 0.27368952 0.34821429
vt 0.27368952 0.34821429
vt 0.27368952 0.34821429
vt 0.27368952 0.34821429
vt 0.27368952 0.34821429
vt 0.27368952 0.34821429
vt 0.27368952 0.34821429
vt 0.27368952 0.34821429
vt 0.27368952 0.34821429
vt 0.27368952 0.34821429
vt 0.27368952 0.34821429
vt 0.27368952 0.34821429
vt 0.27368952 0.34821429
vt 0.27368952 0.34821429
vt 0.27368952 0.34821429
vt 0.27368952 0.34821429
vt 0.27368952 0.34821429
vt 0.27368952 0.34821429
vt 0.27368952 0.34821429
vt 0.27368952 0.34821429
vt 0.27368952 0.34821429
vt 0.27368952 0.34821429
vt 0.27368952 0.34821429
vt 0.27368952 0.34821429
vt 0.27368952 0.34821429
vt 0.27368952 0.34821429
vt 0.27368952 0.34821429
vt 0.27368952 0.34821429
vt 0.27368952 0.34821429
vt 0.27368952 0.34821429
vt 0.27368952 0.34821429
vt 0.27368952 0.34821429
vt 0.27368952 0.34821429
vt 0.27368952 0.34821429
vt 0.27368952 0.34821429
vt 0.27368952 0.34821429
vt 0.27368952 0.34821429
vt 0.27368952 0.34821429
vt 0.27368952 0.34821429
vt 0.27368952 0.34821429
vt 0.27368952 0.34821429
vt 0.27368952 0.34821429
vt 0.27368952 0.34821429
vt 0.27368952 0.34821429
vt 0.27368952 0.34821429
vt 0.27368952 0.34821429
vt 0.27368952 0.34821429
vt 0.27368952 0.34821429
vt 0.27368952 0.34821429
vt 0.27368952 0.34821429
vt 0.27368952 0.34821429
vt 0.27368952 0.34821429
vt 0.27368952 0.34821429
vt 0.27368952 0.34821429
vt 0.27368952 0.34821429
vt 0.27368952 0.34821429
vt 0.27368952 0.34821429
vt 0.27368952 0.34821429
vt 0.27368952 0.34821429
vt 0.27368952 0.34821429
vt 0.27368952 0.34821429
vt 0.27368952 0.34821429
vt 0.27368952 0.34821429
vt 0.27368952 0.34821429
vt 0.27368952 0.34821429
vt 0.27368952 0.34821429
vt 0.27368952 0.34821429
vt 0.27368952 0.34821429
vt 0.27368952 0.34821429
vt 0.27368952 0.34821429
vt 0.27368952 0.34821429
vt 0.27368952 0.34821429
vt 0.27368952 0.34821429
vt 0.27368952 0.34821429
vt 0.27368952 0.34821429
vt 0.27368952 0.34821429
vt 0.27368952 0.34821429
vt 0.27368952 0.34821429
vt 0.27368952 0.34821429
vt 0.27368952 0.34821429
vt 0.27368952 0.34821429
vt 0.27368952 0.34821429
vt 0.27368952 0.34821429
vt 0.27368952 0.34821429
vt 0.27368952 0.34821429
vt 0.27368952 0.34821429
vt 0.27368952 0.34821429
vt 0.27368952 0.34821429
vt 0.27368952 0.34821429
vt 0.27368952 0.34821429
vt 0.27368952 0.34821429
vt 0.27368952 0.34821429
vt 0.27368952 0.34821429
vt 0.27368952 0.34821429
vt 0.27368952 0.34821429
vt 0.27368952 0.34821429
vt 0.27368952 0.34821429
vt 0.27368952 0.34821429
vt 0.27368952 0.34821429
vt 0.27368952 0.34821429
vt 0.27368952 0.34821429
vt 0.27368952 0.34821429
vt 0.27368952 0.34821429
vt 0.27368952 0.34821429
vt 0.27368952 0.34821429
vt 0.27368952 0.34821429
vt 0.27368952 0.34821429
vt 0.27368952 0.34821429
vt 0.27368952 0.34821429
vt 0.27368952 0.34821429
vt 0.27368952 0.34821429
vt 0.27368952 0.34821429
vt 0.27368952 0.34821429
vt 0.27368952 0.34821429
vt 0.27368952 0.34821429
vt 0.27368952 0.34821429
vt 0.27368952 0.34821429
vt 0.27368952 0.34821429
vt 0.27368952 0.34821429
vt 0.27368952 0.34821429
vt 0.27368952 0.34821429
vt 0.27368952 0.34821429
vt 0.27368952 0.34821429
vt 0.27368952 0.34821429
vt 0.27368952 0.34821429
vt 0.27368952 0.34821429
vt 0.27368952 0.34821429
vt 0.27368952 0.34821429
vt 0.27368952 0.34821429
vt 0.27368952 0.34821429
vt 0.27368952 0.34821429
vt 0.27368952 0.34821429
vt 0.27368952 0.34821429
vt 0.27368952 0.34821429
vt 0.27368952 0.34821429
vt 0.27368952 0.34821429
vt 0.27368952 0.34821429
vt 0.27368952 0.34821429
vt 0.27368952 0.34821429
vt 0.27368952 0.34821429
vt 0.27368952 0.34821429
vt 0.27368952 0.34821429
vt 0.27368952 0.34821429
vt 0.27368952 0.34821429
vt 0.27368952 0.34821429
vt 0.27368952 0.34821429
vt 0.27368952 0.34821429
vt 0.27368952 0.34821429
vt 0.27368952 0.34821429
vt 0.27368952 0.34821429
vt 0.27368952 0.34821429
vt 0.27368952 0.34821429
vt 0.27368952 0.34821429
vt 0.27368952 0.34821429
vt 0.27368952 0.34821429
vt 0.27368952 0.34821429
vt 0.27368952 0.34821429
vt 0.27368952 0.34821429
vt 0.27368952 0.34821429
vt 0.27368952 0.34821429
vt 0.27368952 0.34821429
vt 0.27368952 0.34821429
vt 0.27368952 0.34821429
vt 0.27368952 0.34821429
vt 0.27368952 0.34821429
vt 0.27368952 0.34821429
vt 0.27368952 0.34821429
vt 0.27368952 0.34821429
vt 0.27368952 0.34821429
vt 0.27368952 0.34821429
vt 0.27368952 0.34821429
vt 0.27368952 0.34821429
vt 0.27368952 0.34821429
vt 0.27368952 0.34821429
vt 0.27368952 0.34821429
vt 0.27368952 0.34821429
vt 0.27368952 0.34821429
vt 0.27368952 0.34821429
vt 0.27368952 0.34821429
vt 0.27368952 0.34821429
vt 0.27368952 0.34821429
vt 0.27368952 0.34821429
vt 0.27368952 0.34821429
vt 0.27368952 0.34821429
vt 0.27368952 0.34821429
vt 0.27368952 0.34821429
vt 0.27368952 0.34821429
vt 0.27368952 0.34821429
vt 0.27368952 0.34821429
vt 0.27368952 0.34821429
vt 0.27368952 0.34821429
vt 0.27368952 0.34821429
vt 0.27368952 0.34821429
vt 0.27368952 0.34821429
vt 0.27368952 0.34821429
vt 0.27368952 0.34821429
vt 0.27368952 0.34821429
vt 0.27368952 0.34821429
vt 0.27368952 0.34821429
vt 0.27368952 0.34821429
vt 0.27368952 0.34821429
vt 0.27368952 0.34821429
vt 0.27368952 0.34821429
vt 0.27368952 0.34821429
vt 0.27368952 0.34821429
vt 0.27368952 0.34821429
vt 0.27368952 0.34821429
vt 0.27368952 0.34821429
vt 0.27368952 0.34821429
vt 0.27368952 0.34821429
vt 0.27368952 0.34821429
vt 0.27368952 0.34821429
vt 0.27368952 0.34821429
vt 0.27368952 0.34821429
vt 0.27368952 0.34821429
vt 0.27368952 0.34821429
vt 0.27368952 0.34821429
vt 0.27368952 0.34821429
vt 0.27368952 0.34821429
vt 0.27368952 0.34821429
vt 0.27368952 0.34821429
vt 0.27368952 0.34821429
vt 0.27368952 0.34821429
vt 0.27368952 0.34821429
vt 0.27368952 0.34821429
vt 0.27368952 0.34821429
vt 0.27368952 0.34821429
vt 0.27368952 0.34821429
vt 0.27368952 0.34821429
vt 0.27368952 0.34821429
vt 0.27368952 0.34821429
vt 0.27368952 0.34821429
vt 0.27368952 0.34821429
vt 0.27368952 0.34821429
vt 0.27368952 0.34821429
vt 0.27368952 0.34821429
vt 0.27368952 0.34821429
vt 0.27368952 0.34821429
vt 0.08014113 0.34821429
vt 0.08014113 0.34821429
vt 0.08014113 0.34821429
vt 0.08014113 0.34821429
vt 0.08014113 0.34821429
vt 0.08014113 0.34821429
vt 0.08014113 0.34821429
vt 0.08014113 0.34821429
vt 0.08014113 0.34821429
vt 0.08014113 0.34821429
vt 0.08014113 0.34821429
vt 0.08014113 0.34821429
vt 0.08014113 0.34821429
vt 0.08014113 0.34821429
vt 0.08014113 0.34821429
vt 0.08014113 0.34821429
vt 0.08014113 0.34821429
vt 0.08014113 0.34821429
vt 0.08014113 0.34821429
vt 0.08014113 0.34821429
vt 0.08014113 0.34821429
vt 0.08014113 0.34821429
vt 0.08014113 0.34821429
vt 0.08014113 0.34821429
vt 0.08014113 0.34821429
vt 0.08014113 0.34821429
vt 0.08014113 0.34821429
vt 0.08014113 0.34821429
vt 0.08014113 0.34821429
vt 0.08014113 0.34821429
vt 0.08014113 0.34821429
vt 0.08014113 0.34821429
vt 0.08014113 0.34821429
vt 0.08014113 0.34821429
vt 0.08014113 0.34821429
vt 0.08014113 0.34821429
vt 0.08014113 0.34821429
vt 0.08014113 0.34821429
vt 0.08014113 0.34821429
vt 0.08014113 0.34821429
vt 0.08014113 0.34821429
vt 0.08014113 0.34821429
vt 0.27368952 0.34821429
vt 0.27368952 0.34821429
vt 0.27368952 0.34821429
vt 0.27368952 0.34821429
vt 0.27368952 0.34821429
vt 0.27368952 0.34821429
vt 0.27368952 0.34821429
vt 0.27368952 0.34821429
vt 0.27368952 0.34821429
vt 0.27368952 0.34821429
vt 0.27368952 0.34821429
vt 0.27368952 0.34821429
vt 0.27368952 0.34821429
vt 0.27368952 0.34821429
vt 0.27368952 0.34821429
vt 0.27368952 0.34821429
vt 0.27368952 0.34821429
vt 0.27368952 0.34821429
vt 0.27368952 0.34821429
vt 0.27368952 0.34821429
vt 0.27368952 0.34821429
vt 0.27368952 0.34821429
vt 0.27368952 0.34821429
vt 0.27368952 0.34821429
vt 0.27368952 0.34821429
vt 0.27368952 0.34821429
vt 0.27368952 0.34821429
vt 0.27368952 0.34821429
vt 0.27368952 0.34821429
vt 0.27368952 0.34821429
vt 0.27368952 0.34821429
vt 0.27368952 0.34821429
vt 0.27368952 0.34821429
vt 0.27368952 0.34821429
vt 0.27368952 0.34821429
vt 0.27368952 0.34821429
vt 0.27368952 0.34821429
vt 0.27368952 0.34821429
vt 0.27368952 0.34821429
vt 0.27368952 0.34821429
vt 0.27368952 0.34821429
vt 0.27368952 0.34821429
vt 0.27368952 0.34821429
vt 0.27368952 0.34821429
vt 0.27368952 0.34821429
vt 0.27368952 0.34821429
vt 0.27368952 0.34821429
vt 0.27368952 0.34821429
vt 0.27368952 0.34821429
vt 0.27368952 0.34821429
vt 0.27368952 0.34821429
vt 0.27368952 0.34821429
vt 0.27368952 0.34821429
vt 0.27368952 0.34821429
vt 0.27368952 0.34821429
vt 0.27368952 0.34821429
vt 0.27368952 0.34821429
vt 0.27368952 0.34821429
vt 0.27368952 0.34821429
vt 0.27368952 0.34821429
vt 0.27368952 0.34821429
vt 0.27368952 0.34821429
vt 0.27368952 0.34821429
vt 0.27368952 0.34821429
vt 0.27368952 0.34821429
vt 0.27368952 0.34821429
vt 0.27368952 0.34821429
vt 0.27368952 0.34821429
vt 0.27368952 0.34821429
vt 0.27368952 0.34821429
vt 0.27368952 0.34821429
vt 0.27368952 0.34821429
vt 0.27368952 0.34821429
vt 0.27368952 0.34821429
vt 0.27368952 0.34821429
vt 0.27368952 0.34821429
vt 0.27368952 0.34821429
vt 0.27368952 0.34821429
vt 0.27368952 0.34821429
vt 0.27368952 0.34821429
vt 0.27368952 0.34821429
vt 0.27368952 0.34821429
vt 0.27368952 0.34821429
vt 0.27368952 0.34821429
vt 0.27368952 0.34821429
vt 0.27368952 0.34821429
vt 0.27368952 0.34821429
vt 0.27368952 0.34821429
vt 0.27368952 0.34821429
vt 0.27368952 0.34821429
vt 0.27368952 0.34821429
vt 0.27368952 0.34821429
vt 0.27368952 0.34821429
vt 0.27368952 0.34821429
vt 0.27368952 0.34821429
vt 0.27368952 0.34821429
vt 0.27368952 0.34821429
vt 0.27368952 0.34821429
vt 0.27368952 0.34821429
vt 0.27368952 0.34821429
vt 0.27368952 0.34821429
vt 0.27368952 0.34821429
vt 0.27368952 0.34821429
vt 0.27368952 0.34821429
vt 0.27368952 0.34821429
vt 0.27368952 0.34821429
vt 0.27368952 0.34821429
vt 0.27368952 0.34821429
vt 0.27368952 0.34821429
vt 0.27368952 0.34821429
vt 0.27368952 0.34821429
vt 0.27368952 0.34821429
vt 0.27368952 0.34821429
vt 0.27368952 0.34821429
vt 0.27368952 0.34821429
vt 0.27368952 0.34821429
vt 0.27368952 0.34821429
vt 0.27368952 0.34821429
vt 0.27368952 0.34821429
vt 0.27368952 0.34821429
vt 0.27368952 0.34821429
vt 0.27368952 0.34821429
vt 0.27368952 0.34821429
vt 0.27368952 0.34821429
vt 0.27368952 0.34821429
vt 0.27368952 0.34821429
vt 0.27368952 0.34821429
vt 0.27368952 0.34821429
vt 0.27368952 0.34821429
vt 0.27368952 0.34821429
vt 0.27368952 0.34821429
vt 0.27368952 0.34821429
vt 0.27368952 0.34821429
vt 0.27368952 0.34821429
vt 0.27368952 0.34821429
vt 0.27368952 0.34821429
vt 0.27368952 0.34821429
vt 0.27368952 0.34821429
vt 0.27368952 0.34821429
vt 0.27368952 0.34821429
vt 0.27368952 0.34821429
vt 0.27368952 0.34821429
vt 0.27368952 0.34821429
vt 0.27368952 0.34821429
vt 0.27368952 0.34821429
vt 0.27368952 0.34821429
vt 0.27368952 0.34821429
vt 0.27368952 0.34821429
vt 0.27368952 0.34821429
vt 0.27368952 0.34821429
vt 0.27368952 0.34821429
vt 0.27368952 0.34821429
vt 0.27368952 0.34821429
vt 0.27368952 0.34821429
vt 0.27368952 0.34821429
vt 0.27368952 0.34821429
vt 0.27368952 0.34821429
vt 0.27368952 0.34821429
vt 0.27368952 0.34821429
vt 0.27368952 0.34821429
vt 0.27368952 0.34821429
vt 0.27368952 0.34821429
vt 0.27368952 0.34821429
vt 0.27368952 0.34821429
vt 0.27368952 0.34821429
vt 0.27368952 0.34821429
vt 0.27368952 0.34821429
vt 0.27368952 0.34821429
vt 0.27368952 0.34821429
vt 0.27368952 0.34821429
vt 0.27368952 0.34821429
vt 0.27368952 0.34821429
vt 0.27368952 0.34821429
vt 0.27368952 0.34821429
vt 0.27368952 0.34821429
vt 0.27368952 0.34821429
vt 0.27368952 0.34821429
vt 0.27368952 0.34821429
vt 0.27368952 0.34821429
vt 0.27368952 0.34821429
vt 0.27368952 0.34821429
vt 0.27368952 0.34821429
vt 0.27368952 0.34821429
vt 0.27368952 0.34821429
vt 0.27368952 0.34821429
vt 0.27368952 0.34821429
vt 0.27368952 0.34821429
vt 0.27368952 0.34821429
vt 0.27368952 0.34821429
vt 0.27368952 0.34821429
vt 0.27368952 0.34821429
vt 0.27368952 0.34821429
vt 0.27368952 0.34821429
vt 0.27368952 0.34821429
vt 0.27368952 0.34821429
vt 0.27368952 0.34821429
vt 0.27368952 0.34821429
vt 0.27368952 0.34821429
vt 0.27368952 0.34821429
vt 0.27368952 0.34821429
vt 0.27368952 0.34821429
vt 0.27368952 0.34821429
vt 0.27368952 0.34821429
vt 0.27368952 0.34821429
vt 0.27368952 0.34821429
vt 0.27368952 0.34821429
vt 0.27368952 0.34821429
vt 0.27368952 0.34821429
vt 0.27368952 0.34821429
vt 0.27368952 0.34821429
vt 0.27368952 0.34821429
vt 0.27368952 0.34821429
vt 0.27368952 0.34821429
vt 0.27368952 0.34821429
vt 0.27368952 0.34821429
vt 0.27368952 0.34821429
vt 0.27368952 0.34821429
vt 0.27368952 0.34821429
vt 0.27368952 0.34821429
vt 0.27368952 0.34821429
vt 0.27368952 0.34821429
vt 0.27368952 0.34821429
vt 0.27368952 0.34821429
vt 0.27368952 0.34821429
vt 0.27368952 0.34821429
vt 0.27368952 0.34821429
vt 0.27368952 0.34821429
vt 0.27368952 0.34821429
vt 0.27368952 0.34821429
vt 0.27368952 0.34821429
vt 0.27368952 0.34821429
vt 0.27368952 0.34821429
vt 0.27368952 0.34821429
vt 0.27368952 0.34821429
vt 0.27368952 0.34821429
vt 0.27368952 0.34821429
vt 0.27368952 0.34821429
vt 0.27368952 0.34821429
vt 0.27368952 0.34821429
vt 0.27368952 0.34821429
vt 0.27368952 0.34821429
vt 0.27368952 0.34821429
vt 0.27368952 0.34821429
vt 0.27368952 0.34821429
vt 0.27368952 0.34821429
vt 0.27368952 0.34821429
vt 0.27368952 0.34821429
vt 0.27368952 0.34821429
vt 0.27368952 0.34821429
vt 0.27368952 0.34821429
vt 0.27368952 0.34821429
vt 0.27368952 0.34821429
vt 0.27368952 0.34821429
vt 0.27368952 0.34821429
vt 0.27368952 0.34821429
vt 0.27368952 0.34821429
vt 0.27368952 0.34821429
vt 0.27368952 0.34821429
vt 0.27368952 0.34821429
vt 0.27368952 0.34821429
vt 0.27368952 0.34821429
vt 0.27368952 0.34821429
vt 0.27368952 0.34821429
vt 0.27368952 0.34821429
vt 0.27368952 0.34821429
vt 0.27368952 0.34821429
vt 0.27368952 0.34821429
vt 0.27368952 0.34821429
vt 0.27368952 0.34821429
vt 0.27368952 0.34821429
vt 0.27368952 0.34821429
vt 0.27368952 0.34821429
vt 0.27368952 0.34821429
vt 0.27368952 0.34821429
vt 0.27368952 0.34821429
vt 0.27368952 0.34821429
vt 0.27368952 0.34821429
vt 0.27368952 0.34821429
vt 0.27368952 0.34821429
vt 0.27368952 0.34821429
vt 0.27368952 0.34821429
vt 0.27368952 0.34821429
vt 0.27368952 0.34821429
vt 0.27368952 0.34821429
vt 0.27368952 0.34821429
vt 0.27368952 0.34821429
vt 0.27368952 0.34821429
vt 0.27368952 0.34821429
vt 0.27368952 0.34821429
vt 0.27368952 0.34821429
vt 0.27368952 0.34821429
vt 0.27368952 0.34821429
vt 0.27368952 0.34821429
vt 0.27368952 0.34821429
vt 0.27368952 0.34821429
vt 0.27368952 0.34821429
vt 0.27368952 0.34821429
vt 0.27368952 0.34821429
vt 0.27368952 0.34821429
vt 0.27368952 0.34821429
vt 0.27368952 0.34821429
vt 0.27368952 0.34821429
vt 0.27368952 0.34821429
vt 0.27368952 0.34821429
vt 0.27368952 0.34821429
vt 0.27368952 0.34821429
vt 0.27368952 0.34821429
vt 0.27368952 0.34821429
vt 0.27368952 0.34821429
vt 0.27368952 0.34821429
vt 0.27368952 0.34821429
vt 0.27368952 0.34821429
vt 0.27368952 0.34821429
vt 0.27368952 0.34821429
vt 0.27368952 0.34821429
vt 0.27368952 0.34821429
vt 0.27368952 0.34821429
vt 0.27368952 0.34821429
vt 0.27368952 0.34821429
vt 0.27368952 0.34821429
vt 0.27368952 0.34821429
vt 0.27368952 0.34821429
vt 0.27368952 0.34821429
vt 0.27368952 0.34821429
vt 0.27368952 0.34821429
vt 0.27368952 0.34821429
vt 0.27368952 0.34821429
vt 0.27368952 0.34821429
vt 0.27368952 0.34821429
vt 0.27368952 0.34821429
vt 0.27368952 0.34821429
vt 0.27368952 0.34821429
vt 0.27368952 0.34821429
vt 0.27368952 0.34821429
vt 0.27368952 0.34821429
vt 0.27368952 0.34821429
vt 0.27368952 0.34821429
vt 0.27368952 0.34821429
vt 0.27368952 0.34821429
vt 0.27368952 0.34821429
vt 0.27368952 0.34821429
vt 0.27368952 0.34821429
vt 0.27368952 0.34821429
vt 0.27368952 0.34821429
vt 0.27368952 0.34821429
vt 0.27368952 0.34821429
vt 0.27368952 0.34821429
vt 0.27368952 0.34821429
vt 0.27368952 0.34821429
vt 0.27368952 0.34821429
vt 0.27368952 0.34821429
vt 0.27368952 0.34821429
vt 0.27368952 0.34821429
vt 0.27368952 0.34821429
vt 0.27368952 0.34821429
f 1/1 2/2 3/3
f 4/4 5/5 6/6
f 7/7 8/8 9/9
f 10/10 11/11 12/12
f 13/13 14/14 15/15
f 16/16 17/17 18/18
f 19/19 20/20 21/21
f 22/22 23/23 24/24
f 25/25 26/26 27/27
f 28/28 29/29 30/30
f 31/31 32/32 33/33
f 34/34 35/35 36/36
f 37/37 38/38 39/39
f 40/40 41/41 42/42
f 43/43 44/44 45/45
f 46/46 40/40 47/47
f 48/48 49/49 40/40
f 50/50 51/51 52/52
f 53/53 54/54 55/55
f 56/56 57/57 58/58
f 59/59 47/47 40/40
f 40/40 49/49 59/59
f 41/41 40/40 46/46
f 41/41 46/46 47/47
f 52/52 60/60 61/61
f 62/62 63/63 64/64
f 65/65 66/66 67/67
f 68/68 69/69 70/70
f 71/71 72/72 73/73
f 74/74 75/75 76/76
f 77/77 78/78 79/79
f 80/80 81/81 82/82
f 83/83 84/84 85/85
f 86/86 87/87 88/88
f 89/89 90/90 91/91
f 92/92 15/15 14/14
f 93/93 36/36 94/94
f 95/95 96/96 97/97
f 98/98 99/99 100/100
f 101/101 102/102 103/103
f 104/104 105/105 106/106
f 107/107 108/108 109/109
f 110/110 111/111 112/112
f 113/113 6/6 5/5
f 114/114 115/115 116/116
f 117/117 118/118 119/119
f 120/120 121/121 122/122
f 123/123 124/124 125/125
f 126/126 127/127 128/128
f 18/18 129/129 130/130
f 131/131 132/132 133/133
f 134/134 135/135 136/136
f 137/137 138/138 139/139
f 140/140 45/45 44/44
f 60/60 52/52 141/141
f 142/142 143/143 144/144
f 145/145 146/146 147/147
f 148/148 149/149 150/150
f 151/151 152/152 153/153
f 154/154 155/155 156/156
f 157/157 158/158 159/159
f 160/160 161/161 162/162
f 163/163 164/164 165/165
f 85/85 166/166 167/167
f 168/168 169/169 170/170
f 171/171 7/7 172/172
f 173/173 174/174 115/115
f 175/175 27/27 26/26
f 28/28 73/73 176/176
f 177/177 178/178 179/179
f 180/180 181/181 182/182
f 112/112 183/183 110/110
f 30/30 29/29 184/184
f 185/185 186/186 187/187
f 188/188 11/11 189/189
f 178/178 177/177 190/190
f 191/191 192/192 193/193
f 194/194 195/195 196/196
f 93/93 94/94 197/197
f 198/198 96/96 95/95
f 199/199 200/200 201/201
f 88/88 202/202 86/86
f 203/203 204/204 205/205
f 22/22 24/24 206/206
f 150/150 207/207 148/148
f 192/192 191/191 208/208
f 209/209 210/210 211/211
f 212/212 213/213 214/214
f 215/215 28/28 216/216
f 217/217 218/218 118/118
f 219/219 136/136 135/135
f 220/220 221/221 222/222
f 223/223 224/224 111/111
f 225/225 226/226 227/227
f 228/228 229/229 230/230
f 231/231 232/232 233/233
f 234/234 235/235 236/236
f 237/237 238/238 239/239
f 240/240 241/241 242/242
f 243/243 244/244 245/245
f 246/246 82/82 81/81
f 247/247 248/248 249/249
f 38/38 250/250 251/251
f 252/252 253/253 254/254
f 255/255 256/256 257/257
f 258/258 259/259 260/260
f 261/261 262/262 263/263
f 264/264 265/265 266/266
f 267/267 268/268 78/78
f 269/269 52/52 270/270
f 271/271 128/128 127/127
f 225/225 227/227 272/272
f 273/273 274/274 275/275
f 105/105 276/276 277/277
f 13/13 278/278 14/14
f 279/279 280/280 281/281
f 282/282 283/283 284/284
f 285/285 286/286 287/287
f 288/288 289/289 290/290
f 291/291 2/2 292/292
f 268/268 79/79 78/78
f 73/73 28/28 30/30
f 293/293 271/271 127/127
f 294/294 15/15 295/295
f 296/296 297/297 298/298
f 152/152 299/299 300/300
f 301/301 302/302 303/303
f 304/304 125/125 305/305
f 125/125 306/306 305/305
f 307/307 308/308 309/309
f 310/310 311/311 312/312
f 313/313 314/314 315/315
f 316/316 60/60 317/317
f 318/318 254/254 319/319
f 320/320 321/321 322/322
f 323/323 324/324 325/325
f 326/326 327/327 328/328
f 329/329 330/330 331/331
f 332/332 333/333 293/293
f 334/334 335/335 336/336
f 337/337 206/206 338/338
f 42/42 339/339 340/340
f 341/341 42/42 41/41
f 342/342 343/343 344/344
f 345/345 346/346 347/347
f 348/348 349/349 350/350
f 351/351 266/266 265/265
f 352/352 353/353 354/354
f 355/355 356/356 357/357
f 113/113 358/358 6/6
f 52/52 359/359 50/50
f 76/76 75/75 360/360
f 361/361 362/362 346/346
f 363/363 364/364 365/365
f 366/366 367/367 368/368
f 369/369 370/370 371/371
f 372/372 373/373 374/374
f 269/269 375/375 52/52
f 376/376 377/377 378/378
f 379/379 306/306 286/286
f 211/211 380/380 209/209
f 381/381 382/382 383/383
f 384/384 385/385 386/386
f 387/387 388/388 389/389
f 390/390 389/389 388/388
f 91/91 90/90 391/391
f 222/222 392/392 220/220
f 393/393 394/394 395/395
f 396/396 397/397 398/398
f 399/399 400/400 34/34
f 401/401 402/402 403/403
f 404/404 405/405 406/406
f 407/407 408/408 409/409
f 410/410 411/411 412/412
f 217/217 413/413 218/218
f 115/115 414/414 173/173
f 415/415 171/171 416/416
f 417/417 418/418 419/419
f 204/204 420/420 205/205
f 259/259 258/258 200/200
f 421/421 422/422 423/423
f 424/424 425/425 426/426
f 149/149 148/148 424/424
f 427/427 428/428 429/429
f 430/430 431/431 432/432
f 433/433 434/434 435/435
f 436/436 437/437 438/438
f 439/439 440/440 441/441
f 442/442 443/443 352/352
f 444/444 445/445 446/446
f 447/447 448/448 449/449
f 15/15 450/450 451/451
f 132/132 452/452 133/133
f 453/453 188/188 454/454
f 455/455 456/456 457/457
f 458/458 77/77 459/459
f 460/460 194/194 461/461
f 462/462 463/463 267/267
f 464/464 465/465 466/466
f 249/249 467/467 247/247
f 100/100 53/53 98/98
f 468/468 469/469 80/80
f 470/470 281/281 471/471
f 472/472 300/300 299/299
f 312/312 473/473 310/310
f 474/474 107/107 475/475
f 476/476 477/477 478/478
f 109/109 479/479 480/480
f 170/170 239/239 238/238
f 184/184 369/369 371/371
f 103/103 481/481 101/101
f 3/3 2/2 291/291
f 3/3 291/291 482/482
f 483/483 484/484 485/485
f 486/486 487/487 342/342
f 303/303 488/488 489/489
f 281/281 470/470 279/279
f 490/490 491/491 492/492
f 493/493 494/494 495/495
f 496/496 128/128 497/497
f 126/126 128/128 496/496
f 498/498 499/499 500/500
f 501/501 502/502 503/503
f 504/504 285/285 505/505
f 506/506 507/507 508/508
f 350/350 509/509 348/348
f 510/510 511/511 512/512
f 236/236 513/513 234/234
f 147/147 146/146 514/514
f 515/515 516/516 517/517
f 518/518 519/519 520/520
f 521/521 522/522 523/523
f 524/524 525/525 327/327
f 526/526 527/527 130/130
f 528/528 529/529 530/530
f 531/531 43/43 532/532
f 172/172 7/7 9/9
f 533/533 534/534 535/535
f 536/536 150/150 149/149
f 537/537 538/538 539/539
f 540/540 541/541 542/542
f 543/543 544/544 545/545
f 232/232 546/546 233/233
f 547/547 546/546 548/548
f 218/218 413/413 549/549
f 550/550 551/551 114/114
f 552/552 383/383 382/382
f 167/167 553/553 85/85
f 554/554 555/555 556/556
f 150/150 557/557 207/207
f 558/558 559/559 560/560
f 289/289 561/561 562/562
f 563/563 564/564 565/565
f 566/566 567/567 568/568
f 569/569 568/568 570/570
f 571/571 572/572 573/573
f 574/574 575/575 576/576
f 577/577 578/578 579/579
f 516/516 580/580 520/520
f 581/581 79/79 268/268
f 582/582 459/459 77/77
f 94/94 583/583 197/197
f 418/418 584/584 205/205
f 585/585 220/220 586/586
f 587/587 588/588 589/589
f 590/590 11/11 188/188
f 474/474 590/590 107/107
f 55/55 591/591 53/53
f 592/592 566/566 593/593
f 551/551 550/550 71/71
f 594/594 595/595 358/358
f 596/596 597/597 598/598
f 599/599 600/600 601/601
f 602/602 603/603 604/604
f 327/327 326/326 524/524
f 605/605 606/606 607/607
f 495/495 494/494 608/608
f 609/609 610/610 264/264
f 611/611 612/612 613/613
f 277/277 106/106 105/105
f 226/226 225/225 614/614
f 614/614 7/7 171/171
f 168/168 615/615 616/616
f 144/144 617/617 142/142
f 618/618 619/619 435/435
f 620/620 621/621 622/622
f 623/623 410/410 412/412
f 624/624 625/625 626/626
f 627/627 39/39 38/38
f 39/39 275/275 274/274
f 628/628 629/629 630/630
f 631/631 632/632 633/633
f 492/492 462/462 634/634
f 635/635 636/636 637/637
f 409/409 226/226 407/407
f 638/638 355/355 639/639
f 640/640 641/641 642/642
f 643/643 644/644 645/645
f 448/448 646/646 647/647
f 648/648 649/649 298/298
f 650/650 651/651 652/652
f 653/653 654/654 655/655
f 656/656 657/657 658/658
f 659/659 660/660 89/89
f 661/661 662/662 663/663
f 664/664 665/665 666/666
f 667/667 668/668 669/669
f 670/670 671/671 672/672
f 461/461 93/93 673/673
f 422/422 421/421 674/674
f 96/96 198/198 675/675
f 676/676 677/677 164/164
f 678/678 679/679 680/680
f 681/681 512/512 511/511
f 208/208 682/682 683/683
f 684/684 344/344 685/685
f 153/153 686/686 151/151
f 395/395 687/687 393/393
f 688/688 689/689 690/690
f 493/493 691/691 494/494
f 692/692 356/356 693/693
f 564/564 563/563 694/694
f 695/695 696/696 178/178
f 328/328 697/697 326/326
f 698/698 699/699 166/166
f 700/700 701/701 702/702
f 703/703 704/704 702/702
f 518/518 705/705 519/519
f 706/706 707/707 708/708
f 468/468 709/709 710/710
f 667/667 711/711 668/668
f 440/440 439/439 712/712
f 713/713 361/361 714/714
f 361/361 713/713 362/362
f 548/548 546/546 715/715
f 548/548 716/716 16/16
f 717/717 718/718 719/719
f 483/483 719/719 484/484
f 720/720 626/626 625/625
f 721/721 722/722 723/723
f 293/293 724/724 725/725
f 47/47 726/726 41/41
f 727/727 728/728 729/729
f 730/730 731/731 732/732
f 37/37 733/733 734/734
f 555/555 554/554 735/735
f 64/64 736/736 62/62
f 532/532 331/331 531/531
f 588/588 737/737 589/589
f 429/429 738/738 427/427
f 739/739 263/263 262/262
f 740/740 741/741 448/448
f 742/742 450/450 743/743
f 744/744 745/745 476/476
f 746/746 441/441 440/440
f 747/747 748/748 749/749
f 750/750 230/230 229/229
f 21/21 751/751 19/19
f 752/752 466/466 753/753
f 598/598 754/754 596/596
f 755/755 179/179 756/756
f 757/757 17/17 758/758
f 210/210 209/209 17/17
f 688/688 759/759 689/689
f 760/760 761/761 762/762
f 581/581 459/459 582/582
f 184/184 763/763 30/30
f 764/764 515/515 765/765
f 515/515 517/517 519/519
f 661/661 51/51 50/50
f 432/432 222/222 221/221
f 766/766 767/767 366/366
f 550/550 767/767 766/766
f 24/24 338/338 206/206
f 735/735 768/768 555/555
f 769/769 503/503 502/502
f 770/770 70/70 69/69
f 567/567 566/566 771/771
f 54/54 772/772 55/55
f 773/773 774/774 595/595
f 6/6 775/775 4/4
f 189/189 776/776 188/188
f 188/188 776/776 454/454
f 777/777 778/778 704/704
f 779/779 101/101 481/481
f 622/622 780/780 620/620
f 781/781 782/782 783/783
f 471/471 784/784 785/785
f 166/166 85/85 84/84
f 786/786 107/107 590/590
f 108/108 107/107 787/787
f 788/788 789/789 790/790
f 116/116 791/791 767/767
f 792/792 793/793 445/445
f 523/523 794/794 521/521
f 795/795 605/605 309/309
f 787/787 104/104 108/108
f 543/543 796/796 544/544
f 797/797 798/798 799/799
f 800/800 801/801 802/802
f 405/405 404/404 803/803
f 172/172 414/414 171/171
f 171/171 414/414 416/416
f 804/804 805/805 529/529
f 806/806 807/807 808/808
f 652/652 809/809 810/810
f 340/340 811/811 42/42
f 812/812 813/813 558/558
f 814/814 424/424 815/815
f 300/300 482/482 816/816
f 632/632 631/631 630/630
f 322/322 321/321 318/318
f 817/817 282/282 88/88
f 419/419 418/418 181/181
f 625/625 818/818 720/720
f 117/117 217/217 118/118
f 402/402 336/336 819/819
f 819/819 96/96 675/675
f 820/820 821/821 822/822
f 143/143 823/823 824/824
f 454/454 825/825 278/278
f 359/359 826/826 456/456
f 827/827 828/828 430/430
f 432/432 827/827 430/430
f 304/304 305/305 829/829
f 830/830 831/831 832/832
f 833/833 371/371 834/834
f 763/763 833/833 835/835
f 438/438 437/437 836/836
f 836/836 184/184 837/837
f 838/838 839/839 840/840
f 839/839 838/838 660/660
f 489/489 841/841 842/842
f 841/841 489/489 843/843
f 843/843 279/279 841/841
f 308/308 844/844 480/480
f 845/845 574/574 576/576
f 573/573 846/846 571/571
f 847/847 848/848 849/849
f 850/850 849/849 848/848
f 315/315 644/644 313/313
f 644/644 643/643 61/61
f 383/383 851/851 381/381
f 852/852 211/211 210/210
f 853/853 854/854 855/855
f 856/856 853/853 857/857
f 202/202 710/710 709/709
f 858/858 859/859 710/710
f 409/409 860/860 382/382
f 382/382 381/381 409/409
f 861/861 862/862 97/97
f 97/97 863/863 861/861
f 864/864 865/865 866/866
f 194/194 460/460 865/865
f 507/507 506/506 867/867
f 868/868 483/483 869/869
f 149/149 34/34 870/870
f 426/426 149/149 424/424
f 871/871 465/465 464/464
f 490/490 872/872 873/873
f 874/874 875/875 876/876
f 877/877 878/878 879/879
f 480/480 309/309 308/308
f 309/309 480/480 795/795
f 880/880 303/303 302/302
f 473/473 881/881 882/882
f 8/8 883/883 884/884
f 535/535 885/885 533/533
f 685/685 886/886 887/887
f 820/820 888/888 821/821
f 889/889 587/587 890/890
f 414/414 115/115 416/416
f 71/71 891/891 892/892
f 314/314 313/313 317/317
f 746/746 893/893 894/894
f 895/895 640/640 642/642
f 497/497 896/896 269/269
f 897/897 898/898 690/690
f 242/242 899/899 240/240
f 869/869 900/900 868/868
f 901/901 729/729 728/728
f 902/902 903/903 878/878
f 904/904 354/354 905/905
f 906/906 907/907 354/354
f 299/299 882/882 472/472
f 475/475 12/12 474/474
f 357/357 356/356 692/692
f 601/601 908/908 599/599
f 909/909 910/910 911/911
f 912/912 913/913 914/914
f 617/617 144/144 915/915
f 237/237 916/916 915/915
f 917/917 620/620 157/157
f 722/722 918/918 723/723
f 919/919 5/5 920/920
f 921/921 608/608 920/920
f 185/185 922/922 370/370
f 923/923 162/162 161/161
f 924/924 214/214 213/213
f 214/214 925/925 229/229
f 676/676 926/926 320/320
f 927/927 23/23 22/22
f 928/928 677/677 929/929
f 199/199 201/201 569/569
f 626/626 930/930 624/624
f 931/931 623/623 932/932
f 525/525 524/524 169/169
f 527/527 526/526 933/933
f 934/934 935/935 681/681
f 679/679 678/678 936/936
f 937/937 139/139 138/138
f 824/824 938/938 143/143
f 74/74 76/76 764/764
f 939/939 657/657 656/656
f 798/798 940/940 518/518
f 737/737 941/941 942/942
f 943/943 221/221 941/941
f 318/318 944/944 254/254
f 364/364 363/363 945/945
f 515/515 946/946 765/765
f 947/947 519/519 705/705
f 435/435 434/434 618/618
f 679/679 948/948 680/680
f 949/949 523/523 950/950
f 731/731 730/730 951/951
f 952/952 953/953 687/687
f 540/540 954/954 541/541
f 955/955 956/956 957/957
f 958/958 955/955 957/957
f 733/733 37/37 39/39
f 959/959 39/39 274/274
f 124/124 123/123 960/960
f 961/961 962/962 306/306
f 443/443 442/442 907/907
f 963/963 907/907 964/964
f 965/965 955/955 958/958
f 966/966 187/187 160/160
f 967/967 520/520 292/292
f 732/732 968/968 730/730
f 589/589 890/890 587/587
f 146/146 890/890 969/969
f 864/864 866/866 970/970
f 866/866 73/73 970/970
f 971/971 257/257 972/972
f 165/165 570/570 971/971
f 973/973 974/974 707/707
f 707/707 706/706 973/973
f 399/399 975/975 334/334
f 976/976 400/400 399/399
f 556/556 24/24 23/23
f 628/628 630/630 631/631
f 462/462 977/977 634/634
f 417/417 977/977 978/978
f 979/979 241/241 980/980
f 932/932 981/981 931/931
f 681/681 511/511 934/934
f 780/780 622/622 781/781
f 185/185 782/782 186/186
f 549/549 368/368 218/218
f 218/218 368/368 367/367
f 982/982 640/640 643/643
f 745/745 744/744 276/276
f 983/983 452/452 132/132
f 984/984 133/133 743/743
f 295/295 985/985 986/986
f 826/826 359/359 825/825
f 14/14 987/987 92/92
f 792/792 988/988 989/989
f 620/620 780/780 990/990
f 783/783 990/990 781/781
f 587/587 991/991 992/992
f 613/613 992/992 611/611
f 799/799 993/993 797/797
f 682/682 208/208 994/994
f 347/347 887/887 345/345
f 44/44 995/995 528/528
f 804/804 529/529 528/528
f 550/550 72/72 71/71
f 216/216 996/996 411/411
f 997/997 664/664 998/998
f 800/800 999/999 84/84
f 859/859 999/999 469/469
f 471/471 1000/1000 470/470
f 88/88 282/282 202/202
f 626/626 1001/1001 1002/1002
f 604/604 1002/1002 602/602
f 1003/1003 828/828 429/429
f 809/809 1004/1004 1003/1003
f 63/63 340/340 339/339
f 655/655 654/654 1005/1005
f 956/956 955/955 1006/1006
f 119/119 500/500 499/499
f 802/802 803/803 404/404
f 408/408 860/860 409/409
f 42/42 48/48 40/40
f 1007/1007 42/42 811/811
f 572/572 397/397 396/396
f 411/411 215/215 216/216
f 410/410 510/510 411/411
f 1008/1008 104/104 1009/1009
f 606/606 605/605 239/239
f 325/325 758/758 323/323
f 758/758 325/325 757/757
f 248/248 247/247 1010/1010
f 600/600 406/406 405/405
f 741/741 446/446 1011/1011
f 1011/1011 1012/1012 1013/1013
f 1014/1014 911/911 910/910
f 914/914 1015/1015 912/912
f 735/735 207/207 557/557
f 733/733 207/207 1016/1016
f 286/286 285/285 379/379
f 829/829 379/379 285/285
f 1017/1017 122/122 121/121
f 1018/1018 994/994 208/208
f 585/585 942/942 941/941
f 890/890 589/589 1019/1019
f 863/863 97/97 96/96
f 1020/1020 819/819 336/336
f 204/204 203/203 301/301
f 842/842 284/284 489/489
f 1021/1021 10/10 12/12
f 663/663 1022/1022 661/661
f 392/392 1023/1023 1022/1022
f 696/696 695/695 1024/1024
f 1025/1025 1026/1026 1027/1027
f 662/662 661/661 50/50
f 456/456 50/50 359/359
f 266/266 609/609 264/264
f 1028/1028 348/348 509/509
f 1029/1029 54/54 53/53
f 721/721 1030/1030 722/722
f 465/465 871/871 1031/1031
f 635/635 753/753 636/636
f 356/356 355/355 1032/1032
f 5/5 919/919 1032/1032
f 649/649 296/296 298/298
f 794/794 792/792 989/989
f 314/314 1033/1033 749/749
f 655/655 749/749 653/653
f 674/674 102/102 422/422
f 1034/1034 196/196 1035/1035
f 1036/1036 840/840 839/839
f 1037/1037 388/388 1038/1038
f 888/888 514/514 821/821
f 353/353 352/352 824/824
f 401/401 538/538 537/537
f 337/337 768/768 1039/1039
f 106/106 1009/1009 104/104
f 106/106 1040/1040 1009/1009
f 320/320 926/926 944/944
f 944/944 945/945 363/363
f 568/568 593/593 566/566
f 568/568 569/569 1041/1041
f 527/527 616/616 615/615
f 527/527 1042/1042 616/616
f 138/138 1043/1043 1044/1044
f 138/138 1044/1044 937/937
f 1045/1045 798/798 518/518
f 979/979 242/242 241/241
f 394/394 845/845 1046/1046
f 1047/1047 420/420 204/204
f 817/817 181/181 418/418
f 89/89 660/660 1048/1048
f 1049/1049 1048/1048 1050/1050
f 57/57 1051/1051 159/159
f 57/57 159/159 158/158
f 675/675 198/198 1052/1052
f 1053/1053 1052/1052 1054/1054
f 463/463 921/921 267/267
f 1055/1055 5/5 268/268
f 565/565 1037/1037 563/563
f 834/834 835/835 833/833
f 103/103 1034/1034 1035/1035
f 275/275 1056/1056 273/273
f 272/272 227/227 1056/1056
f 129/129 18/18 17/17
f 757/757 129/129 17/17
f 559/559 647/647 560/560
f 12/12 475/475 310/310
f 311/311 310/310 475/475
f 985/985 1057/1057 986/986
f 59/59 1057/1057 47/47
f 624/624 412/412 1058/1058
f 1059/1059 217/217 117/117
f 263/263 1060/1060 1061/1061
f 1062/1062 558/558 813/813
f 253/253 252/252 1063/1063
f 172/172 9/9 1064/1064
f 503/503 769/769 1065/1065
f 256/256 255/255 498/498
f 376/376 384/384 377/377
f 960/960 961/961 124/124
f 1066/1066 723/723 918/918
f 467/467 708/708 707/707
f 1067/1067 112/112 1068/1068
f 224/224 223/223 693/693
f 803/803 1069/1069 405/405
f 1070/1070 601/601 639/639
f 978/978 1071/1071 267/267
f 978/978 977/977 462/462
f 1072/1072 208/208 191/191
f 505/505 508/508 507/507
f 938/938 441/441 937/937
f 441/441 938/938 439/439
f 1073/1073 444/444 740/740
f 1074/1074 1075/1075 228/228
f 61/61 316/316 644/644
f 60/60 316/316 61/61
f 756/756 1027/1027 1026/1026
f 1076/1076 960/960 123/123
f 132/132 1077/1077 983/983
f 67/67 134/134 65/65
f 530/530 808/808 332/332
f 332/332 808/808 333/333
f 553/553 552/552 1078/1078
f 380/380 323/323 758/758
f 1079/1079 264/264 610/610
f 1079/1079 183/183 112/112
f 896/896 497/497 128/128
f 896/896 128/128 271/271
f 834/834 371/371 1080/1080
f 162/162 923/923 922/922
f 742/742 478/478 451/451
f 451/451 450/450 742/742
f 851/851 273/273 1056/1056
f 213/213 852/852 924/924
f 697/697 307/307 607/607
f 280/280 698/698 784/784
f 45/45 1081/1081 43/43
f 736/736 245/245 244/244
f 292/292 1082/1082 816/816
f 816/816 1082/1082 300/300
f 161/161 160/160 1083/1083
f 778/778 777/777 779/779
f 1084/1084 883/883 627/627
f 1085/1085 633/633 1086/1086
f 576/576 1046/1046 845/845
f 488/488 843/843 489/489
f 844/844 312/312 311/311
f 156/156 25/25 154/154
f 111/111 1087/1087 223/223
f 191/191 193/193 504/504
f 939/939 831/831 193/193
f 274/274 814/814 815/815
f 482/482 212/212 3/3
f 1088/1088 1089/1089 544/544
f 557/557 1039/1039 768/768
f 557/557 768/768 735/735
f 330/330 1090/1090 807/807
f 1091/1091 1090/1090 1092/1092
f 699/699 167/167 166/166
f 324/324 328/328 327/327
f 491/491 1093/1093 608/608
f 264/264 490/490 873/873
f 727/727 1094/1094 728/728
f 1095/1095 903/903 902/902
f 423/423 1096/1096 1097/1097
f 1096/1096 423/423 422/422
f 534/534 533/533 1098/1098
f 1098/1098 632/632 322/322
f 304/304 1099/1099 755/755
f 179/179 755/755 1099/1099
f 87/87 182/182 181/181
f 751/751 374/374 373/373
f 951/951 950/950 1100/1100
f 961/961 719/719 962/962
f 719/719 1101/1101 962/962
f 1102/1102 783/783 782/782
f 433/433 836/836 437/437
f 354/354 904/904 906/906
f 969/969 1103/1103 146/146
f 1104/1104 295/295 15/15
f 271/271 293/293 1105/1105
f 866/866 1106/1106 73/73
f 459/459 581/581 1107/1107
f 205/205 584/584 1108/1108
f 205/205 1108/1108 203/203
f 479/479 109/109 108/108
f 795/795 1109/1109 1110/1110
f 1111/1111 951/951 730/730
f 729/729 730/730 727/727
f 1112/1112 194/194 865/865
f 195/195 194/194 1112/1112
f 190/190 1099/1099 304/304
f 830/830 1048/1048 190/190
f 174/174 1063/1063 252/252
f 789/789 788/788 116/116
f 881/881 472/472 882/882
f 425/425 880/880 426/426
f 597/597 386/386 385/385
f 947/947 765/765 946/946
f 290/290 391/391 90/90
f 664/664 997/997 665/665
f 997/997 50/50 456/456
f 701/701 700/700 199/199
f 928/928 1052/1052 701/701
f 1113/1113 867/867 506/506
f 287/287 962/962 1101/1101
f 712/712 439/439 964/964
f 667/667 315/315 711/711
f 1114/1114 501/501 498/498
f 367/367 118/118 218/218
f 1042/1042 527/527 933/933
f 525/525 933/933 325/325
f 58/58 372/372 56/56
f 619/619 620/620 990/990
f 782/782 370/370 1102/1102
f 370/370 782/782 185/185
f 773/773 71/71 774/774
f 73/73 774/774 71/71
f 164/164 163/163 68/68
f 945/945 944/944 926/926
f 1115/1115 879/879 1116/1116
f 785/785 84/84 999/999
f 84/84 785/785 166/166
f 776/776 1117/1117 454/454
f 1118/1118 666/666 776/776
f 658/658 683/683 682/682
f 657/657 683/683 658/658
f 640/640 982/982 671/671
f 645/645 672/672 671/671
f 477/477 104/104 787/787
f 786/786 478/478 477/477
f 102/102 101/101 703/703
f 704/704 703/703 777/777
f 839/839 694/694 1036/1036
f 91/91 659/659 89/89
f 70/70 1065/1065 769/769
f 790/790 365/365 364/364
f 117/117 772/772 54/54
f 1119/1119 1059/1059 117/117
f 1032/1032 691/691 356/356
f 691/691 493/493 356/356
f 200/200 704/704 259/259
f 704/704 700/700 702/702
f 893/893 314/314 749/749
f 440/440 712/712 314/314
f 429/429 828/828 738/738
f 738/738 943/943 941/941
f 1120/1120 83/83 860/860
f 860/860 83/83 1078/1078
f 964/964 439/439 963/963
f 1121/1121 352/352 443/443
f 550/550 1122/1122 72/72
f 550/550 766/766 1122/1122
f 586/586 220/220 392/392
f 590/590 478/478 786/786
f 278/278 453/453 454/454
f 331/331 330/330 531/531
f 804/804 531/531 805/805
f 855/855 1123/1123 853/853
f 36/36 93/93 975/975
f 1124/1124 1125/1125 93/93
f 144/144 1126/1126 915/915
f 238/238 168/168 170/170
f 847/847 126/126 848/848
f 530/530 546/546 547/547
f 913/913 761/761 760/760
f 1127/1127 796/796 543/543
f 653/653 60/60 654/654
f 651/651 650/650 431/431
f 115/115 114/114 551/551
f 1128/1128 891/891 115/115
f 588/588 427/427 738/738
f 136/136 65/65 134/134
f 556/556 251/251 250/250
f 23/23 1085/1085 556/556
f 678/678 1129/1129 936/936
f 29/29 28/28 436/436
f 306/306 379/379 305/305
f 379/379 829/829 305/305
f 614/614 355/355 638/638
f 358/358 415/415 594/594
f 837/837 29/29 436/436
f 184/184 29/29 837/837
f 810/810 340/340 652/652
f 652/652 1005/1005 650/650
f 706/706 1130/1130 973/973
f 82/82 468/468 80/80
f 412/412 1131/1131 1058/1058
f 412/412 413/413 217/217
f 648/648 298/298 1013/1013
f 257/257 971/971 1132/1132
f 567/567 570/570 568/568
f 520/520 876/876 875/875
f 520/520 967/967 518/518
f 915/915 916/916 617/617
f 617/617 234/234 513/513
f 644/644 315/315 1133/1133
f 672/672 1133/1133 670/670
f 452/452 983/983 1134/1134
f 743/743 133/133 452/452
f 27/27 154/154 25/25
f 930/930 932/932 623/623
f 77/77 458/458 583/583
f 417/417 584/584 418/418
f 698/698 166/166 784/784
f 784/784 166/166 785/785
f 935/935 936/936 681/681
f 681/681 936/936 1129/1129
f 605/605 1110/1110 239/239
f 605/605 795/795 1110/1110
f 1092/1092 725/725 1091/1091
f 985/985 295/295 726/726
f 739/739 447/447 449/449
f 262/262 447/447 739/739
f 803/803 407/407 1069/1069
f 639/639 407/407 638/638
f 1135/1135 858/858 1000/1000
f 859/859 858/858 1135/1135
f 908/908 601/601 1070/1070
f 692/692 693/693 223/223
f 661/661 1022/1022 1023/1023
f 661/661 1023/1023 51/51
f 1055/1055 921/921 5/5
f 920/920 5/5 921/921
f 593/593 568/568 1041/1041
f 201/201 200/200 258/258
f 1061/1061 261/261 263/263
f 269/269 270/270 643/643
f 642/642 269/269 895/895
f 958/958 160/160 187/187
f 260/260 1083/1083 160/160
f 402/402 401/401 976/976
f 334/334 976/976 399/399
f 214/214 924/924 925/925
f 17/17 16/16 210/210
f 530/530 547/547 528/528
f 527/527 528/528 130/130
f 595/595 594/594 773/773
f 416/416 115/115 891/891
f 196/196 1034/1034 674/674
f 862/862 861/861 1124/1124
f 935/935 679/679 936/936
f 20/20 350/350 349/349
f 232/232 750/750 229/229
f 716/716 229/229 925/925
f 825/825 454/454 457/457
f 1117/1117 457/457 454/454
f 637/637 636/636 977/977
f 417/417 637/637 977/977
f 387/387 389/389 1136/1136
f 397/397 572/572 1137/1137
f 1078/1078 382/382 860/860
f 382/382 1078/1078 552/552
f 106/106 277/277 611/611
f 1040/1040 106/106 235/235
f 867/867 120/120 507/507
f 487/487 868/868 900/900
f 538/538 536/536 539/539
f 149/149 870/870 536/536
f 871/871 492/492 1031/1031
f 490/490 492/492 872/872
f 302/302 426/426 880/880
f 34/34 203/203 35/35
f 717/717 378/378 718/718
f 821/821 1138/1138 822/822
f 353/353 1138/1138 821/821
f 244/244 62/62 736/736
f 748/748 746/746 894/894
f 1010/1010 600/600 248/248
f 600/600 599/599 602/602
f 186/186 99/99 591/591
f 622/622 186/186 782/782
f 1072/1072 191/191 505/505
f 504/504 505/505 191/191
f 793/793 792/792 648/648
f 1012/1012 1011/1011 446/446
f 948/948 618/618 434/434
f 373/373 19/19 751/751
f 579/579 1139/1139 577/577
f 345/345 887/887 886/886
f 502/502 788/788 769/769
f 791/791 366/366 767/767
f 927/927 676/676 629/629
f 629/629 628/628 927/927
f 138/138 45/45 140/140
f 1043/1043 138/138 615/615
f 346/346 856/856 361/361
f 854/854 579/579 578/578
f 574/574 845/845 846/846
f 845/845 394/394 979/979
f 73/73 4/4 775/775
f 268/268 73/73 581/581
f 697/697 607/607 326/326
f 326/326 607/607 524/524
f 464/464 873/873 872/872
f 265/265 464/464 351/351
f 52/52 92/92 987/987
f 271/271 52/52 896/896
f 848/848 497/497 642/642
f 269/269 642/642 497/497
f 331/331 341/341 329/329
f 339/339 64/64 63/63
f 186/186 591/591 965/965
f 965/965 591/591 55/55
f 135/135 1007/1007 219/219
f 48/48 131/131 49/49
f 398/398 397/397 1140/1140
f 57/57 87/87 86/86
f 1051/1051 57/57 709/709
f 819/819 403/403 402/402
f 675/675 403/403 819/819
f 8/8 627/627 883/883
f 8/8 1141/1141 272/272
f 714/714 75/75 74/74
f 74/74 939/939 714/714
f 763/763 864/864 970/970
f 195/195 1112/1112 763/763
f 349/349 21/21 20/20
f 466/466 351/351 464/464
f 609/609 110/110 183/183
f 26/26 1028/1028 175/175
f 1142/1142 1143/1143 1079/1079
f 1143/1143 1142/1142 1093/1093
f 572/572 571/571 1144/1144
f 1080/1080 922/922 923/923
f 481/481 923/923 779/779
f 638/638 226/226 614/614
f 407/407 226/226 638/638
f 385/385 598/598 597/597
f 1026/1026 1076/1076 756/756
f 391/391 290/290 289/289
f 694/694 391/391 564/564
f 525/525 1042/1042 933/933
f 1042/1042 525/525 616/616
f 1038/1038 1145/1145 840/840
f 1145/1145 1024/1024 695/695
f 890/890 1019/1019 969/969
f 823/823 822/822 1138/1138
f 513/513 142/142 617/617
f 181/181 635/635 419/419
f 181/181 180/180 635/635
f 735/735 1016/1016 207/207
f 735/735 1146/1146 1016/1016
f 428/428 810/810 809/809
f 811/811 219/219 1007/1007
f 687/687 541/541 952/952
f 12/12 151/151 1021/1021
f 151/151 12/12 882/882
f 981/981 934/934 511/511
f 509/509 175/175 1028/1028
f 1056/1056 275/275 272/272
f 272/272 627/627 8/8
f 887/887 347/347 682/682
f 682/682 362/362 658/658
f 1100/1100 523/523 522/522
f 523/523 1100/1100 950/950
f 23/23 1147/1147 1085/1085
f 927/927 1147/1147 23/23
f 996/996 216/216 1122/1122
f 549/549 1122/1122 766/766
f 899/899 897/897 240/240
f 953/953 393/393 687/687
f 858/858 282/282 1000/1000
f 1000/1000 842/842 841/841
f 1030/1030 53/53 722/722
f 53/53 100/100 722/722
f 11/11 590/590 474/474
f 12/12 11/11 1148/1148
f 832/832 1050/1050 1048/1048
f 1048/1048 830/830 832/832
f 1052/1052 928/928 929/929
f 929/929 1054/1054 1052/1052
f 1123/1123 516/516 360/360
f 76/76 360/360 516/516
f 856/856 857/857 361/361
f 857/857 714/714 361/361
f 884/884 883/883 885/885
f 883/883 1086/1086 633/633
f 1107/1107 865/865 459/459
f 865/865 460/460 459/459
f 170/170 169/169 524/524
f 239/239 170/170 606/606
f 147/147 514/514 888/888
f 991/991 587/587 889/889
f 33/33 292/292 31/31
f 292/292 520/520 31/31
f 481/481 103/103 1149/1149
f 1035/1035 1149/1149 103/103
f 712/712 315/315 314/314
f 315/315 712/712 964/964
f 344/344 486/486 342/342
f 121/121 1018/1018 1017/1017
f 907/907 668/668 711/711
f 514/514 353/353 821/821
f 905/905 514/514 904/904
f 1063/1063 1064/1064 253/253
f 1098/1098 319/319 534/534
f 214/214 3/3 212/212
f 214/214 1075/1075 3/3
f 391/391 694/694 91/91
f 659/659 1150/1150 694/694
f 516/516 515/515 76/76
f 764/764 76/76 515/515
f 511/511 510/510 931/931
f 981/981 511/511 931/931
f 81/81 404/404 246/246
f 800/800 802/802 404/404
f 1001/1001 626/626 720/720
f 1029/1029 53/53 1030/1030
f 418/418 420/420 817/817
f 420/420 418/418 205/205
f 43/43 531/531 804/804
f 44/44 43/43 995/995
f 246/246 974/974 973/973
f 600/600 1010/1010 406/406
f 514/514 146/146 1151/1151
f 1151/1151 146/146 1103/1103
f 365/365 252/252 363/363
f 252/252 789/789 174/174
f 1060/1060 263/263 1062/1062
f 100/100 918/918 722/722
f 620/620 917/917 621/621
f 293/293 333/333 724/724
f 807/807 1090/1090 1091/1091
f 18/18 547/547 548/548
f 18/18 548/548 16/16
f 104/104 1110/1110 1109/1109
f 1110/1110 104/104 1008/1008
f 796/796 1127/1127 993/993
f 993/993 799/799 1088/1088
f 846/846 573/573 574/574
f 398/398 574/574 396/396
f 792/792 794/794 1152/1152
f 1152/1152 648/648 792/792
f 7/7 614/614 1141/1141
f 1141/1141 8/8 7/7
f 1039/1039 538/538 337/337
f 538/538 1039/1039 536/536
f 1125/1125 975/975 93/93
f 335/335 861/861 863/863
f 458/458 197/197 583/583
f 461/461 673/673 460/460
f 754/754 387/387 1136/1136
f 1024/1024 1025/1025 696/696
f 743/743 1134/1134 742/742
f 743/743 452/452 1134/1134
f 958/958 957/957 592/592
f 160/160 958/958 260/260
f 900/900 342/342 487/487
f 711/711 315/315 964/964
f 711/711 964/964 907/907
f 727/727 968/968 1094/1094
f 727/727 730/730 968/968
f 705/705 288/288 947/947
f 820/820 992/992 991/991
f 992/992 236/236 235/235
f 1153/1153 1115/1115 874/874
f 1146/1146 37/37 734/734
f 250/250 554/554 556/556
f 620/620 619/619 158/158
f 158/158 157/157 620/620
f 304/304 829/829 831/831
f 504/504 193/193 831/831
f 499/499 498/498 255/255
f 771/771 957/957 956/956
f 221/221 827/827 432/432
f 828/828 827/827 221/221
f 497/497 848/848 496/496
f 126/126 496/496 848/848
f 450/450 15/15 986/986
f 986/986 1057/1057 984/984
f 199/199 569/569 677/677
f 165/165 164/164 677/677
f 761/761 913/913 1127/1127
f 83/83 1120/1120 802/802
f 801/801 83/83 802/802
f 436/436 28/28 1129/1129
f 512/512 28/28 510/510
f 721/721 1002/1002 1001/1001
f 1002/1002 249/249 248/248
f 1154/1154 902/902 1155/1155
f 878/878 1155/1155 902/902
f 1047/1047 817/817 420/420
f 282/282 817/817 283/283
f 744/744 476/476 742/742
f 478/478 742/742 476/476
f 357/357 639/639 355/355
f 1070/1070 639/639 357/357
f 704/704 200/200 700/700
f 200/200 199/199 700/700
f 992/992 613/613 587/587
f 588/588 587/587 613/613
f 972/972 770/770 971/971
f 1065/1065 256/256 503/503
f 1083/1083 778/778 161/161
f 1156/1156 259/259 704/704
f 369/369 184/184 836/836
f 783/783 1102/1102 836/836
f 654/654 650/650 1005/1005
f 650/650 654/654 60/60
f 954/954 952/952 541/541
f 898/898 688/688 690/690
f 612/612 611/611 277/277
f 277/277 1157/1157 612/612
f 428/428 809/809 429/429
f 809/809 1003/1003 429/429
f 503/503 498/498 501/501
f 498/498 503/503 256/256
f 413/413 412/412 411/411
f 413/413 411/411 996/996
f 206/206 337/337 401/401
f 401/401 337/337 538/538
f 1119/1119 625/625 1058/1058
f 625/625 624/624 1058/1058
f 1062/1062 813/813 1158/1158
f 813/813 812/812 1158/1158
f 903/903 1116/1116 879/879
f 879/879 878/878 903/903
f 284/284 842/842 282/282
f 1000/1000 282/282 842/842
f 187/187 966/966 185/185
f 922/922 185/185 162/162
f 118/118 367/367 1114/1114
f 500/500 119/119 118/118
f 1002/1002 604/604 626/626
f 930/930 626/626 604/604
f 493/493 693/693 356/356
f 1068/1068 224/224 693/693
f 994/994 887/887 682/682
f 887/887 684/684 685/685
f 878/878 901/901 1155/1155
f 63/63 747/747 340/340
f 748/748 747/747 63/63
f 532/532 45/45 245/245
f 138/138 245/245 45/45
f 806/806 808/808 805/805
f 806/806 805/805 531/531
f 340/340 1005/1005 652/652
f 340/340 747/747 1005/1005
f 623/623 624/624 930/930
f 412/412 624/624 623/623
f 690/690 240/240 897/897
f 585/585 941/941 220/220
f 220/220 941/941 221/221
f 1064/1064 1063/1063 172/172
f 172/172 173/173 414/414
f 163/163 971/971 770/770
f 165/165 971/971 163/163
f 251/251 556/556 1085/1085
f 1086/1086 251/251 1085/1085
f 603/603 602/602 599/599
f 599/599 1159/1159 603/603
f 708/708 157/157 706/706
f 157/157 1066/1066 917/917
f 1031/1031 636/636 753/753
f 634/634 977/977 636/636
f 957/957 771/771 566/566
f 566/566 592/592 957/957
f 207/207 959/959 815/815
f 815/815 959/959 274/274
f 319/319 1098/1098 318/318
f 322/322 318/318 1098/1098
f 122/122 507/507 120/120
f 1072/1072 505/505 507/507
f 1035/1035 196/196 195/195
f 1149/1149 1035/1035 835/835
f 1160/1160 153/153 152/152
f 886/886 577/577 1139/1139
f 752/752 87/87 374/374
f 57/57 374/374 87/87
f 222/222 432/432 1023/1023
f 392/392 222/222 1023/1023
f 891/891 71/71 773/773
f 773/773 594/594 891/891
f 20/20 679/679 935/935
f 948/948 679/679 20/20
f 41/41 1092/1092 1090/1090
f 330/330 329/329 1090/1090
f 54/54 1119/1119 117/117
f 818/818 54/54 1029/1029
f 799/799 1161/1161 1089/1089
f 1088/1088 799/799 1089/1089
f 615/615 168/168 1043/1043
f 168/168 238/238 1126/1126
f 244/244 139/139 1162/1162
f 139/139 937/937 441/441
f 133/133 984/984 1057/1057
f 1057/1057 59/59 49/49
f 24/24 556/556 555/555
f 24/24 555/555 768/768
f 235/235 234/234 1040/1040
f 234/234 617/617 916/916
f 331/331 532/532 736/736
f 245/245 736/736 532/532
f 1079/1079 495/495 1142/1142
f 1067/1067 1079/1079 112/112
f 833/833 763/763 184/184
f 371/371 833/833 184/184
f 616/616 169/169 168/168
f 525/525 169/169 616/616
f 143/143 937/937 1044/1044
f 937/937 143/143 938/938
f 642/642 641/641 850/850
f 642/642 850/850 848/848
f 114/114 767/767 550/550
f 767/767 114/114 116/116
f 753/753 180/180 752/752
f 180/180 753/753 635/635
f 55/55 772/772 955/955
f 965/965 55/55 955/955
f 1048/1048 1049/1049 89/89
f 90/90 89/89 1049/1049
f 432/432 141/141 1023/1023
f 141/141 432/432 431/431
f 870/870 34/34 400/400
f 539/539 400/400 537/537
f 709/709 468/468 1051/1051
f 468/468 82/82 1130/1130
f 399/399 36/36 975/975
f 36/36 399/399 34/34
f 1052/1052 1053/1053 675/675
f 403/403 675/675 1053/1053
f 545/545 762/762 761/761
f 176/176 216/216 28/28
f 216/216 176/176 1122/1122
f 1015/1015 540/540 542/542
f 759/759 1014/1014 689/689
f 680/680 437/437 678/678
f 437/437 434/434 433/433
f 515/515 519/519 946/946
f 519/519 947/947 946/946
f 768/768 337/337 338/338
f 24/24 768/768 338/338
f 190/190 1163/1163 178/178
f 1163/1163 190/190 1048/1048
f 466/466 752/752 751/751
f 374/374 751/751 752/752
f 707/707 247/247 467/467
f 247/247 707/707 974/974
f 189/189 11/11 10/10
f 1097/1097 701/701 1052/1052
f 701/701 1097/1097 1096/1096
f 134/134 612/612 1157/1157
f 132/132 131/131 134/134
f 471/471 785/785 859/859
f 859/859 785/785 999/999
f 3/3 1075/1075 1/1
f 745/745 477/477 476/476
f 104/104 477/477 105/105
f 798/798 1045/1045 1161/1161
f 1161/1161 799/799 798/798
f 961/961 960/960 376/376
f 717/717 719/719 961/961
f 352/352 1121/1121 938/938
f 938/938 824/824 352/352
f 235/235 611/611 992/992
f 611/611 235/235 106/106
f 922/922 1080/1080 371/371
f 922/922 371/371 370/370
f 25/25 603/603 1159/1159
f 111/111 110/110 25/25
f 1101/1101 719/719 483/483
f 483/483 868/868 1113/1113
f 779/779 161/161 778/778
f 161/161 779/779 923/923
f 144/144 1044/1044 1043/1043
f 1044/1044 144/144 143/143
f 480/480 479/479 795/795
f 795/795 479/479 1109/1109
f 237/237 1009/1009 1040/1040
f 1009/1009 237/237 1008/1008
f 202/202 282/282 858/858
f 202/202 858/858 710/710
f 808/808 529/529 805/805
f 530/530 529/529 808/808
f 251/251 1086/1086 38/38
f 627/627 38/38 1084/1084
f 729/729 901/901 1164/1164
f 729/729 1111/1111 730/730
f 394/394 393/393 242/242
f 242/242 979/979 394/394
f 248/248 602/602 1002/1002
f 602/602 248/248 600/600
f 367/367 366/366 501/501
f 501/501 1114/1114 367/367
f 1120/1120 803/803 802/802
f 803/803 408/408 407/407
f 1108/1108 35/35 203/203
f 94/94 36/36 35/35
f 364/364 70/70 790/790
f 70/70 364/364 68/68
f 159/159 706/706 157/157
f 706/706 159/159 1051/1051
f 640/640 895/895 643/643
f 643/643 895/895 269/269
f 262/262 1165/1165 1073/1073
f 740/740 262/262 1073/1073
f 664/664 1118/1118 998/998
f 666/666 1118/1118 664/664
f 246/246 406/406 1010/1010
f 406/406 246/246 404/404
f 672/672 645/645 644/644
f 1133/1133 672/672 644/644
f 140/140 615/615 138/138
f 615/615 140/140 527/527
f 882/882 310/310 473/473
f 310/310 882/882 12/12
f 583/583 94/94 1108/1108
f 35/35 1108/1108 94/94
f 840/840 1036/1036 1038/1038
f 1038/1038 563/563 1037/1037
f 1016/1016 734/734 733/733
f 1146/1146 734/734 1016/1016
f 62/62 244/244 746/746
f 1162/1162 746/746 244/244
f 179/179 178/178 696/696
f 1027/1027 696/696 1025/1025
f 1103/1103 906/906 1151/1151
f 183/183 610/610 609/609
f 183/183 1079/1079 610/610
f 448/448 1011/1011 646/646
f 1011/1011 448/448 741/741
f 674/674 1124/1124 196/196
f 196/196 461/461 194/194
f 571/571 846/846 980/980
f 571/571 980/980 1166/1166
f 372/372 618/618 373/373
f 19/19 373/373 618/618
f 893/893 440/440 314/314
f 440/440 893/893 746/746
f 239/239 1110/1110 1008/1008
f 239/239 1008/1008 237/237
f 409/409 227/227 226/226
f 227/227 409/409 381/381
f 208/208 1017/1017 1018/1018
f 208/208 1072/1072 1017/1017
f 301/301 284/284 204/204
f 204/204 284/284 1047/1047
f 703/703 422/422 102/102
f 422/422 703/703 1096/1096
f 565/565 564/564 562/562
f 854/854 853/853 856/856
f 579/579 854/854 856/856
f 278/278 825/825 14/14
f 14/14 825/825 359/359
f 769/769 790/790 70/70
f 790/790 769/769 788/788
f 174/174 789/789 116/116
f 174/174 116/116 115/115
f 709/709 86/86 202/202
f 86/86 709/709 57/57
f 910/910 689/689 1014/1014
f 862/862 674/674 421/421
f 1124/1124 674/674 862/862
f 119/119 772/772 117/117
f 1006/1006 119/119 956/956
f 522/522 732/732 1100/1100
f 369/369 836/836 1102/1102
f 369/369 1102/1102 370/370
f 787/787 786/786 477/477
f 786/786 787/787 107/107
f 794/794 523/523 949/949
f 296/296 1152/1152 794/794
f 289/289 564/564 391/391
f 564/564 289/289 562/562
f 607/607 1167/1167 524/524
f 524/524 1167/1167 170/170
f 989/989 521/521 794/794
f 489/489 284/284 301/301
f 489/489 301/301 303/303
f 671/671 1168/1168 640/640
f 1168/1168 641/641 640/640
f 325/325 933/933 757/757
f 757/757 933/933 526/526
f 1160/1160 152/152 1082/1082
f 1082/1082 152/152 300/300
f 344/344 343/343 685/685
f 725/725 1092/1092 726/726
f 1092/1092 41/41 726/726
f 1112/1112 865/865 864/864
f 864/864 763/763 1112/1112
f 203/203 34/34 302/302
f 302/302 301/301 203/203
f 863/863 336/336 335/335
f 336/336 863/863 1020/1020
f 1133/1133 669/669 670/670
f 366/366 791/791 502/502
f 502/502 501/501 366/366
f 285/285 504/504 829/829
f 504/504 831/831 829/829
f 622/622 99/99 186/186
f 99/99 622/622 621/621
f 295/295 1104/1104 725/725
f 726/726 295/295 725/725
f 653/653 749/749 1033/1033
f 317/317 60/60 653/653
f 990/990 435/435 619/619
f 990/990 783/783 435/435
f 363/363 254/254 944/944
f 254/254 363/363 252/252
f 229/229 716/716 232/232
f 859/859 469/469 710/710
f 710/710 469/469 468/468
f 165/165 677/677 569/569
f 570/570 165/165 569/569
f 1139/1139 579/579 346/346
f 856/856 346/346 579/579
f 558/558 1062/1062 263/263
f 263/263 739/739 558/558
f 798/798 797/797 940/940
f 384/384 386/386 377/377
f 355/355 614/614 358/358
f 358/358 1032/1032 355/355
f 738/738 737/737 588/588
f 941/941 737/737 738/738
f 238/238 237/237 915/915
f 915/915 1126/1126 238/238
f 613/613 65/65 588/588
f 427/427 588/588 65/65
f 278/278 451/451 478/478
f 478/478 590/590 278/278
f 979/979 846/846 845/845
f 846/846 979/979 980/980
f 923/923 481/481 1080/1080
f 1149/1149 1080/1080 481/481
f 519/519 517/517 520/520
f 517/517 516/516 520/520
f 232/232 231/231 750/750
f 976/976 334/334 402/402
f 336/336 402/402 334/334
f 433/433 435/435 783/783
f 433/433 783/783 836/836
f 744/744 1134/1134 983/983
f 744/744 742/742 1134/1134
f 761/761 543/543 545/545
f 1127/1127 543/543 761/761
f 130/130 547/547 18/18
f 130/130 528/528 547/547
f 82/82 246/246 973/973
f 973/973 1130/1130 82/82
f 427/427 65/65 136/136
f 136/136 219/219 427/427
f 911/911 1014/1014 914/914
f 762/762 911/911 760/760
f 789/789 252/252 365/365
f 365/365 790/790 789/789
f 632/632 1098/1098 533/533
f 533/533 885/885 632/632
f 719/719 718/718 484/484
f 306/306 124/124 961/961
f 306/306 125/125 124/124
f 899/899 242/242 393/393
f 393/393 953/953 899/899
f 424/424 814/814 300/300
f 300/300 472/472 424/424
f 123/123 756/756 1076/1076
f 756/756 123/123 755/755
f 381/381 1056/1056 227/227
f 1056/1056 381/381 851/851
f 651/651 1003/1003 1004/1004
f 651/651 431/431 430/430
f 27/27 175/175 932/932
f 932/932 154/154 27/27
f 1034/1034 103/103 102/102
f 102/102 674/674 1034/1034
f 125/125 755/755 123/123
f 125/125 304/304 755/755
f 421/421 97/97 862/862
f 97/97 421/421 95/95
f 890/890 146/146 145/145
f 890/890 145/145 889/889
f 932/932 930/930 154/154
f 604/604 154/154 930/930
f 758/758 209/209 380/380
f 209/209 758/758 17/17
f 372/372 158/158 619/619
f 619/619 618/618 372/372
f 1116/1116 874/874 1115/1115
f 470/470 841/841 279/279
f 841/841 470/470 1000/1000
f 85/85 1078/1078 83/83
f 1078/1078 85/85 553/553
f 210/210 924/924 852/852
f 924/924 210/210 16/16
f 849/849 850/850 641/641
f 21/21 349/349 466/466
f 466/466 751/751 21/21
f 325/325 327/327 525/525
f 327/327 325/325 324/324
f 666/666 1117/1117 776/776
f 455/455 666/666 665/665
f 446/446 741/741 444/444
f 741/741 740/740 444/444
f 34/34 149/149 426/426
f 426/426 302/302 34/34
f 77/77 417/417 978/978
f 584/584 417/417 77/77
f 64/64 339/339 331/331
f 331/331 736/736 64/64
f 133/133 49/49 131/131
f 49/49 133/133 1057/1057
f 854/854 578/578 855/855
f 1133/1133 667/667 669/669
f 667/667 1133/1133 315/315
f 311/311 480/480 844/844
f 480/480 311/311 109/109
f 546/546 530/530 126/126
f 126/126 530/530 332/332
f 74/74 764/764 1050/1050
f 939/939 74/74 1050/1050
f 807/807 806/806 330/330
f 531/531 330/330 806/806
f 949/949 950/950 297/297
f 1109/1109 108/108 104/104
f 108/108 1109/1109 479/479
f 788/788 502/502 791/791
f 791/791 116/116 788/788
f 608/608 921/921 491/491
f 491/491 921/921 463/463
f 1/1 967/967 2/2
f 2/2 967/967 292/292
f 838/838 178/178 1163/1163
f 178/178 838/838 695/695
f 676/676 927/927 1054/1054
f 927/927 22/22 1054/1054
f 1035/1035 195/195 835/835
f 835/835 195/195 763/763
f 187/187 965/965 958/958
f 965/965 187/187 186/186
f 510/510 215/215 411/411
f 28/28 215/215 510/510
f 285/285 508/508 505/505
f 508/508 285/285 506/506
f 981/981 932/932 175/175
f 175/175 509/509 981/981
f 660/660 659/659 839/839
f 694/694 839/839 659/659
f 8/8 884/884 9/9
f 885/885 535/535 884/884
f 648/648 1012/1012 793/793
f 1012/1012 648/648 1013/1013
f 245/245 138/138 137/137
f 245/245 137/137 243/243
f 889/889 147/147 991/991
f 147/147 889/889 145/145
f 109/109 475/475 107/107
f 475/475 109/109 311/311
f 219/219 811/811 428/428
f 428/428 427/427 219/219
f 1077/1077 277/277 276/276
f 132/132 277/277 1077/1077
f 960/960 1076/1076 384/384
f 384/384 376/376 960/960
f 897/897 899/899 953/953
f 953/953 952/952 897/897
f 20/20 19/19 948/948
f 618/618 948/948 19/19
f 322/322 630/630 629/629
f 630/630 322/322 632/632
f 867/867 1113/1113 868/868
f 868/868 487/487 867/867
f 313/313 316/316 317/317
f 316/316 313/313 644/644
f 591/591 99/99 98/98
f 98/98 53/53 591/591
f 905/905 354/354 353/353
f 353/353 514/514 905/905
f 512/512 681/681 1129/1129
f 512/512 1129/1129 28/28
f 1028/1028 26/26 110/110
f 25/25 110/110 26/26
f 318/318 321/321 944/944
f 944/944 321/321 320/320
f 471/471 281/281 784/784
f 784/784 281/281 280/280
f 134/134 131/131 135/135
f 1007/1007 135/135 131/131
f 559/559 558/558 739/739
f 449/449 559/559 739/739
f 608/608 1142/1142 495/495
f 1142/1142 608/608 1093/1093
f 645/645 982/982 643/643
f 982/982 645/645 671/671
f 746/746 748/748 62/62
f 63/63 62/62 748/748
f 820/820 822/822 236/236
f 236/236 992/992 820/820
f 814/814 274/274 212/212
f 213/213 212/212 274/274
f 819/819 1020/1020 96/96
f 96/96 1020/1020 863/863
f 560/560 812/812 558/558
f 908/908 223/223 1087/1087
f 1070/1070 223/223 908/908
f 996/996 549/549 413/413
f 549/549 996/996 1122/1122
f 1029/1029 720/720 818/818
f 720/720 1029/1029 1001/1001
f 374/374 56/56 372/372
f 374/374 57/57 56/56
f 309/309 607/607 307/307
f 607/607 309/309 605/605
f 822/822 823/823 513/513
f 236/236 822/822 513/513
f 457/457 826/826 825/825
f 826/826 457/457 456/456
f 1019/1019 585/585 969/969
f 111/111 599/599 1087/1087
f 1087/1087 599/599 908/908
f 100/100 621/621 917/917
f 621/621 100/100 99/99
f 985/985 47/47 1057/1057
f 726/726 47/47 985/985
f 693/693 493/493 1068/1068
f 1068/1068 493/493 1067/1067
f 721/721 723/723 249/249
f 249/249 1002/1002 721/721
f 303/303 880/880 473/473
f 473/473 312/312 303/303
f 1106/1106 581/581 73/73
f 1107/1107 581/581 1106/1106
f 280/280 279/279 308/308
f 844/844 308/308 279/279
f 483/483 485/485 869/869
f 939/939 832/832 831/831
f 1050/1050 832/832 939/939
f 892/892 551/551 71/71
f 551/551 892/892 115/115
f 702/702 1096/1096 703/703
f 1096/1096 702/702 701/701
f 249/249 723/723 467/467
f 723/723 1066/1066 467/467
f 275/275 39/39 627/627
f 627/627 272/272 275/275
f 1054/1054 929/929 676/676
f 676/676 929/929 677/677
f 1169/1169 392/392 1022/1022
f 392/392 1169/1169 586/586
f 1047/1047 283/283 817/817
f 283/283 1047/1047 284/284
f 567/567 257/257 570/570
f 257/257 567/567 255/255
f 1049/1049 765/765 90/90
f 90/90 765/765 290/290
f 546/546 232/232 715/715
f 931/931 510/510 410/410
f 410/410 623/623 931/931
f 229/229 228/228 214/214
f 1075/1075 214/214 228/228
f 506/506 287/287 1113/1113
f 287/287 506/506 285/285
f 95/95 423/423 198/198
f 423/423 95/95 421/421
f 847/847 233/233 546/546
f 546/546 126/126 847/847
f 771/771 255/255 567/567
f 255/255 771/771 499/499
f 276/276 983/983 1077/1077
f 744/744 983/983 276/276
f 307/307 697/697 698/698
f 697/697 328/328 698/698
f 539/539 536/536 870/870
f 400/400 539/539 870/870
f 800/800 404/404 81/81
f 800/800 81/81 80/80
f 925/925 16/16 716/716
f 16/16 925/925 924/924
f 456/456 665/665 997/997
f 665/665 456/456 455/455
f 92/92 1105/1105 15/15
f 1013/1013 646/646 1011/1011
f 101/101 779/779 777/777
f 777/777 703/703 101/101
f 559/559 449/449 647/647
f 449/449 448/448 647/647
f 952/952 954/954 898/898
f 898/898 897/897 952/952
f 662/662 998/998 663/663
f 678/678 437/437 436/436
f 678/678 436/436 1129/1129
f 368/368 549/549 766/766
f 368/368 766/766 366/366
f 999/999 80/80 469/469
f 800/800 80/80 999/999
f 388/388 387/387 1145/1145
f 1145/1145 1038/1038 388/388
f 401/401 403/403 206/206
f 1053/1053 206/206 403/403
f 990/990 780/780 781/781
f 437/437 680/680 434/434
f 434/434 680/680 948/948
f 1093/1093 491/491 490/490
f 490/490 264/264 1093/1093
f 273/273 851/851 852/852
f 211/211 852/852 851/851
f 781/781 622/622 782/782
f 323/323 380/380 553/553
f 553/553 167/167 323/323
f 151/151 299/299 152/152
f 882/882 299/299 151/151
f 919/919 691/691 1032/1032
f 691/691 919/919 920/920
f 976/976 537/537 400/400
f 537/537 976/976 401/401
f 807/807 724/724 333/333
f 807/807 333/333 808/808
f 830/830 304/304 831/831
f 190/190 304/304 830/830
f 907/907 442/442 354/354
f 352/352 354/354 442/442
f 462/462 1071/1071 978/978
f 1071/1071 462/462 267/267
f 380/380 211/211 552/552
f 552/552 553/553 380/380
f 1059/1059 1119/1119 1058/1058
f 312/312 844/844 843/843
f 279/279 843/843 844/844
f 77/77 583/583 584/584
f 584/584 583/583 1108/1108
f 633/633 885/885 883/883
f 885/885 633/633 632/632
f 1115/1115 1153/1153 877/877
f 879/879 1115/1115 877/877
f 852/852 213/213 273/273
f 274/274 273/273 213/213
f 1094/1094 1154/1154 728/728
f 211/211 383/383 552/552
f 851/851 383/383 211/211
f 167/167 699/699 324/324
f 324/324 323/323 167/167
f 804/804 995/995 43/43
f 995/995 804/804 528/528
f 139/139 244/244 243/243
f 139/139 243/243 137/137
f 278/278 590/590 453/453
f 453/453 590/590 188/188
f 30/30 970/970 73/73
f 970/970 30/30 763/763
f 260/260 592/592 258/258
f 592/592 260/260 958/958
f 634/634 1031/1031 492/492
f 636/636 1031/1031 634/634
f 277/277 132/132 1157/1157
f 134/134 1157/1157 132/132
f 928/928 199/199 677/677
f 701/701 199/199 928/928
f 308/308 307/307 280/280
f 698/698 280/280 307/307
f 874/874 876/876 1153/1153
f 876/876 520/520 1153/1153
f 65/65 613/613 66/66
f 66/66 613/613 612/612
f 612/612 67/67 66/66
f 612/612 134/134 67/67
f 358/358 595/595 6/6
f 6/6 595/595 775/775
f 866/866 1107/1107 1106/1106
f 954/954 540/540 688/688
f 688/688 898/898 954/954
f 686/686 1021/1021 151/151
f 267/267 1055/1055 268/268
f 267/267 921/921 1055/1055
f 1155/1155 728/728 1154/1154
f 728/728 1155/1155 901/901
f 528/528 527/527 44/44
f 44/44 527/527 140/140
f 942/942 589/589 737/737
f 1028/1028 609/609 348/348
f 110/110 609/609 1028/1028
f 122/122 1017/1017 1072/1072
f 507/507 122/122 1072/1072
f 388/388 1037/1037 390/390
f 415/415 614/614 171/171
f 358/358 614/614 415/415
f 1081/1081 532/532 43/43
f 45/45 532/532 1081/1081
f 1076/1076 1026/1026 385/385
f 385/385 384/384 1076/1076
f 158/158 58/58 57/57
f 158/158 372/372 58/58
f 945/945 68/68 364/364
f 68/68 945/945 164/164
f 120/120 867/867 487/487
f 487/487 486/486 120/120
f 599/599 111/111 1159/1159
f 25/25 1159/1159 111/111
f 815/815 148/148 207/207
f 148/148 815/815 424/424
f 289/289 288/288 561/561
f 949/949 296/296 794/794
f 296/296 949/949 297/297
f 745/745 105/105 477/477
f 276/276 105/105 745/745
f 155/155 604/604 603/603
f 154/154 604/604 155/155
f 633/633 1085/1085 631/631
f 631/631 1085/1085 628/628
f 606/606 170/170 1167/1167
f 607/607 606/606 1167/1167
f 662/662 997/997 998/998
f 997/997 662/662 50/50
f 441/441 746/746 1162/1162
f 441/441 1162/1162 139/139
f 92/92 52/52 271/271
f 1105/1105 92/92 271/271
f 291/291 816/816 482/482
f 816/816 291/291 292/292
f 224/224 1068/1068 112/112
f 111/111 224/224 112/112
f 603/603 25/25 156/156
f 603/603 156/156 155/155
f 658/658 713/713 656/656
f 713/713 658/658 362/362
f 574/574 398/398 575/575
f 398/398 1140/1140 575/575
f 376/376 717/717 961/961
f 717/717 376/376 378/378
f 792/792 445/445 988/988
f 1031/1031 753/753 465/465
f 466/466 465/465 753/753
f 1120/1120 408/408 803/803
f 408/408 1120/1120 860/860
f 1070/1070 692/692 223/223
f 692/692 1070/1070 357/357
f 351/351 349/349 348/348
f 466/466 349/349 351/351
f 943/943 738/738 828/828
f 943/943 828/828 221/221
f 150/150 536/536 1039/1039
f 1039/1039 557/557 150/150
f 1088/1088 796/796 993/993
f 796/796 1088/1088 544/544
f 1086/1086 883/883 1084/1084
f 1084/1084 38/38 1086/1086
f 759/759 688/688 540/540
f 540/540 1015/1015 759/759
f 947/947 290/290 765/765
f 290/290 947/947 288/288
f 714/714 857/857 75/75
f 75/75 857/857 853/853
f 182/182 752/752 180/180
f 87/87 752/752 182/182
f 840/840 695/695 838/838
f 695/695 840/840 1145/1145
f 375/375 896/896 52/52
f 269/269 896/896 375/375
f 256/256 1065/1065 972/972
f 972/972 257/257 256/256
f 1136/1136 596/596 754/754
f 809/809 652/652 1004/1004
f 1004/1004 652/652 651/651
f 14/14 359/359 987/987
f 987/987 359/359 52/52
f 563/563 1038/1038 1036/1036
f 1036/1036 694/694 563/563
f 934/934 981/981 509/509
f 509/509 350/350 934/934
f 1007/1007 48/48 42/42
f 131/131 48/48 1007/1007
f 295/295 986/986 294/294
f 15/15 294/294 986/986
f 835/835 834/834 1149/1149
f 1080/1080 1149/1149 834/834
f 84/84 801/801 800/800
f 84/84 83/83 801/801
f 593/593 258/258 592/592
f 258/258 593/593 201/201
f 4/4 73/73 268/268
f 5/5 4/4 268/268
f 1163/1163 660/660 838/838
f 1048/1048 660/660 1163/1163
f 61/61 270/270 52/52
f 270/270 61/61 643/643
f 657/657 193/193 192/192
f 193/193 657/657 939/939
f 628/628 1147/1147 927/927
f 1085/1085 1147/1147 628/628
f 1097/1097 198/198 423/423
f 1052/1052 198/198 1097/1097
f 192/192 683/683 657/657
f 683/683 192/192 208/208
f 463/463 492/492 491/491
f 462/462 492/492 463/463
f 1064/1064 535/535 534/534
f 534/534 253/253 1064/1064
f 733/733 959/959 207/207
f 39/39 959/959 733/733
f 1160/1160 1082/1082 33/33
f 33/33 1082/1082 292/292
f 1125/1125 1124/1124 861/861
f 861/861 335/335 1125/1125
f 143/143 142/142 823/823
f 823/823 142/142 513/513
f 259/259 1156/1156 1083/1083
f 1083/1083 260/260 259/259
f 966/966 162/162 185/185
f 162/162 966/966 160/160
f 914/914 760/760 911/911
f 760/760 914/914 913/913
f 1114/1114 500/500 118/118
f 500/500 1114/1114 498/498
f 362/362 347/347 346/346
f 362/362 682/682 347/347
f 482/482 300/300 814/814
f 212/212 482/482 814/814
f 431/431 60/60 141/141
f 60/60 431/431 650/650
f 93/93 461/461 1124/1124
f 196/196 1124/1124 461/461
f 849/849 231/231 233/233
f 233/233 847/847 849/849
f 526/526 129/129 757/757
f 129/129 526/526 130/130
f 460/460 673/673 458/458
f 459/459 460/460 458/458
f 807/807 1091/1091 724/724
f 724/724 1091/1091 725/725
f 341/341 339/339 42/42
f 331/331 339/339 341/341
f 1123/1123 580/580 516/516
f 197/197 458/458 673/673
f 673/673 93/93 197/197
f 1066/1066 708/708 467/467
f 157/157 708/708 1066/1066
f 1139/1139 345/345 886/886
f 346/346 345/345 1139/1139
f 264/264 873/873 265/265
f 464/464 265/265 873/873
f 614/614 225/225 1141/1141
f 1141/1141 225/225 272/272
f 1026/1026 1025/1025 598/598
f 598/598 385/385 1026/1026
f 320/320 629/629 676/676
f 629/629 320/320 322/322
f 1138/1138 824/824 823/823
f 824/824 1138/1138 353/353
f 888/888 991/991 147/147
f 991/991 888/888 820/820
f 201/201 593/593 1041/1041
f 569/569 201/201 1041/1041
f 637/637 419/419 635/635
f 417/417 419/419 637/637
f 871/871 872/872 492/492
f 464/464 872/872 871/871
f 438/438 837/837 436/436
f 837/837 438/438 836/836
f 571/571 1170/1170 1144/1144
f 892/892 1128/1128 115/115
f 891/891 1128/1128 892/892
f 554/554 250/250 1146/1146
f 1146/1146 735/735 554/554
f 986/986 984/984 450/450
f 984/984 743/743 450/450
f 926/926 164/164 945/945
f 164/164 926/926 676/676
f 52/52 51/51 141/141
f 141/141 51/51 1023/1023
f 37/37 1146/1146 250/250
f 250/250 38/38 37/37
f 443/443 963/963 439/439
f 916/916 1040/1040 234/234
f 1040/1040 916/916 237/237
f 1126/1126 1043/1043 168/168
f 1043/1043 1126/1126 144/144
f 962/962 287/287 286/286
f 286/286 306/306 962/962
f 1117/1117 666/666 455/455
f 1117/1117 455/455 457/457
f 1164/1164 1111/1111 729/729
f 344/344 684/684 1018/1018
f 1018/1018 121/121 344/344
f 230/230 1074/1074 228/228
f 396/396 573/573 572/572
f 573/573 396/396 574/574
f 1160/1160 33/33 32/32
f 1160/1160 32/32 153/153
f 425/425 424/424 472/472
f 472/472 881/881 425/425
f 176/176 72/72 1122/1122
f 73/73 72/72 176/176
f 1099/1099 177/177 179/179
f 1099/1099 190/190 177/177
f 880/880 425/425 881/881
f 881/881 473/473 880/880
f 78/78 77/77 978/978
f 78/78 978/978 267/267
f 894/894 749/749 748/748
f 749/749 894/894 893/893
f 853/853 360/360 75/75
f 360/360 853/853 1123/1123
f 181/181 88/88 87/87
f 88/88 181/181 817/817
f 1001/1001 1030/1030 721/721
f 1030/1030 1001/1001 1029/1029
f 696/696 1027/1027 179/179
f 1027/1027 756/756 179/179
f 917/917 918/918 100/100
f 918/918 917/917 1066/1066
f 348/348 609/609 266/266
f 266/266 351/351 348/348
f 810/810 428/428 811/811
f 811/811 340/340 810/810
f 1094/1094 1095/1095 1154/1154
f 902/902 1154/1154 1095/1095
f 714/714 656/656 713/713
f 656/656 714/714 939/939
f 1100/1100 731/731 951/951
f 731/731 1100/1100 732/732
f 121/121 120/120 486/486
f 486/486 344/344 121/121
f 317/317 1033/1033 314/314
f 653/653 1033/1033 317/317
f 582/582 79/79 581/581
f 77/77 79/79 582/582
f 778/778 1083/1083 1156/1156
f 1156/1156 704/704 778/778
f 495/495 1079/1079 1067/1067
f 1067/1067 493/493 495/495
f 772/772 119/119 1006/1006
f 1006/1006 955/955 772/772
f 694/694 1150/1150 91/91
f 91/91 1150/1150 659/659
f 1051/1051 1130/1130 706/706
f 1130/1130 1051/1051 468/468
f 127/127 126/126 332/332
f 127/127 332/332 293/293
f 1010/1010 974/974 246/246
f 974/974 1010/1010 247/247
f 1148/1148 474/474 12/12
f 595/595 774/774 775/775
f 775/775 774/774 73/73
f 328/328 324/324 699/699
f 699/699 698/698 328/328
f 1046/1046 395/395 394/394
f 994/994 1018/1018 684/684
f 684/684 887/887 994/994
f 358/358 113/113 1032/1032
f 1032/1032 113/113 5/5
f 542/542 912/912 1015/1015
f 69/69 163/163 770/770
f 938/938 1121/1121 439/439
f 1025/1025 1024/1024 754/754
f 754/754 598/598 1025/1025
f 1065/1065 70/70 770/770
f 770/770 972/972 1065/1065
f 253/253 534/534 319/319
f 319/319 254/254 253/253
f 471/471 1135/1135 1000/1000
f 859/859 1135/1135 471/471
f 1061/1061 1060/1060 1171/1171
f 451/451 13/13 15/15
f 278/278 13/13 451/451
f 1024/1024 1145/1145 387/387
f 387/387 754/754 1024/1024
f 1093/1093 264/264 1143/1143
f 1079/1079 1143/1143 264/264
f 335/335 334/334 975/975
f 975/975 1125/1125 335/335
f 1113/1113 1101/1101 483/483
f 1101/1101 1113/1113 287/287
f 262/262 261/261 1165/1165
f 416/416 891/891 594/594
f 416/416 594/594 415/415
f 173/173 172/172 1063/1063
f 1063/1063 174/174 173/173
f 765/765 1049/1049 764/764
f 1049/1049 1050/1050 764/764
f 535/535 1064/1064 9/9
f 9/9 884/884 535/535
f 405/405 601/601 600/600
f 601/601 405/405 1069/1069
f 1003/1003 651/651 430/430
f 828/828 1003/1003 430/430
f 206/206 1053/1053 22/22
f 1053/1053 1054/1054 22/22
f 1014/1014 759/759 1015/1015
f 1015/1015 914/914 1014/1014
f 293/293 725/725 1104/1104
f 818/818 625/625 1119/1119
f 1119/1119 54/54 818/818
f 448/448 447/447 740/740
f 447/447 262/262 740/740
f 904/904 1151/1151 906/906
f 1151/1151 904/904 514/514
f 494/494 691/691 920/920
f 608/608 494/494 920/920
f 1152/1152 296/296 649/649
f 649/649 648/648 1152/1152
f 793/793 446/446 445/445
f 446/446 793/793 1012/1012
f 350/350 20/20 935/935
f 935/935 934/934 350/350
f 41/41 329/329 341/341
f 329/329 41/41 1090/1090
f 843/843 488/488 312/312
f 312/312 488/488 303/303
f 570/570 1132/1132 971/971
f 1132/1132 570/570 257/257
f 911/911 762/762 909/909
f 217/217 1131/1131 412/412
f 639/639 1069/1069 407/407
f 1069/1069 639/639 601/601
f 499/499 956/956 119/119
f 956/956 499/499 771/771
f 747/747 655/655 1005/1005
f 749/749 655/655 747/747
f 1172/1172 1173/1173 1174/1174
f 1175/1175 1176/1176 1177/1177
f 1178/1178 1179/1179 1180/1180
f 1181/1181 1182/1182 1183/1183
f 1184/1184 1185/1185 1186/1186
f 1187/1187 1188/1188 1189/1189
f 1190/1190 1191/1191 1192/1192
f 1191/1191 1193/1193 1192/1192
f 1194/1194 1195/1195 1196/1196
f 1197/1197 1198/1198 1199/1199
f 1200/1200 1175/1175 1177/1177
f 1201/1201 1202/1202 1203/1203
f 1204/1204 1205/1205 1203/1203
f 1203/1203 1206/1206 1201/1201
f 1207/1207 1208/1208 1209/1209
f 1175/1175 1210/1210 1192/1192
f 1211/1211 1212/1212 1213/1213
f 1214/1214 1215/1215 1216/1216
f 1217/1217 1218/1218 1200/1200
f 1188/1188 1187/1187 1219/1219
f 1220/1220 1221/1221 1222/1222
f 1223/1223 1224/1224 1225/1225
f 1208/1208 1183/1183 1182/1182
f 1208/1208 1226/1226 1209/1209
f 1227/1227 1203/1203 1205/1205
f 1228/1228 1229/1229 1207/1207
f 1202/1202 1201/1201 1230/1230
f 1231/1231 1192/1192 1210/1210
f 1191/1191 1190/1190 1189/1189
f 1232/1232 1233/1233 1183/1183
f 1205/1205 1204/1204 1233/1233
f 1197/1197 1199/1199 1234/1234
f 1235/1235 1221/1221 1178/1178
f 1236/1236 1237/1237 1175/1175
f 1238/1238 1239/1239 1240/1240
f 1178/1178 1241/1241 1242/1242
f 1242/1242 1219/1219 1187/1187
f 1243/1243 1209/1209 1226/1226
f 1209/1209 1244/1244 1245/1245
f 1182/1182 1181/1181 1246/1246
f 1204/1204 1247/1247 1233/1233
f 1197/1197 1200/1200 1218/1218
f 1189/1189 1197/1197 1187/1187
f 1206/1206 1207/1207 1248/1248
f 1249/1249 1174/1174 1173/1173
f 1250/1250 1243/1243 1226/1226
f 1251/1251 1238/1238 1240/1240
f 1252/1252 1253/1253 1254/1254
f 1211/1211 1213/1213 1255/1255
f 1202/1202 1255/1255 1203/1203
f 1223/1223 1225/1225 1256/1256
f 1188/1188 1256/1256 1189/1189
f 1257/1257 1258/1258 1210/1210
f 1210/1210 1259/1259 1190/1190
f 1260/1260 1236/1236 1175/1175
f 1236/1236 1260/1260 1261/1261
f 1262/1262 1177/1177 1176/1176
f 1177/1177 1242/1242 1263/1263
f 1210/1210 1175/1175 1257/1257
f 1175/1175 1264/1264 1257/1257
f 1244/1244 1230/1230 1201/1201
f 1216/1216 1265/1265 1214/1214
f 1259/1259 1210/1210 1266/1266
f 1197/1197 1189/1189 1198/1198
f 1182/1182 1267/1267 1208/1208
f 1174/1174 1185/1185 1172/1172
f 1186/1186 1268/1268 1184/1184
f 1247/1247 1246/1246 1181/1181
f 1222/1222 1269/1269 1220/1220
f 1193/1193 1261/1261 1260/1260
f 1270/1270 1215/1215 1172/1172
f 1255/1255 1202/1202 1270/1270
f 1271/1271 1179/1179 1178/1178
f 1256/1256 1188/1188 1271/1271
f 1264/1264 1175/1175 1200/1200
f 1251/1251 1254/1254 1272/1272
f 1273/1273 1274/1274 1207/1207
f 1208/1208 1207/1207 1275/1275
f 1248/1248 1245/1245 1206/1206
f 1245/1245 1248/1248 1228/1228
f 1276/1276 1263/1263 1197/1197
f 1263/1263 1276/1276 1217/1217
f 1194/1194 1196/1196 1176/1176
f 1237/1237 1236/1236 1235/1235
f 1183/1183 1227/1227 1277/1277
f 1183/1183 1278/1278 1279/1279
f 1280/1280 1251/1251 1281/1281
f 1272/1272 1281/1281 1251/1251
f 1209/1209 1243/1243 1244/1244
f 1172/1172 1244/1244 1243/1243
f 1183/1183 1208/1208 1278/1278
f 1282/1282 1273/1273 1203/1203
f 1283/1283 1284/1284 1203/1203
f 1259/1259 1285/1285 1198/1198
f 1198/1198 1286/1286 1199/1199
f 1178/1178 1287/1287 1224/1224
f 1178/1178 1224/1224 1271/1271
f 1192/1192 1231/1231 1190/1190
f 1190/1190 1288/1288 1210/1210
f 1233/1233 1232/1232 1205/1205
f 1205/1205 1277/1277 1227/1227
f 1172/1172 1289/1289 1212/1212
f 1172/1172 1212/1212 1270/1270
f 1180/1180 1179/1179 1290/1290
f 1219/1219 1242/1242 1241/1241
f 1240/1240 1291/1291 1254/1254
f 1254/1254 1251/1251 1240/1240
f 1267/1267 1174/1174 1249/1249
f 1267/1267 1182/1182 1174/1174
f 1279/1279 1227/1227 1183/1183
f 1203/1203 1227/1227 1283/1283
f 1178/1178 1195/1195 1235/1235
f 1178/1178 1262/1262 1195/1195
f 1291/1291 1292/1292 1254/1254
f 1274/1274 1273/1273 1293/1293
f 1191/1191 1287/1287 1193/1193
f 1178/1178 1193/1193 1287/1287
f 1172/1172 1247/1247 1289/1289
f 1204/1204 1289/1289 1247/1247
f 1178/1178 1242/1242 1262/1262
f 1177/1177 1262/1262 1242/1242
f 1173/1173 1243/1243 1250/1250
f 1243/1243 1173/1173 1172/1172
f 1214/1214 1265/1265 1172/1172
f 1172/1172 1215/1215 1214/1214
f 1280/1280 1238/1238 1251/1251
f 1200/1200 1197/1197 1234/1234
f 1294/1294 1264/1264 1200/1200
f 1179/1179 1271/1271 1188/1188
f 1188/1188 1290/1290 1179/1179
f 1221/1221 1235/1235 1236/1236
f 1236/1236 1222/1222 1221/1221
f 1182/1182 1186/1186 1185/1185
f 1185/1185 1174/1174 1182/1182
f 1215/1215 1270/1270 1202/1202
f 1202/1202 1216/1216 1215/1215
f 1227/1227 1279/1279 1283/1283
f 1295/1295 1296/1296 1283/1283
f 1275/1275 1297/1297 1208/1208
f 1297/1297 1278/1278 1208/1208
f 1194/1194 1235/1235 1195/1195
f 1237/1237 1235/1235 1194/1194
f 1255/1255 1270/1270 1211/1211
f 1211/1211 1270/1270 1212/1212
f 1296/1296 1284/1284 1283/1283
f 1282/1282 1296/1296 1273/1273
f 1223/1223 1271/1271 1224/1224
f 1256/1256 1271/1271 1223/1223
f 1234/1234 1199/1199 1298/1298
f 1297/1297 1275/1275 1299/1299
f 1299/1299 1300/1300 1297/1297
f 1264/1264 1294/1294 1301/1301
f 1301/1301 1257/1257 1264/1264
f 1204/1204 1255/1255 1213/1213
f 1255/1255 1204/1204 1203/1203
f 1256/1256 1191/1191 1189/1189
f 1191/1191 1256/1256 1225/1225
f 1220/1220 1269/1269 1178/1178
f 1178/1178 1221/1221 1220/1220
f 1172/1172 1185/1185 1184/1184
f 1184/1184 1268/1268 1172/1172
f 1257/1257 1301/1301 1302/1302
f 1258/1258 1257/1257 1302/1302
f 1206/1206 1203/1203 1273/1273
f 1206/1206 1273/1273 1207/1207
f 1253/1253 1272/1272 1254/1254
f 1252/1252 1254/1254 1292/1292
f 1295/1295 1278/1278 1300/1300
f 1278/1278 1297/1297 1300/1300
f 1274/1274 1299/1299 1275/1275
f 1207/1207 1274/1274 1275/1275
f 1302/1302 1286/1286 1266/1266
f 1266/1266 1285/1285 1259/1259
f 1217/1217 1177/1177 1263/1263
f 1177/1177 1217/1217 1200/1200
f 1209/1209 1228/1228 1207/1207
f 1228/1228 1209/1209 1245/1245
f 1260/1260 1192/1192 1193/1193
f 1192/1192 1260/1260 1175/1175
f 1201/1201 1245/1245 1244/1244
f 1245/1245 1201/1201 1206/1206
f 1181/1181 1233/1233 1247/1247
f 1233/1233 1181/1181 1183/1183
f 1187/1187 1263/1263 1242/1242
f 1263/1263 1187/1187 1197/1197
f 1290/1290 1241/1241 1180/1180
f 1180/1180 1241/1241 1178/1178
f 1234/1234 1294/1294 1200/1200
f 1172/1172 1265/1265 1244/1244
f 1230/1230 1244/1244 1265/1265
f 1230/1230 1265/1265 1216/1216
f 1230/1230 1216/1216 1202/1202
f 1219/1219 1290/1290 1188/1188
f 1219/1219 1241/1241 1290/1290
f 1261/1261 1269/1269 1222/1222
f 1261/1261 1222/1222 1236/1236
f 1246/1246 1268/1268 1186/1186
f 1246/1246 1186/1186 1182/1182
f 1261/1261 1193/1193 1269/1269
f 1178/1178 1269/1269 1193/1193
f 1172/1172 1268/1268 1247/1247
f 1246/1246 1247/1247 1268/1268
f 1249/1249 1250/1250 1226/1226
f 1249/1249 1173/1173 1250/1250
f 1258/1258 1266/1266 1210/1210
f 1302/1302 1266/1266 1258/1258
f 1196/1196 1262/1262 1176/1176
f 1196/1196 1195/1195 1262/1262
f 1213/1213 1212/1212 1289/1289
f 1213/1213 1289/1289 1204/1204
f 1225/1225 1287/1287 1191/1191
f 1225/1225 1224/1224 1287/1287
f 1277/1277 1205/1205 1232/1232
f 1277/1277 1232/1232 1183/1183
f 1229/1229 1228/1228 1248/1248
f 1229/1229 1248/1248 1207/1207
f 1218/1218 1276/1276 1197/1197
f 1218/1218 1217/1217 1276/1276
f 1288/1288 1190/1190 1231/1231
f 1288/1288 1231/1231 1210/1210
f 1292/1292 1291/1291 1239/1239
f 1239/1239 1291/1291 1240/1240
f 1279/1279 1278/1278 1295/1295
f 1295/1295 1283/1283 1279/1279
f 1286/1286 1285/1285 1266/1266
f 1198/1198 1285/1285 1286/1286
f 1226/1226 1267/1267 1249/1249
f 1267/1267 1226/1226 1208/1208
f 1176/1176 1237/1237 1194/1194
f 1237/1237 1176/1176 1175/1175
f 1259/1259 1189/1189 1190/1190
f 1189/1189 1259/1259 1198/1198
f 1284/1284 1282/1282 1203/1203
f 1296/1296 1282/1282 1284/1284
f 1303/1303 1304/1304 1305/1305
f 1306/1306 1307/1307 1308/1308
f 1309/1309 1310/1310 1311/1311
f 1312/1312 1313/1313 1314/1314
f 1315/1315 1316/1316 1305/1305
f 1317/1317 1311/1311 1310/1310
f 1318/1318 1319/1319 1320/1320
f 1308/1308 1321/1321 1322/1322
f 1323/1323 1324/1324 1325/1325
f 1326/1326 1327/1327 1328/1328
f 1329/1329 1330/1330 1331/1331
f 1332/1332 1331/1331 1333/1333
f 1324/1324 1334/1334 1325/1325
f 1335/1335 1336/1336 1337/1337
f 1338/1338 1339/1339 1308/1308
f 1340/1340 1341/1341 1317/1317
f 1322/1322 1306/1306 1308/1308
f 1327/1327 1323/1323 1328/1328
f 1313/1313 1332/1332 1314/1314
f 1309/1309 1342/1342 1305/1305
f 1337/1337 1320/1320 1319/1319
f 1319/1319 1335/1335 1337/1337
f 1341/1341 1340/1340 1343/1343
f 1305/1305 1344/1344 1309/1309
f 1313/1313 1345/1345 1304/1304
f 1312/1312 1341/1341 1315/1315
f 1327/1327 1326/1326 1307/1307
f 1346/1346 1347/1347 1338/1338
f 1348/1348 1328/1328 1323/1323
f 1347/1347 1320/1320 1339/1339
f 1339/1339 1338/1338 1347/1347
f 1316/1316 1315/1315 1341/1341
f 1343/1343 1316/1316 1341/1341
f 1311/1311 1349/1349 1309/1309
f 1342/1342 1309/1309 1349/1349
f 1333/1333 1314/1314 1332/1332
f 1306/1306 1322/1322 1336/1336
f 1322/1322 1337/1337 1336/1336
f 1340/1340 1350/1350 1343/1343
f 1344/1344 1310/1310 1309/1309
f 1307/1307 1306/1306 1327/1327
f 1306/1306 1336/1336 1327/1327
f 1304/1304 1303/1303 1313/1313
f 1303/1303 1349/1349 1313/1313
f 1320/1320 1347/1347 1318/1318
f 1351/1351 1352/1352 1308/1308
f 1339/1339 1351/1351 1308/1308
f 1345/1345 1315/1315 1304/1304
f 1305/1305 1304/1304 1315/1315
f 1326/1326 1338/1338 1307/1307
f 1308/1308 1307/1307 1338/1338
f 1311/1311 1317/1317 1329/1329
f 1352/1352 1320/1320 1337/1337
f 1321/1321 1308/1308 1352/1352
f 1353/1353 1354/1354 1341/1341
f 1354/1354 1317/1317 1341/1341
f 1316/1316 1343/1343 1305/1305
f 1343/1343 1350/1350 1305/1305
f 1336/1336 1323/1323 1327/1327
f 1324/1324 1323/1323 1336/1336
f 1315/1315 1345/1345 1312/1312
f 1345/1345 1313/1313 1312/1312
f 1319/1319 1334/1334 1335/1335
f 1351/1351 1339/1339 1320/1320
f 1320/1320 1352/1352 1351/1351
f 1341/1341 1312/1312 1353/1353
f 1312/1312 1314/1314 1353/1353
f 1347/1347 1346/1346 1355/1355
f 1347/1347 1355/1355 1318/1318
f 1331/1331 1332/1332 1349/1349
f 1349/1349 1332/1332 1313/1313
f 1338/1338 1326/1326 1346/1346
f 1328/1328 1346/1346 1326/1326
f 1331/1331 1311/1311 1329/1329
f 1311/1311 1331/1331 1349/1349
f 1337/1337 1321/1321 1352/1352
f 1337/1337 1322/1322 1321/1321
f 1344/1344 1305/1305 1350/1350
f 1310/1310 1344/1344 1350/1350
f 1330/1330 1333/1333 1331/1331
f 1348/1348 1356/1356 1328/1328
f 1328/1328 1356/1356 1357/1357
f 1342/1342 1303/1303 1305/1305
f 1303/1303 1342/1342 1349/1349
f 1325/1325 1348/1348 1323/1323
f 1310/1310 1340/1340 1317/1317
f 1350/1350 1340/1340 1310/1310
f 1346/1346 1328/1328 1357/1357
f 1357/1357 1355/1355 1346/1346
f 1324/1324 1335/1335 1334/1334
f 1335/1335 1324/1324 1336/1336
f 1358/1358 1359/1359 1360/1360
f 1361/1361 1362/1362 1363/1363
f 1364/1364 1365/1365 1366/1366
f 1367/1367 1368/1368 1369/1369
f 1370/1370 1371/1371 1372/1372
f 1373/1373 1374/1374 1375/1375
f 1376/1376 1377/1377 1378/1378
f 1379/1379 1375/1375 1380/1380
f 1381/1381 1382/1382 1383/1383
f 1384/1384 1385/1385 1386/1386
f 1387/1387 1388/1388 1389/1389
f 1390/1390 1391/1391 1392/1392
f 1393/1393 1394/1394 1395/1395
f 1396/1396 1397/1397 1398/1398
f 1374/1374 1399/1399 1400/1400
f 1401/1401 1402/1402 1403/1403
f 1404/1404 1405/1405 1406/1406
f 1407/1407 1362/1362 1408/1408
f 1409/1409 1410/1410 1411/1411
f 1412/1412 1413/1413 1414/1414
f 1415/1415 1397/1397 1416/1416
f 1371/1371 1415/1415 1416/1416
f 1417/1417 1418/1418 1419/1419
f 1420/1420 1421/1421 1422/1422
f 1423/1423 1424/1424 1425/1425
f 1426/1426 1427/1427 1428/1428
f 1429/1429 1430/1430 1431/1431
f 1432/1432 1433/1433 1434/1434
f 1435/1435 1436/1436 1397/1397
f 1437/1437 1438/1438 1439/1439
f 1440/1440 1441/1441 1442/1442
f 1443/1443 1377/1377 1444/1444
f 1445/1445 1446/1446 1447/1447
f 1448/1448 1449/1449 1450/1450
f 1381/1381 1383/1383 1451/1451
f 1410/1410 1452/1452 1453/1453
f 1454/1454 1455/1455 1456/1456
f 1457/1457 1458/1458 1459/1459
f 1460/1460 1461/1461 1462/1462
f 1463/1463 1464/1464 1465/1465
f 1466/1466 1467/1467 1468/1468
f 1360/1360 1469/1469 1358/1358
f 1470/1470 1426/1426 1428/1428
f 1471/1471 1472/1472 1473/1473
f 1474/1474 1475/1475 1476/1476
f 1477/1477 1478/1478 1479/1479
f 1438/1438 1480/1480 1481/1481
f 1393/1393 1482/1482 1483/1483
f 1484/1484 1485/1485 1486/1486
f 1487/1487 1386/1386 1385/1385
f 1488/1488 1428/1428 1489/1489
f 1490/1490 1491/1491 1492/1492
f 1493/1493 1494/1494 1495/1495
f 1496/1496 1497/1497 1498/1498
f 1499/1499 1376/1376 1378/1378
f 1500/1500 1501/1501 1502/1502
f 1503/1503 1499/1499 1504/1504
f 1502/1502 1505/1505 1500/1500
f 1506/1506 1507/1507 1508/1508
f 1509/1509 1510/1510 1454/1454
f 1511/1511 1512/1512 1513/1513
f 1514/1514 1515/1515 1516/1516
f 1517/1517 1433/1433 1518/1518
f 1519/1519 1430/1430 1520/1520
f 1431/1431 1521/1521 1429/1429
f 1522/1522 1432/1432 1434/1434
f 1523/1523 1524/1524 1525/1525
f 1422/1422 1526/1526 1420/1420
f 1388/1388 1527/1527 1389/1389
f 1528/1528 1529/1529 1530/1530
f 1531/1531 1532/1532 1533/1533
f 1534/1534 1390/1390 1535/1535
f 1529/1529 1528/1528 1536/1536
f 1537/1537 1419/1419 1418/1418
f 1366/1366 1538/1538 1364/1364
f 1539/1539 1365/1365 1540/1540
f 1541/1541 1542/1542 1543/1543
f 1544/1544 1545/1545 1546/1546
f 1547/1547 1548/1548 1549/1549
f 1550/1550 1551/1551 1552/1552
f 1553/1553 1554/1554 1555/1555
f 1556/1556 1557/1557 1558/1558
f 1559/1559 1361/1361 1560/1560
f 1561/1561 1562/1562 1563/1563
f 1562/1562 1401/1401 1563/1563
f 1362/1362 1361/1361 1408/1408
f 1564/1564 1565/1565 1566/1566
f 1567/1567 1568/1568 1445/1445
f 1569/1569 1570/1570 1571/1571
f 1421/1421 1420/1420 1572/1572
f 1573/1573 1574/1574 1575/1575
f 1523/1523 1576/1576 1577/1577
f 1578/1578 1579/1579 1580/1580
f 1393/1393 1581/1581 1582/1582
f 1581/1581 1583/1583 1582/1582
f 1584/1584 1578/1578 1585/1585
f 1586/1586 1587/1587 1588/1588
f 1589/1589 1590/1590 1591/1591
f 1592/1592 1387/1387 1593/1593
f 1387/1387 1594/1594 1595/1595
f 1399/1399 1596/1596 1400/1400
f 1597/1597 1598/1598 1599/1599
f 1379/1379 1380/1380 1600/1600
f 1601/1601 1597/1597 1599/1599
f 1382/1382 1381/1381 1467/1467
f 1554/1554 1602/1602 1603/1603
f 1492/1492 1604/1604 1605/1605
f 1491/1491 1490/1490 1606/1606
f 1607/1607 1608/1608 1609/1609
f 1610/1610 1611/1611 1612/1612
f 1613/1613 1385/1385 1384/1384
f 1614/1614 1615/1615 1616/1616
f 1488/1488 1617/1617 1618/1618
f 1619/1619 1620/1620 1621/1621
f 1622/1622 1623/1623 1475/1475
f 1475/1475 1474/1474 1622/1622
f 1624/1624 1625/1625 1626/1626
f 1627/1627 1493/1493 1628/1628
f 1629/1629 1630/1630 1631/1631
f 1570/1570 1569/1569 1632/1632
f 1633/1633 1634/1634 1635/1635
f 1636/1636 1637/1637 1638/1638
f 1531/1531 1639/1639 1640/1640
f 1433/1433 1432/1432 1641/1641
f 1642/1642 1643/1643 1644/1644
f 1645/1645 1646/1646 1647/1647
f 1560/1560 1648/1648 1559/1559
f 1402/1402 1561/1561 1403/1403
f 1518/1518 1649/1649 1517/1517
f 1650/1650 1521/1521 1651/1651
f 1652/1652 1569/1569 1653/1653
f 1576/1576 1654/1654 1577/1577
f 1655/1655 1656/1656 1657/1657
f 1588/1588 1658/1658 1586/1586
f 1659/1659 1514/1514 1660/1660
f 1661/1661 1662/1662 1454/1454
f 1412/1412 1485/1485 1413/1413
f 1663/1663 1664/1664 1665/1665
f 1477/1477 1666/1666 1667/1667
f 1436/1436 1477/1477 1668/1668
f 1417/1417 1669/1669 1670/1670
f 1671/1671 1373/1373 1672/1672
f 1673/1673 1573/1573 1674/1674
f 1573/1573 1675/1675 1674/1674
f 1482/1482 1676/1676 1677/1677
f 1678/1678 1679/1679 1680/1680
f 1488/1488 1681/1681 1682/1682
f 1683/1683 1684/1684 1685/1685
f 1497/1497 1496/1496 1686/1686
f 1687/1687 1688/1688 1689/1689
f 1414/1414 1690/1690 1412/1412
f 1691/1691 1687/1687 1689/1689
f 1601/1601 1692/1692 1693/1693
f 1601/1601 1694/1694 1695/1695
f 1696/1696 1367/1367 1369/1369
f 1697/1697 1698/1698 1699/1699
f 1678/1678 1680/1680 1700/1700
f 1701/1701 1702/1702 1703/1703
f 1704/1704 1705/1705 1541/1541
f 1702/1702 1706/1706 1703/1703
f 1707/1707 1507/1507 1506/1506
f 1708/1708 1511/1511 1709/1709
f 1710/1710 1711/1711 1712/1712
f 1713/1713 1629/1629 1714/1714
f 1490/1490 1471/1471 1715/1715
f 1555/1555 1665/1665 1553/1553
f 1457/1457 1716/1716 1448/1448
f 1514/1514 1516/1516 1717/1717
f 1445/1445 1447/1447 1718/1718
f 1456/1456 1509/1509 1454/1454
f 1436/1436 1719/1719 1397/1397
f 1397/1397 1719/1719 1398/1398
f 1646/1646 1720/1720 1647/1647
f 1721/1721 1722/1722 1606/1606
f 1723/1723 1724/1724 1642/1642
f 1606/1606 1722/1722 1491/1491
f 1457/1457 1725/1725 1458/1458
f 1628/1628 1726/1726 1627/1627
f 1727/1727 1531/1531 1640/1640
f 1391/1391 1390/1390 1710/1710
f 1607/1607 1728/1728 1729/1729
f 1612/1612 1730/1730 1610/1610
f 1731/1731 1732/1732 1733/1733
f 1486/1486 1734/1734 1735/1735
f 1736/1736 1670/1670 1737/1737
f 1482/1482 1738/1738 1739/1739
f 1740/1740 1741/1741 1742/1742
f 1743/1743 1744/1744 1745/1745
f 1746/1746 1747/1747 1748/1748
f 1566/1566 1749/1749 1564/1564
f 1749/1749 1566/1566 1567/1567
f 1750/1750 1751/1751 1746/1746
f 1442/1442 1505/1505 1440/1440
f 1442/1442 1373/1373 1752/1752
f 1753/1753 1601/1601 1693/1693
f 1405/1405 1404/1404 1694/1694
f 1541/1541 1754/1754 1542/1542
f 1737/1737 1755/1755 1736/1736
f 1756/1756 1757/1757 1758/1758
f 1759/1759 1757/1757 1536/1536
f 1760/1760 1761/1761 1762/1762
f 1763/1763 1764/1764 1765/1765
f 1438/1438 1766/1766 1767/1767
f 1766/1766 1768/1768 1769/1769
f 1770/1770 1771/1771 1409/1409
f 1771/1771 1772/1772 1773/1773
f 1774/1774 1775/1775 1776/1776
f 1777/1777 1778/1778 1779/1779
f 1673/1673 1780/1780 1781/1781
f 1601/1601 1780/1780 1673/1673
f 1768/1768 1437/1437 1782/1782
f 1768/1768 1783/1783 1784/1784
f 1785/1785 1786/1786 1787/1787
f 1788/1788 1789/1789 1790/1790
f 1540/1540 1538/1538 1539/1539
f 1791/1791 1792/1792 1482/1482
f 1646/1646 1793/1793 1720/1720
f 1794/1794 1642/1642 1644/1644
f 1462/1462 1795/1795 1460/1460
f 1381/1381 1468/1468 1467/1467
f 1401/1401 1403/1403 1796/1796
f 1361/1361 1559/1559 1797/1797
f 1561/1561 1563/1563 1798/1798
f 1407/1407 1408/1408 1799/1799
f 1433/1433 1517/1517 1800/1800
f 1430/1430 1519/1519 1801/1801
f 1522/1522 1434/1434 1802/1802
f 1521/1521 1431/1431 1803/1803
f 1569/1569 1571/1571 1653/1653
f 1421/1421 1572/1572 1804/1804
f 1573/1573 1575/1575 1675/1675
f 1523/1523 1577/1577 1524/1524
f 1371/1371 1416/1416 1372/1372
f 1365/1365 1539/1539 1805/1805
f 1538/1538 1366/1366 1806/1806
f 1397/1397 1396/1396 1807/1807
f 1390/1390 1392/1392 1535/1535
f 1528/1528 1530/1530 1808/1808
f 1531/1531 1533/1533 1639/1639
f 1387/1387 1389/1389 1594/1594
f 1499/1499 1378/1378 1504/1504
f 1441/1441 1440/1440 1809/1809
f 1377/1377 1443/1443 1810/1810
f 1505/1505 1502/1502 1811/1811
f 1477/1477 1479/1479 1666/1666
f 1393/1393 1582/1582 1394/1394
f 1578/1578 1580/1580 1585/1585
f 1474/1474 1476/1476 1812/1812
f 1379/1379 1600/1600 1813/1813
f 1374/1374 1400/1400 1814/1814
f 1404/1404 1406/1406 1815/1815
f 1601/1601 1599/1599 1692/1692
f 1745/1745 1816/1816 1743/1743
f 1506/1506 1508/1508 1817/1817
f 1818/1818 1819/1819 1498/1498
f 1820/1820 1821/1821 1822/1822
f 1823/1823 1824/1824 1825/1825
f 1826/1826 1827/1827 1828/1828
f 1359/1359 1699/1699 1698/1698
f 1829/1829 1669/1669 1830/1830
f 1831/1831 1832/1832 1428/1428
f 1833/1833 1684/1684 1683/1683
f 1620/1620 1619/1619 1834/1834
f 1835/1835 1685/1685 1836/1836
f 1668/1668 1477/1477 1667/1667
f 1579/1579 1578/1578 1719/1719
f 1613/1613 1381/1381 1451/1451
f 1837/1837 1615/1615 1838/1838
f 1446/1446 1839/1839 1447/1447
f 1449/1449 1840/1840 1450/1450
f 1841/1841 1842/1842 1843/1843
f 1657/1657 1844/1844 1655/1655
f 1374/1374 1814/1814 1845/1845
f 1375/1375 1374/1374 1380/1380
f 1846/1846 1847/1847 1848/1848
f 1467/1467 1849/1849 1382/1382
f 1850/1850 1493/1493 1627/1627
f 1851/1851 1852/1852 1383/1383
f 1695/1695 1853/1853 1601/1601
f 1630/1630 1854/1854 1855/1855
f 1856/1856 1771/1771 1857/1857
f 1858/1858 1859/1859 1860/1860
f 1861/1861 1410/1410 1856/1856
f 1859/1859 1497/1497 1860/1860
f 1465/1465 1862/1862 1463/1463
f 1843/1843 1863/1863 1841/1841
f 1445/1445 1864/1864 1865/1865
f 1748/1748 1750/1750 1746/1746
f 1565/1565 1866/1866 1867/1867
f 1868/1868 1869/1869 1870/1870
f 1432/1432 1522/1522 1871/1871
f 1872/1872 1520/1520 1541/1541
f 1873/1873 1874/1874 1875/1875
f 1676/1676 1876/1876 1677/1677
f 1362/1362 1407/1407 1877/1877
f 1759/1759 1878/1878 1879/1879
f 1635/1635 1880/1880 1633/1633
f 1881/1881 1882/1882 1637/1637
f 1883/1883 1884/1884 1885/1885
f 1884/1884 1886/1886 1887/1887
f 1549/1549 1888/1888 1547/1547
f 1889/1889 1890/1890 1551/1551
f 1891/1891 1892/1892 1893/1893
f 1894/1894 1682/1682 1681/1681
f 1893/1893 1892/1892 1895/1895
f 1891/1891 1896/1896 1897/1897
f 1898/1898 1541/1541 1899/1899
f 1541/1541 1622/1622 1872/1872
f 1413/1413 1900/1900 1414/1414
f 1901/1901 1902/1902 1903/1903
f 1904/1904 1363/1363 1362/1362
f 1531/1531 1710/1710 1712/1712
f 1905/1905 1774/1774 1776/1776
f 1906/1906 1907/1907 1690/1690
f 1908/1908 1909/1909 1830/1830
f 1536/1536 1757/1757 1756/1756
f 1765/1765 1910/1910 1911/1911
f 1764/1764 1912/1912 1765/1765
f 1913/1913 1914/1914 1915/1915
f 1565/1565 1916/1916 1445/1445
f 1917/1917 1364/1364 1918/1918
f 1415/1415 1371/1371 1919/1919
f 1920/1920 1470/1470 1428/1428
f 1715/1715 1921/1921 1490/1490
f 1922/1922 1923/1923 1924/1924
f 1925/1925 1926/1926 1709/1709
f 1709/1709 1927/1927 1708/1708
f 1922/1922 1928/1928 1929/1929
f 1885/1885 1930/1930 1883/1883
f 1931/1931 1932/1932 1933/1933
f 1828/1828 1934/1934 1826/1826
f 1412/1412 1935/1935 1936/1936
f 1881/1881 1937/1937 1938/1938
f 1939/1939 1940/1940 1941/1941
f 1889/1889 1942/1942 1943/1943
f 1944/1944 1945/1945 1946/1946
f 1947/1947 1948/1948 1601/1601
f 1949/1949 1500/1500 1752/1752
f 1632/1632 1950/1950 1444/1444
f 1441/1441 1951/1951 1952/1952
f 1887/1887 1953/1953 1488/1488
f 1887/1887 1488/1488 1884/1884
f 1454/1454 1662/1662 1514/1514
f 1514/1514 1954/1954 1955/1955
f 1956/1956 1957/1957 1783/1783
f 1703/1703 1958/1958 1959/1959
f 1960/1960 1961/1961 1696/1696
f 1962/1962 1963/1963 1964/1964
f 1719/1719 1965/1965 1398/1398
f 1966/1966 1483/1483 1482/1482
f 1967/1967 1968/1968 1397/1397
f 1855/1855 1969/1969 1781/1781
f 1849/1849 1467/1467 1846/1846
f 1386/1386 1487/1487 1970/1970
f 1971/1971 1609/1609 1610/1610
f 1786/1786 1972/1972 1787/1787
f 1561/1561 1973/1973 1974/1974
f 1404/1404 1975/1975 1694/1694
f 1976/1976 1870/1870 1977/1977
f 1924/1924 1923/1923 1978/1978
f 1867/1867 1866/1866 1979/1979
f 1980/1980 1981/1981 1868/1868
f 1604/1604 1721/1721 1605/1605
f 1607/1607 1609/1609 1971/1971
f 1898/1898 1899/1899 1982/1982
f 1680/1680 1983/1983 1700/1700
f 1984/1984 1985/1985 1986/1986
f 1987/1987 1542/1542 1754/1754
f 1964/1964 1523/1523 1526/1526
f 1526/1526 1523/1523 1525/1525
f 1428/1428 1832/1832 1988/1988
f 1894/1894 1989/1989 1836/1836
f 1628/1628 1990/1990 1991/1991
f 1493/1493 1990/1990 1628/1628
f 1458/1458 1992/1992 1993/1993
f 1455/1455 1994/1994 1995/1995
f 1687/1687 1996/1996 1997/1997
f 1998/1998 1999/1999 2000/2000
f 2001/2001 1776/1776 1775/1775
f 2002/2002 2003/2003 2004/2004
f 1897/1897 2005/2005 1891/1891
f 2006/2006 2007/2007 2008/2008
f 2009/2009 2010/2010 2011/2011
f 1794/1794 2012/2012 2008/2008
f 2013/2013 1388/1388 1387/1387
f 1390/1390 2014/2014 1710/1710
f 2015/2015 2016/2016 2017/2017
f 2018/2018 1918/1918 2016/2016
f 2019/2019 2020/2020 1480/1480
f 1677/1677 1876/1876 2021/2021
f 2022/2022 1932/1932 2023/2023
f 2024/2024 1553/1553 1665/1665
f 1385/1385 1613/1613 2025/2025
f 1818/1818 1822/1822 1838/1838
f 1712/1712 1711/1711 2026/2026
f 2027/2027 1630/1630 1904/1904
f 1511/1511 2028/2028 2029/2029
f 2030/2030 1506/1506 1817/1817
f 2031/2031 1735/1735 1734/1734
f 1428/1428 1492/1492 1920/1920
f 1909/1909 1908/1908 2032/2032
f 2033/2033 1369/1369 2034/2034
f 2035/2035 2036/2036 2037/2037
f 1827/1827 1826/1826 1689/1689
f 1896/1896 2038/2038 1894/1894
f 2038/2038 1896/1896 1684/1684
f 1656/1656 1591/1591 1590/1590
f 1461/1461 1588/1588 1587/1587
f 1849/1849 2039/2039 1382/1382
f 1852/1852 1851/1851 1734/1734
f 1696/1696 1961/1961 1367/1367
f 1367/1367 2040/2040 1699/1699
f 1445/1445 1915/1915 1914/1914
f 1455/1455 1445/1445 2041/2041
f 2042/2042 1839/1839 1446/1446
f 1507/1507 1707/1707 2043/2043
f 2044/2044 1875/1875 2045/2045
f 1545/1545 1544/1544 1679/1679
f 1381/1381 1613/1613 1848/1848
f 1795/1795 1848/1848 1847/1847
f 2046/2046 1928/1928 2047/2047
f 1928/1928 2046/2046 1746/1746
f 2048/2048 2049/2049 1983/1983
f 2050/2050 2051/2051 2049/2049
f 1824/1824 2052/2052 2053/2053
f 1686/1686 2054/2054 2055/2055
f 1781/1781 1780/1780 1855/1855
f 1853/1853 1695/1695 2056/2056
f 1634/1634 1633/1633 1636/1636
f 1744/1744 1743/1743 1740/1740
f 1903/1903 1822/1822 1821/1821
f 1903/1903 1821/1821 1413/1413
f 1941/1941 2057/2057 1939/1939
f 2058/2058 2059/2059 2060/2060
f 1946/1946 2061/2061 1944/1944
f 2062/2062 2063/2063 2064/2064
f 2008/2008 2012/2012 2006/2006
f 1427/1427 1426/1426 1425/1425
f 2065/2065 1980/1980 2066/2066
f 2067/2067 1567/1567 1445/1445
f 1436/1436 1435/1435 2068/2068
f 2069/2069 2026/2026 1641/1641
f 1425/1425 1424/1424 1427/1427
f 1832/1832 1831/1831 2070/2070
f 1786/1786 1785/1785 1788/1788
f 1548/1548 1547/1547 1550/1550
f 2071/2071 2072/2072 1953/1953
f 1664/1664 1663/1663 2072/2072
f 1442/1442 1672/1672 1373/1373
f 1952/1952 1442/1442 1441/1441
f 1817/1817 1508/1508 1816/1816
f 1718/1718 1447/1447 1448/1448
f 1646/1646 2005/2005 2006/2006
f 2005/2005 1646/1646 2073/2073
f 1733/1733 2074/2074 2075/2075
f 2074/2074 1733/1733 2024/2024
f 1717/1717 1516/1516 1509/1509
f 1816/1816 1745/1745 1817/1817
f 2076/2076 1506/1506 1708/1708
f 1929/1929 2076/2076 1922/1922
f 1451/1451 2077/2077 1626/1626
f 2078/2078 2079/2079 2080/2080
f 1955/1955 1454/1454 1514/1514
f 1455/1455 1454/1454 1625/1625
f 1979/1979 1981/1981 1867/1867
f 1864/1864 1445/1445 1916/1916
f 1981/1981 1980/1980 1748/1748
f 1916/1916 2081/2081 1864/1864
f 2039/2039 1849/1849 2082/2082
f 2083/2083 1849/1849 2084/2084
f 1787/1787 1972/1972 1790/1790
f 1647/1647 1720/1720 1723/1723
f 1834/1834 1833/1833 1620/1620
f 2085/2085 2086/2086 2087/2087
f 2088/2088 1988/1988 2089/2089
f 1489/1489 1681/1681 1488/1488
f 2076/2076 1929/1929 1926/1926
f 1746/1746 1978/1978 2090/2090
f 2087/2087 2091/2091 2085/2085
f 1884/1884 2087/2087 2092/2092
f 2005/2005 1897/1897 2010/2010
f 1894/1894 1895/1895 2093/2093
f 1505/1505 1752/1752 1500/1500
f 1752/1752 1505/1505 1442/1442
f 1820/1820 1822/1822 2094/2094
f 2094/2094 1498/1498 1497/1497
f 1969/1969 1968/1968 1967/1967
f 1629/1629 2068/2068 1435/1435
f 1470/1470 1920/1920 1715/1715
f 1720/1720 1724/1724 1723/1723
f 1725/1725 1616/1616 2095/2095
f 1726/1726 1628/1628 2096/2096
f 1776/1776 2001/2001 2097/2097
f 1410/1410 1453/1453 2004/2004
f 2004/2004 1453/1453 2002/2002
f 1411/1411 1770/1770 1409/1409
f 1568/1568 1567/1567 1566/1566
f 1840/1840 1449/1449 2098/2098
f 1874/1874 1873/1873 1623/1623
f 2045/2045 2099/2099 2044/2044
f 1882/1882 1881/1881 1635/1635
f 1660/1660 1514/1514 1662/1662
f 2100/2100 1766/1766 1678/1678
f 1766/1766 1438/1438 1765/1765
f 2101/2101 1671/1671 1879/1879
f 1401/1401 1879/1879 1878/1878
f 2102/2102 1784/1784 1481/1481
f 1912/1912 2019/2019 2103/2103
f 1769/1769 2104/2104 1766/1766
f 2105/2105 1784/1784 2102/2102
f 1439/1439 2106/2106 1437/1437
f 2107/2107 1481/1481 2108/2108
f 1706/1706 1956/1956 2109/2109
f 2108/2108 1481/1481 1784/1784
f 1890/1890 1889/1889 1549/1549
f 1728/1728 1607/1607 1552/1552
f 1689/1689 1688/1688 1827/1827
f 2110/2110 2111/2111 1991/1991
f 1625/1625 1624/1624 1455/1455
f 1445/1445 1455/1455 1624/1624
f 1842/1842 1586/1586 1658/1658
f 1590/1590 1657/1657 1656/1656
f 1698/1698 1360/1360 1359/1359
f 1464/1464 1369/1369 1368/1368
f 2112/2112 2113/2113 2025/2025
f 2113/2113 2112/2112 1451/1451
f 1587/1587 1462/1462 1461/1461
f 1468/1468 1589/1589 1466/1466
f 1584/1584 1583/1583 1581/1581
f 1477/1477 2114/2114 1478/1478
f 1652/1652 1654/1654 1576/1576
f 1573/1573 2115/2115 1574/1574
f 2116/2116 2117/2117 2034/2034
f 2117/2117 2116/2116 2040/2040
f 1469/1469 1360/1360 1463/1463
f 1842/1842 1841/1841 1844/1844
f 1534/1534 1527/1527 1390/1390
f 1531/1531 2118/2118 1532/1532
f 1658/1658 1843/1843 1842/1842
f 1862/1862 1655/1655 1844/1844
f 2119/2119 2048/2048 2120/2120
f 1680/1680 1679/1679 1544/1544
f 1368/1368 1465/1465 1464/1464
f 1863/1863 1358/1358 1469/1469
f 1771/1771 1856/1856 1691/1691
f 1409/1409 1771/1771 1775/1775
f 1687/1687 1691/1691 1856/1856
f 1856/1856 1410/1410 1859/1859
f 1789/1789 1788/1788 1785/1785
f 1642/1642 1794/1794 1645/1645
f 2121/2121 2056/2056 1695/1695
f 1630/1630 1363/1363 1904/1904
f 1730/1730 1612/1612 1607/1607
f 1604/1604 1492/1492 1491/1491
f 2122/2122 1689/1689 2123/2123
f 1689/1689 1778/1778 1691/1691
f 1536/1536 1592/1592 1529/1529
f 2032/2032 2124/2124 1536/1536
f 1736/1736 2124/2124 1908/1908
f 2124/2124 2032/2032 1908/1908
f 2063/2063 2062/2062 1946/1946
f 1888/1888 1549/1549 1889/1889
f 1880/1880 1635/1635 1881/1881
f 2059/2059 2058/2058 1941/1941
f 1678/1678 2125/2125 2100/2100
f 1437/1437 1768/1768 1701/1701
f 1678/1678 1760/1760 2045/2045
f 2126/2126 2099/2099 2045/2045
f 1374/1374 1974/1974 1973/1973
f 1974/1974 1374/1374 1373/1373
f 1458/1458 1993/1993 1459/1459
f 2041/2041 1994/1994 1455/1455
f 1490/1490 1492/1492 2127/2127
f 2128/2128 1428/1428 2129/2129
f 1637/1637 1636/1636 1633/1633
f 1938/1938 1937/1937 1940/1940
f 1551/1551 1550/1550 1547/1547
f 1943/1943 1942/1942 1945/1945
f 1764/1764 1763/1763 1739/1739
f 1737/1737 1670/1670 1739/1739
f 1705/1705 1704/1704 2130/2130
f 2107/2107 1959/1959 2131/2131
f 1573/1573 1673/1673 1781/1781
f 1397/1397 1573/1573 1967/1967
f 2132/2132 2133/2133 1628/1628
f 2134/2134 2132/2132 1628/1628
f 1701/1701 1703/1703 1437/1437
f 1736/1736 1755/1755 1542/1542
f 1792/1792 1791/1791 1670/1670
f 1669/1669 2016/2016 1670/1670
f 1980/1980 2065/2065 1564/1564
f 1564/1564 2135/2135 1980/1980
f 1825/1825 1773/1773 1823/1823
f 1771/1771 1773/1773 1825/1825
f 1857/1857 1861/1861 1856/1856
f 1860/1860 1861/1861 1857/1857
f 2024/2024 1665/1665 2022/2022
f 1621/1621 2092/2092 2087/2087
f 1741/1741 1740/1740 1743/1743
f 2028/2028 1511/1511 2136/2136
f 2011/2011 2137/2137 2073/2073
f 2073/2073 1794/1794 2011/2011
f 2001/2001 2138/2138 2139/2139
f 2140/2140 2141/2141 1779/1779
f 2072/2072 1484/1484 1953/1953
f 2129/2129 1953/1953 1735/1735
f 2013/2013 2142/2142 1429/1429
f 1986/1986 1985/1985 2143/2143
f 2095/2095 1458/1458 1725/1725
f 2095/2095 1954/1954 1514/1514
f 1887/1887 1886/1886 2144/2144
f 2072/2072 2071/2071 1664/1664
f 1911/1911 1910/1910 1769/1769
f 2104/2104 1769/1769 1910/1910
f 2106/2106 1439/1439 1958/1958
f 1959/1959 1958/1958 1439/1439
f 1605/1605 1721/1721 1606/1606
f 1921/1921 1715/1715 1920/1920
f 1982/1982 1546/1546 1898/1898
f 1623/1623 2145/2145 1874/1874
f 1934/1934 1828/1828 1494/1494
f 1936/1936 2037/2037 2036/2036
f 2003/2003 2146/2146 2147/2147
f 1776/1776 1770/1770 1411/1411
f 1558/1558 1933/1933 1932/1932
f 2148/2148 1883/1883 1930/1930
f 1682/1682 1894/1894 2038/2038
f 2149/2149 1618/1618 1617/1617
f 1985/1985 2124/2124 1736/1736
f 1542/1542 1987/1987 1736/1736
f 2052/2052 1824/1824 1858/1858
f 1999/1999 1998/1998 2150/2150
f 1511/1511 2043/2043 2151/2151
f 2151/2151 2043/2043 1707/1707
f 1588/1588 1461/1461 1591/1591
f 1461/1461 1460/1460 1466/1466
f 1467/1467 1466/1466 1460/1460
f 1467/1467 1847/1847 1846/1846
f 2152/2152 1394/1394 1582/1582
f 1580/1580 2153/2153 2154/2154
f 2155/2155 1476/1476 2156/2156
f 1666/1666 2157/2157 2158/2158
f 2159/2159 1572/1572 1420/1420
f 1675/1675 2160/2160 2161/2161
f 1571/1571 2162/2162 2163/2163
f 2164/2164 1524/1524 1577/1577
f 1600/1600 2165/2165 2166/2166
f 2167/2167 1406/1406 1405/1405
f 1814/1814 2168/2168 2169/2169
f 2170/2170 1692/1692 2171/2171
f 1392/1392 2172/2172 2173/2173
f 2174/2174 1594/1594 1389/1389
f 2175/2175 1530/1530 1529/1529
f 1639/1639 2176/2176 2177/2177
f 1472/1472 2178/2178 1473/1473
f 2179/2179 2178/2178 1472/1472
f 2180/2180 2181/2181 2182/2182
f 2105/2105 1911/1911 2183/2183
f 1479/1479 2184/2184 1666/1666
f 1812/1812 2185/2185 1583/1583
f 1582/1582 2186/2186 2152/2152
f 1584/1584 1585/1585 2187/2187
f 1577/1577 2188/2188 2164/2164
f 1652/1652 1653/1653 2189/2189
f 1575/1575 2190/2190 1675/1675
f 1804/1804 2191/2191 1654/1654
f 1534/1534 1535/1535 2192/2192
f 1533/1533 2193/2193 1639/1639
f 1808/1808 2194/2194 1527/1527
f 1389/1389 2195/2195 2174/2174
f 1598/1598 1815/1815 2196/2196
f 1813/1813 2197/2197 1596/1596
f 1599/1599 2171/2171 1692/1692
f 1400/1400 2166/2166 2165/2165
f 1649/1649 2198/2198 1517/1517
f 1519/1519 2199/2199 2200/2200
f 1521/1521 1803/1803 1651/1651
f 2201/2201 1802/1802 2202/2202
f 1503/1503 2203/2203 1443/1443
f 1502/1502 2204/2204 2205/2205
f 1441/1441 1809/1809 2206/2206
f 2207/2207 1504/1504 2208/2208
f 2161/2161 1674/1674 1675/1675
f 2209/2209 1525/1525 1524/1524
f 1570/1570 2161/2161 2160/2160
f 1526/1526 2210/2210 1420/1420
f 1529/1529 2211/2211 2175/2175
f 1387/1387 1595/1595 1593/1593
f 2177/2177 1640/1640 1639/1639
f 1727/1727 2212/2212 1391/1391
f 1366/1366 2213/2213 1806/1806
f 1396/1396 2214/2214 2215/2215
f 1372/1372 2216/2216 1370/1370
f 1365/1365 1805/1805 2217/2217
f 1561/1561 1798/1798 2218/2218
f 1403/1403 2219/2219 1796/1796
f 1559/1559 2220/2220 2221/2221
f 1799/1799 2222/2222 1648/1648
f 1667/1667 2223/2223 1668/1668
f 1475/1475 2156/2156 1476/1476
f 1579/1579 2158/2158 2157/2157
f 1395/1395 2224/2224 1623/1623
f 1693/1693 2225/2225 1753/1753
f 1380/1380 2226/2226 1600/1600
f 1374/1374 1845/1845 2227/2227
f 1405/1405 2228/2228 2167/2167
f 1401/1401 1796/1796 2229/2229
f 1361/1361 1797/1797 2230/2230
f 1563/1563 2231/2231 1798/1798
f 2221/2221 1797/1797 1559/1559
f 2232/2232 1810/1810 1443/1443
f 1377/1377 1810/1810 2233/2233
f 1505/1505 1811/1811 2234/2234
f 1440/1440 2235/2235 1809/1809
f 1430/1430 1801/1801 2236/2236
f 1431/1431 2237/2237 1803/1803
f 2238/2238 1800/1800 1517/1517
f 1433/1433 1800/1800 2239/2239
f 2215/2215 1807/1807 1396/1396
f 1539/1539 2240/2240 1805/1805
f 1397/1397 1807/1807 2241/2241
f 1538/1538 1806/1806 2242/2242
f 1689/1689 2122/2122 2140/2140
f 2037/2037 1936/1936 1935/1935
f 1747/1747 1746/1746 2046/2046
f 2243/2243 1864/1864 2081/2081
f 2115/2115 2244/2244 1421/1421
f 1574/1574 2115/2115 1654/1654
f 2114/2114 2245/2245 1474/1474
f 1478/1478 2114/2114 1583/1583
f 1532/1532 2118/2118 1527/1527
f 2118/2118 2246/2246 1528/1528
f 2137/2137 2011/2011 2010/2010
f 2093/2093 1895/1895 1892/1892
f 2090/2090 1978/1978 1923/1923
f 1927/1927 1709/1709 1926/1926
f 2029/2029 1512/1512 1511/1511
f 1512/1512 2029/2029 1508/1508
f 1939/1939 2247/2247 2060/2060
f 1940/1940 1939/1939 1938/1938
f 1944/1944 2248/2248 2064/2064
f 1945/1945 1944/1944 1943/1943
f 1789/1789 2249/2249 1790/1790
f 1790/1790 2249/2249 1787/1787
f 1741/1741 2250/2250 1742/1742
f 1742/1742 2250/2250 1745/1745
f 2251/2251 2252/2252 1485/1485
f 1901/1901 1555/1555 1902/1902
f 1495/1495 1494/1494 1828/1828
f 1991/1991 1990/1990 2110/2110
f 1445/1445 2253/2253 2098/2098
f 2098/2098 2253/2253 1840/1840
f 1864/1864 2047/2047 2254/2254
f 1864/1864 2046/2046 2047/2047
f 1918/1918 2017/2017 2016/2016
f 1364/1364 2255/2255 1918/1918
f 1822/1822 1903/1903 2256/2256
f 1822/1822 2256/2256 2025/2025
f 1552/1552 2257/2257 1728/1728
f 1551/1551 2257/2257 1552/1552
f 1448/1448 1716/1716 1718/1718
f 2041/2041 1459/1459 1993/1993
f 1992/1992 1995/1995 1994/1994
f 1509/1509 1456/1456 1717/1717
f 1926/1926 1925/1925 2076/2076
f 1506/1506 2076/2076 1707/1707
f 2070/2070 2258/2258 1832/1832
f 2070/2070 1621/1621 1620/1620
f 2259/2259 2260/2260 2261/2261
f 2262/2262 1627/1627 1624/1624
f 1511/1511 1708/1708 1506/1506
f 1506/1506 2030/2030 1511/1511
f 1515/1515 1659/1659 2263/2263
f 1514/1514 1659/1659 1515/1515
f 1546/1546 1982/1982 1544/1544
f 2120/2120 2264/2264 2119/2119
f 1509/1509 2263/2263 1510/1510
f 1510/1510 2263/2263 1659/1659
f 1612/1612 2265/2265 1550/1550
f 1550/1550 2265/2265 1729/1729
f 1730/1730 2266/2266 1610/1610
f 1610/1610 2266/2266 1971/1971
f 1775/1775 1774/1774 1409/1409
f 1821/1821 1900/1900 1413/1413
f 1928/1928 1922/1922 1924/1924
f 1869/1869 1928/1928 1870/1870
f 2267/2267 2268/2268 1614/1614
f 2268/2268 1615/1615 1614/1614
f 2269/2269 2256/2256 1903/1903
f 1903/1903 2270/2270 1487/1487
f 1690/1690 1414/1414 1906/1906
f 1414/1414 1900/1900 1905/1905
f 1473/1473 1643/1643 2271/2271
f 1643/1643 1473/1473 1644/1644
f 1463/1463 1844/1844 1469/1469
f 1844/1844 1463/1463 1862/1862
f 1578/1578 1584/1584 1581/1581
f 1483/1483 1966/1966 2272/2272
f 1729/1729 1608/1608 1607/1607
f 1608/1608 1729/1729 2265/2265
f 2273/2273 2060/2060 2247/2247
f 2057/2057 1941/1941 2058/2058
f 2274/2274 2064/2064 2248/2248
f 2061/2061 1946/1946 2062/2062
f 2080/2080 1412/1412 2078/2078
f 1486/1486 1485/1485 1412/1412
f 1702/1702 1701/1701 1983/1983
f 1983/1983 2049/2049 2051/2051
f 2275/2275 2276/2276 1955/1955
f 2276/2276 1626/1626 1625/1625
f 2111/2111 2110/2110 1827/1827
f 1997/1997 2277/2277 1827/1827
f 1699/1699 1359/1359 1367/1367
f 1368/1368 1367/1367 1359/1359
f 1576/1576 2278/2278 1569/1569
f 1569/1569 1652/1652 1576/1576
f 1997/1997 2000/2000 2279/2279
f 1996/1996 2000/2000 1997/1997
f 1521/1521 1650/1650 1518/1518
f 2014/2014 1390/1390 2280/2280
f 1794/1794 2073/2073 1646/1646
f 1646/1646 1645/1645 1794/1794
f 1875/1875 2044/2044 1873/1873
f 2281/2281 2282/2282 1676/1676
f 1503/1503 1501/1501 1500/1500
f 1444/1444 1950/1950 1441/1441
f 1468/1468 1381/1381 1795/1795
f 1848/1848 1795/1795 1381/1381
f 1703/1703 2283/2283 1543/1543
f 2284/2284 2130/2130 1704/1704
f 1596/1596 1598/1598 1597/1597
f 1948/1948 2285/2285 1379/1379
f 1751/1751 1977/1977 1870/1870
f 1977/1977 1751/1751 1750/1750
f 2089/2089 1836/1836 2088/2088
f 1836/1836 2089/2089 1835/1835
f 1558/1558 1557/1557 1886/1886
f 1886/1886 1933/1933 1558/1558
f 1739/1739 1738/1738 1764/1764
f 2021/2021 2286/2286 1677/1677
f 1428/1428 1988/1988 2287/2287
f 2086/2086 1834/1834 1619/1619
f 1638/1638 2288/2288 2289/2289
f 1637/1637 2288/2288 1638/1638
f 1681/1681 1989/1989 1894/1894
f 1833/1833 2085/2085 1684/1684
f 1865/1865 2290/2290 1445/1445
f 2065/2065 1979/1979 2291/2291
f 1438/1438 2103/2103 1480/1480
f 1480/1480 2103/2103 2019/2019
f 1684/1684 1896/1896 1685/1685
f 1896/1896 1891/1891 1893/1893
f 1783/1783 2109/2109 1956/1956
f 1768/1768 2109/2109 1783/1783
f 2281/2281 1676/1676 1623/1623
f 1393/1393 1676/1676 1482/1482
f 1497/1497 1859/1859 1410/1410
f 1821/1821 1820/1820 1410/1410
f 1526/1526 1525/1525 2210/2210
f 1673/1673 2292/2292 1570/1570
f 2271/2271 1793/1793 2179/2179
f 2179/2179 1793/1793 1644/1644
f 2270/2270 1970/1970 1487/1487
f 1555/1555 1554/1554 1902/1902
f 1520/1520 1650/1650 1519/1519
f 1649/1649 1522/1522 1802/1802
f 1634/1634 2289/2289 2293/2293
f 2293/2293 2289/2289 2288/2288
f 1466/1466 1591/1591 1461/1461
f 1591/1591 1466/1466 1589/1589
f 2101/2101 1401/1401 1562/1562
f 1879/1879 1401/1401 2101/2101
f 1408/1408 2294/2294 1799/1799
f 2295/2295 1796/1796 2219/2219
f 2205/2205 1811/1811 1502/1502
f 1378/1378 2208/2208 1504/1504
f 1416/1416 2296/2296 1372/1372
f 2297/2297 1806/1806 2213/2213
f 1434/1434 2202/2202 1802/1802
f 2200/2200 1801/1801 1519/1519
f 1698/1698 1697/1697 1369/1369
f 1369/1369 1464/1464 1698/1698
f 2140/2140 1935/1935 2298/2298
f 2122/2122 1935/1935 2140/2140
f 1410/1410 2299/2299 2055/2055
f 2055/2055 2299/2299 1686/1686
f 1658/1658 1588/1588 1656/1656
f 1591/1591 1656/1656 1588/1588
f 2139/2139 2097/2097 2001/2001
f 1771/1771 2097/2097 2139/2139
f 1964/1964 1829/1829 1962/1962
f 1829/1829 1964/1964 1669/1669
f 1678/1678 1766/1766 1765/1765
f 1765/1765 1762/1762 1761/1761
f 2142/2142 2300/2300 1429/1429
f 2301/2301 1754/1754 2143/2143
f 1586/1586 1842/1842 1657/1657
f 1844/1844 1657/1657 1842/1842
f 2096/2096 2133/2133 1819/1819
f 2096/2096 1628/1628 2133/2133
f 1460/1460 1847/1847 1467/1467
f 1847/1847 1460/1460 1795/1795
f 1587/1587 1586/1586 1590/1590
f 1657/1657 1590/1590 1586/1586
f 2005/2005 2007/2007 2006/2006
f 2010/2010 2009/2009 2005/2005
f 1462/1462 1587/1587 1589/1589
f 1590/1590 1589/1589 1587/1587
f 1795/1795 1462/1462 1468/1468
f 1589/1589 1468/1468 1462/1462
f 1656/1656 1655/1655 1658/1658
f 1843/1843 1658/1658 1655/1655
f 1863/1863 1843/1843 1862/1862
f 1655/1655 1862/1862 1843/1843
f 1695/1695 1363/1363 2121/2121
f 1363/1363 1695/1695 1361/1361
f 2048/2048 2119/2119 1705/1705
f 2119/2119 1541/1541 1705/1705
f 1358/1358 1863/1863 1465/1465
f 1862/1862 1465/1465 1863/1863
f 1916/1916 1565/1565 1867/1867
f 1867/1867 1747/1747 1916/1916
f 1464/1464 1463/1463 1360/1360
f 1360/1360 1698/1698 1464/1464
f 1844/1844 1841/1841 1469/1469
f 1469/1469 1841/1841 1863/1863
f 1648/1648 1407/1407 1799/1799
f 1878/1878 1402/1402 1401/1401
f 1631/1631 2302/2302 2303/2303
f 1531/1531 2303/2303 2302/2302
f 1359/1359 1358/1358 1368/1368
f 1465/1465 1368/1368 1358/1358
f 1567/1567 2067/2067 2066/2066
f 1870/1870 1976/1976 1868/1868
f 2091/2091 2087/2087 1618/1618
f 1618/1618 2038/2038 2091/2091
f 1399/1399 2304/2304 1404/1404
f 1404/1404 1596/1596 1399/1399
f 1370/1370 1966/1966 1364/1364
f 1398/1398 1370/1370 1396/1396
f 1507/1507 2305/2305 1508/1508
f 1508/1508 2305/2305 1512/1512
f 2182/2182 2126/2126 2180/2180
f 2126/2126 2182/2182 2099/2099
f 2306/2306 2150/2150 1998/1998
f 1859/1859 1858/1858 1996/1996
f 1745/1745 2307/2307 1742/1742
f 1744/1744 2307/2307 1745/1745
f 1793/1793 2271/2271 1720/1720
f 1720/1720 2271/2271 1643/1643
f 1913/1913 1450/1450 1914/1914
f 1565/1565 1450/1450 1566/1566
f 1763/1763 1765/1765 1438/1438
f 1438/1438 1437/1437 1737/1737
f 1369/1369 2308/2308 2034/2034
f 2034/2034 2308/2308 2116/2116
f 2166/2166 1400/1400 2309/2309
f 2196/2196 1815/1815 2197/2197
f 2186/2186 1582/1582 2154/2154
f 2187/2187 1585/1585 2185/2185
f 2195/2195 1389/1389 2173/2173
f 2192/2192 1535/1535 2194/2194
f 2189/2189 1653/1653 2191/2191
f 2188/2188 1577/1577 2163/2163
f 1668/1668 2223/2223 1579/1579
f 2310/2310 1395/1395 1394/1394
f 1673/1673 1377/1377 1376/1376
f 1377/1377 1632/1632 1444/1444
f 1370/1370 2216/2216 1396/1396
f 2311/2311 1805/1805 2240/2240
f 2169/2169 1845/1845 1814/1814
f 1753/1753 2225/2225 1405/1405
f 1648/1648 2222/2222 1559/1559
f 2312/2312 1798/1798 2231/2231
f 1758/1758 1960/1960 1756/1756
f 1963/1963 1962/1962 2313/2313
f 1946/1946 1888/1888 2063/2063
f 1888/1888 1946/1946 2314/2314
f 1941/1941 1880/1880 2059/2059
f 1880/1880 1941/1941 2315/2315
f 1710/1710 1433/1433 1641/1641
f 1433/1433 1710/1710 1518/1518
f 2316/2316 2017/2017 1538/1538
f 2317/2317 1918/1918 2255/2255
f 2262/2262 2077/2077 2078/2078
f 1627/1627 2262/2262 1850/1850
f 1921/1921 2318/2318 1605/1605
f 1605/1605 2318/2318 1492/1492
f 1932/1932 1556/1556 1558/1558
f 1932/1932 2022/2022 1556/1556
f 1703/1703 2319/2319 1755/1755
f 1543/1543 2319/2319 1703/1703
f 2157/2157 1580/1580 1579/1579
f 1394/1394 2155/2155 2310/2310
f 2176/2176 1392/1392 1391/1391
f 1594/1594 2175/2175 2211/2211
f 1524/1524 2159/2159 2209/2209
f 2160/2160 1571/1571 1570/1570
f 2165/2165 1814/1814 1400/1400
f 1406/1406 2170/2170 2309/2309
f 1476/1476 2152/2152 2186/2186
f 2153/2153 1666/1666 2184/2184
f 1692/1692 2167/2167 2228/2228
f 2168/2168 1600/1600 2226/2226
f 1572/1572 2164/2164 2188/2188
f 2162/2162 1675/1675 2190/2190
f 2172/2172 1639/1639 2193/2193
f 1530/1530 2174/2174 2195/2195
f 1954/1954 2275/2275 1955/1955
f 2275/2275 1837/1837 2025/2025
f 1670/1670 1418/1418 1417/1417
f 1537/1537 1418/1418 1670/1670
f 2032/2032 1756/1756 1960/1960
f 1536/1536 1756/1756 2032/2032
f 1779/1779 2141/2141 2002/2002
f 2003/2003 2002/2002 1907/1907
f 1746/1746 1929/1929 1928/1928
f 1929/1929 1746/1746 2090/2090
f 2199/2199 1803/1803 2237/2237
f 1517/1517 2201/2201 2238/2238
f 1443/1443 2207/2207 2232/2232
f 2204/2204 1809/1809 2235/2235
f 1894/1894 1897/1897 1896/1896
f 1897/1897 1894/1894 2093/2093
f 2211/2211 1595/1595 1594/1594
f 1391/1391 2177/2177 2176/2176
f 1889/1889 2063/2063 1888/1888
f 2063/2063 1889/1889 1943/1943
f 2059/2059 1881/1881 1938/1938
f 1881/1881 2059/2059 1880/1880
f 1714/1714 1631/1631 2303/2303
f 1629/1629 1631/1631 1714/1714
f 2206/2206 1502/1502 1501/1501
f 1504/1504 2203/2203 1503/1503
f 1651/1651 1519/1519 1650/1650
f 1802/1802 2198/2198 1649/1649
f 1640/1640 2212/2212 1727/1727
f 1593/1593 1529/1529 1592/1592
f 1565/1565 1564/1564 2291/2291
f 2291/2291 1564/1564 2065/2065
f 2285/2285 1948/1948 1947/1947
f 1376/1376 1499/1499 1947/1947
f 1641/1641 2320/2320 2069/2069
f 2320/2320 1641/1641 1432/1432
f 2148/2148 1930/1930 1931/1931
f 2023/2023 2321/2321 2022/2022
f 1732/1732 2031/2031 2322/2322
f 2039/2039 2322/2322 1851/1851
f 1695/1695 1694/1694 1361/1361
f 1361/1361 1694/1694 1560/1560
f 1860/1860 1686/1686 2299/2299
f 1686/1686 1860/1860 1497/1497
f 1691/1691 1775/1775 1771/1771
f 1779/1779 1775/1775 1777/1777
f 1450/1450 1840/1840 2323/2323
f 2323/2323 1840/1840 2253/2253
f 2324/2324 1781/1781 1969/1969
f 1781/1781 2324/2324 1573/1573
f 1708/1708 1922/1922 2076/2076
f 1922/1922 1708/1708 1927/1927
f 2096/2096 1725/1725 2261/2261
f 2261/2261 1725/1725 2259/2259
f 1694/1694 1975/1975 1560/1560
f 1973/1973 1561/1561 2304/2304
f 1687/1687 1856/1856 1859/1859
f 1996/1996 2325/2325 1859/1859
f 2073/2073 1891/1891 2005/2005
f 1891/1891 2073/2073 2137/2137
f 2267/2267 1818/1818 1838/1838
f 1818/1818 2267/2267 1819/1819
f 1733/1733 2075/2075 1731/1731
f 1735/1735 2031/2031 2129/2129
f 1934/1934 2326/2326 2035/2035
f 2326/2326 1934/1934 2327/2327
f 1604/1604 1607/1607 1971/1971
f 1607/1607 1604/1604 1730/1730
f 1723/1723 2328/2328 1785/1785
f 1785/1785 2328/2328 1789/1789
f 2092/2092 1621/1621 2329/2329
f 2330/2330 2321/2321 1885/1885
f 1670/1670 1736/1736 1537/1537
f 1537/1537 1736/1736 1419/1419
f 2144/2144 1664/1664 2071/2071
f 1664/1664 2331/2331 1556/1556
f 2150/2150 1823/1823 2132/2132
f 1496/1496 2054/2054 1686/1686
f 1993/1993 1992/1992 1994/1994
f 1994/1994 2041/2041 1993/1993
f 2332/2332 1603/1603 1602/1602
f 1553/1553 2024/2024 2333/2333
f 2024/2024 1471/1471 2074/2074
f 2330/2330 1423/1423 2024/2024
f 1562/1562 1974/1974 2101/2101
f 1974/1974 1562/1562 1561/1561
f 1792/1792 2015/2015 1482/1482
f 1538/1538 1540/1540 2316/2316
f 1775/1775 1779/1779 2001/2001
f 1779/1779 2138/2138 2001/2001
f 2334/2334 1427/1427 1424/1424
f 1428/1428 1427/1427 2334/2334
f 2117/2117 1830/1830 1909/1909
f 1830/1830 2117/2117 1829/1829
f 2314/2314 2335/2335 2336/2336
f 1946/1946 2335/2335 2314/2314
f 1941/1941 2337/2337 2315/2315
f 2315/2315 2337/2337 2338/2338
f 1752/1752 1375/1375 1949/1949
f 1752/1752 1373/1373 1375/1375
f 1412/1412 2080/2080 1486/1486
f 1734/1734 1486/1486 1852/1852
f 2035/2035 2123/2123 1934/1934
f 2123/2123 2035/2035 2122/2122
f 2339/2339 1933/1933 2340/2340
f 1931/1931 1933/1933 2148/2148
f 2341/2341 1789/1789 2328/2328
f 2249/2249 1789/1789 2341/2341
f 2181/2181 2180/2180 2105/2105
f 2021/2021 2020/2020 2019/2019
f 1957/1957 1956/1956 2051/2051
f 1956/1956 1706/1706 1702/1702
f 1905/1905 2146/2146 2003/2003
f 1907/1907 1906/1906 2003/2003
f 2342/2342 1855/1855 1780/1780
f 2056/2056 1630/1630 1855/1855
f 1413/1413 1901/1901 1903/1903
f 1485/1485 2252/2252 1413/1413
f 1678/1678 2045/2045 2343/2343
f 2343/2343 2045/2045 1875/1875
f 2158/2158 2156/2156 1475/1475
f 2223/2223 1667/1667 2224/2224
f 2228/2228 2226/2226 1380/1380
f 2225/2225 1693/1693 2227/2227
f 2188/2188 2190/2190 1575/1575
f 2191/2191 1804/1804 2189/2189
f 2136/2136 1741/1741 2028/2028
f 2250/2250 1741/1741 2136/2136
f 2185/2185 1812/1812 2187/2187
f 2186/2186 2184/2184 1479/1479
f 2166/2166 2171/2171 1599/1599
f 2197/2197 1813/1813 2196/2196
f 2222/2222 1799/1799 2218/2218
f 2220/2220 2219/2219 1403/1403
f 2194/2194 1808/1808 2192/2192
f 2195/2195 2193/2193 1533/1533
f 2214/2214 2213/2213 1366/1366
f 2216/2216 1372/1372 2217/2217
f 2019/2019 1912/1912 1764/1764
f 2286/2286 2021/2021 2019/2019
f 2107/2107 2050/2050 2284/2284
f 2051/2051 2050/2050 1957/1957
f 2270/2270 1554/1554 1970/1970
f 2082/2082 1849/1849 1970/1970
f 1762/1762 1765/1765 1911/1911
f 1911/1911 2105/2105 1762/1762
f 2150/2150 2306/2306 1824/1824
f 1824/1824 1823/1823 2150/2150
f 1617/1617 1682/1682 2149/2149
f 1682/1682 1617/1617 1488/1488
f 2125/2125 1701/1701 1768/1768
f 1700/1700 1983/1983 1701/1701
f 1730/1730 1491/1491 1722/1722
f 1491/1491 1730/1730 1604/1604
f 2283/2283 1703/1703 1959/1959
f 1959/1959 2107/2107 2283/2283
f 1581/1581 2272/2272 1578/1578
f 1578/1578 1965/1965 1719/1719
f 1444/1444 1503/1503 1443/1443
f 1503/1503 1444/1444 1501/1501
f 1412/1412 1936/1936 2327/2327
f 2327/2327 1936/1936 2326/2326
f 1755/1755 1437/1437 1703/1703
f 1755/1755 1737/1737 1437/1437
f 1388/1388 2280/2280 1390/1390
f 1390/1390 1527/1527 1388/1388
f 1871/1871 2114/2114 1477/1477
f 2114/2114 1871/1871 2245/2245
f 2151/2151 2344/2344 1925/1925
f 2076/2076 1925/1925 2344/2344
f 1919/1919 2115/2115 1573/1573
f 2115/2115 1919/1919 2244/2244
f 2246/2246 2118/2118 1877/1877
f 1877/1877 2118/2118 1531/1531
f 1670/1670 2016/2016 1792/1792
f 1792/1792 2016/2016 2015/2015
f 1598/1598 1404/1404 1815/1815
f 1598/1598 1596/1596 1404/1404
f 1848/1848 2345/2345 1846/1846
f 1613/1613 2345/2345 1848/1848
f 2301/2301 1987/1987 1754/1754
f 1987/1987 1985/1985 1736/1736
f 2086/2086 1619/1619 2087/2087
f 2087/2087 1619/1619 1621/1621
f 1528/1528 1527/1527 2118/2118
f 1527/1527 1528/1528 1808/1808
f 1382/1382 1851/1851 1383/1383
f 1851/1851 1382/1382 2039/2039
f 1596/1596 1948/1948 1379/1379
f 1596/1596 1379/1379 1813/1813
f 1654/1654 1421/1421 1804/1804
f 1654/1654 2115/2115 1421/1421
f 1474/1474 1583/1583 2114/2114
f 1583/1583 1474/1474 1812/1812
f 1548/1548 1728/1728 2346/2346
f 2346/2346 1728/1728 2257/2257
f 2111/2111 2279/2279 2000/2000
f 1827/1827 2277/2277 2111/2111
f 1834/1834 2086/2086 2287/2287
f 2086/2086 2085/2085 1489/1489
f 2084/2084 1386/1386 2083/2083
f 1386/1386 2084/2084 1384/1384
f 2275/2275 1954/1954 1837/1837
f 1954/1954 2095/2095 1837/1837
f 2243/2243 2046/2046 1864/1864
f 2046/2046 2243/2243 1747/1747
f 1371/1371 1370/1370 1364/1364
f 1919/1919 1371/1371 2244/2244
f 2082/2082 1603/1603 2039/2039
f 2039/2039 1732/1732 2322/2322
f 2305/2305 1507/1507 2042/2042
f 2042/2042 1507/1507 1513/1513
f 2025/2025 1838/1838 1822/1822
f 1838/1838 2025/2025 1837/1837
f 2081/2081 1747/1747 2243/2243
f 1747/1747 2081/2081 1916/1916
f 2259/2259 1624/1624 2260/2260
f 1624/1624 1915/1915 1445/1445
f 2220/2220 1559/1559 2312/2312
f 1798/1798 2312/2312 1559/1559
f 2214/2214 1396/1396 2311/2311
f 1805/1805 2311/2311 1396/1396
f 1420/1420 2209/2209 2159/2159
f 1674/1674 2161/2161 1420/1420
f 2094/2094 1497/1497 1820/1820
f 1410/1410 1820/1820 1497/1497
f 1907/1907 2298/2298 1935/1935
f 2141/2141 1907/1907 2002/2002
f 2228/2228 1405/1405 2169/2169
f 1845/1845 2169/2169 1405/1405
f 1395/1395 2310/2310 1579/1579
f 2158/2158 1579/1579 2310/2310
f 1607/1607 1612/1612 1552/1552
f 1552/1552 1612/1612 1550/1550
f 2173/2173 1535/1535 1392/1392
f 1535/1535 2173/2173 1389/1389
f 1653/1653 2163/2163 1577/1577
f 2163/2163 1653/1653 1571/1571
f 1672/1672 1442/1442 1952/1952
f 1523/1523 1964/1964 1963/1963
f 1815/1815 2309/2309 1400/1400
f 2309/2309 1815/1815 1406/1406
f 2154/2154 1585/1585 1580/1580
f 1585/1585 2154/2154 1582/1582
f 1743/1743 2028/2028 1741/1741
f 1816/1816 2028/2028 1743/1743
f 2038/2038 2149/2149 1682/1682
f 2149/2149 2038/2038 1618/1618
f 1608/1608 1611/1611 1786/1786
f 1786/1786 1611/1611 1610/1610
f 1594/1594 2174/2174 1392/1392
f 1392/1392 2176/2176 1594/1594
f 1571/1571 2160/2160 1524/1524
f 1524/1524 2164/2164 1571/1571
f 1406/1406 2167/2167 1814/1814
f 1814/1814 2165/2165 1406/1406
f 1666/1666 2153/2153 1476/1476
f 1476/1476 2155/2155 1666/1666
f 1580/1580 2157/2157 1394/1394
f 1394/1394 2152/2152 1580/1580
f 1675/1675 2162/2162 1572/1572
f 1572/1572 2159/2159 1675/1675
f 1600/1600 2168/2168 1692/1692
f 1692/1692 2170/2170 1600/1600
f 1530/1530 2175/2175 1639/1639
f 1639/1639 2172/2172 1530/1530
f 1410/1410 1409/1409 1821/1821
f 1821/1821 1409/1409 1774/1774
f 1529/1529 1593/1593 1640/1640
f 1640/1640 2177/2177 1529/1529
f 1518/1518 2014/2014 1521/1521
f 1710/1710 2014/2014 1518/1518
f 1504/1504 2207/2207 1502/1502
f 1502/1502 2206/2206 1504/1504
f 1519/1519 1651/1651 1802/1802
f 1802/1802 2201/2201 1519/1519
f 1871/1871 1522/1522 2245/2245
f 1522/1522 1649/1649 1520/1520
f 1511/1511 1513/1513 2043/2043
f 2043/2043 1513/1513 1507/1507
f 2347/2347 1429/1429 2300/2300
f 1430/1430 1429/1429 2347/2347
f 1525/1525 2209/2209 1570/1570
f 1570/1570 2292/2292 1525/1525
f 2278/2278 1950/1950 1569/1569
f 1569/1569 1950/1950 1632/1632
f 2147/2147 2004/2004 2003/2003
f 1410/1410 2004/2004 2147/2147
f 2012/2012 1644/1644 1793/1793
f 1644/1644 2012/2012 1794/1794
f 1771/1771 1825/1825 2053/2053
f 2053/2053 1825/1825 1824/1824
f 1595/1595 2211/2211 1391/1391
f 1391/1391 2212/2212 1595/1595
f 1443/1443 2203/2203 1809/1809
f 1809/1809 2204/2204 1443/1443
f 1803/1803 2199/2199 1517/1517
f 1517/1517 2198/2198 1803/1803
f 1472/1472 1425/1425 1426/1426
f 1425/1425 1472/1472 1471/1471
f 1420/1420 2210/2210 1674/1674
f 1674/1674 2292/2292 1673/1673
f 2258/2258 1835/1835 2089/2089
f 1683/1683 1620/1620 1833/1833
f 1787/1787 1723/1723 1785/1785
f 1723/1723 1787/1787 1647/1647
f 2099/2099 1676/1676 2282/2282
f 1676/1676 2099/2099 2182/2182
f 1926/1926 2090/2090 1927/1927
f 2090/2090 1926/1926 1929/1929
f 2093/2093 2010/2010 1897/1897
f 2010/2010 2093/2093 2137/2137
f 1597/1597 1948/1948 1596/1596
f 1601/1601 1948/1948 1597/1597
f 1649/1649 1518/1518 1650/1650
f 1649/1649 1650/1650 1520/1520
f 1947/1947 1499/1499 2285/2285
f 1499/1499 1503/1503 1500/1500
f 2338/2338 1637/1637 2315/2315
f 1637/1637 2338/2338 1881/1881
f 1551/1551 2336/2336 1889/1889
f 2336/2336 1551/1551 2314/2314
f 2085/2085 1833/1833 1989/1989
f 1833/1833 1834/1834 2088/2088
f 1877/1877 1407/1407 2246/2246
f 1407/1407 1648/1648 1878/1878
f 1398/1398 1965/1965 1966/1966
f 1370/1370 1398/1398 1966/1966
f 2103/2103 1767/1767 1912/1912
f 1438/1438 1767/1767 2103/2103
f 2238/2238 2237/2237 1431/1431
f 2200/2200 2202/2202 1434/1434
f 2232/2232 2235/2235 1440/1440
f 2205/2205 2208/2208 1378/1378
f 2215/2215 2240/2240 1539/1539
f 2297/2297 2296/2296 1416/1416
f 2295/2295 2294/2294 1408/1408
f 2221/2221 2231/2231 1563/1563
f 1768/1768 1782/1782 2109/2109
f 2109/2109 1782/1782 1706/1706
f 2060/2060 1938/1938 1939/1939
f 1938/1938 2060/2060 2059/2059
f 2064/2064 1943/1943 1944/1944
f 1943/1943 2064/2064 2063/2063
f 1699/1699 2348/2348 1697/1697
f 2040/2040 2348/2348 1699/1699
f 1648/1648 1560/1560 1402/1402
f 1648/1648 1402/1402 1878/1878
f 1628/1628 1999/1999 2134/2134
f 1999/1999 1628/1628 2000/2000
f 1961/1961 1962/1962 2040/2040
f 1367/1367 1961/1961 2040/2040
f 1979/1979 2065/2065 1865/1865
f 1981/1981 1979/1979 2254/2254
f 1800/1800 2238/2238 1431/1431
f 2239/2239 1800/1800 2236/2236
f 2241/2241 1807/1807 2242/2242
f 1807/1807 2215/2215 1539/1539
f 1810/1810 2232/2232 1440/1440
f 2233/2233 1810/1810 2234/2234
f 2229/2229 1796/1796 2230/2230
f 1796/1796 2295/2295 1408/1408
f 2230/2230 1797/1797 2229/2229
f 1797/1797 2221/2221 1563/1563
f 2234/2234 1811/1811 2233/2233
f 1811/1811 2205/2205 1378/1378
f 2242/2242 1806/1806 2241/2241
f 1806/1806 2297/2297 1416/1416
f 2236/2236 1801/1801 2239/2239
f 1801/1801 2200/2200 1434/1434
f 1445/1445 2098/2098 1446/1446
f 1446/1446 2098/2098 1449/1449
f 2022/2022 1665/1665 1556/1556
f 1665/1665 1664/1664 1556/1556
f 1750/1750 1748/1748 1980/1980
f 1980/1980 2135/2135 1750/1750
f 1385/1385 2256/2256 1487/1487
f 2256/2256 1385/1385 2025/2025
f 2137/2137 1892/1892 1891/1891
f 1892/1892 2137/2137 2093/2093
f 2079/2079 1383/1383 1852/1852
f 2077/2077 1451/1451 1383/1383
f 1387/1387 2142/2142 2013/2013
f 2142/2142 1387/1387 1984/1984
f 1439/1439 2131/2131 1959/1959
f 1438/1438 2131/2131 1439/1439
f 1869/1869 1868/1868 1981/1981
f 2254/2254 2047/2047 1981/1981
f 2290/2290 1865/1865 2065/2065
f 2066/2066 2067/2067 2065/2065
f 2022/2022 2330/2330 2024/2024
f 2022/2022 2321/2321 2330/2330
f 1918/1918 2018/2018 1422/1422
f 1918/1918 1422/1422 1917/1917
f 1768/1768 2183/2183 1769/1769
f 1769/1769 2183/2183 1911/1911
f 1927/1927 1923/1923 1922/1922
f 1923/1923 1927/1927 2090/2090
f 1428/1428 1488/1488 1953/1953
f 1953/1953 2129/2129 1428/1428
f 2287/2287 1988/1988 1834/1834
f 1988/1988 2088/2088 1834/1834
f 2025/2025 1613/1613 2112/2112
f 2112/2112 1613/1613 1451/1451
f 1989/1989 1681/1681 2085/2085
f 1681/1681 1489/1489 2085/2085
f 1490/1490 1921/1921 1606/1606
f 1606/1606 1921/1921 1605/1605
f 1438/1438 1737/1737 1763/1763
f 1739/1739 1763/1763 1737/1737
f 1817/1817 2250/2250 2030/2030
f 1745/1745 2250/2250 1817/1817
f 1647/1647 2249/2249 1645/1645
f 1787/1787 2249/2249 1647/1647
f 1774/1774 1900/1900 1821/1821
f 1774/1774 1905/1905 1900/1900
f 1423/1423 2329/2329 1621/1621
f 1424/1424 1423/1423 1621/1621
f 2132/2132 1496/1496 2133/2133
f 1496/1496 2132/2132 1823/1823
f 1659/1659 2349/2349 1510/1510
f 2349/2349 1659/1659 1660/1660
f 2041/2041 1718/1718 1716/1716
f 1445/1445 1718/1718 2041/2041
f 1561/1561 1402/1402 1560/1560
f 1560/1560 1975/1975 1561/1561
f 1971/1971 1721/1721 1604/1604
f 1721/1721 1971/1971 2266/2266
f 1765/1765 1761/1761 1678/1678
f 1761/1761 1760/1760 1678/1678
f 2289/2289 1660/1660 1638/1638
f 1660/1660 2289/2289 2349/2349
f 2247/2247 2057/2057 2273/2273
f 2247/2247 1939/1939 2057/2057
f 2248/2248 1944/1944 2061/2061
f 2248/2248 2061/2061 2274/2274
f 1717/1717 1992/1992 1458/1458
f 1992/1992 1717/1717 1456/1456
f 1452/1452 2055/2055 2054/2054
f 1410/1410 2055/2055 1452/1452
f 2014/2014 2280/2280 1521/1521
f 1521/1521 2013/2013 1429/1429
f 2060/2060 2273/2273 2058/2058
f 2058/2058 2273/2273 2057/2057
f 2064/2064 2274/2274 2062/2062
f 2062/2062 2274/2274 2061/2061
f 2145/2145 1898/1898 1874/1874
f 1622/1622 1541/1541 1898/1898
f 2333/2333 2024/2024 1733/1733
f 2332/2332 1733/1733 1732/1732
f 1772/1772 2139/2139 2138/2138
f 1771/1771 2139/2139 1772/1772
f 1376/1376 1601/1601 1673/1673
f 1601/1601 1376/1376 1947/1947
f 2313/2313 1671/1671 1963/1963
f 1671/1671 1758/1758 1757/1757
f 1638/1638 1662/1662 1636/1636
f 1662/1662 1638/1638 1660/1660
f 1777/1777 1775/1775 1691/1691
f 1778/1778 1777/1777 1691/1691
f 1508/1508 2029/2029 1816/1816
f 2028/2028 1816/1816 2029/2029
f 1501/1501 1441/1441 2206/2206
f 1441/1441 1501/1501 1444/1444
f 1493/1493 1412/1412 2327/2327
f 1493/1493 1850/1850 1412/1412
f 1629/1629 1854/1854 1630/1630
f 1854/1854 1629/1629 1968/1968
f 1828/1828 2110/2110 1495/1495
f 1827/1827 2110/2110 1828/1828
f 1663/1663 2251/2251 1485/1485
f 1665/1665 1555/1555 1663/1663
f 1960/1960 1696/1696 2032/2032
f 1369/1369 2033/2033 1696/1696
f 1874/1874 1545/1545 1875/1875
f 1875/1875 1545/1545 2343/2343
f 2072/2072 1485/1485 1484/1484
f 1485/1485 2072/2072 1663/1663
f 1991/1991 2000/2000 1628/1628
f 2000/2000 1991/1991 2111/2111
f 2269/2269 1903/1903 1487/1487
f 2269/2269 1487/1487 2256/2256
f 1661/1661 1510/1510 2349/2349
f 1510/1510 1661/1661 1454/1454
f 1478/1478 1584/1584 1479/1479
f 1583/1583 1584/1584 1478/1478
f 1574/1574 1652/1652 1575/1575
f 1654/1654 1652/1652 1574/1574
f 2158/2158 1667/1667 1666/1666
f 1667/1667 2158/2158 1475/1475
f 2228/2228 1693/1693 1692/1692
f 1693/1693 2228/2228 1380/1380
f 1527/1527 1534/1534 1532/1532
f 1532/1532 1534/1534 1533/1533
f 1933/1933 1886/1886 2340/2340
f 1886/1886 1884/1884 1883/1883
f 1812/1812 2186/2186 1479/1479
f 2186/2186 1812/1812 1476/1476
f 2188/2188 1804/1804 1572/1572
f 1804/1804 2188/2188 1575/1575
f 2166/2166 1813/1813 1600/1600
f 1813/1813 2166/2166 1599/1599
f 2195/2195 1808/1808 1530/1530
f 1808/1808 2195/2195 1533/1533
f 1400/1400 2197/2197 1815/1815
f 1596/1596 2197/2197 1400/1400
f 1527/1527 2194/2194 1389/1389
f 1389/1389 2194/2194 1535/1535
f 1654/1654 2191/2191 1577/1577
f 1577/1577 2191/2191 1653/1653
f 1582/1582 2185/2185 1585/1585
f 1583/1583 2185/2185 1582/1582
f 1362/1362 1531/1531 1904/1904
f 1531/1531 1362/1362 1877/1877
f 1372/1372 2214/2214 1366/1366
f 2214/2214 1372/1372 2296/2296
f 1799/1799 2220/2220 1403/1403
f 2220/2220 1799/1799 2294/2294
f 1488/1488 1618/1618 1884/1884
f 2087/2087 1884/1884 1618/1618
f 1592/1592 1536/1536 2124/2124
f 1984/1984 1387/1387 1592/1592
f 1567/1567 1976/1976 1749/1749
f 1976/1976 1567/1567 2066/2066
f 2135/2135 1564/1564 1749/1749
f 1977/1977 1749/1749 1976/1976
f 1632/1632 1673/1673 1570/1570
f 1673/1673 1632/1632 1377/1377
f 2034/2034 1909/1909 2033/2033
f 1909/1909 2034/2034 2117/2117
f 1624/1624 2259/2259 1915/1915
f 1915/1915 2259/2259 1913/1913
f 1669/1669 1964/1964 1526/1526
f 1669/1669 1526/1526 1422/1422
f 2157/2157 1666/1666 2155/2155
f 2155/2155 1394/1394 2157/2157
f 2201/2201 1517/1517 2199/2199
f 2199/2199 1519/1519 2201/2201
f 2165/2165 1600/1600 2170/2170
f 2170/2170 1406/1406 2165/2165
f 2153/2153 1580/1580 2152/2152
f 2152/2152 1476/1476 2153/2153
f 2160/2160 1675/1675 2159/2159
f 2159/2159 1524/1524 2160/2160
f 2161/2161 1570/1570 2209/2209
f 2209/2209 1420/1420 2161/2161
f 2174/2174 1530/1530 2172/2172
f 2172/2172 1392/1392 2174/2174
f 2204/2204 1502/1502 2207/2207
f 2207/2207 1443/1443 2204/2204
f 2211/2211 1529/1529 2177/2177
f 2177/2177 1391/1391 2211/2211
f 2175/2175 1594/1594 2176/2176
f 2176/2176 1639/1639 2175/2175
f 2168/2168 1814/1814 2167/2167
f 2167/2167 1692/1692 2168/2168
f 2162/2162 1571/1571 2164/2164
f 2164/2164 1572/1572 2162/2162
f 1579/1579 2223/2223 1395/1395
f 2224/2224 1395/1395 2223/2223
f 1432/1432 1477/1477 2320/2320
f 1477/1477 1432/1432 1871/1871
f 1941/1941 1940/1940 2337/2337
f 2337/2337 1940/1940 1937/1937
f 2335/2335 1945/1945 1942/1942
f 1946/1946 1945/1945 2335/2335
f 2051/2051 1702/1702 1983/1983
f 1702/1702 2051/2051 1956/1956
f 1710/1710 1531/1531 1727/1727
f 1710/1710 1727/1727 1391/1391
f 1715/1715 1473/1473 1470/1470
f 1471/1471 1473/1473 1715/1715
f 2125/2125 1678/1678 1700/1700
f 1700/1700 1701/1701 2125/2125
f 1405/1405 2225/2225 1845/1845
f 2227/2227 1845/1845 2225/2225
f 1615/1615 2095/2095 1616/1616
f 1837/1837 2095/2095 1615/1615
f 2217/2217 1805/1805 2216/2216
f 1396/1396 2216/2216 1805/1805
f 1602/1602 1554/1554 1553/1553
f 2333/2333 1602/1602 1553/1553
f 1952/1952 1523/1523 1672/1672
f 1523/1523 1952/1952 1951/1951
f 1559/1559 2222/2222 1798/1798
f 2218/2218 1798/1798 2222/2222
f 2120/2120 1544/1544 1982/1982
f 1544/1544 2120/2120 1680/1680
f 1447/1447 1512/1512 2305/2305
f 1512/1512 1447/1447 1513/1513
f 2089/2089 1832/1832 2258/2258
f 1832/1832 2089/2089 1988/1988
f 1448/1448 2305/2305 2042/2042
f 2305/2305 1448/1448 1447/1447
f 1901/1901 1413/1413 2252/2252
f 1555/1555 1901/1901 2252/2252
f 1430/1430 1541/1541 1520/1520
f 2347/2347 1541/1541 1430/1430
f 2129/2129 2127/2127 2128/2128
f 2031/2031 2075/2075 2129/2129
f 1509/1509 2307/2307 1744/1744
f 2307/2307 1509/1509 1516/1516
f 2271/2271 1470/1470 1473/1473
f 1470/1470 2271/2271 2179/2179
f 1972/1972 1610/1610 1609/1609
f 1610/1610 1972/1972 1786/1786
f 2266/2266 1722/1722 1721/1721
f 1722/1722 2266/2266 1730/1730
f 1609/1609 1790/1790 1972/1972
f 1790/1790 1609/1609 1788/1788
f 2068/2068 2069/2069 2320/2320
f 2069/2069 1713/1713 1714/1714
f 1742/1742 1516/1516 1740/1740
f 1516/1516 1742/1742 2307/2307
f 1905/1905 1906/1906 1414/1414
f 1906/1906 1905/1905 2003/2003
f 2206/2206 1809/1809 2203/2203
f 2203/2203 1504/1504 2206/2206
f 2198/2198 1802/1802 1651/1651
f 1651/1651 1803/1803 2198/2198
f 1736/1736 1908/1908 1419/1419
f 1419/1419 1908/1908 1417/1417
f 1573/1573 1415/1415 1919/1919
f 1573/1573 1397/1397 1415/1415
f 1830/1830 1417/1417 1908/1908
f 1417/1417 1830/1830 1669/1669
f 1593/1593 1595/1595 2212/2212
f 2212/2212 1640/1640 1593/1593
f 1690/1690 1935/1935 1412/1412
f 1935/1935 1690/1690 1907/1907
f 2181/2181 2021/2021 1876/1876
f 2021/2021 2181/2181 2105/2105
f 1603/1603 2082/2082 1554/1554
f 1970/1970 1554/1554 2082/2082
f 1729/1729 1548/1548 1550/1550
f 1728/1728 1548/1548 1729/1729
f 1794/1794 2008/2008 2011/2011
f 2011/2011 2008/2008 2009/2009
f 1873/1873 2281/2281 1623/1623
f 2281/2281 1873/1873 2044/2044
f 2048/2048 1705/1705 2049/2049
f 2049/2049 1705/1705 2050/2050
f 2077/2077 2262/2262 1626/1626
f 1624/1624 1626/1626 2262/2262
f 1459/1459 1716/1716 1457/1457
f 1716/1716 1459/1459 2041/2041
f 1492/1492 2318/2318 1920/1920
f 1920/1920 2318/2318 1921/1921
f 1642/1642 1724/1724 1643/1643
f 1643/1643 1724/1724 1720/1720
f 1780/1780 1853/1853 2342/2342
f 1601/1601 1853/1853 1780/1780
f 1859/1859 2325/2325 1687/1687
f 1687/1687 2325/2325 1996/1996
f 2292/2292 1674/1674 2210/2210
f 2210/2210 1525/1525 2292/2292
f 1982/1982 2264/2264 2120/2120
f 2264/2264 1982/1982 1899/1899
f 1436/1436 1668/1668 1719/1719
f 1719/1719 1668/1668 1579/1579
f 1541/1541 2119/2119 1899/1899
f 1899/1899 2119/2119 2264/2264
f 1451/1451 2276/2276 2275/2275
f 1626/1626 2276/2276 1451/1451
f 1835/1835 2258/2258 1620/1620
f 2258/2258 2070/2070 1620/1620
f 2037/2037 2122/2122 2035/2035
f 2122/2122 2037/2037 1935/1935
f 1608/1608 1788/1788 1609/1609
f 1788/1788 1608/1608 1786/1786
f 1435/1435 1968/1968 1629/1629
f 1397/1397 1968/1968 1435/1435
f 2036/2036 2326/2326 1936/1936
f 2036/2036 2035/2035 2326/2326
f 1511/1511 2151/2151 1709/1709
f 1709/1709 2151/2151 1925/1925
f 1484/1484 1735/1735 1953/1953
f 1735/1735 1484/1484 1486/1486
f 1879/1879 1757/1757 1759/1759
f 1757/1757 1879/1879 1671/1671
f 1930/1930 1885/1885 2321/2321
f 1930/1930 2321/2321 2023/2023
f 1694/1694 1753/1753 1405/1405
f 1601/1601 1753/1753 1694/1694
f 1456/1456 1995/1995 1992/1992
f 1455/1455 1995/1995 1456/1456
f 1793/1793 2006/2006 2012/2012
f 2006/2006 1793/1793 1646/1646
f 2347/2347 1754/1754 1541/1541
f 2347/2347 2300/2300 1754/1754
f 2044/2044 2282/2282 2281/2281
f 2282/2282 2044/2044 2099/2099
f 1543/1543 1704/1704 1541/1541
f 1704/1704 1543/1543 2284/2284
f 1914/1914 1565/1565 1445/1445
f 1565/1565 1914/1914 1450/1450
f 1711/1711 1641/1641 2026/2026
f 1641/1641 1711/1711 1710/1710
f 1965/1965 2272/2272 1966/1966
f 2272/2272 1965/1965 1578/1578
f 1975/1975 2304/2304 1561/1561
f 2304/2304 1975/1975 1404/1404
f 1426/1426 2179/2179 1472/1472
f 2179/2179 1426/1426 1470/1470
f 2026/2026 1714/1714 1712/1712
f 1714/1714 2026/2026 2069/2069
f 2327/2327 1494/1494 1493/1493
f 1494/1494 2327/2327 1934/1934
f 2127/2127 2129/2129 2075/2075
f 2127/2127 2075/2075 2074/2074
f 2180/2180 1762/1762 2105/2105
f 1762/1762 2180/2180 1760/1760
f 1545/1545 1874/1874 1546/1546
f 1546/1546 1874/1874 1898/1898
f 2134/2134 2150/2150 2132/2132
f 2150/2150 2134/2134 1999/1999
f 2345/2345 1384/1384 2084/2084
f 1613/1613 1384/1384 2345/2345
f 1876/1876 2182/2182 2181/2181
f 2182/2182 1876/1876 1676/1676
f 1917/1917 2244/2244 1364/1364
f 1364/1364 2244/2244 1371/1371
f 1732/1732 1603/1603 2332/2332
f 1603/1603 1732/1732 2039/2039
f 1759/1759 2246/2246 1878/1878
f 1878/1878 2246/2246 1407/1407
f 1449/1449 2042/2042 1446/1446
f 2042/2042 1449/1449 1448/1448
f 1623/1623 1676/1676 1393/1393
f 1623/1623 1393/1393 1395/1395
f 2071/2071 1887/1887 2144/2144
f 1953/1953 1887/1887 2071/2071
f 2259/2259 1725/1725 1913/1913
f 1725/1725 1457/1457 1913/1913
f 2070/2070 1424/1424 1621/1621
f 1424/1424 2070/2070 2334/2334
f 1846/1846 2084/2084 1849/1849
f 2084/2084 1846/1846 2345/2345
f 1949/1949 2285/2285 1500/1500
f 1500/1500 2285/2285 1499/1499
f 2050/2050 2130/2130 2284/2284
f 2130/2130 2050/2050 1705/1705
f 1520/1520 2245/2245 1522/1522
f 1872/1872 2245/2245 1520/1520
f 1755/1755 2319/2319 1542/1542
f 2319/2319 1543/1543 1542/1542
f 1363/1363 1630/1630 2121/2121
f 1630/1630 2056/2056 2121/2121
f 1551/1551 1890/1890 2257/2257
f 2257/2257 1890/1890 2346/2346
f 1637/1637 1882/1882 2288/2288
f 2288/2288 1882/1882 2293/2293
f 1566/1566 2323/2323 1568/1568
f 1450/1450 2323/2323 1566/1566
f 2275/2275 2113/2113 1451/1451
f 2113/2113 2275/2275 2025/2025
f 1924/1924 1870/1870 1928/1928
f 1870/1870 1924/1924 1751/1751
f 1556/1556 2331/2331 1557/1557
f 2144/2144 1886/1886 1557/1557
f 1996/1996 1998/1998 2000/2000
f 1998/1998 1996/1996 2306/2306
f 1748/1748 1867/1867 1981/1981
f 1867/1867 1748/1748 1747/1747
f 1904/1904 2302/2302 2027/2027
f 2302/2302 1904/1904 1531/1531
f 2080/2080 1852/1852 1486/1486
f 1852/1852 2080/2080 2079/2079
f 1894/1894 1836/1836 1895/1895
f 1895/1895 1836/1836 1893/1893
f 2328/2328 1642/1642 2341/2341
f 1723/1723 1642/1642 2328/2328
f 1868/1868 2066/2066 1980/1980
f 2066/2066 1868/1868 1976/1976
f 1950/1950 2278/2278 1441/1441
f 1951/1951 1441/1441 2278/2278
f 2023/2023 1931/1931 1930/1930
f 1931/1931 2023/2023 1932/1932
f 1822/1822 1818/1818 2094/2094
f 1498/1498 2094/2094 1818/1818
f 1620/1620 1683/1683 1835/1835
f 1685/1685 1835/1835 1683/1683
f 1549/1549 2346/2346 1890/1890
f 1548/1548 2346/2346 1549/1549
f 1634/1634 2293/2293 1635/1635
f 1635/1635 2293/2293 1882/1882
f 1955/1955 1625/1625 1454/1454
f 1625/1625 1955/1955 2276/2276
f 1495/1495 1990/1990 1493/1493
f 2110/2110 1990/1990 1495/1495
f 1960/1960 2313/2313 1962/1962
f 1962/1962 1961/1961 1960/1960
f 1989/1989 2088/2088 1836/1836
f 2088/2088 1989/1989 1833/1833
f 2280/2280 1388/1388 2013/2013
f 2013/2013 1521/1521 2280/2280
f 1489/1489 2287/2287 2086/2086
f 1428/1428 2287/2287 1489/1489
f 1744/1744 2263/2263 1509/1509
f 2263/2263 1744/1744 1515/1515
f 1458/1458 1514/1514 1717/1717
f 1458/1458 2095/2095 1514/1514
f 2283/2283 2284/2284 1543/1543
f 2284/2284 2283/2283 2107/2107
f 1375/1375 1379/1379 1949/1949
f 2285/2285 1949/1949 1379/1379
f 1677/1677 1738/1738 1482/1482
f 1738/1738 1677/1677 1764/1764
f 1687/1687 1997/1997 1688/1688
f 1688/1688 1997/1997 1827/1827
f 1428/1428 2334/2334 1831/1831
f 2070/2070 1831/1831 2334/2334
f 1883/1883 2148/2148 2340/2340
f 1883/1883 2340/2340 1886/1886
f 2279/2279 2111/2111 2277/2277
f 2279/2279 2277/2277 1997/1997
f 1482/1482 1540/1540 1966/1966
f 2316/2316 1540/1540 1482/1482
f 1528/1528 1759/1759 1536/1536
f 2246/2246 1759/1759 1528/1528
f 1746/1746 1751/1751 1978/1978
f 1978/1978 1751/1751 1924/1924
f 1474/1474 1872/1872 1622/1622
f 2245/2245 1872/1872 1474/1474
f 1680/1680 2048/2048 1983/1983
f 2120/2120 2048/2048 1680/1680
f 1421/1421 1917/1917 1422/1422
f 2244/2244 1917/1917 1421/1421
f 1515/1515 1740/1740 1516/1516
f 1740/1740 1515/1515 1744/1744
f 1471/1471 2024/2024 1423/1423
f 1471/1471 1423/1423 1425/1425
f 1707/1707 2344/2344 2151/2151
f 2076/2076 2344/2344 1707/1707
f 1725/1725 2096/2096 1616/1616
f 2096/2096 1819/1819 1616/1616
f 1951/1951 1576/1576 1523/1523
f 2278/2278 1576/1576 1951/1951
f 2144/2144 1557/1557 2331/2331
f 2144/2144 2331/2331 1664/1664
f 1611/1611 2265/2265 1612/1612
f 2265/2265 1611/1611 1608/1608
f 1483/1483 1581/1581 1393/1393
f 1581/1581 1483/1483 2272/2272
f 1865/1865 2254/2254 1979/1979
f 1864/1864 2254/2254 1865/1865
f 1689/1689 2140/2140 1778/1778
f 1778/1778 2140/2140 1779/1779
f 1866/1866 2291/2291 1979/1979
f 1565/1565 2291/2291 1866/1866
f 2348/2348 2116/2116 2308/2308
f 2040/2040 2116/2116 2348/2348
f 2298/2298 1907/1907 2141/2141
f 2298/2298 2141/2141 2140/2140
f 1849/1849 2083/2083 1970/1970
f 1970/1970 2083/2083 1386/1386
f 2092/2092 1885/1885 1884/1884
f 1885/1885 2092/2092 2330/2330
f 1412/1412 1850/1850 2078/2078
f 2078/2078 1850/1850 2262/2262
f 1438/1438 1481/1481 2131/2131
f 2131/2131 1481/1481 2107/2107
f 1373/1373 2101/2101 1974/1974
f 1373/1373 1671/1671 2101/2101
f 1934/1934 2123/2123 1826/1826
f 1689/1689 1826/1826 2123/2123
f 1734/1734 2322/2322 2031/2031
f 2322/2322 1734/1734 1851/1851
f 2183/2183 1784/1784 2105/2105
f 1768/1768 1784/1784 2183/2183
f 1963/1963 1672/1672 1523/1523
f 1672/1672 1963/1963 1671/1671
f 1538/1538 2017/2017 2317/2317
f 2317/2317 2017/2017 1918/1918
f 1365/1365 1966/1966 1540/1540
f 1365/1365 1364/1364 1966/1966
f 1644/1644 2178/2178 2179/2179
f 1473/1473 2178/2178 1644/1644
f 1836/1836 1685/1685 1893/1893
f 1893/1893 1685/1685 1896/1896
f 1881/1881 2338/2338 1937/1937
f 1937/1937 2338/2338 2337/2337
f 1986/1986 2142/2142 1984/1984
f 2300/2300 2142/2142 1986/1986
f 1889/1889 2336/2336 1942/1942
f 1942/1942 2336/2336 2335/2335
f 1447/1447 1839/1839 1513/1513
f 1513/1513 1839/1839 2042/2042
f 1754/1754 2300/2300 2143/2143
f 2143/2143 2300/2300 1986/1986
f 2056/2056 2342/2342 1853/1853
f 2342/2342 2056/2056 1855/1855
f 1622/1622 2145/2145 1623/1623
f 1622/1622 1898/1898 2145/2145
f 2108/2108 1783/1783 1957/1957
f 1783/1783 2108/2108 1784/1784
f 1677/1677 2286/2286 1764/1764
f 1764/1764 2286/2286 2019/2019
f 2316/2316 1482/1482 2015/2015
f 2316/2316 2015/2015 2017/2017
f 1684/1684 2091/2091 2038/2038
f 2091/2091 1684/1684 2085/2085
f 1902/1902 2270/2270 1903/1903
f 1554/1554 2270/2270 1902/1902
f 2102/2102 1480/1480 2020/2020
f 1480/1480 2102/2102 1481/1481
f 2303/2303 1712/1712 1714/1714
f 1712/1712 2303/2303 1531/1531
f 2315/2315 1633/1633 1880/1880
f 1633/1633 2315/2315 1637/1637
f 2314/2314 1547/1547 1888/1888
f 1547/1547 2314/2314 1551/1551
f 1645/1645 2341/2341 1642/1642
f 2249/2249 2341/2341 1645/1645
f 1726/1726 2261/2261 2260/2260
f 2261/2261 1726/1726 2096/2096
f 1422/1422 2018/2018 1669/1669
f 1669/1669 2018/2018 2016/2016
f 2133/2133 1498/1498 1819/1819
f 1496/1496 1498/1498 2133/2133
f 1967/1967 2324/2324 1969/1969
f 1573/1573 2324/2324 1967/1967
f 1771/1771 1770/1770 2097/2097
f 2097/2097 1770/1770 1776/1776
f 1410/1410 1861/1861 2299/2299
f 2299/2299 1861/1861 1860/1860
f 1996/1996 1858/1858 2306/2306
f 2306/2306 1858/1858 1824/1824
f 2008/2008 2007/2007 2009/2009
f 2005/2005 2009/2009 2007/2007
f 1477/1477 1436/1436 2320/2320
f 2320/2320 1436/1436 2068/2068
f 2202/2202 2238/2238 2201/2201
f 2238/2238 2202/2202 2200/2200
f 1475/1475 2224/2224 1667/1667
f 1623/1623 2224/2224 1475/1475
f 2173/2173 2193/2193 2195/2195
f 2193/2193 2173/2173 2172/2172
f 2171/2171 2309/2309 2170/2170
f 2309/2309 2171/2171 2166/2166
f 2184/2184 2154/2154 2153/2153
f 2154/2154 2184/2184 2186/2186
f 2163/2163 2190/2190 2188/2188
f 2190/2190 2163/2163 2162/2162
f 2221/2221 2294/2294 2295/2295
f 2294/2294 2221/2221 2220/2220
f 2232/2232 2208/2208 2205/2205
f 2208/2208 2232/2232 2207/2207
f 2215/2215 2296/2296 2297/2297
f 2296/2296 2215/2215 2214/2214
f 2226/2226 2169/2169 2168/2168
f 2169/2169 2226/2226 2228/2228
f 2205/2205 2235/2235 2232/2232
f 2235/2235 2205/2205 2204/2204
f 2295/2295 2231/2231 2221/2221
f 2231/2231 2295/2295 2312/2312
f 2310/2310 2156/2156 2158/2158
f 2156/2156 2310/2310 2155/2155
f 2200/2200 2237/2237 2238/2238
f 2237/2237 2200/2200 2199/2199
f 2219/2219 2312/2312 2295/2295
f 2312/2312 2219/2219 2220/2220
f 2311/2311 2213/2213 2214/2214
f 2213/2213 2311/2311 2297/2297
f 2297/2297 2240/2240 2215/2215
f 2240/2240 2297/2297 2311/2311
f 1670/1670 1791/1791 1739/1739
f 1791/1791 1482/1482 1739/1739
f 1399/1399 1973/1973 2304/2304
f 1973/1973 1399/1399 1374/1374
f 2253/2253 1568/1568 2323/2323
f 1445/1445 1568/1568 2253/2253
f 1369/1369 1697/1697 2308/2308
f 2308/2308 1697/1697 2348/2348
f 1760/1760 2126/2126 2045/2045
f 2180/2180 2126/2126 1760/1760
f 1431/1431 2236/2236 1800/1800
f 1430/1430 2236/2236 1431/1431
f 1838/1838 2268/2268 2267/2267
f 2268/2268 1838/1838 1615/1615
f 1538/1538 2242/2242 1539/1539
f 1539/1539 2242/2242 1807/1807
f 1505/1505 2234/2234 1440/1440
f 1440/1440 2234/2234 1810/1810
f 1366/1366 2217/2217 1372/1372
f 1365/1365 2217/2217 1366/1366
f 1403/1403 2218/2218 1799/1799
f 1561/1561 2218/2218 1403/1403
f 1563/1563 2229/2229 1797/1797
f 1401/1401 2229/2229 1563/1563
f 1374/1374 2227/2227 1380/1380
f 1380/1380 2227/2227 1693/1693
f 1377/1377 2233/2233 1378/1378
f 1378/1378 2233/2233 1811/1811
f 1397/1397 2241/2241 1416/1416
f 1416/1416 2241/2241 1806/1806
f 1434/1434 2239/2239 1801/1801
f 1433/1433 2239/2239 1434/1434
f 1479/1479 2187/2187 1812/1812
f 1584/1584 2187/2187 1479/1479
f 1652/1652 2189/2189 1575/1575
f 1575/1575 2189/2189 1804/1804
f 1408/1408 2230/2230 1796/1796
f 1361/1361 2230/2230 1408/1408
f 1598/1598 2196/2196 1599/1599
f 1599/1599 2196/2196 1813/1813
f 1533/1533 2192/2192 1808/1808
f 1534/1534 2192/2192 1533/1533
f 2128/2128 2127/2127 1492/1492
f 1410/1410 2147/2147 1411/1411
f 1411/1411 2147/2147 2146/2146
f 1614/1614 1616/1616 1819/1819
f 2267/2267 1614/1614 1819/1819
f 1857/1857 2053/2053 2052/2052
f 1771/1771 2053/2053 1857/1857
f 1962/1962 1829/1829 2040/2040
f 2040/2040 1829/1829 2117/2117
f 2079/2079 2078/2078 2077/2077
f 1383/1383 2079/2079 2077/2077
f 1987/1987 2301/2301 1985/1985
f 2301/2301 2143/2143 1985/1985
f 2349/2349 1634/1634 1661/1661
f 2289/2289 1634/1634 2349/2349
f 1538/1538 2255/2255 1364/1364
f 2255/2255 1538/1538 2317/2317
f 2104/2104 1767/1767 1766/1766
f 1912/1912 1767/1767 2104/2104
f 2106/2106 1782/1782 1437/1437
f 1706/1706 1782/1782 2106/2106
f 1772/1772 1453/1453 1773/1773
f 2002/2002 1453/1453 1772/1772
f 1452/1452 1773/1773 1453/1453
f 1823/1823 1773/1773 1452/1452
f 2329/2329 1423/1423 2330/2330
f 2329/2329 2330/2330 2092/2092
f 2250/2250 2136/2136 2030/2030
f 1511/1511 2030/2030 2136/2136
f 2125/2125 1768/1768 2100/2100
f 2100/2100 1768/1768 1766/1766
f 2032/2032 2033/2033 1909/1909
f 1696/1696 2033/2033 2032/2032
f 2105/2105 2020/2020 2021/2021
f 2020/2020 2105/2105 2102/2102
f 2052/2052 1860/1860 1857/1857
f 1860/1860 2052/2052 1858/1858
f 1957/1957 2107/2107 2108/2108
f 2050/2050 2107/2107 1957/1957
f 2138/2138 2002/2002 1772/1772
f 2002/2002 2138/2138 1779/1779
f 2054/2054 1823/1823 1452/1452
f 1823/1823 2054/2054 1496/1496
f 1958/1958 1706/1706 2106/2106
f 1703/1703 1706/1706 1958/1958
f 1776/1776 2146/2146 1905/1905
f 2146/2146 1776/1776 1411/1411
f 1765/1765 1912/1912 1910/1910
f 1910/1910 1912/1912 2104/2104
f 2069/2069 2068/2068 1713/1713
f 1713/1713 2068/2068 1629/1629
f 2340/2340 2148/2148 2339/2339
f 1933/1933 2339/2339 2148/2148
f 1854/1854 1969/1969 1855/1855
f 1968/1968 1969/1969 1854/1854
f 2260/2260 1627/1627 1726/1726
f 1627/1627 2260/2260 1624/1624
f 2302/2302 1631/1631 2027/2027
f 1631/1631 1630/1630 2027/2027
f 1450/1450 1457/1457 1448/1448
f 1913/1913 1457/1457 1450/1450
f 1981/1981 2047/2047 1869/1869
f 1928/1928 1869/1869 2047/2047
f 1592/1592 2124/2124 1984/1984
f 1984/1984 2124/2124 1985/1985
f 1678/1678 2343/2343 1679/1679
f 1545/1545 1679/1679 2343/2343
f 1732/1732 1731/1731 2031/2031
f 2075/2075 2031/2031 1731/1731
f 1602/1602 2333/2333 2332/2332
f 1733/1733 2332/2332 2333/2333
f 1960/1960 1758/1758 2313/2313
f 1671/1671 2313/2313 1758/1758
f 1750/1750 2135/2135 1977/1977
f 1749/1749 1977/1977 2135/2135
f 2290/2290 2067/2067 1445/1445
f 2065/2065 2067/2067 2290/2290
f 1555/1555 2251/2251 1663/1663
f 2252/2252 2251/2251 1555/1555
f 2074/2074 1490/1490 2127/2127
f 1490/1490 2074/2074 1471/1471
f 1662/1662 1661/1661 1636/1636
f 1636/1636 1661/1661 1634/1634
f 2350/2350 2351/2351 2352/2352
f 2353/2353 2354/2354 2355/2355
f 2356/2356 2357/2357 2358/2358
f 2359/2359 2350/2350 2360/2360
f 2361/2361 2362/2362 2363/2363
f 2364/2364 2365/2365 2366/2366
f 2367/2367 2368/2368 2369/2369
f 2365/2365 2370/2370 2371/2371
f 2372/2372 2373/2373 2374/2374
f 2375/2375 2376/2376 2377/2377
f 2372/2372 2378/2378 2379/2379
f 2372/2372 2380/2380 2381/2381
f 2382/2382 2383/2383 2384/2384
f 2385/2385 2386/2386 2387/2387
f 2388/2388 2389/2389 2362/2362
f 2381/2381 2390/2390 2391/2391
f 2392/2392 2393/2393 2394/2394
f 2394/2394 2395/2395 2396/2396
f 2393/2393 2397/2397 2398/2398
f 2393/2393 2399/2399 2397/2397
f 2366/2366 2400/2400 2364/2364
f 2400/2400 2401/2401 2370/2370
f 2402/2402 2399/2399 2403/2403
f 2404/2404 2405/2405 2406/2406
f 2407/2407 2383/2383 2408/2408
f 2408/2408 2372/2372 2374/2374
f 2395/2395 2409/2409 2410/2410
f 2395/2395 2411/2411 2353/2353
f 2383/2383 2412/2412 2413/2413
f 2383/2383 2414/2414 2384/2384
f 2415/2415 2400/2400 2416/2416
f 2417/2417 2365/2365 2415/2415
f 2418/2418 2393/2393 2419/2419
f 2420/2420 2421/2421 2422/2422
f 2360/2360 2423/2423 2359/2359
f 2423/2423 2424/2424 2425/2425
f 2426/2426 2427/2427 2428/2428
f 2429/2429 2430/2430 2373/2373
f 2431/2431 2350/2350 2432/2432
f 2432/2432 2423/2423 2433/2433
f 2434/2434 2387/2387 2386/2386
f 2369/2369 2435/2435 2367/2367
f 2436/2436 2437/2437 2438/2438
f 2439/2439 2440/2440 2441/2441
f 2442/2442 2443/2443 2444/2444
f 2445/2445 2444/2444 2443/2443
f 2446/2446 2378/2378 2447/2447
f 2378/2378 2448/2448 2361/2361
f 2449/2449 2450/2450 2451/2451
f 2452/2452 2428/2428 2427/2427
f 2453/2453 2454/2454 2455/2455
f 2456/2456 2457/2457 2374/2374
f 2458/2458 2459/2459 2460/2460
f 2396/2396 2461/2461 2394/2394
f 2462/2462 2463/2463 2464/2464
f 2465/2465 2466/2466 2467/2467
f 2468/2468 2469/2469 2470/2470
f 2444/2444 2445/2445 2406/2406
f 2471/2471 2422/2422 2421/2421
f 2472/2472 2473/2473 2474/2474
f 2475/2475 2476/2476 2477/2477
f 2478/2478 2479/2479 2480/2480
f 2372/2372 2379/2379 2481/2481
f 2482/2482 2375/2375 2377/2377
f 2363/2363 2483/2483 2361/2361
f 2484/2484 2485/2485 2486/2486
f 2380/2380 2372/2372 2382/2382
f 2386/2386 2380/2380 2382/2382
f 2391/2391 2487/2487 2381/2381
f 2488/2488 2489/2489 2490/2490
f 2434/2434 2491/2491 2492/2492
f 2492/2492 2491/2491 2493/2493
f 2412/2412 2407/2407 2494/2494
f 2407/2407 2412/2412 2383/2383
f 2409/2409 2395/2395 2418/2418
f 2419/2419 2495/2495 2418/2418
f 2496/2496 2486/2486 2497/2497
f 2384/2384 2386/2386 2382/2382
f 2411/2411 2498/2498 2353/2353
f 2438/2438 2477/2477 2499/2499
f 2500/2500 2356/2356 2358/2358
f 2419/2419 2501/2501 2495/2495
f 2460/2460 2502/2502 2458/2458
f 2503/2503 2464/2464 2463/2463
f 2504/2504 2505/2505 2368/2368
f 2506/2506 2507/2507 2508/2508
f 2441/2441 2509/2509 2439/2439
f 2510/2510 2478/2478 2511/2511
f 2512/2512 2513/2513 2514/2514
f 2515/2515 2516/2516 2517/2517
f 2518/2518 2519/2519 2407/2407
f 2428/2428 2452/2452 2450/2450
f 2355/2355 2520/2520 2353/2353
f 2521/2521 2522/2522 2356/2356
f 2523/2523 2524/2524 2525/2525
f 2395/2395 2353/2353 2526/2526
f 2527/2527 2528/2528 2402/2402
f 2527/2527 2466/2466 2465/2465
f 2482/2482 2529/2529 2429/2429
f 2505/2505 2504/2504 2429/2429
f 2486/2486 2530/2530 2497/2497
f 2389/2389 2388/2388 2497/2497
f 2508/2508 2455/2455 2506/2506
f 2365/2365 2531/2531 2370/2370
f 2416/2416 2417/2417 2415/2415
f 2532/2532 2451/2451 2450/2450
f 2365/2365 2371/2371 2366/2366
f 2533/2533 2514/2514 2513/2513
f 2493/2493 2490/2490 2534/2534
f 2400/2400 2535/2535 2401/2401
f 2358/2358 2357/2357 2436/2436
f 2476/2476 2475/2475 2472/2472
f 2536/2536 2462/2462 2464/2464
f 2433/2433 2431/2431 2432/2432
f 2537/2537 2467/2467 2466/2466
f 2351/2351 2425/2425 2352/2352
f 2360/2360 2538/2538 2423/2423
f 2539/2539 2480/2480 2479/2479
f 2424/2424 2539/2539 2425/2425
f 2540/2540 2541/2541 2542/2542
f 2543/2543 2410/2410 2544/2544
f 2395/2395 2410/2410 2543/2543
f 2525/2525 2503/2503 2523/2523
f 2528/2528 2503/2503 2525/2525
f 2544/2544 2475/2475 2543/2543
f 2473/2473 2542/2542 2541/2541
f 2443/2443 2402/2402 2528/2528
f 2545/2545 2398/2398 2546/2546
f 2547/2547 2518/2518 2548/2548
f 2454/2454 2453/2453 2457/2457
f 2549/2549 2387/2387 2487/2487
f 2387/2387 2549/2549 2385/2385
f 2368/2368 2367/2367 2414/2414
f 2383/2383 2413/2413 2414/2414
f 2550/2550 2374/2374 2457/2457
f 2374/2374 2550/2550 2408/2408
f 2435/2435 2369/2369 2376/2376
f 2485/2485 2484/2484 2483/2483
f 2403/2403 2502/2502 2551/2551
f 2502/2502 2460/2460 2551/2551
f 2461/2461 2392/2392 2394/2394
f 2470/2470 2461/2461 2468/2468
f 2552/2552 2553/2553 2420/2420
f 2553/2553 2552/2552 2510/2510
f 2528/2528 2527/2527 2554/2554
f 2464/2464 2503/2503 2528/2528
f 2555/2555 2486/2486 2496/2496
f 2384/2384 2555/2555 2556/2556
f 2520/2520 2355/2355 2521/2521
f 2406/2406 2405/2405 2444/2444
f 2497/2497 2530/2530 2389/2389
f 2483/2483 2363/2363 2485/2485
f 2516/2516 2513/2513 2512/2512
f 2557/2557 2516/2516 2512/2512
f 2422/2422 2471/2471 2479/2479
f 2471/2471 2476/2476 2472/2472
f 2429/2429 2529/2529 2505/2505
f 2377/2377 2376/2376 2369/2369
f 2516/2516 2515/2515 2513/2513
f 2489/2489 2488/2488 2515/2515
f 2435/2435 2558/2558 2559/2559
f 2559/2559 2558/2558 2379/2379
f 2372/2372 2517/2517 2378/2378
f 2378/2378 2517/2517 2516/2516
f 2437/2437 2436/2436 2357/2357
f 2522/2522 2521/2521 2355/2355
f 2560/2560 2495/2495 2501/2501
f 2356/2356 2500/2500 2501/2501
f 2519/2519 2518/2518 2547/2547
f 2494/2494 2547/2547 2427/2427
f 2504/2504 2507/2507 2506/2506
f 2450/2450 2449/2449 2428/2428
f 2401/2401 2371/2371 2370/2370
f 2514/2514 2493/2493 2491/2491
f 2541/2541 2474/2474 2473/2473
f 2350/2350 2352/2352 2360/2360
f 2368/2368 2426/2426 2504/2504
f 2413/2413 2561/2561 2414/2414
f 2350/2350 2431/2431 2351/2351
f 2462/2462 2562/2562 2563/2563
f 2475/2475 2544/2544 2542/2542
f 2510/2510 2544/2544 2553/2553
f 2451/2451 2508/2508 2507/2507
f 2400/2400 2370/2370 2416/2416
f 2365/2365 2417/2417 2531/2531
f 2455/2455 2532/2532 2453/2453
f 2460/2460 2563/2563 2551/2551
f 2551/2551 2563/2563 2562/2562
f 2504/2504 2506/2506 2456/2456
f 2457/2457 2456/2456 2454/2454
f 2564/2564 2436/2436 2438/2438
f 2436/2436 2564/2564 2358/2358
f 2373/2373 2482/2482 2429/2429
f 2372/2372 2481/2481 2373/2373
f 2448/2448 2565/2565 2361/2361
f 2362/2362 2448/2448 2388/2388
f 2526/2526 2353/2353 2404/2404
f 2404/2404 2353/2353 2520/2520
f 2487/2487 2387/2387 2489/2489
f 2387/2387 2434/2434 2534/2534
f 2403/2403 2527/2527 2402/2402
f 2527/2527 2403/2403 2466/2466
f 2490/2490 2533/2533 2488/2488
f 2366/2366 2535/2535 2400/2400
f 2386/2386 2496/2496 2434/2434
f 2384/2384 2556/2556 2386/2386
f 2423/2423 2425/2425 2433/2433
f 2467/2467 2566/2566 2465/2465
f 2480/2480 2511/2511 2478/2478
f 2423/2423 2538/2538 2424/2424
f 2567/2567 2444/2444 2405/2405
f 2444/2444 2567/2567 2442/2442
f 2382/2382 2372/2372 2568/2568
f 2568/2568 2569/2569 2382/2382
f 2570/2570 2571/2571 2418/2418
f 2418/2418 2395/2395 2570/2570
f 2496/2496 2557/2557 2434/2434
f 2434/2434 2557/2557 2491/2491
f 2397/2397 2546/2546 2398/2398
f 2546/2546 2402/2402 2545/2545
f 2383/2383 2415/2415 2365/2365
f 2383/2383 2382/2382 2569/2569
f 2393/2393 2432/2432 2350/2350
f 2393/2393 2418/2418 2571/2571
f 2447/2447 2516/2516 2557/2557
f 2516/2516 2447/2447 2378/2378
f 2479/2479 2478/2478 2422/2422
f 2478/2478 2510/2510 2552/2552
f 2542/2542 2473/2473 2475/2475
f 2475/2475 2473/2473 2472/2472
f 2460/2460 2503/2503 2463/2463
f 2503/2503 2460/2460 2459/2459
f 2453/2453 2548/2548 2518/2518
f 2548/2548 2453/2453 2532/2532
f 2356/2356 2442/2442 2521/2521
f 2393/2393 2398/2398 2419/2419
f 2554/2554 2465/2465 2566/2566
f 2527/2527 2465/2465 2554/2554
f 2365/2365 2364/2364 2408/2408
f 2408/2408 2383/2383 2365/2365
f 2350/2350 2359/2359 2394/2394
f 2394/2394 2393/2393 2350/2350
f 2505/2505 2369/2369 2368/2368
f 2369/2369 2505/2505 2377/2377
f 2515/2515 2487/2487 2489/2489
f 2487/2487 2515/2515 2517/2517
f 2555/2555 2384/2384 2486/2486
f 2486/2486 2367/2367 2484/2484
f 2428/2428 2504/2504 2426/2426
f 2504/2504 2428/2428 2507/2507
f 2528/2528 2445/2445 2443/2443
f 2445/2445 2528/2528 2525/2525
f 2489/2489 2534/2534 2490/2490
f 2387/2387 2534/2534 2489/2489
f 2457/2457 2518/2518 2550/2550
f 2518/2518 2457/2457 2453/2453
f 2471/2471 2358/2358 2499/2499
f 2358/2358 2471/2471 2500/2500
f 2495/2495 2409/2409 2418/2418
f 2421/2421 2420/2420 2495/2495
f 2363/2363 2389/2389 2530/2530
f 2389/2389 2363/2363 2362/2362
f 2502/2502 2468/2468 2461/2461
f 2468/2468 2502/2502 2469/2469
f 2441/2441 2553/2553 2509/2509
f 2553/2553 2441/2441 2440/2440
f 2372/2372 2408/2408 2364/2364
f 2364/2364 2400/2400 2372/2372
f 2395/2395 2394/2394 2359/2359
f 2359/2359 2423/2423 2395/2395
f 2513/2513 2488/2488 2533/2533
f 2515/2515 2488/2488 2513/2513
f 2499/2499 2476/2476 2471/2471
f 2476/2476 2499/2499 2477/2477
f 2525/2525 2406/2406 2445/2445
f 2406/2406 2525/2525 2524/2524
f 2517/2517 2381/2381 2487/2487
f 2372/2372 2381/2381 2517/2517
f 2421/2421 2500/2500 2471/2471
f 2421/2421 2495/2495 2560/2560
f 2379/2379 2361/2361 2559/2559
f 2378/2378 2361/2361 2379/2379
f 2395/2395 2543/2543 2411/2411
f 2477/2477 2543/2543 2475/2475
f 2390/2390 2385/2385 2549/2549
f 2381/2381 2380/2380 2390/2390
f 2395/2395 2526/2526 2396/2396
f 2459/2459 2523/2523 2503/2503
f 2440/2440 2420/2420 2553/2553
f 2409/2409 2495/2495 2420/2420
f 2555/2555 2496/2496 2572/2572
f 2386/2386 2556/2556 2496/2496
f 2487/2487 2391/2391 2549/2549
f 2549/2549 2391/2391 2390/2390
f 2413/2413 2412/2412 2427/2427
f 2427/2427 2412/2412 2494/2494
f 2561/2561 2426/2426 2368/2368
f 2561/2561 2368/2368 2414/2414
f 2435/2435 2484/2484 2367/2367
f 2484/2484 2435/2435 2559/2559
f 2355/2355 2437/2437 2522/2522
f 2437/2437 2355/2355 2354/2354
f 2485/2485 2530/2530 2486/2486
f 2530/2530 2485/2485 2363/2363
f 2522/2522 2357/2357 2356/2356
f 2357/2357 2522/2522 2437/2437
f 2539/2539 2352/2352 2425/2425
f 2472/2472 2474/2474 2539/2539
f 2405/2405 2520/2520 2567/2567
f 2520/2520 2405/2405 2404/2404
f 2410/2410 2439/2439 2509/2509
f 2439/2439 2410/2410 2409/2409
f 2393/2393 2392/2392 2399/2399
f 2399/2399 2470/2470 2469/2469
f 2351/2351 2431/2431 2562/2562
f 2467/2467 2537/2537 2431/2431
f 2521/2521 2567/2567 2520/2520
f 2567/2567 2521/2521 2442/2442
f 2519/2519 2494/2494 2407/2407
f 2547/2547 2494/2494 2519/2519
f 2354/2354 2438/2438 2437/2437
f 2498/2498 2411/2411 2438/2438
f 2542/2542 2510/2510 2540/2540
f 2544/2544 2510/2510 2542/2542
f 2479/2479 2472/2472 2539/2539
f 2472/2472 2479/2479 2471/2471
f 2403/2403 2551/2551 2466/2466
f 2466/2466 2551/2551 2537/2537
f 2514/2514 2533/2533 2371/2371
f 2371/2371 2401/2401 2514/2514
f 2508/2508 2451/2451 2416/2416
f 2417/2417 2416/2416 2451/2451
f 2532/2532 2455/2455 2531/2531
f 2370/2370 2531/2531 2455/2455
f 2449/2449 2507/2507 2428/2428
f 2507/2507 2449/2449 2451/2451
f 2433/2433 2425/2425 2566/2566
f 2425/2425 2351/2351 2536/2536
f 2509/2509 2544/2544 2410/2410
f 2544/2544 2509/2509 2553/2553
f 2374/2374 2430/2430 2456/2456
f 2374/2374 2373/2373 2430/2430
f 2508/2508 2416/2416 2370/2370
f 2455/2455 2508/2508 2370/2370
f 2399/2399 2469/2469 2403/2403
f 2403/2403 2469/2469 2502/2502
f 2559/2559 2483/2483 2484/2484
f 2483/2483 2559/2559 2361/2361
f 2550/2550 2407/2407 2408/2408
f 2407/2407 2550/2550 2518/2518
f 2557/2557 2497/2497 2447/2447
f 2497/2497 2557/2557 2496/2496
f 2424/2424 2538/2538 2511/2511
f 2538/2538 2360/2360 2540/2540
f 2532/2532 2531/2531 2417/2417
f 2451/2451 2532/2532 2417/2417
f 2558/2558 2376/2376 2375/2375
f 2376/2376 2558/2558 2435/2435
f 2455/2455 2454/2454 2506/2506
f 2456/2456 2506/2506 2454/2454
f 2456/2456 2429/2429 2504/2504
f 2429/2429 2456/2456 2430/2430
f 2461/2461 2458/2458 2502/2502
f 2461/2461 2396/2396 2458/2458
f 2505/2505 2529/2529 2377/2377
f 2377/2377 2529/2529 2482/2482
f 2548/2548 2450/2450 2452/2452
f 2450/2450 2548/2548 2532/2532
f 2545/2545 2402/2402 2443/2443
f 2443/2443 2442/2442 2573/2573
f 2491/2491 2512/2512 2514/2514
f 2557/2557 2512/2512 2491/2491
f 2366/2366 2371/2371 2533/2533
f 2533/2533 2490/2490 2366/2366
f 2524/2524 2526/2526 2404/2404
f 2524/2524 2404/2404 2406/2406
f 2452/2452 2547/2547 2548/2548
f 2427/2427 2547/2547 2452/2452
f 2535/2535 2366/2366 2490/2490
f 2401/2401 2535/2535 2490/2490
f 2388/2388 2447/2447 2497/2497
f 2447/2447 2388/2388 2448/2448
f 2490/2490 2493/2493 2401/2401
f 2493/2493 2514/2514 2401/2401
f 2356/2356 2501/2501 2419/2419
f 2398/2398 2356/2356 2419/2419
f 2499/2499 2564/2564 2438/2438
f 2564/2564 2499/2499 2358/2358
f 2501/2501 2500/2500 2560/2560
f 2560/2560 2500/2500 2421/2421
f 2474/2474 2541/2541 2360/2360
f 2541/2541 2540/2540 2360/2360
f 2397/2397 2399/2399 2402/2402
f 2397/2397 2402/2402 2546/2546
f 2464/2464 2554/2554 2536/2536
f 2554/2554 2464/2464 2528/2528
f 2462/2462 2536/2536 2351/2351
f 2562/2562 2462/2462 2351/2351
f 2372/2372 2400/2400 2568/2568
f 2568/2568 2400/2400 2415/2415
f 2570/2570 2423/2423 2432/2432
f 2395/2395 2423/2423 2570/2570
f 2415/2415 2569/2569 2568/2568
f 2569/2569 2415/2415 2383/2383
f 2432/2432 2571/2571 2570/2570
f 2571/2571 2432/2432 2393/2393
f 2398/2398 2573/2573 2442/2442
f 2442/2442 2356/2356 2398/2398
f 2375/2375 2379/2379 2558/2558
f 2481/2481 2379/2379 2375/2375
f 2385/2385 2390/2390 2380/2380
f 2380/2380 2386/2386 2385/2385
f 2367/2367 2486/2486 2384/2384
f 2384/2384 2414/2414 2367/2367
f 2463/2463 2563/2563 2460/2460
f 2563/2563 2463/2463 2462/2462
f 2572/2572 2556/2556 2555/2555
f 2556/2556 2572/2572 2496/2496
f 2426/2426 2561/2561 2413/2413
f 2427/2427 2426/2426 2413/2413
f 2448/2448 2378/2378 2446/2446
f 2448/2448 2446/2446 2447/2447
f 2354/2354 2353/2353 2498/2498
f 2438/2438 2354/2354 2498/2498
f 2482/2482 2373/2373 2481/2481
f 2481/2481 2375/2375 2482/2482
f 2360/2360 2352/2352 2474/2474
f 2539/2539 2474/2474 2352/2352
f 2431/2431 2433/2433 2467/2467
f 2566/2566 2467/2467 2433/2433
f 2539/2539 2424/2424 2480/2480
f 2511/2511 2480/2480 2424/2424
f 2523/2523 2396/2396 2526/2526
f 2524/2524 2523/2523 2526/2526
f 2440/2440 2439/2439 2409/2409
f 2420/2420 2440/2440 2409/2409
f 2565/2565 2448/2448 2362/2362
f 2362/2362 2361/2361 2565/2565
f 2534/2534 2492/2492 2493/2493
f 2492/2492 2534/2534 2434/2434
f 2422/2422 2552/2552 2420/2420
f 2552/2552 2422/2422 2478/2478
f 2551/2551 2562/2562 2537/2537
f 2537/2537 2562/2562 2431/2431
f 2536/2536 2566/2566 2425/2425
f 2554/2554 2566/2566 2536/2536
f 2540/2540 2511/2511 2538/2538
f 2510/2510 2511/2511 2540/2540
f 2470/2470 2399/2399 2392/2392
f 2461/2461 2470/2470 2392/2392
f 2523/2523 2459/2459 2396/2396
f 2459/2459 2458/2458 2396/2396
f 2411/2411 2543/2543 2477/2477
f 2411/2411 2477/2477 2438/2438
f 2573/2573 2398/2398 2545/2545
f 2545/2545 2443/2443 2573/2573
f 2574/2574 2575/2575 2576/2576
f 2577/2577 2578/2578 2579/2579
f 2580/2580 2581/2581 2582/2582
f 2583/2583 2584/2584 2585/2585
f 2586/2586 2587/2587 2588/2588
f 2589/2589 2590/2590 2591/2591
f 2588/2588 2592/2592 2593/2593
f 2594/2594 2589/2589 2591/2591
f 2595/2595 2585/2585 2584/2584
f 2596/2596 2597/2597 2580/2580
f 2576/2576 2598/2598 2574/2574
f 2599/2599 2579/2579 2578/2578
f 2600/2600 2601/2601 2602/2602
f 2603/2603 2604/2604 2605/2605
f 2606/2606 2607/2607 2608/2608
f 2609/2609 2610/2610 2611/2611
f 2606/2606 2612/2612 2613/2613
f 2614/2614 2609/2609 2615/2615
f 2616/2616 2617/2617 2618/2618
f 2619/2619 2620/2620 2621/2621
f 2622/2622 2616/2616 2623/2623
f 2620/2620 2624/2624 2625/2625
f 2602/2602 2626/2626 2600/2600
f 2605/2605 2627/2627 2603/2603
f 2608/2608 2628/2628 2629/2629
f 2584/2584 2630/2630 2631/2631
f 2597/2597 2632/2632 2633/2633
f 2628/2628 2608/2608 2634/2634
f 2635/2635 2636/2636 2637/2637
f 2584/2584 2631/2631 2638/2638
f 2639/2639 2640/2640 2614/2614
f 2606/2606 2641/2641 2642/2642
f 2643/2643 2644/2644 2619/2619
f 2591/2591 2590/2590 2586/2586
f 2616/2616 2645/2645 2646/2646
f 2588/2588 2647/2647 2648/2648
f 2649/2649 2650/2650 2651/2651
f 2652/2652 2653/2653 2654/2654
f 2624/2624 2655/2655 2625/2625
f 2591/2591 2656/2656 2657/2657
f 2616/2616 2618/2618 2658/2658
f 2588/2588 2659/2659 2660/2660
f 2587/2587 2661/2661 2588/2588
f 2588/2588 2661/2661 2594/2594
f 2662/2662 2651/2651 2650/2650
f 2581/2581 2654/2654 2653/2653
f 2609/2609 2663/2663 2664/2664
f 2607/2607 2665/2665 2608/2608
f 2630/2630 2666/2666 2631/2631
f 2597/2597 2637/2637 2667/2667
f 2645/2645 2647/2647 2668/2668
f 2669/2669 2670/2670 2671/2671
f 2617/2617 2672/2672 2618/2618
f 2620/2620 2625/2625 2621/2621
f 2597/2597 2635/2635 2637/2637
f 2584/2584 2673/2673 2674/2674
f 2675/2675 2620/2620 2623/2623
f 2620/2620 2676/2676 2677/2677
f 2678/2678 2679/2679 2680/2680
f 2681/2681 2682/2682 2683/2683
f 2679/2679 2678/2678 2614/2614
f 2684/2684 2606/2606 2685/2685
f 2686/2686 2616/2616 2622/2622
f 2687/2687 2688/2688 2619/2619
f 2673/2673 2689/2689 2674/2674
f 2690/2690 2639/2639 2641/2641
f 2639/2639 2690/2690 2640/2640
f 2597/2597 2691/2691 2690/2690
f 2643/2643 2692/2692 2644/2644
f 2692/2692 2643/2643 2645/2645
f 2693/2693 2576/2576 2575/2575
f 2694/2694 2695/2695 2696/2696
f 2697/2697 2591/2591 2648/2648
f 2647/2647 2698/2698 2648/2648
f 2622/2622 2699/2699 2686/2686
f 2688/2688 2687/2687 2700/2700
f 2701/2701 2597/2597 2633/2633
f 2584/2584 2583/2583 2701/2701
f 2632/2632 2629/2629 2633/2633
f 2584/2584 2634/2634 2702/2702
f 2703/2703 2602/2602 2601/2601
f 2627/2627 2590/2590 2704/2704
f 2612/2612 2705/2705 2613/2613
f 2609/2609 2611/2611 2615/2615
f 2706/2706 2600/2600 2626/2626
f 2604/2604 2696/2696 2695/2695
f 2629/2629 2609/2609 2608/2608
f 2685/2685 2606/2606 2608/2608
f 2596/2596 2585/2585 2595/2595
f 2707/2707 2649/2649 2708/2708
f 2589/2589 2594/2594 2661/2661
f 2601/2601 2709/2709 2703/2703
f 2651/2651 2708/2708 2649/2649
f 2581/2581 2580/2580 2708/2708
f 2592/2592 2710/2710 2593/2593
f 2591/2591 2671/2671 2711/2711
f 2610/2610 2712/2712 2611/2611
f 2606/2606 2613/2613 2713/2713
f 2714/2714 2715/2715 2716/2716
f 2684/2684 2716/2716 2614/2614
f 2717/2717 2718/2718 2719/2719
f 2686/2686 2719/2719 2619/2619
f 2720/2720 2588/2588 2594/2594
f 2677/2677 2676/2676 2721/2721
f 2623/2623 2722/2722 2675/2675
f 2660/2660 2659/2659 2676/2676
f 2691/2691 2597/2597 2674/2674
f 2597/2597 2596/2596 2595/2595
f 2616/2616 2723/2723 2623/2623
f 2723/2723 2721/2721 2623/2623
f 2650/2650 2724/2724 2662/2662
f 2578/2578 2652/2652 2599/2599
f 2620/2620 2700/2700 2699/2699
f 2700/2700 2719/2719 2718/2718
f 2670/2670 2669/2669 2725/2725
f 2588/2588 2593/2593 2725/2725
f 2584/2584 2726/2726 2634/2634
f 2726/2726 2584/2584 2701/2701
f 2727/2727 2616/2616 2644/2644
f 2648/2648 2698/2698 2697/2697
f 2674/2674 2689/2689 2691/2691
f 2728/2728 2606/2606 2640/2640
f 2641/2641 2673/2673 2729/2729
f 2636/2636 2635/2635 2638/2638
f 2609/2609 2685/2685 2608/2608
f 2609/2609 2680/2680 2682/2682
f 2696/2696 2604/2604 2706/2706
f 2575/2575 2574/2574 2577/2577
f 2587/2587 2586/2586 2590/2590
f 2587/2587 2703/2703 2709/2709
f 2591/2591 2697/2697 2692/2692
f 2591/2591 2669/2669 2671/2671
f 2626/2626 2693/2693 2706/2706
f 2695/2695 2605/2605 2604/2604
f 2654/2654 2599/2599 2652/2652
f 2598/2598 2662/2662 2724/2724
f 2646/2646 2645/2645 2643/2643
f 2672/2672 2617/2617 2621/2621
f 2705/2705 2612/2612 2615/2615
f 2642/2642 2641/2641 2639/2639
f 2653/2653 2582/2582 2581/2581
f 2649/2649 2707/2707 2582/2582
f 2709/2709 2601/2601 2704/2704
f 2704/2704 2603/2603 2627/2627
f 2657/2657 2675/2675 2722/2722
f 2656/2656 2675/2675 2657/2657
f 2664/2664 2663/2663 2665/2665
f 2702/2702 2634/2634 2663/2663
f 2710/2710 2592/2592 2711/2711
f 2676/2676 2656/2656 2660/2660
f 2663/2663 2632/2632 2702/2702
f 2666/2666 2630/2630 2667/2667
f 2699/2699 2622/2622 2620/2620
f 2620/2620 2622/2622 2623/2623
f 2721/2721 2723/2723 2677/2677
f 2655/2655 2624/2624 2658/2658
f 2665/2665 2607/2607 2664/2664
f 2712/2712 2610/2610 2713/2713
f 2680/2680 2716/2716 2715/2715
f 2680/2680 2715/2715 2682/2682
f 2588/2588 2720/2720 2659/2659
f 2722/2722 2623/2623 2659/2659
f 2619/2619 2644/2644 2616/2616
f 2616/2616 2686/2686 2619/2619
f 2606/2606 2684/2684 2614/2614
f 2614/2614 2640/2640 2606/2606
f 2576/2576 2693/2693 2694/2694
f 2598/2598 2576/2576 2579/2579
f 2658/2658 2618/2618 2655/2655
f 2711/2711 2671/2671 2710/2710
f 2621/2621 2625/2625 2672/2672
f 2725/2725 2593/2593 2670/2670
f 2713/2713 2613/2613 2712/2712
f 2667/2667 2637/2637 2666/2666
f 2638/2638 2631/2631 2636/2636
f 2615/2615 2611/2611 2705/2705
f 2652/2652 2578/2578 2724/2724
f 2578/2578 2577/2577 2574/2574
f 2714/2714 2681/2681 2683/2683
f 2714/2714 2716/2716 2684/2684
f 2583/2583 2708/2708 2580/2580
f 2708/2708 2583/2583 2707/2707
f 2647/2647 2645/2645 2698/2698
f 2645/2645 2616/2616 2727/2727
f 2673/2673 2641/2641 2689/2689
f 2641/2641 2606/2606 2728/2728
f 2717/2717 2719/2719 2686/2686
f 2717/2717 2730/2730 2731/2731
f 2699/2699 2731/2731 2730/2730
f 2700/2700 2718/2718 2699/2699
f 2591/2591 2668/2668 2669/2669
f 2669/2669 2668/2668 2647/2647
f 2597/2597 2729/2729 2635/2635
f 2635/2635 2729/2729 2673/2673
f 2646/2646 2643/2643 2621/2621
f 2621/2621 2643/2643 2619/2619
f 2642/2642 2639/2639 2615/2615
f 2615/2615 2639/2639 2614/2614
f 2633/2633 2629/2629 2628/2628
f 2701/2701 2633/2633 2726/2726
f 2707/2707 2585/2585 2596/2596
f 2585/2585 2707/2707 2583/2583
f 2696/2696 2577/2577 2694/2694
f 2577/2577 2696/2696 2575/2575
f 2703/2703 2587/2587 2590/2590
f 2590/2590 2627/2627 2703/2703
f 2661/2661 2709/2709 2589/2589
f 2709/2709 2661/2661 2587/2587
f 2632/2632 2663/2663 2629/2629
f 2663/2663 2609/2609 2629/2629
f 2656/2656 2676/2676 2675/2675
f 2676/2676 2620/2620 2675/2675
f 2653/2653 2652/2652 2650/2650
f 2724/2724 2650/2650 2652/2652
f 2582/2582 2653/2653 2649/2649
f 2650/2650 2649/2649 2653/2653
f 2682/2682 2685/2685 2609/2609
f 2685/2685 2682/2682 2684/2684
f 2601/2601 2600/2600 2603/2603
f 2603/2603 2704/2704 2601/2601
f 2600/2600 2706/2706 2604/2604
f 2604/2604 2603/2603 2600/2600
f 2706/2706 2575/2575 2696/2696
f 2575/2575 2706/2706 2693/2693
f 2694/2694 2579/2579 2576/2576
f 2579/2579 2694/2694 2577/2577
f 2574/2574 2724/2724 2578/2578
f 2724/2724 2574/2574 2598/2598
f 2693/2693 2626/2626 2695/2695
f 2695/2695 2694/2694 2693/2693
f 2586/2586 2648/2648 2591/2591
f 2586/2586 2588/2588 2648/2648
f 2595/2595 2674/2674 2597/2597
f 2595/2595 2584/2584 2674/2674
f 2579/2579 2599/2599 2598/2598
f 2662/2662 2598/2598 2599/2599
f 2626/2626 2602/2602 2605/2605
f 2605/2605 2695/2695 2626/2626
f 2594/2594 2591/2591 2657/2657
f 2594/2594 2657/2657 2720/2720
f 2651/2651 2662/2662 2654/2654
f 2599/2599 2654/2654 2662/2662
f 2583/2583 2580/2580 2701/2701
f 2701/2701 2580/2580 2597/2597
f 2602/2602 2703/2703 2627/2627
f 2627/2627 2605/2605 2602/2602
f 2654/2654 2581/2581 2651/2651
f 2708/2708 2651/2651 2581/2581
f 2716/2716 2680/2680 2679/2679
f 2679/2679 2614/2614 2716/2716
f 2687/2687 2619/2619 2719/2719
f 2719/2719 2700/2700 2687/2687
f 2609/2609 2678/2678 2680/2680
f 2609/2609 2614/2614 2678/2678
f 2620/2620 2688/2688 2700/2700
f 2620/2620 2619/2619 2688/2688
f 2681/2681 2684/2684 2682/2682
f 2684/2684 2681/2681 2714/2714
f 2730/2730 2686/2686 2699/2699
f 2686/2686 2730/2730 2717/2717
f 2610/2610 2664/2664 2607/2607
f 2609/2609 2664/2664 2610/2610
f 2617/2617 2646/2646 2621/2621
f 2616/2616 2646/2646 2617/2617
f 2612/2612 2642/2642 2615/2615
f 2606/2606 2642/2642 2612/2612
f 2620/2620 2677/2677 2624/2624
f 2624/2624 2677/2677 2723/2723
f 2731/2731 2699/2699 2718/2718
f 2731/2731 2718/2718 2717/2717
f 2632/2632 2667/2667 2630/2630
f 2597/2597 2667/2667 2632/2632
f 2591/2591 2711/2711 2656/2656
f 2656/2656 2711/2711 2592/2592
f 2644/2644 2697/2697 2727/2727
f 2697/2697 2644/2644 2692/2692
f 2691/2691 2640/2640 2690/2690
f 2640/2640 2691/2691 2728/2728
f 2584/2584 2702/2702 2630/2630
f 2630/2630 2702/2702 2632/2632
f 2592/2592 2660/2660 2656/2656
f 2588/2588 2660/2660 2592/2592
f 2588/2588 2725/2725 2647/2647
f 2647/2647 2725/2725 2669/2669
f 2584/2584 2638/2638 2673/2673
f 2673/2673 2638/2638 2635/2635
f 2616/2616 2658/2658 2723/2723
f 2723/2723 2658/2658 2624/2624
f 2607/2607 2713/2713 2610/2610
f 2606/2606 2713/2713 2607/2607
f 2720/2720 2722/2722 2659/2659
f 2722/2722 2720/2720 2657/2657
f 2628/2628 2726/2726 2633/2633
f 2726/2726 2628/2628 2634/2634
f 2691/2691 2689/2689 2728/2728
f 2641/2641 2728/2728 2689/2689
f 2697/2697 2698/2698 2727/2727
f 2645/2645 2727/2727 2698/2698
f 2596/2596 2582/2582 2707/2707
f 2582/2582 2596/2596 2580/2580
f 2683/2683 2715/2715 2714/2714
f 2715/2715 2683/2683 2682/2682
f 2631/2631 2705/2705 2611/2611
f 2705/2705 2631/2631 2613/2613
f 2729/2729 2690/2690 2641/2641
f 2597/2597 2690/2690 2729/2729
f 2591/2591 2692/2692 2668/2668
f 2668/2668 2692/2692 2645/2645
f 2671/2671 2655/2655 2618/2618
f 2655/2655 2671/2671 2625/2625
f 2593/2593 2672/2672 2625/2625
f 2672/2672 2593/2593 2618/2618
f 2666/2666 2613/2613 2631/2631
f 2613/2613 2666/2666 2637/2637
f 2637/2637 2712/2712 2613/2613
f 2712/2712 2637/2637 2611/2611
f 2625/2625 2670/2670 2593/2593
f 2670/2670 2625/2625 2671/2671
f 2710/2710 2618/2618 2593/2593
f 2618/2618 2710/2710 2671/2671
f 2611/2611 2636/2636 2631/2631
f 2636/2636 2611/2611 2637/2637
f 2589/2589 2704/2704 2590/2590
f 2704/2704 2589/2589 2709/2709
f 2665/2665 2634/2634 2608/2608
f 2634/2634 2665/2665 2663/2663
f 2721/2721 2659/2659 2623/2623
f 2659/2659 2721/2721 2676/2676
f 2732/2732 2733/2733 2734/2734
f 2735/2735 2736/2736 2737/2737
f 2738/2738 2739/2739 2740/2740
f 2741/2741 2742/2742 2743/2743
f 2744/2744 2745/2745 2746/2746
f 2747/2747 2748/2748 2749/2749
f 2750/2750 2751/2751 2752/2752
f 2753/2753 2754/2754 2755/2755
f 2756/2756 2757/2757 2758/2758
f 2759/2759 2760/2760 2761/2761
f 2762/2762 2763/2763 2764/2764
f 2765/2765 2766/2766 2767/2767
f 2768/2768 2769/2769 2770/2770
f 2771/2771 2772/2772 2773/2773
f 2774/2774 2775/2775 2776/2776
f 2736/2736 2735/2735 2777/2777
f 2778/2778 2779/2779 2780/2780
f 2781/2781 2782/2782 2783/2783
f 2768/2768 2784/2784 2785/2785
f 2773/2773 2739/2739 2786/2786
f 2787/2787 2788/2788 2735/2735
f 2789/2789 2790/2790 2791/2791
f 2772/2772 2792/2792 2793/2793
f 2794/2794 2795/2795 2796/2796
f 2797/2797 2798/2798 2799/2799
f 2800/2800 2801/2801 2802/2802
f 2761/2761 2803/2803 2759/2759
f 2804/2804 2743/2743 2805/2805
f 2734/2734 2806/2806 2732/2732
f 2807/2807 2808/2808 2809/2809
f 2756/2756 2810/2810 2811/2811
f 2786/2786 2812/2812 2763/2763
f 2767/2767 2813/2813 2765/2765
f 2814/2814 2815/2815 2816/2816
f 2817/2817 2818/2818 2819/2819
f 2820/2820 2819/2819 2818/2818
f 2798/2798 2734/2734 2821/2821
f 2782/2782 2778/2778 2822/2822
f 2823/2823 2824/2824 2797/2797
f 2825/2825 2826/2826 2827/2827
f 2828/2828 2752/2752 2829/2829
f 2830/2830 2831/2831 2828/2828
f 2803/2803 2804/2804 2832/2832
f 2833/2833 2834/2834 2835/2835
f 2779/2779 2777/2777 2836/2836
f 2831/2831 2830/2830 2836/2836
f 2809/2809 2837/2837 2807/2807
f 2745/2745 2744/2744 2838/2838
f 2791/2791 2747/2747 2789/2789
f 2747/2747 2791/2791 2748/2748
f 2735/2735 2737/2737 2746/2746
f 2746/2746 2737/2737 2744/2744
f 2738/2738 2740/2740 2839/2839
f 2839/2839 2740/2740 2792/2792
f 2840/2840 2841/2841 2771/2771
f 2786/2786 2841/2841 2840/2840
f 2842/2842 2843/2843 2830/2830
f 2751/2751 2750/2750 2844/2844
f 2832/2832 2845/2845 2803/2803
f 2846/2846 2847/2847 2742/2742
f 2796/2796 2848/2848 2794/2794
f 2849/2849 2850/2850 2851/2851
f 2852/2852 2764/2764 2853/2853
f 2854/2854 2817/2817 2811/2811
f 2747/2747 2736/2736 2789/2789
f 2789/2789 2855/2855 2778/2778
f 2856/2856 2857/2857 2753/2753
f 2856/2856 2783/2783 2782/2782
f 2858/2858 2794/2794 2815/2815
f 2813/2813 2767/2767 2858/2858
f 2766/2766 2859/2859 2860/2860
f 2861/2861 2862/2862 2863/2863
f 2854/2854 2811/2811 2810/2810
f 2815/2815 2854/2854 2758/2758
f 2821/2821 2864/2864 2798/2798
f 2865/2865 2866/2866 2733/2733
f 2754/2754 2753/2753 2857/2857
f 2826/2826 2844/2844 2750/2750
f 2830/2830 2843/2843 2836/2836
f 2806/2806 2867/2867 2780/2780
f 2822/2822 2868/2868 2867/2867
f 2869/2869 2780/2780 2867/2867
f 2847/2847 2845/2845 2742/2742
f 2760/2760 2759/2759 2849/2849
f 2757/2757 2814/2814 2816/2816
f 2785/2785 2738/2738 2839/2839
f 2870/2870 2871/2871 2852/2852
f 2871/2871 2870/2870 2872/2872
f 2800/2800 2787/2787 2801/2801
f 2788/2788 2787/2787 2800/2800
f 2863/2863 2764/2764 2861/2861
f 2764/2764 2852/2852 2873/2873
f 2850/2850 2820/2820 2874/2874
f 2819/2819 2820/2820 2875/2875
f 2838/2838 2876/2876 2745/2745
f 2802/2802 2801/2801 2876/2876
f 2766/2766 2835/2835 2834/2834
f 2786/2786 2784/2784 2841/2841
f 2752/2752 2755/2755 2754/2754
f 2790/2790 2789/2789 2781/2781
f 2749/2749 2748/2748 2865/2865
f 2865/2865 2838/2838 2744/2744
f 2823/2823 2866/2866 2876/2876
f 2866/2866 2823/2823 2821/2821
f 2742/2742 2741/2741 2846/2846
f 2875/2875 2846/2846 2819/2819
f 2857/2857 2856/2856 2877/2877
f 2856/2856 2867/2867 2877/2877
f 2808/2808 2776/2776 2775/2775
f 2844/2844 2842/2842 2878/2878
f 2879/2879 2758/2758 2757/2757
f 2816/2816 2815/2815 2758/2758
f 2878/2878 2829/2829 2844/2844
f 2829/2829 2878/2878 2828/2828
f 2880/2880 2768/2768 2770/2770
f 2784/2784 2768/2768 2880/2880
f 2739/2739 2773/2773 2793/2793
f 2793/2793 2773/2773 2772/2772
f 2860/2860 2863/2863 2862/2862
f 2862/2862 2858/2858 2860/2860
f 2836/2836 2881/2881 2779/2779
f 2881/2881 2836/2836 2843/2843
f 2837/2837 2882/2882 2807/2807
f 2882/2882 2837/2837 2838/2838
f 2880/2880 2770/2770 2771/2771
f 2847/2847 2849/2849 2759/2759
f 2883/2883 2827/2827 2826/2826
f 2876/2876 2838/2838 2827/2827
f 2845/2845 2832/2832 2805/2805
f 2805/2805 2884/2884 2804/2804
f 2818/2818 2885/2885 2886/2886
f 2854/2854 2815/2815 2794/2794
f 2870/2870 2763/2763 2872/2872
f 2853/2853 2764/2764 2763/2763
f 2887/2887 2753/2753 2781/2781
f 2783/2783 2856/2856 2753/2753
f 2874/2874 2851/2851 2850/2850
f 2851/2851 2874/2874 2795/2795
f 2888/2888 2813/2813 2858/2858
f 2813/2813 2888/2888 2814/2814
f 2872/2872 2763/2763 2812/2812
f 2757/2757 2756/2756 2739/2739
f 2743/2743 2889/2889 2890/2890
f 2889/2889 2852/2852 2811/2811
f 2755/2755 2752/2752 2788/2788
f 2891/2891 2788/2788 2752/2752
f 2864/2864 2821/2821 2823/2823
f 2799/2799 2823/2823 2797/2797
f 2820/2820 2850/2850 2875/2875
f 2792/2792 2769/2769 2839/2839
f 2892/2892 2747/2747 2749/2749
f 2736/2736 2747/2747 2892/2892
f 2795/2795 2761/2761 2760/2760
f 2794/2794 2858/2858 2795/2795
f 2893/2893 2775/2775 2837/2837
f 2775/2775 2893/2893 2808/2808
f 2814/2814 2757/2757 2785/2785
f 2766/2766 2765/2765 2894/2894
f 2890/2890 2819/2819 2846/2846
f 2819/2819 2890/2890 2817/2817
f 2868/2868 2822/2822 2778/2778
f 2780/2780 2869/2869 2778/2778
f 2826/2826 2797/2797 2824/2824
f 2750/2750 2857/2857 2826/2826
f 2895/2895 2836/2836 2777/2777
f 2777/2777 2828/2828 2831/2831
f 2806/2806 2807/2807 2882/2882
f 2780/2780 2843/2843 2806/2806
f 2828/2828 2777/2777 2735/2735
f 2752/2752 2828/2828 2891/2891
f 2762/2762 2764/2764 2896/2896
f 2896/2896 2764/2764 2834/2834
f 2800/2800 2897/2897 2790/2790
f 2897/2897 2800/2800 2802/2802
f 2838/2838 2865/2865 2882/2882
f 2733/2733 2732/2732 2865/2865
f 2763/2763 2762/2762 2786/2786
f 2784/2784 2786/2786 2835/2835
f 2777/2777 2779/2779 2736/2736
f 2779/2779 2778/2778 2855/2855
f 2820/2820 2886/2886 2796/2796
f 2886/2886 2820/2820 2818/2818
f 2827/2827 2883/2883 2876/2876
f 2824/2824 2823/2823 2876/2876
f 2838/2838 2837/2837 2775/2775
f 2775/2775 2774/2774 2838/2838
f 2834/2834 2764/2764 2863/2863
f 2834/2834 2863/2863 2766/2766
f 2898/2898 2758/2758 2854/2854
f 2758/2758 2898/2898 2756/2756
f 2739/2739 2812/2812 2786/2786
f 2812/2812 2739/2739 2756/2756
f 2746/2746 2787/2787 2735/2735
f 2787/2787 2746/2746 2745/2745
f 2768/2768 2839/2839 2769/2769
f 2839/2839 2768/2768 2785/2785
f 2840/2840 2773/2773 2786/2786
f 2773/2773 2840/2840 2771/2771
f 2759/2759 2845/2845 2847/2847
f 2845/2845 2759/2759 2803/2803
f 2894/2894 2784/2784 2766/2766
f 2835/2835 2766/2766 2784/2784
f 2866/2866 2865/2865 2748/2748
f 2802/2802 2748/2748 2897/2897
f 2755/2755 2781/2781 2753/2753
f 2781/2781 2755/2755 2790/2790
f 2778/2778 2782/2782 2789/2789
f 2782/2782 2781/2781 2789/2789
f 2870/2870 2853/2853 2763/2763
f 2853/2853 2870/2870 2852/2852
f 2811/2811 2871/2871 2872/2872
f 2871/2871 2811/2811 2852/2852
f 2767/2767 2860/2860 2858/2858
f 2860/2860 2767/2767 2766/2766
f 2873/2873 2861/2861 2764/2764
f 2743/2743 2804/2804 2873/2873
f 2738/2738 2785/2785 2757/2757
f 2739/2739 2738/2738 2757/2757
f 2801/2801 2745/2745 2876/2876
f 2787/2787 2745/2745 2801/2801
f 2868/2868 2869/2869 2867/2867
f 2869/2869 2868/2868 2778/2778
f 2751/2751 2829/2829 2752/2752
f 2829/2829 2751/2751 2844/2844
f 2765/2765 2814/2814 2894/2894
f 2814/2814 2765/2765 2813/2813
f 2780/2780 2881/2881 2843/2843
f 2881/2881 2780/2780 2779/2779
f 2750/2750 2754/2754 2857/2857
f 2754/2754 2750/2750 2752/2752
f 2772/2772 2771/2771 2846/2846
f 2846/2846 2875/2875 2772/2772
f 2733/2733 2821/2821 2734/2734
f 2821/2821 2733/2733 2866/2866
f 2732/2732 2882/2882 2865/2865
f 2882/2882 2732/2732 2806/2806
f 2891/2891 2735/2735 2788/2788
f 2735/2735 2891/2891 2828/2828
f 2867/2867 2856/2856 2822/2822
f 2822/2822 2856/2856 2782/2782
f 2888/2888 2815/2815 2814/2814
f 2858/2858 2815/2815 2888/2888
f 2878/2878 2830/2830 2828/2828
f 2830/2830 2878/2878 2842/2842
f 2806/2806 2843/2843 2807/2807
f 2843/2843 2808/2808 2807/2807
f 2843/2843 2842/2842 2808/2808
f 2776/2776 2808/2808 2842/2842
f 2771/2771 2770/2770 2849/2849
f 2770/2770 2769/2769 2849/2849
f 2857/2857 2877/2877 2798/2798
f 2734/2734 2798/2798 2877/2877
f 2858/2858 2862/2862 2761/2761
f 2761/2761 2795/2795 2858/2858
f 2826/2826 2857/2857 2797/2797
f 2798/2798 2797/2797 2857/2857
f 2844/2844 2826/2826 2825/2825
f 2776/2776 2842/2842 2844/2844
f 2867/2867 2806/2806 2734/2734
f 2877/2877 2867/2867 2734/2734
f 2885/2885 2794/2794 2848/2848
f 2854/2854 2794/2794 2885/2885
f 2790/2790 2788/2788 2800/2800
f 2788/2788 2790/2790 2755/2755
f 2792/2792 2772/2772 2875/2875
f 2792/2792 2875/2875 2850/2850
f 2894/2894 2785/2785 2784/2784
f 2785/2785 2894/2894 2814/2814
f 2895/2895 2831/2831 2836/2836
f 2831/2831 2895/2895 2777/2777
f 2783/2783 2887/2887 2781/2781
f 2887/2887 2783/2783 2753/2753
f 2769/2769 2792/2792 2850/2850
f 2850/2850 2849/2849 2769/2769
f 2849/2849 2847/2847 2771/2771
f 2847/2847 2846/2846 2771/2771
f 2872/2872 2756/2756 2811/2811
f 2756/2756 2872/2872 2812/2812
f 2758/2758 2879/2879 2816/2816
f 2816/2816 2879/2879 2757/2757
f 2896/2896 2833/2833 2762/2762
f 2834/2834 2833/2833 2896/2896
f 2742/2742 2805/2805 2743/2743
f 2805/2805 2742/2742 2845/2845
f 2796/2796 2874/2874 2820/2820
f 2874/2874 2796/2796 2795/2795
f 2817/2817 2854/2854 2818/2818
f 2818/2818 2854/2854 2885/2885
f 2892/2892 2749/2749 2744/2744
f 2744/2744 2749/2749 2865/2865
f 2835/2835 2762/2762 2833/2833
f 2786/2786 2762/2762 2835/2835
f 2748/2748 2802/2802 2866/2866
f 2802/2802 2876/2876 2866/2866
f 2823/2823 2799/2799 2864/2864
f 2864/2864 2799/2799 2798/2798
f 2893/2893 2809/2809 2808/2808
f 2837/2837 2809/2809 2893/2893
f 2889/2889 2743/2743 2852/2852
f 2873/2873 2852/2852 2743/2743
f 2848/2848 2796/2796 2886/2886
f 2848/2848 2886/2886 2885/2885
f 2884/2884 2832/2832 2804/2804
f 2884/2884 2805/2805 2832/2832
f 2889/2889 2817/2817 2890/2890
f 2817/2817 2889/2889 2811/2811
f 2862/2862 2861/2861 2803/2803
f 2803/2803 2761/2761 2862/2862
f 2824/2824 2883/2883 2826/2826
f 2883/2883 2824/2824 2876/2876
f 2736/2736 2855/2855 2789/2789
f 2855/2855 2736/2736 2779/2779
f 2861/2861 2873/2873 2804/2804
f 2804/2804 2803/2803 2861/2861
f 2860/2860 2859/2859 2863/2863
f 2863/2863 2859/2859 2766/2766
f 2774/2774 2827/2827 2838/2838
f 2827/2827 2774/2774 2776/2776
f 2776/2776 2844/2844 2825/2825
f 2776/2776 2825/2825 2827/2827
f 2898/2898 2810/2810 2756/2756
f 2810/2810 2898/2898 2854/2854
f 2736/2736 2892/2892 2737/2737
f 2737/2737 2892/2892 2744/2744
f 2739/2739 2793/2793 2740/2740
f 2740/2740 2793/2793 2792/2792
f 2841/2841 2880/2880 2771/2771
f 2784/2784 2880/2880 2841/2841
f 2897/2897 2791/2791 2790/2790
f 2748/2748 2791/2791 2897/2897
f 2890/2890 2741/2741 2743/2743
f 2741/2741 2890/2890 2846/2846
f 2760/2760 2851/2851 2795/2795
f 2851/2851 2760/2760 2849/2849
f 2899/2899 2900/2900 2901/2901
f 2902/2902 2903/2903 2904/2904
f 2905/2905 2906/2906 2907/2907
f 2908/2908 2909/2909 2910/2910
f 2911/2911 2912/2912 2913/2913
f 2914/2914 2915/2915 2916/2916
f 2917/2917 2904/2904 2903/2903
f 2907/2907 2918/2918 2905/2905
f 2910/2910 2919/2919 2908/2908
f 2920/2920 2921/2921 2900/2900
f 2922/2922 2923/2923 2924/2924
f 2925/2925 2926/2926 2927/2927
f 2914/2914 2928/2928 2929/2929
f 2930/2930 2931/2931 2932/2932
f 2901/2901 2927/2927 2899/2899
f 2924/2924 2933/2933 2922/2922
f 2934/2934 2914/2914 2929/2929
f 2912/2912 2932/2932 2931/2931
f 2935/2935 2905/2905 2918/2918
f 2900/2900 2936/2936 2920/2920
f 2937/2937 2916/2916 2915/2915
f 2913/2913 2938/2938 2911/2911
f 2927/2927 2939/2939 2925/2925
f 2940/2940 2924/2924 2923/2923
f 2903/2903 2925/2925 2917/2917
f 2923/2923 2908/2908 2940/2940
f 2927/2927 2926/2926 2899/2899
f 2906/2906 2922/2922 2933/2933
f 2932/2932 2902/2902 2930/2930
f 2910/2910 2909/2909 2934/2934
f 2915/2915 2935/2935 2937/2937
f 2936/2936 2911/2911 2938/2938
f 2929/2929 2910/2910 2934/2934
f 2904/2904 2930/2930 2902/2902
f 2900/2900 2921/2921 2901/2901
f 2933/2933 2907/2907 2906/2906
f 2931/2931 2913/2913 2912/2912
f 2916/2916 2928/2928 2914/2914
f 2920/2920 2913/2913 2937/2937
f 2921/2921 2920/2920 2918/2918
f 2925/2925 2939/2939 2917/2917
f 2904/2904 2917/2917 2919/2919
f 2920/2920 2937/2937 2918/2918
f 2918/2918 2937/2937 2935/2935
f 2939/2939 2927/2927 2940/2940
f 2940/2940 2917/2917 2939/2939
f 2913/2913 2931/2931 2916/2916
f 2916/2916 2937/2937 2913/2913
f 2903/2903 2902/2902 2908/2908
f 2908/2908 2925/2925 2903/2903
f 2915/2915 2914/2914 2912/2912
f 2912/2912 2914/2914 2934/2934
f 2936/2936 2900/2900 2935/2935
f 2935/2935 2911/2911 2936/2936
f 2926/2926 2925/2925 2923/2923
f 2908/2908 2923/2923 2925/2925
f 2900/2900 2899/2899 2905/2905
f 2905/2905 2935/2935 2900/2900
f 2912/2912 2911/2911 2915/2915
f 2935/2935 2915/2915 2911/2911
f 2906/2906 2905/2905 2899/2899
f 2899/2899 2926/2926 2906/2906
f 2934/2934 2909/2909 2932/2932
f 2932/2932 2912/2912 2934/2934
f 2904/2904 2910/2910 2929/2929
f 2919/2919 2910/2910 2904/2904
f 2927/2927 2901/2901 2924/2924
f 2924/2924 2940/2940 2927/2927
f 2923/2923 2922/2922 2926/2926
f 2926/2926 2922/2922 2906/2906
f 2940/2940 2919/2919 2917/2917
f 2908/2908 2919/2919 2940/2940
f 2929/2929 2928/2928 2930/2930
f 2930/2930 2904/2904 2929/2929
f 2933/2933 2924/2924 2901/2901
f 2901/2901 2921/2921 2933/2933
f 2909/2909 2908/2908 2902/2902
f 2902/2902 2932/2932 2909/2909
f 2918/2918 2907/2907 2921/2921
f 2921/2921 2907/2907 2933/2933
f 2931/2931 2930/2930 2928/2928
f 2928/2928 2916/2916 2931/2931
f 2938/2938 2913/2913 2920/2920
f 2938/2938 2920/2920 2936/2936
f 2941/2941 2942/2942 2943/2943
f 2944/2944 2945/2945 2946/2946
f 2947/2947 2948/2948 2949/2949
f 2950/2950 2951/2951 2952/2952
f 2953/2953 2954/2954 2955/2955
f 2956/2956 2957/2957 2958/2958
f 2959/2959 2955/2955 2954/2954
f 2956/2956 2960/2960 2961/2961
f 2952/2952 2962/2962 2963/2963
f 2964/2964 2965/2965 2948/2948
f 2966/2966 2967/2967 2968/2968
f 2968/2968 2969/2969 2970/2970
f 2971/2971 2972/2972 2973/2973
f 2974/2974 2975/2975 2976/2976
f 2977/2977 2978/2978 2979/2979
f 2980/2980 2941/2941 2981/2981
f 2982/2982 2962/2962 2947/2947
f 2950/2950 2983/2983 2984/2984
f 2941/2941 2985/2985 2986/2986
f 2987/2987 2944/2944 2988/2988
f 2989/2989 2983/2983 2990/2990
f 2991/2991 2990/2990 2992/2992
f 2993/2993 2994/2994 2969/2969
f 2962/2962 2982/2982 2995/2995
f 2965/2965 2964/2964 2996/2996
f 2968/2968 2997/2997 2966/2966
f 2998/2998 2958/2958 2957/2957
f 2944/2944 2987/2987 2999/2999
f 3000/3000 2976/2976 3001/3001
f 2973/2973 2981/2981 2971/2971
f 2952/2952 3002/3002 2950/2950
f 3003/3003 3004/3004 2964/2964
f 2954/2954 2953/2953 3005/3005
f 2969/2969 2968/2968 3006/3006
f 2990/2990 2991/2991 3007/3007
f 2948/2948 2947/2947 3008/3008
f 3005/3005 3009/3009 2954/2954
f 2958/2958 2998/2998 3010/3010
f 3011/3011 2946/2946 2945/2945
f 2981/2981 2973/2973 2980/2980
f 2970/2970 3012/3012 3013/3013
f 2956/2956 2970/2970 3013/3013
f 3014/3014 3015/3015 3016/3016
f 2965/2965 2996/2996 2995/2995
f 2997/2997 2968/2968 2956/2956
f 2970/2970 2956/2956 2968/2968
f 2984/2984 2947/2947 2962/2962
f 3017/3017 2952/2952 2951/2951
f 2976/2976 2988/2988 2974/2974
f 2946/2946 3011/3011 2972/2972
f 2955/2955 2959/2959 3018/3018
f 2956/2956 2961/2961 2959/2959
f 2947/2947 2984/2984 3019/3019
f 3020/3020 3008/3008 2947/2947
f 2988/2988 3021/3021 2987/2987
f 2976/2976 3000/3000 2986/2986
f 2991/2991 3022/3022 3007/3007
f 3023/3023 2985/2985 2941/2941
f 2941/2941 2980/2980 3023/3023
f 3024/3024 2971/2971 3025/3025
f 3001/3001 3026/3026 2943/2943
f 2963/2963 3027/3027 2952/2952
f 3027/3027 3002/3002 2952/2952
f 2986/2986 2985/2985 3028/3028
f 2947/2947 3019/3019 3020/3020
f 3029/3029 3030/3030 3031/3031
f 2967/2967 3006/3006 2968/2968
f 3032/3032 3031/3031 3030/3030
f 3009/3009 3010/3010 2998/2998
f 2994/2994 2993/2993 3012/3012
f 3018/3018 3033/3033 2955/2955
f 2959/2959 3034/3034 3018/3018
f 3007/3007 2989/2989 2990/2990
f 2972/2972 2974/2974 2988/2988
f 3024/3024 3025/3025 3035/3035
f 2995/2995 2963/2963 2962/2962
f 3036/3036 3016/3016 3015/3015
f 3037/3037 2975/2975 3035/3035
f 3038/3038 3026/3026 3001/3001
f 2999/2999 3039/3039 2944/2944
f 2978/2978 2977/2977 2944/2944
f 3040/3040 3041/3041 3042/3042
f 3043/3043 3042/3042 3019/3019
f 3002/3002 3027/3027 3003/3003
f 3014/3014 3003/3003 3015/3015
f 3029/3029 3006/3006 2967/2967
f 3031/3031 3005/3005 3044/3044
f 3030/3030 2966/2966 3045/3045
f 3032/3032 3010/3010 3009/3009
f 3016/3016 2996/2996 3046/3046
f 3004/3004 3003/3003 3014/3014
f 2981/2981 2943/2943 3026/3026
f 2943/2943 2981/2981 2941/2941
f 2955/2955 3033/3033 3012/3012
f 3047/3047 3048/3048 3049/3049
f 2974/2974 2972/2972 3050/3050
f 3024/3024 2972/2972 2971/2971
f 3036/3036 2963/2963 2995/2995
f 3051/3051 3027/3027 2963/2963
f 3025/3025 3026/3026 3038/3038
f 3037/3037 3035/3035 3025/3025
f 3029/3029 2967/2967 3030/3030
f 2966/2966 3030/3030 2967/2967
f 3005/3005 3031/3031 3009/3009
f 3032/3032 3009/3009 3031/3031
f 2996/2996 3016/3016 2995/2995
f 3036/3036 2995/2995 3016/3016
f 2979/2979 3023/3023 2980/2980
f 3013/3013 2960/2960 2956/2956
f 2987/2987 2986/2986 3028/3028
f 2986/2986 2987/2987 2976/2976
f 2980/2980 2977/2977 2979/2979
f 2977/2977 2980/2980 2973/2973
f 3035/3035 2974/2974 3050/3050
f 2975/2975 2974/2974 3035/3035
f 3015/3015 3027/3027 3051/3051
f 3003/3003 3027/3027 3015/3015
f 3047/3047 3049/3049 3052/3052
f 3008/3008 3042/3042 3041/3041
f 2948/2948 3008/3008 3022/3022
f 2987/2987 3028/3028 2999/2999
f 2953/2953 2969/2969 3006/3006
f 2969/2969 2953/2953 2993/2993
f 2944/2944 3039/3039 2978/2978
f 3053/3053 3054/3054 3039/3039
f 3026/3026 2971/2971 2981/2981
f 3026/3026 3025/3025 2971/2971
f 2970/2970 2994/2994 3012/3012
f 2994/2994 2970/2970 2969/2969
f 2964/2964 3002/3002 3003/3003
f 2992/2992 2964/2964 2991/2991
f 3048/3048 3034/3034 3055/3055
f 2961/2961 3034/3034 2959/2959
f 3056/3056 3057/3057 2983/2983
f 2984/2984 2983/2983 3019/3019
f 3058/3058 2985/2985 3059/3059
f 2949/2949 2982/2982 2947/2947
f 2995/2995 2982/2982 2965/2965
f 2959/2959 2957/2957 2956/2956
f 2957/2957 2959/2959 2998/2998
f 3022/3022 2991/2991 2948/2948
f 2948/2948 2991/2991 2964/2964
f 2953/2953 3006/3006 3005/3005
f 3044/3044 3005/3005 3006/3006
f 2997/2997 3010/3010 2966/2966
f 3045/3045 2966/2966 3010/3010
f 3012/3012 3047/3047 3052/3052
f 3013/3013 3012/3012 3060/3060
f 2958/2958 2997/2997 2956/2956
f 2997/2997 2958/2958 3010/3010
f 3034/3034 2961/2961 3055/3055
f 3061/3061 3055/3055 2961/2961
f 2990/2990 2950/2950 3002/3002
f 2950/2950 2990/2990 2983/2983
f 3058/3058 3062/3062 2985/2985
f 3028/3028 2985/2985 3062/3062
f 3037/3037 3001/3001 2975/2975
f 2975/2975 3001/3001 2976/2976
f 3042/3042 3043/3043 3040/3040
f 3048/3048 3047/3047 3018/3018
f 3018/3018 3034/3034 3048/3048
f 2984/2984 2951/2951 2950/2950
f 2951/2951 2984/2984 3017/3017
f 3044/3044 3006/3006 3029/3029
f 3031/3031 3044/3044 3029/3029
f 3050/3050 2972/2972 3024/3024
f 3035/3035 3050/3050 3024/3024
f 3025/3025 3038/3038 3037/3037
f 3038/3038 3001/3001 3037/3037
f 3051/3051 2963/2963 3036/3036
f 3015/3015 3051/3051 3036/3036
f 3016/3016 3046/3046 3014/3014
f 3046/3046 3004/3004 3014/3014
f 3030/3030 3045/3045 3032/3032
f 3045/3045 3010/3010 3032/3032
f 3062/3062 3063/3063 3028/3028
f 3063/3063 3053/3053 3028/3028
f 3042/3042 3008/3008 3020/3020
f 3020/3020 3019/3019 3042/3042
f 3046/3046 2996/2996 3004/3004
f 3004/3004 2996/2996 2964/2964
f 2961/2961 2960/2960 3061/3061
f 2960/2960 3064/3064 3065/3065
f 2998/2998 2954/2954 3009/3009
f 2954/2954 2998/2998 2959/2959
f 3013/3013 3060/3060 3064/3064
f 3013/3013 3064/3064 2960/2960
f 2962/2962 2952/2952 3017/3017
f 2962/2962 3017/3017 2984/2984
f 2946/2946 2988/2988 2944/2944
f 2988/2988 2946/2946 2972/2972
f 2983/2983 3066/3066 3056/3056
f 3053/3053 2999/2999 3028/3028
f 3053/3053 3039/3039 2999/2999
f 3000/3000 2943/2943 2942/2942
f 2943/2943 3000/3000 3001/3001
f 3067/3067 3043/3043 3019/3019
f 2973/2973 3011/3011 2977/2977
f 3011/3011 2973/2973 2972/2972
f 2979/2979 2978/2978 3068/3068
f 3068/3068 3023/3023 2979/2979
f 3007/3007 3022/3022 3041/3041
f 3041/3041 3022/3022 3008/3008
f 2978/2978 3039/3039 3054/3054
f 3054/3054 3068/3068 2978/2978
f 2977/2977 2945/2945 2944/2944
f 2945/2945 2977/2977 3011/3011
f 3069/3069 2989/2989 3007/3007
f 3041/3041 3069/3069 3007/3007
f 2993/2993 2955/2955 3012/3012
f 2955/2955 2993/2993 2953/2953
f 3052/3052 3060/3060 3012/3012
f 3002/3002 2992/2992 2990/2990
f 3002/3002 2964/2964 2992/2992
f 3057/3057 3067/3067 3019/3019
f 3019/3019 2983/2983 3057/3057
f 3065/3065 3061/3061 2960/2960
f 2985/2985 3023/3023 3059/3059
f 3059/3059 3023/3023 3058/3058
f 2986/2986 2942/2942 2941/2941
f 2942/2942 2986/2986 3000/3000
f 3012/3012 3033/3033 3047/3047
f 3033/3033 3018/3018 3047/3047
f 3055/3055 3070/3070 3048/3048
f 3070/3070 3049/3049 3048/3048
f 2949/2949 2965/2965 2982/2982
f 2965/2965 2949/2949 2948/2948
f 3056/3056 3066/3066 2989/2989
f 2983/2983 2989/2989 3066/3066
f 2988/2988 2976/2976 3021/3021
f 3021/3021 2976/2976 2987/2987
f 3071/3071 3072/3072 3073/3073
f 3074/3074 3075/3075 3076/3076
f 3077/3077 3078/3078 3079/3079
f 3080/3080 3073/3073 3072/3072
f 3081/3081 3082/3082 3083/3083
f 3084/3084 3085/3085 3086/3086
f 3087/3087 3088/3088 3089/3089
f 3090/3090 3091/3091 3077/3077
f 3092/3092 3076/3076 3075/3075
f 3093/3093 3094/3094 3095/3095
f 3079/3079 3096/3096 3077/3077
f 3089/3089 3097/3097 3098/3098
f 3076/3076 3092/3092 3099/3099
f 3100/3100 3101/3101 3073/3073
f 3102/3102 3103/3103 3104/3104
f 3105/3105 3106/3106 3107/3107
f 3072/3072 3108/3108 3080/3080
f 3109/3109 3110/3110 3072/3072
f 3111/3111 3112/3112 3113/3113
f 3114/3114 3115/3115 3116/3116
f 3117/3117 3118/3118 3119/3119
f 3119/3119 3120/3120 3121/3121
f 3078/3078 3077/3077 3091/3091
f 3073/3073 3080/3080 3100/3100
f 3122/3122 3123/3123 3074/3074
f 3096/3096 3124/3124 3122/3122
f 3072/3072 3071/3071 3109/3109
f 3074/3074 3125/3125 3071/3071
f 3126/3126 3127/3127 3128/3128
f 3129/3129 3128/3128 3130/3130
f 3131/3131 3132/3132 3133/3133
f 3108/3108 3072/3072 3134/3134
f 3096/3096 3108/3108 3124/3124
f 3116/3116 3135/3135 3136/3136
f 3137/3137 3093/3093 3138/3138
f 3094/3094 3139/3139 3095/3095
f 3113/3113 3140/3140 3111/3111
f 3076/3076 3099/3099 3141/3141
f 3142/3142 3090/3090 3143/3143
f 3144/3144 3077/3077 3096/3096
f 3077/3077 3144/3144 3090/3090
f 3106/3106 3105/3105 3145/3145
f 3104/3104 3146/3146 3087/3087
f 3147/3147 3148/3148 3121/3121
f 3148/3148 3149/3149 3117/3117
f 3150/3150 3151/3151 3120/3120
f 3104/3104 3120/3120 3151/3151
f 3108/3108 3134/3134 3124/3124
f 3091/3091 3100/3100 3080/3080
f 3142/3142 3143/3143 3152/3152
f 3153/3153 3154/3154 3155/3155
f 3156/3156 3157/3157 3154/3154
f 3158/3158 3159/3159 3160/3160
f 3071/3071 3125/3125 3109/3109
f 3127/3127 3130/3130 3128/3128
f 3161/3161 3101/3101 3152/3152
f 3162/3162 3141/3141 3099/3099
f 3118/3118 3117/3117 3163/3163
f 3145/3145 3118/3118 3106/3106
f 3164/3164 3081/3081 3083/3083
f 3083/3083 3095/3095 3139/3139
f 3121/3121 3165/3165 3147/3147
f 3103/3103 3102/3102 3166/3166
f 3131/3131 3167/3167 3168/3168
f 3169/3169 3170/3170 3171/3171
f 3172/3172 3093/3093 3129/3129
f 3129/3129 3093/3093 3173/3173
f 3174/3174 3175/3175 3102/3102
f 3176/3176 3174/3174 3107/3107
f 3106/3106 3149/3149 3107/3107
f 3163/3163 3117/3117 3149/3149
f 3155/3155 3154/3154 3157/3157
f 3177/3177 3089/3089 3088/3088
f 3119/3119 3118/3118 3178/3178
f 3139/3139 3094/3094 3179/3179
f 3180/3180 3139/3139 3179/3179
f 3074/3074 3181/3181 3122/3122
f 3181/3181 3074/3074 3144/3144
f 3182/3182 3133/3133 3132/3132
f 3132/3132 3131/3131 3168/3168
f 3179/3179 3094/3094 3183/3183
f 3184/3184 3086/3086 3085/3085
f 3116/3116 3115/3115 3128/3128
f 3081/3081 3164/3164 3180/3180
f 3138/3138 3140/3140 3113/3113
f 3095/3095 3083/3083 3185/3185
f 3142/3142 3091/3091 3090/3090
f 3100/3100 3091/3091 3186/3186
f 3076/3076 3187/3187 3074/3074
f 3144/3144 3076/3076 3141/3141
f 3153/3153 3160/3160 3154/3154
f 3143/3143 3141/3141 3162/3162
f 3161/3161 3152/3152 3143/3143
f 3120/3120 3119/3119 3150/3150
f 3150/3150 3188/3188 3089/3089
f 3133/3133 3189/3189 3131/3131
f 3175/3175 3147/3147 3165/3165
f 3082/3082 3115/3115 3114/3114
f 3136/3136 3113/3113 3112/3112
f 3152/3152 3100/3100 3186/3186
f 3101/3101 3100/3100 3152/3152
f 3098/3098 3087/3087 3089/3089
f 3087/3087 3145/3145 3105/3105
f 3168/3168 3190/3190 3132/3132
f 3123/3123 3191/3191 3192/3192
f 3123/3123 3192/3192 3193/3193
f 3109/3109 3125/3125 3194/3194
f 3195/3195 3136/3136 3135/3135
f 3113/3113 3135/3135 3138/3138
f 3158/3158 3156/3156 3159/3159
f 3110/3110 3134/3134 3072/3072
f 3134/3134 3110/3110 3196/3196
f 3141/3141 3090/3090 3144/3144
f 3141/3141 3143/3143 3090/3090
f 3118/3118 3145/3145 3197/3197
f 3097/3097 3089/3089 3198/3198
f 3121/3121 3117/3117 3119/3119
f 3117/3117 3121/3121 3148/3148
f 3185/3185 3199/3199 3095/3095
f 3093/3093 3095/3095 3138/3138
f 3155/3155 3200/3200 3153/3153
f 3200/3200 3155/3155 3157/3157
f 3075/3075 3071/3071 3092/3092
f 3071/3071 3075/3075 3074/3074
f 3107/3107 3102/3102 3105/3105
f 3102/3102 3107/3107 3174/3174
f 3188/3188 3150/3150 3119/3119
f 3178/3178 3188/3188 3119/3119
f 3084/3084 3130/3130 3127/3127
f 3084/3084 3086/3086 3172/3172
f 3173/3173 3116/3116 3129/3129
f 3116/3116 3128/3128 3129/3129
f 3078/3078 3080/3080 3108/3108
f 3080/3080 3078/3078 3091/3091
f 3166/3166 3165/3165 3103/3103
f 3165/3165 3121/3121 3120/3120
f 3177/3177 3088/3088 3146/3146
f 3088/3088 3087/3087 3146/3146
f 3082/3082 3201/3201 3083/3083
f 3201/3201 3185/3185 3083/3083
f 3087/3087 3105/3105 3104/3104
f 3104/3104 3105/3105 3102/3102
f 3199/3199 3185/3185 3140/3140
f 3185/3185 3201/3201 3140/3140
f 3116/3116 3173/3173 3135/3135
f 3137/3137 3138/3138 3135/3135
f 3093/3093 3172/3172 3086/3086
f 3093/3093 3086/3086 3184/3184
f 3161/3161 3099/3099 3101/3101
f 3101/3101 3099/3099 3073/3073
f 3186/3186 3091/3091 3142/3142
f 3152/3152 3186/3186 3142/3142
f 3143/3143 3162/3162 3161/3161
f 3162/3162 3099/3099 3161/3161
f 3154/3154 3159/3159 3156/3156
f 3159/3159 3154/3154 3160/3160
f 3092/3092 3073/3073 3099/3099
f 3073/3073 3092/3092 3071/3071
f 3188/3188 3178/3178 3089/3089
f 3178/3178 3198/3198 3089/3089
f 3202/3202 3192/3192 3191/3191
f 3122/3122 3203/3203 3202/3202
f 3085/3085 3183/3183 3184/3184
f 3107/3107 3149/3149 3176/3176
f 3198/3198 3178/3178 3118/3118
f 3198/3198 3118/3118 3197/3197
f 3122/3122 3124/3124 3203/3203
f 3194/3194 3204/3204 3109/3109
f 3110/3110 3109/3109 3205/3205
f 3199/3199 3138/3138 3095/3095
f 3138/3138 3199/3199 3140/3140
f 3125/3125 3193/3193 3194/3194
f 3112/3112 3082/3082 3114/3114
f 3112/3112 3111/3111 3082/3082
f 3179/3179 3126/3126 3180/3180
f 3104/3104 3151/3151 3146/3146
f 3151/3151 3150/3150 3146/3146
f 3171/3171 3170/3170 3167/3167
f 3157/3157 3156/3156 3206/3206
f 3113/3113 3195/3195 3135/3135
f 3113/3113 3136/3136 3195/3195
f 3202/3202 3191/3191 3122/3122
f 3123/3123 3122/3122 3191/3191
f 3082/3082 3081/3081 3115/3115
f 3115/3115 3081/3081 3128/3128
f 3187/3187 3144/3144 3074/3074
f 3076/3076 3144/3144 3187/3187
f 3125/3125 3123/3123 3193/3193
f 3123/3123 3125/3125 3074/3074
f 3207/3207 3156/3156 3158/3158
f 3131/3131 3171/3171 3167/3167
f 3171/3171 3131/3131 3169/3169
f 3189/3189 3169/3169 3131/3131
f 3184/3184 3094/3094 3093/3093
f 3094/3094 3184/3184 3183/3183
f 3111/3111 3140/3140 3201/3201
f 3201/3201 3082/3082 3111/3111
f 3128/3128 3180/3180 3126/3126
f 3180/3180 3128/3128 3081/3081
f 3145/3145 3087/3087 3098/3098
f 3145/3145 3098/3098 3197/3197
f 3182/3182 3132/3132 3190/3190
f 3177/3177 3146/3146 3150/3150
f 3089/3089 3177/3177 3150/3150
f 3120/3120 3104/3104 3103/3103
f 3165/3165 3120/3120 3103/3103
f 3196/3196 3203/3203 3124/3124
f 3196/3196 3124/3124 3134/3134
f 3136/3136 3114/3114 3116/3116
f 3112/3112 3114/3114 3136/3136
f 3139/3139 3180/3180 3164/3164
f 3083/3083 3139/3139 3164/3164
f 3163/3163 3106/3106 3118/3118
f 3149/3149 3106/3106 3163/3163
f 3198/3198 3197/3197 3097/3097
f 3098/3098 3097/3097 3197/3197
f 3096/3096 3181/3181 3144/3144
f 3181/3181 3096/3096 3122/3122
f 3133/3133 3182/3182 3208/3208
f 3204/3204 3205/3205 3109/3109
f 3130/3130 3172/3172 3129/3129
f 3172/3172 3130/3130 3084/3084
f 3079/3079 3108/3108 3096/3096
f 3108/3108 3079/3079 3078/3078
f 3173/3173 3137/3137 3135/3135
f 3137/3137 3173/3173 3093/3093
f 3165/3165 3166/3166 3175/3175
f 3102/3102 3175/3175 3166/3166
f 3209/3209 3210/3210 3211/3211
f 3212/3212 3213/3213 3214/3214
f 3215/3215 3216/3216 3217/3217
f 3218/3218 3219/3219 3220/3220
f 3221/3221 3222/3222 3223/3223
f 3217/3217 3224/3224 3225/3225
f 3211/3211 3226/3226 3209/3209
f 3227/3227 3228/3228 3229/3229
f 3230/3230 3231/3231 3232/3232
f 3233/3233 3234/3234 3235/3235
f 3236/3236 3237/3237 3224/3224
f 3226/3226 3211/3211 3238/3238
f 3239/3239 3240/3240 3241/3241
f 3242/3242 3243/3243 3239/3239
f 3235/3235 3234/3234 3244/3244
f 3245/3245 3246/3246 3247/3247
f 3248/3248 3217/3217 3216/3216
f 3249/3249 3250/3250 3251/3251
f 3252/3252 3253/3253 3221/3221
f 3221/3221 3223/3223 3252/3252
f 3254/3254 3255/3255 3256/3256
f 3250/3250 3249/3249 3227/3227
f 3238/3238 3250/3250 3226/3226
f 3257/3257 3218/3218 3220/3220
f 3249/3249 3258/3258 3227/3227
f 3259/3259 3260/3260 3261/3261
f 3260/3260 3262/3262 3234/3234
f 3254/3254 3263/3263 3255/3255
f 3233/3233 3264/3264 3234/3234
f 3265/3265 3232/3232 3231/3231
f 3246/3246 3266/3266 3243/3243
f 3223/3223 3266/3266 3261/3261
f 3220/3220 3219/3219 3267/3267
f 3210/3210 3225/3225 3268/3268
f 3269/3269 3270/3270 3215/3215
f 3270/3270 3269/3269 3219/3219
f 3213/3213 3212/3212 3240/3240
f 3235/3235 3212/3212 3233/3233
f 3230/3230 3214/3214 3213/3213
f 3222/3222 3239/3239 3243/3243
f 3241/3241 3247/3247 3246/3246
f 3246/3246 3243/3243 3242/3242
f 3271/3271 3236/3236 3217/3217
f 3224/3224 3217/3217 3236/3236
f 3216/3216 3215/3215 3270/3270
f 3270/3270 3258/3258 3216/3216
f 3272/3272 3273/3273 3256/3256
f 3272/3272 3256/3256 3255/3255
f 3252/3252 3223/3223 3261/3261
f 3234/3234 3264/3264 3274/3274
f 3254/3254 3275/3275 3276/3276
f 3277/3277 3278/3278 3254/3254
f 3225/3225 3267/3267 3279/3279
f 3279/3279 3269/3269 3225/3225
f 3260/3260 3280/3280 3262/3262
f 3280/3280 3247/3247 3244/3244
f 3211/3211 3268/3268 3238/3238
f 3268/3268 3211/3211 3210/3210
f 3233/3233 3212/3212 3214/3214
f 3232/3232 3253/3253 3233/3233
f 3281/3281 3251/3251 3250/3250
f 3282/3282 3281/3281 3250/3250
f 3231/3231 3230/3230 3283/3283
f 3239/3239 3222/3222 3284/3284
f 3220/3220 3285/3285 3257/3257
f 3210/3210 3209/3209 3286/3286
f 3237/3237 3238/3238 3268/3268
f 3240/3240 3247/3247 3241/3241
f 3244/3244 3247/3247 3240/3240
f 3222/3222 3221/3221 3231/3231
f 3287/3287 3265/3265 3231/3231
f 3261/3261 3234/3234 3274/3274
f 3234/3234 3261/3261 3260/3260
f 3228/3228 3257/3257 3229/3229
f 3218/3218 3257/3257 3228/3228
f 3255/3255 3288/3288 3289/3289
f 3263/3263 3290/3290 3255/3255
f 3284/3284 3213/3213 3239/3239
f 3240/3240 3239/3239 3213/3213
f 3251/3251 3248/3248 3249/3249
f 3227/3227 3226/3226 3250/3250
f 3226/3226 3227/3227 3229/3229
f 3269/3269 3279/3279 3219/3219
f 3279/3279 3267/3267 3219/3219
f 3264/3264 3233/3233 3253/3253
f 3274/3274 3264/3264 3253/3253
f 3218/3218 3228/3228 3270/3270
f 3219/3219 3218/3218 3270/3270
f 3243/3243 3223/3223 3222/3222
f 3223/3223 3243/3243 3266/3266
f 3285/3285 3220/3220 3209/3209
f 3229/3229 3209/3209 3226/3226
f 3250/3250 3238/3238 3282/3282
f 3238/3238 3237/3237 3291/3291
f 3276/3276 3263/3263 3254/3254
f 3261/3261 3266/3266 3259/3259
f 3292/3292 3266/3266 3246/3246
f 3292/3292 3259/3259 3266/3266
f 3217/3217 3248/3248 3271/3271
f 3271/3271 3248/3248 3251/3251
f 3286/3286 3267/3267 3210/3210
f 3225/3225 3210/3210 3267/3267
f 3256/3256 3277/3277 3254/3254
f 3293/3293 3256/3256 3273/3273
f 3225/3225 3215/3215 3217/3217
f 3215/3215 3225/3225 3269/3269
f 3255/3255 3290/3290 3288/3288
f 3283/3283 3284/3284 3222/3222
f 3222/3222 3231/3231 3283/3283
f 3265/3265 3287/3287 3253/3253
f 3253/3253 3232/3232 3265/3265
f 3249/3249 3216/3216 3258/3258
f 3216/3216 3249/3249 3248/3248
f 3213/3213 3284/3284 3230/3230
f 3284/3284 3283/3283 3230/3230
f 3289/3289 3272/3272 3255/3255
f 3272/3272 3289/3289 3294/3294
f 3258/3258 3270/3270 3228/3228
f 3227/3227 3258/3258 3228/3228
f 3240/3240 3235/3235 3244/3244
f 3212/3212 3235/3235 3240/3240
f 3242/3242 3241/3241 3246/3246
f 3241/3241 3242/3242 3239/3239
f 3214/3214 3232/3232 3233/3233
f 3232/3232 3214/3214 3230/3230
f 3244/3244 3262/3262 3280/3280
f 3262/3262 3244/3244 3234/3234
f 3225/3225 3224/3224 3268/3268
f 3268/3268 3224/3224 3237/3237
f 3275/3275 3254/3254 3278/3278
f 3247/3247 3280/3280 3245/3245
f 3291/3291 3282/3282 3238/3238
f 3274/3274 3252/3252 3261/3261
f 3253/3253 3252/3252 3274/3274
f 3295/3295 3237/3237 3236/3236
f 3295/3295 3291/3291 3237/3237
f 3267/3267 3286/3286 3220/3220
f 3286/3286 3209/3209 3220/3220
f 3287/3287 3231/3231 3221/3221
f 3221/3221 3253/3253 3287/3287
f 3278/3278 3277/3277 3293/3293
f 3293/3293 3277/3277 3256/3256
f 3257/3257 3285/3285 3285/3285
f 3285/3285 3209/3209 3285/3285

